date,isin,name,price,currency,timestamp_utc,market_data_source,retrieved_at_utc
2026-01-02,NL0010273215,ASML Holding,992.1,EUR,2026-01-02T21:57:18.000Z,CONSOLIDATED,2026-09-22T12:30:10.168Z
2026-01-05,NL0010273215,ASML Holding,1047,EUR,2026-01-05T21:59:44.000Z,CONSOLIDATED,2026-09-22T12:30:10.168Z
2026-01-06,NL0010273215,ASML Holding,1061,EUR,2026-01-06T21:59:52.000Z,CONSOLIDATED,2026-09-22T12:30:10.168Z
2026-01-07,NL0010273215,ASML Holding,1051.2,EUR,2026-01-07T21:59:55.000Z,CONSOLIDATED,2026-09-22T12:30:10.168Z
2026-01-08,NL0010273215,ASML Holding,1025.8,EUR,2026-01-08T21:59:10.000Z,CONSOLIDATED,2026-09-22T12:30:10.168Z
2026-01-09,NL0010273215,ASML Holding,1092.2,EUR,2026-01-09T21:58:55.000Z,CONSOLIDATED,2026-09-22T12:30:10.168Z
2026-01-12,NL0010273215,ASML Holding,1096.2,EUR,2026-01-12T21:59:56.000Z,CONSOLIDATED,2026-09-22T12:30:10.168Z
2026-01-13,NL0010273215,ASML Holding,1089.7,EUR,2026-01-13T21:58:33.000Z,CONSOLIDATED,2026-09-22T12:30:10.168Z
2026-01-14,NL0010273215,ASML Holding,1083.8,EUR,2026-01-14T21:59:17.000Z,CONSOLIDATED,2026-09-22T12:30:10.168Z
2026-01-15,NL0010273215,ASML Holding,1146.9,EUR,2026-01-15T21:58:59.000Z,CONSOLIDATED,2026-09-22T12:30:10.168Z
2026-01-16,NL0010273215,ASML Holding,1172,EUR,2026-01-16T21:52:13.000Z,CONSOLIDATED,2026-09-22T12:30:10.168Z
2026-01-19,NL0010273215,ASML Holding,1116.1,EUR,2026-01-19T21:01:21.000Z,CONSOLIDATED,2026-09-22T12:30:10.168Z
2026-01-20,NL0010273215,ASML Holding,1131.2,EUR,2026-01-20T21:58:37.000Z,CONSOLIDATED,2026-09-22T12:30:10.168Z
2026-01-21,NL0010273215,ASML Holding,1165,EUR,2026-01-21T21:59:50.000Z,CONSOLIDATED,2026-09-22T12:30:10.168Z
2026-01-22,NL0010273215,ASML Holding,1183.6,EUR,2026-01-22T21:59:56.000Z,CONSOLIDATED,2026-09-22T12:30:10.168Z
2026-01-23,NL0010273215,ASML Holding,1171.6,EUR,2026-01-23T21:59:57.000Z,CONSOLIDATED,2026-09-22T12:30:10.168Z
2026-01-26,NL0010273215,ASML Holding,1188.2,EUR,2026-01-26T21:59:57.000Z,CONSOLIDATED,2026-09-22T12:30:10.168Z
2026-01-27,NL0010273215,ASML Holding,1213.8,EUR,2026-01-27T21:59:28.000Z,CONSOLIDATED,2026-09-22T12:30:10.168Z
2026-01-28,NL0010273215,ASML Holding,1197.7,EUR,2026-01-28T21:59:57.000Z,CONSOLIDATED,2026-09-22T12:30:10.168Z
2026-01-29,NL0010273215,ASML Holding,1210.4,EUR,2026-01-29T21:56:55.000Z,CONSOLIDATED,2026-09-22T12:30:10.168Z
2026-01-30,NL0010273215,ASML Holding,1199.3,EUR,2026-01-30T21:59:56.000Z,CONSOLIDATED,2026-09-22T12:30:10.168Z
2026-02-02,NL0010273215,ASML Holding,1222.2,EUR,2026-02-02T21:59:31.000Z,CONSOLIDATED,2026-09-22T12:30:10.168Z
2026-02-03,NL0010273215,ASML Holding,1182.8,EUR,2026-02-03T21:58:14.000Z,CONSOLIDATED,2026-09-22T12:30:10.168Z
2026-02-04,NL0010273215,ASML Holding,1142.3,EUR,2026-02-04T21:59:53.000Z,CONSOLIDATED,2026-09-22T12:30:10.168Z
2026-02-05,NL0010273215,ASML Holding,1140.2,EUR,2026-02-05T21:59:52.000Z,CONSOLIDATED,2026-09-22T12:30:10.168Z
2026-02-06,NL0010273215,ASML Holding,1191.5,EUR,2026-02-06T21:59:53.000Z,CONSOLIDATED,2026-09-22T12:30:10.168Z
2026-02-09,NL0010273215,ASML Holding,1198.9,EUR,2026-02-09T21:57:49.000Z,CONSOLIDATED,2026-09-22T12:30:10.168Z
2026-02-10,NL0010273215,ASML Holding,1189.4,EUR,2026-02-10T21:59:51.000Z,CONSOLIDATED,2026-09-22T12:30:10.168Z
2026-02-11,NL0010273215,ASML Holding,1209.7,EUR,2026-02-11T21:59:53.000Z,CONSOLIDATED,2026-09-22T12:30:10.168Z
2026-02-12,NL0010273215,ASML Holding,1206.6,EUR,2026-02-12T21:59:21.000Z,CONSOLIDATED,2026-09-22T12:30:10.168Z
2026-02-13,NL0010273215,ASML Holding,1183.3,EUR,2026-02-13T21:57:24.000Z,CONSOLIDATED,2026-09-22T12:30:10.168Z
2026-02-16,NL0010273215,ASML Holding,1194,EUR,2026-02-16T21:57:55.000Z,CONSOLIDATED,2026-09-22T12:30:10.168Z
2026-02-17,NL0010273215,ASML Holding,1198.9,EUR,2026-02-17T21:59:57.000Z,CONSOLIDATED,2026-09-22T12:30:10.168Z
2026-02-18,NL0010273215,ASML Holding,1245,EUR,2026-02-18T21:57:45.000Z,CONSOLIDATED,2026-09-22T12:30:10.168Z
2026-02-19,NL0010273215,ASML Holding,1234.5,EUR,2026-02-19T21:59:55.000Z,CONSOLIDATED,2026-09-22T12:30:10.168Z
2026-02-20,NL0010273215,ASML Holding,1249.5,EUR,2026-02-20T21:58:13.000Z,CONSOLIDATED,2026-09-22T12:30:10.168Z
2026-02-23,NL0010273215,ASML Holding,1258.5,EUR,2026-02-23T21:57:46.000Z,CONSOLIDATED,2026-09-22T12:30:10.168Z
2026-02-24,NL0010273215,ASML Holding,1272.4,EUR,2026-02-24T21:59:46.000Z,CONSOLIDATED,2026-09-22T12:30:10.168Z
2026-02-25,NL0010273215,ASML Holding,1298,EUR,2026-02-25T21:57:37.000Z,CONSOLIDATED,2026-09-22T12:30:10.168Z
2026-02-26,NL0010273215,ASML Holding,1240.4,EUR,2026-02-26T21:58:36.000Z,CONSOLIDATED,2026-09-22T12:30:10.168Z
2026-02-27,NL0010273215,ASML Holding,1223.4,EUR,2026-02-27T21:59:50.000Z,CONSOLIDATED,2026-09-22T12:30:10.168Z
2026-03-02,NL0010273215,ASML Holding,1213.4,EUR,2026-03-02T21:58:38.000Z,CONSOLIDATED,2026-09-22T12:30:10.168Z
2026-03-03,NL0010273215,ASML Holding,1171,EUR,2026-03-03T21:55:09.000Z,CONSOLIDATED,2026-09-22T12:30:10.168Z
2026-03-04,NL0010273215,ASML Holding,1202.2,EUR,2026-03-04T21:59:32.000Z,CONSOLIDATED,2026-09-22T12:30:10.168Z
2026-03-05,NL0010273215,ASML Holding,1175.3,EUR,2026-03-05T21:53:41.000Z,CONSOLIDATED,2026-09-22T12:30:10.168Z
2026-03-06,NL0010273215,ASML Holding,1117.2,EUR,2026-03-06T21:59:50.000Z,CONSOLIDATED,2026-09-22T12:30:10.168Z
2026-03-09,NL0010273215,ASML Holding,1164.6,EUR,2026-03-09T21:55:58.000Z,CONSOLIDATED,2026-09-22T12:30:10.168Z
2026-03-10,NL0010273215,ASML Holding,1193,EUR,2026-03-10T21:59:33.000Z,CONSOLIDATED,2026-09-22T12:30:10.168Z
2026-03-11,NL0010273215,ASML Holding,1192.3,EUR,2026-03-11T21:59:33.000Z,CONSOLIDATED,2026-09-22T12:30:10.168Z
2026-03-12,NL0010273215,ASML Holding,1169.2,EUR,2026-03-12T21:53:25.000Z,CONSOLIDATED,2026-09-22T12:30:10.168Z
2026-03-13,NL0010273215,ASML Holding,1175.8,EUR,2026-03-13T21:52:58.000Z,CONSOLIDATED,2026-09-22T12:30:10.168Z
2026-03-16,NL0010273215,ASML Holding,1196.7,EUR,2026-03-16T21:54:06.000Z,CONSOLIDATED,2026-09-22T12:30:10.168Z
2026-03-17,NL0010273215,ASML Holding,1201.1,EUR,2026-03-17T21:50:58.000Z,CONSOLIDATED,2026-09-22T12:30:10.168Z
2026-03-18,NL0010273215,ASML Holding,1183.1,EUR,2026-03-18T21:59:45.000Z,CONSOLIDATED,2026-09-22T12:30:10.168Z
2026-03-19,NL0010273215,ASML Holding,1178.5,EUR,2026-03-19T21:56:51.000Z,CONSOLIDATED,2026-09-22T12:30:10.168Z
2026-03-20,NL0010273215,ASML Holding,1138.5,EUR,2026-03-20T21:49:54.000Z,CONSOLIDATED,2026-09-22T12:30:10.168Z
2026-03-23,NL0010273215,ASML Holding,1182.1,EUR,2026-03-23T21:57:28.000Z,CONSOLIDATED,2026-09-22T12:30:10.168Z
2026-03-24,NL0010273215,ASML Holding,1216.6,EUR,2026-03-24T21:59:15.000Z,CONSOLIDATED,2026-09-22T12:30:10.168Z
2026-03-25,NL0010273215,ASML Holding,1205.4,EUR,2026-03-25T21:59:58.000Z,CONSOLIDATED,2026-09-22T12:30:10.168Z
2026-03-26,NL0010273215,ASML Holding,1158.3,EUR,2026-03-26T21:59:49.000Z,CONSOLIDATED,2026-09-22T12:30:10.168Z
2026-03-27,NL0010273215,ASML Holding,1131.6,EUR,2026-03-27T21:52:56.000Z,CONSOLIDATED,2026-09-22T12:30:10.168Z
2026-03-30,NL0010273215,ASML Holding,1092.4,EUR,2026-03-30T20:56:20.000Z,CONSOLIDATED,2026-09-22T12:30:10.168Z
2026-03-31,NL0010273215,ASML Holding,1142.9,EUR,2026-03-31T20:57:29.000Z,CONSOLIDATED,2026-09-22T12:30:10.168Z
2026-04-01,NL0010273215,ASML Holding,1174.3,EUR,2026-04-01T20:57:25.000Z,CONSOLIDATED,2026-09-22T12:30:10.168Z
2026-04-02,NL0010273215,ASML Holding,1145.4,EUR,2026-04-02T20:59:56.000Z,CONSOLIDATED,2026-09-22T12:30:10.168Z
2026-04-07,NL0010273215,ASML Holding,1117.1,EUR,2026-04-07T20:58:00.000Z,CONSOLIDATED,2026-09-22T12:30:10.168Z
2026-04-08,NL0010273215,ASML Holding,1215.5,EUR,2026-04-08T20:59:38.000Z,CONSOLIDATED,2026-09-22T12:30:10.168Z
2026-04-09,NL0010273215,ASML Holding,1234.9,EUR,2026-04-09T20:56:29.000Z,CONSOLIDATED,2026-09-22T12:30:10.168Z
2026-04-10,NL0010273215,ASML Holding,1264.5,EUR,2026-04-10T20:59:57.000Z,CONSOLIDATED,2026-09-22T12:30:10.168Z
2026-04-13,NL0010273215,ASML Holding,1277.5,EUR,2026-04-13T20:59:58.000Z,CONSOLIDATED,2026-09-22T12:30:10.168Z
2026-04-14,NL0010273215,ASML Holding,1289.6,EUR,2026-04-14T20:59:48.000Z,CONSOLIDATED,2026-09-22T12:30:10.168Z
2026-04-15,NL0010273215,ASML Holding,1250.4,EUR,2026-04-15T20:59:36.000Z,CONSOLIDATED,2026-09-22T12:30:10.168Z
2026-04-16,NL0010273215,ASML Holding,1206.3,EUR,2026-04-16T20:59:54.000Z,CONSOLIDATED,2026-09-22T12:30:10.168Z
2026-04-17,NL0010273215,ASML Holding,1239.4,EUR,2026-04-17T20:59:54.000Z,CONSOLIDATED,2026-09-22T12:30:10.168Z
2026-04-20,NL0010273215,ASML Holding,1250.1,EUR,2026-04-20T20:59:53.000Z,CONSOLIDATED,2026-09-22T12:30:10.168Z
2026-04-21,NL0010273215,ASML Holding,1246.6,EUR,2026-04-21T20:59:30.000Z,CONSOLIDATED,2026-09-22T12:30:10.168Z
2026-04-22,NL0010273215,ASML Holding,1235.5,EUR,2026-04-22T20:59:57.000Z,CONSOLIDATED,2026-09-22T12:30:10.168Z
2026-04-23,NL0010273215,ASML Holding,1217.1,EUR,2026-04-23T20:59:58.000Z,CONSOLIDATED,2026-09-22T12:30:10.168Z
2026-04-24,NL0010273215,ASML Holding,1241.1,EUR,2026-04-24T20:59:53.000Z,CONSOLIDATED,2026-09-22T12:30:10.168Z
2026-04-27,NL0010273215,ASML Holding,1224.9,EUR,2026-04-27T20:59:47.000Z,CONSOLIDATED,2026-09-22T12:30:10.168Z
2026-04-28,NL0010273215,ASML Holding,1182.1,EUR,2026-04-28T20:59:41.000Z,CONSOLIDATED,2026-09-22T12:30:10.168Z
2026-04-29,NL0010273215,ASML Holding,1188.8,EUR,2026-04-29T20:59:58.000Z,CONSOLIDATED,2026-09-22T12:30:10.168Z
2026-04-30,NL0010273215,ASML Holding,1224.7,EUR,2026-04-30T20:59:50.000Z,CONSOLIDATED,2026-09-22T12:30:10.168Z
2026-05-04,NL0010273215,ASML Holding,1183.3,EUR,2026-05-04T20:59:53.000Z,CONSOLIDATED,2026-09-22T12:30:10.168Z
2026-05-05,NL0010273215,ASML Holding,1233.6,EUR,2026-05-05T20:58:24.000Z,CONSOLIDATED,2026-09-22T12:30:10.168Z
2026-05-06,NL0010273215,ASML Holding,1312.8,EUR,2026-05-06T20:58:32.000Z,CONSOLIDATED,2026-09-22T12:30:10.168Z
2026-05-07,NL0010273215,ASML Holding,1290.5,EUR,2026-05-07T20:59:58.000Z,CONSOLIDATED,2026-09-22T12:30:10.168Z
2026-05-08,NL0010273215,ASML Holding,1346.2,EUR,2026-05-08T20:59:38.000Z,CONSOLIDATED,2026-09-22T12:30:10.168Z
2026-05-11,NL0010273215,ASML Holding,1324.9,EUR,2026-05-11T20:59:54.000Z,CONSOLIDATED,2026-09-22T12:30:10.168Z
2026-05-12,NL0010273215,ASML Holding,1289.7,EUR,2026-05-12T20:59:57.000Z,CONSOLIDATED,2026-09-22T12:30:10.168Z
2026-05-13,NL0010273215,ASML Holding,1350.8,EUR,2026-05-13T20:59:56.000Z,CONSOLIDATED,2026-09-22T12:30:10.168Z
2026-05-14,NL0010273215,ASML Holding,1358.5,EUR,2026-05-14T20:59:33.000Z,CONSOLIDATED,2026-09-22T12:30:10.168Z
2026-05-15,NL0010273215,ASML Holding,1294.4,EUR,2026-05-15T20:58:54.000Z,CONSOLIDATED,2026-09-22T12:30:10.168Z
2026-05-18,NL0010273215,ASML Holding,1264.2,EUR,2026-05-18T20:59:57.000Z,CONSOLIDATED,2026-09-22T12:30:10.168Z
2026-05-19,NL0010273215,ASML Holding,1257.3,EUR,2026-05-19T20:59:58.000Z,CONSOLIDATED,2026-09-22T12:30:10.168Z
2026-05-20,NL0010273215,ASML Holding,1327.9,EUR,2026-05-20T20:59:29.000Z,CONSOLIDATED,2026-09-22T12:30:10.168Z
2026-05-21,NL0010273215,ASML Holding,1368.7,EUR,2026-05-21T20:59:57.000Z,CONSOLIDATED,2026-09-22T12:30:10.168Z
2026-05-22,NL0010273215,ASML Holding,1403.8,EUR,2026-05-22T20:59:56.000Z,CONSOLIDATED,2026-09-22T12:30:10.168Z
2026-05-25,NL0010273215,ASML Holding,1418.8,EUR,2026-05-25T20:59:23.000Z,CONSOLIDATED,2026-09-22T12:30:10.168Z
2026-05-26,NL0010273215,ASML Holding,1399.8,EUR,2026-05-26T20:59:23.000Z,CONSOLIDATED,2026-09-22T12:30:10.168Z
2026-05-27,NL0010273215,ASML Holding,1379.6,EUR,2026-05-27T20:59:58.000Z,CONSOLIDATED,2026-09-22T12:30:10.168Z
2026-05-28,NL0010273215,ASML Holding,1382.5,EUR,2026-05-28T20:59:40.000Z,CONSOLIDATED,2026-09-22T12:30:10.168Z
2026-05-29,NL0010273215,ASML Holding,1382.2,EUR,2026-05-29T20:59:45.000Z,CONSOLIDATED,2026-09-22T12:30:10.168Z
2026-06-01,NL0010273215,ASML Holding,1395.4,EUR,2026-06-01T20:59:36.000Z,CONSOLIDATED,2026-09-22T12:30:10.168Z
2026-06-02,NL0010273215,ASML Holding,1466.6,EUR,2026-06-02T20:59:56.000Z,CONSOLIDATED,2026-09-22T12:30:10.168Z
2026-06-03,NL0010273215,ASML Holding,1483.4,EUR,2026-06-03T20:59:49.000Z,CONSOLIDATED,2026-09-22T12:30:10.168Z
2026-06-04,NL0010273215,ASML Holding,1505.6,EUR,2026-06-04T20:59:40.000Z,CONSOLIDATED,2026-09-22T12:30:10.168Z
2026-06-05,NL0010273215,ASML Holding,1418.5,EUR,2026-06-05T20:59:54.000Z,CONSOLIDATED,2026-09-22T12:30:10.168Z
2026-06-08,NL0010273215,ASML Holding,1514.9,EUR,2026-06-08T20:55:59.000Z,CONSOLIDATED,2026-09-22T12:30:10.168Z
2026-06-09,NL0010273215,ASML Holding,1536.4,EUR,2026-06-09T20:59:50.000Z,CONSOLIDATED,2026-09-22T12:30:10.168Z
2026-06-10,NL0010273215,ASML Holding,1498.8,EUR,2026-06-10T20:59:55.000Z,CONSOLIDATED,2026-09-22T12:30:10.168Z
2026-06-11,NL0010273215,ASML Holding,1631.6,EUR,2026-06-11T20:58:50.000Z,CONSOLIDATED,2026-09-22T12:30:10.168Z
2026-06-12,NL0010273215,ASML Holding,1611.3,EUR,2026-06-12T20:58:11.000Z,CONSOLIDATED,2026-09-22T12:30:10.168Z
2026-06-15,NL0010273215,ASML Holding,1631.7,EUR,2026-06-15T20:59:52.000Z,CONSOLIDATED,2026-09-22T12:30:10.168Z
2026-06-16,NL0010273215,ASML Holding,1561.7,EUR,2026-06-16T20:59:51.000Z,CONSOLIDATED,2026-09-22T12:30:10.168Z
2026-06-17,NL0010273215,ASML Holding,1640.3,EUR,2026-06-17T20:59:40.000Z,CONSOLIDATED,2026-09-22T12:30:10.168Z
2026-06-18,NL0010273215,ASML Holding,1686.5,EUR,2026-06-18T20:59:58.000Z,CONSOLIDATED,2026-09-22T12:30:10.168Z
2026-06-19,NL0010273215,ASML Holding,1660.2,EUR,2026-06-19T20:57:50.000Z,CONSOLIDATED,2026-09-22T12:30:10.168Z
2026-06-22,NL0010273215,ASML Holding,1689.8,EUR,2026-06-22T20:59:03.000Z,CONSOLIDATED,2026-09-22T12:30:10.168Z
2026-06-23,NL0010273215,ASML Holding,1570,EUR,2026-06-23T20:59:51.000Z,CONSOLIDATED,2026-09-22T12:30:10.168Z
2026-06-24,NL0010273215,ASML Holding,1620.5,EUR,2026-06-24T20:59:51.000Z,CONSOLIDATED,2026-09-22T12:30:10.168Z
2026-06-25,NL0010273215,ASML Holding,1614,EUR,2026-06-25T20:59:56.000Z,CONSOLIDATED,2026-09-22T12:30:10.168Z
2026-06-26,NL0010273215,ASML Holding,1569.8,EUR,2026-06-26T20:59:39.000Z,CONSOLIDATED,2026-09-22T12:30:10.168Z
2026-06-29,NL0010273215,ASML Holding,1636.5,EUR,2026-06-29T20:59:56.000Z,CONSOLIDATED,2026-09-22T12:30:10.168Z
2026-06-30,NL0010273215,ASML Holding,1732.5,EUR,2026-06-30T20:59:37.000Z,CONSOLIDATED,2026-09-22T12:30:10.168Z
2026-07-01,NL0010273215,ASML Holding,1626.9,EUR,2026-07-01T20:59:33.000Z,CONSOLIDATED,2026-09-22T12:30:10.168Z
2026-07-02,NL0010273215,ASML Holding,1551.2,EUR,2026-07-02T20:59:58.000Z,CONSOLIDATED,2026-09-22T12:30:10.168Z
2026-07-03,NL0010273215,ASML Holding,1626.9,EUR,2026-07-03T20:53:24.000Z,CONSOLIDATED,2026-09-22T12:30:10.168Z
2026-07-06,NL0010273215,ASML Holding,1598,EUR,2026-07-06T20:59:58.000Z,CONSOLIDATED,2026-09-22T12:30:10.168Z
2026-07-07,NL0010273215,ASML Holding,1527.8,EUR,2026-07-07T20:59:57.000Z,CONSOLIDATED,2026-09-22T12:30:10.168Z
2026-07-08,NL0010273215,ASML Holding,1546.8,EUR,2026-07-08T20:59:57.000Z,CONSOLIDATED,2026-09-22T12:30:10.168Z
2026-07-09,NL0010273215,ASML Holding,1582.4,EUR,2026-07-09T20:59:53.000Z,CONSOLIDATED,2026-09-22T12:30:10.168Z
2026-07-10,NL0010273215,ASML Holding,1576.2,EUR,2026-07-10T20:59:17.000Z,CONSOLIDATED,2026-09-22T12:30:10.168Z
2026-07-13,NL0010273215,ASML Holding,1519.6,EUR,2026-07-13T20:59:51.000Z,CONSOLIDATED,2026-09-22T12:30:10.168Z
2026-07-14,NL0010273215,ASML Holding,1561.5,EUR,2026-07-14T20:59:56.000Z,CONSOLIDATED,2026-09-22T12:30:10.168Z
2026-07-15,NL0010273215,ASML Holding,1580.6,EUR,2026-07-15T20:59:56.000Z,CONSOLIDATED,2026-09-22T12:30:10.168Z
2026-07-16,NL0010273215,ASML Holding,1566.8,EUR,2026-07-16T20:59:58.000Z,CONSOLIDATED,2026-09-22T12:30:10.168Z
2026-07-17,NL0010273215,ASML Holding,1527.2,EUR,2026-07-17T20:59:48.000Z,CONSOLIDATED,2026-09-22T12:30:10.168Z
2026-07-20,NL0010273215,ASML Holding,1523.3,EUR,2026-07-20T20:59:58.000Z,CONSOLIDATED,2026-09-22T12:30:10.168Z
2026-07-21,NL0010273215,ASML Holding,1581.6,EUR,2026-07-21T20:56:58.000Z,CONSOLIDATED,2026-09-22T12:30:10.168Z
2026-07-22,NL0010273215,ASML Holding,1579,EUR,2026-07-22T20:56:52.000Z,CONSOLIDATED,2026-09-22T12:30:10.168Z
2026-07-23,NL0010273215,ASML Holding,1606.9,EUR,2026-07-23T20:59:45.000Z,CONSOLIDATED,2026-09-22T12:30:10.168Z
2026-07-24,NL0010273215,ASML Holding,1546.8,EUR,2026-07-24T20:59:56.000Z,CONSOLIDATED,2026-09-22T12:30:10.168Z
2026-07-27,NL0010273215,ASML Holding,1456.4,EUR,2026-07-27T20:59:55.000Z,CONSOLIDATED,2026-09-22T12:30:10.168Z
2026-07-28,NL0010273215,ASML Holding,1390.3,EUR,2026-07-28T20:58:19.000Z,CONSOLIDATED,2026-09-22T12:30:10.168Z
2026-07-29,NL0010273215,ASML Holding,1350.7,EUR,2026-07-29T20:59:51.000Z,CONSOLIDATED,2026-09-22T12:30:10.168Z
2026-07-30,NL0010273215,ASML Holding,1445.4,EUR,2026-07-30T20:56:57.000Z,CONSOLIDATED,2026-09-22T12:30:10.168Z
2026-07-31,NL0010273215,ASML Holding,1424,EUR,2026-07-31T20:59:58.000Z,CONSOLIDATED,2026-09-22T12:30:10.168Z
2026-08-03,NL0010273215,ASML Holding,1428.4,EUR,2026-08-03T20:59:50.000Z,CONSOLIDATED,2026-09-22T12:30:10.168Z
2026-08-04,NL0010273215,ASML Holding,1474.3,EUR,2026-08-04T20:59:57.000Z,CONSOLIDATED,2026-09-22T12:30:10.168Z
2026-08-05,NL0010273215,ASML Holding,1451.8,EUR,2026-08-05T20:57:39.000Z,CONSOLIDATED,2026-09-22T12:30:10.168Z
2026-08-06,NL0010273215,ASML Holding,1478.7,EUR,2026-08-06T20:57:41.000Z,CONSOLIDATED,2026-09-22T12:30:10.168Z
2026-08-07,NL0010273215,ASML Holding,1504,EUR,2026-08-07T20:59:33.000Z,CONSOLIDATED,2026-09-22T12:30:10.168Z
2026-08-10,NL0010273215,ASML Holding,1506.7,EUR,2026-08-10T20:59:47.000Z,CONSOLIDATED,2026-09-22T12:30:10.168Z
2026-08-11,NL0010273215,ASML Holding,1557.6,EUR,2026-08-11T20:58:09.000Z,CONSOLIDATED,2026-09-22T12:30:10.168Z
2026-08-12,NL0010273215,ASML Holding,1567.2,EUR,2026-08-12T20:59:47.000Z,CONSOLIDATED,2026-09-22T12:30:10.168Z
2026-08-13,NL0010273215,ASML Holding,1609.2,EUR,2026-08-13T20:55:35.000Z,CONSOLIDATED,2026-09-22T12:30:10.168Z
2026-08-14,NL0010273215,ASML Holding,1591.7,EUR,2026-08-14T20:58:24.000Z,CONSOLIDATED,2026-09-22T12:30:10.168Z
2026-08-17,NL0010273215,ASML Holding,1624,EUR,2026-08-17T20:59:54.000Z,CONSOLIDATED,2026-09-22T12:30:10.168Z
2026-08-18,NL0010273215,ASML Holding,1555.4,EUR,2026-08-18T20:59:33.000Z,CONSOLIDATED,2026-09-22T12:30:10.168Z
2026-08-19,NL0010273215,ASML Holding,1504.7,EUR,2026-08-19T20:59:45.000Z,CONSOLIDATED,2026-09-22T12:30:10.168Z
2026-08-20,NL0010273215,ASML Holding,1499.2,EUR,2026-08-20T20:59:50.000Z,CONSOLIDATED,2026-09-22T12:30:10.168Z
2026-08-21,NL0010273215,ASML Holding,1506.9,EUR,2026-08-21T20:59:56.000Z,CONSOLIDATED,2026-09-22T12:30:10.168Z
2026-08-24,NL0010273215,ASML Holding,1494.4,EUR,2026-08-24T20:59:37.000Z,CONSOLIDATED,2026-09-22T12:30:10.168Z
2026-08-25,NL0010273215,ASML Holding,1495.4,EUR,2026-08-25T20:59:08.000Z,CONSOLIDATED,2026-09-22T12:30:10.168Z
2026-08-26,NL0010273215,ASML Holding,1501.9,EUR,2026-08-26T20:59:30.000Z,CONSOLIDATED,2026-09-22T12:30:10.168Z
2026-08-27,NL0010273215,ASML Holding,1485.3,EUR,2026-08-27T20:58:32.000Z,CONSOLIDATED,2026-09-22T12:30:10.168Z
2026-08-28,NL0010273215,ASML Holding,1469.9,EUR,2026-08-28T20:59:57.000Z,CONSOLIDATED,2026-09-22T12:30:10.168Z
2026-08-31,NL0010273215,ASML Holding,1459.7,EUR,2026-08-31T20:59:56.000Z,CONSOLIDATED,2026-09-22T12:30:10.168Z
2026-09-01,NL0010273215,ASML Holding,1437.9,EUR,2026-09-01T20:59:46.000Z,CONSOLIDATED,2026-09-22T12:30:10.168Z
2026-09-02,NL0010273215,ASML Holding,1447.3,EUR,2026-09-02T20:57:12.000Z,CONSOLIDATED,2026-09-22T12:30:10.168Z
2026-09-03,NL0010273215,ASML Holding,1416.2,EUR,2026-09-03T20:59:52.000Z,CONSOLIDATED,2026-09-22T12:30:10.168Z
2026-09-04,NL0010273215,ASML Holding,1471.6,EUR,2026-09-04T20:59:18.000Z,CONSOLIDATED,2026-09-22T12:30:10.168Z
2026-09-07,NL0010273215,ASML Holding,1499.6,EUR,2026-09-07T20:55:49.000Z,CONSOLIDATED,2026-09-22T12:30:10.168Z
2026-09-08,NL0010273215,ASML Holding,1518.5,EUR,2026-09-08T20:59:01.000Z,CONSOLIDATED,2026-09-22T12:30:10.168Z
2026-09-09,NL0010273215,ASML Holding,1487.2,EUR,2026-09-09T20:58:15.000Z,CONSOLIDATED,2026-09-22T12:30:10.168Z
2026-09-10,NL0010273215,ASML Holding,1458.6,EUR,2026-09-10T20:59:19.000Z,CONSOLIDATED,2026-09-22T12:30:10.168Z
2026-09-11,NL0010273215,ASML Holding,1465.2,EUR,2026-09-11T20:59:30.000Z,CONSOLIDATED,2026-09-22T12:30:10.168Z
2026-09-14,NL0010273215,ASML Holding,1373.1,EUR,2026-09-14T20:59:53.000Z,CONSOLIDATED,2026-09-22T12:30:10.168Z
2026-09-15,NL0010273215,ASML Holding,1381.2,EUR,2026-09-15T20:56:31.000Z,CONSOLIDATED,2026-09-22T12:30:10.168Z
2026-09-16,NL0010273215,ASML Holding,1393.2,EUR,2026-09-16T20:58:49.000Z,CONSOLIDATED,2026-09-22T12:30:10.168Z
2026-09-17,NL0010273215,ASML Holding,1422.7,EUR,2026-09-17T20:59:46.000Z,CONSOLIDATED,2026-09-22T12:30:10.168Z
2026-09-18,NL0010273215,ASML Holding,1452.3,EUR,2026-09-18T20:59:56.000Z,CONSOLIDATED,2026-09-22T12:30:10.168Z
2026-09-21,NL0010273215,ASML Holding,1490.8,EUR,2026-09-21T20:59:07.000Z,CONSOLIDATED,2026-09-22T12:30:10.168Z
2026-01-02,AT0000969985,AT&S Austria Techn.,32.725,EUR,2026-01-02T21:20:09.000Z,CONSOLIDATED,2026-09-22T12:30:09.143Z
2026-01-05,AT0000969985,AT&S Austria Techn.,33.725,EUR,2026-01-05T21:34:39.000Z,CONSOLIDATED,2026-09-22T12:30:09.143Z
2026-01-06,AT0000969985,AT&S Austria Techn.,34.025,EUR,2026-01-06T21:00:06.000Z,CONSOLIDATED,2026-09-22T12:30:09.143Z
2026-01-07,AT0000969985,AT&S Austria Techn.,34.525,EUR,2026-01-07T21:00:03.000Z,CONSOLIDATED,2026-09-22T12:30:09.143Z
2026-01-08,AT0000969985,AT&S Austria Techn.,32.825,EUR,2026-01-08T21:57:15.000Z,CONSOLIDATED,2026-09-22T12:30:09.143Z
2026-01-09,AT0000969985,AT&S Austria Techn.,32.25,EUR,2026-01-09T21:13:01.000Z,CONSOLIDATED,2026-09-22T12:30:09.143Z
2026-01-12,AT0000969985,AT&S Austria Techn.,34.025,EUR,2026-01-12T21:03:29.000Z,CONSOLIDATED,2026-09-22T12:30:09.143Z
2026-01-13,AT0000969985,AT&S Austria Techn.,33.85,EUR,2026-01-13T20:59:11.000Z,CONSOLIDATED,2026-09-22T12:30:09.143Z
2026-01-14,AT0000969985,AT&S Austria Techn.,34.15,EUR,2026-01-14T21:00:04.000Z,CONSOLIDATED,2026-09-22T12:30:09.143Z
2026-01-15,AT0000969985,AT&S Austria Techn.,35.525,EUR,2026-01-15T21:03:37.000Z,CONSOLIDATED,2026-09-22T12:30:09.143Z
2026-01-16,AT0000969985,AT&S Austria Techn.,36.25,EUR,2026-01-16T21:00:05.000Z,CONSOLIDATED,2026-09-22T12:30:09.143Z
2026-01-19,AT0000969985,AT&S Austria Techn.,36.05,EUR,2026-01-19T21:00:04.000Z,CONSOLIDATED,2026-09-22T12:30:09.143Z
2026-01-20,AT0000969985,AT&S Austria Techn.,36,EUR,2026-01-20T21:04:16.000Z,CONSOLIDATED,2026-09-22T12:30:09.143Z
2026-01-21,AT0000969985,AT&S Austria Techn.,38.3,EUR,2026-01-21T21:00:05.000Z,CONSOLIDATED,2026-09-22T12:30:09.143Z
2026-01-22,AT0000969985,AT&S Austria Techn.,40.025,EUR,2026-01-22T21:58:50.000Z,CONSOLIDATED,2026-09-22T12:30:09.143Z
2026-01-23,AT0000969985,AT&S Austria Techn.,40.35,EUR,2026-01-23T21:00:06.000Z,CONSOLIDATED,2026-09-22T12:30:09.143Z
2026-01-26,AT0000969985,AT&S Austria Techn.,40.275,EUR,2026-01-26T21:00:06.000Z,CONSOLIDATED,2026-09-22T12:30:09.143Z
2026-01-27,AT0000969985,AT&S Austria Techn.,40.875,EUR,2026-01-27T21:03:34.000Z,CONSOLIDATED,2026-09-22T12:30:09.143Z
2026-01-28,AT0000969985,AT&S Austria Techn.,40.1,EUR,2026-01-28T21:03:37.000Z,CONSOLIDATED,2026-09-22T12:30:09.143Z
2026-01-29,AT0000969985,AT&S Austria Techn.,39.475,EUR,2026-01-29T21:03:26.000Z,CONSOLIDATED,2026-09-22T12:30:09.143Z
2026-01-30,AT0000969985,AT&S Austria Techn.,37.325,EUR,2026-01-30T21:00:06.000Z,CONSOLIDATED,2026-09-22T12:30:09.143Z
2026-02-02,AT0000969985,AT&S Austria Techn.,40.575,EUR,2026-02-02T21:02:56.000Z,CONSOLIDATED,2026-09-22T12:30:09.143Z
2026-02-03,AT0000969985,AT&S Austria Techn.,45.7,EUR,2026-02-03T21:41:21.000Z,CONSOLIDATED,2026-09-22T12:30:09.143Z
2026-02-04,AT0000969985,AT&S Austria Techn.,49.05,EUR,2026-02-04T21:46:08.000Z,CONSOLIDATED,2026-09-22T12:30:09.143Z
2026-02-05,AT0000969985,AT&S Austria Techn.,48.75,EUR,2026-02-05T21:33:13.000Z,CONSOLIDATED,2026-09-22T12:30:09.143Z
2026-02-06,AT0000969985,AT&S Austria Techn.,50.15,EUR,2026-02-06T21:00:03.000Z,CONSOLIDATED,2026-09-22T12:30:09.143Z
2026-02-09,AT0000969985,AT&S Austria Techn.,52.85,EUR,2026-02-09T21:58:10.000Z,CONSOLIDATED,2026-09-22T12:30:09.143Z
2026-02-10,AT0000969985,AT&S Austria Techn.,51.4,EUR,2026-02-10T21:55:00.000Z,CONSOLIDATED,2026-09-22T12:30:09.143Z
2026-02-11,AT0000969985,AT&S Austria Techn.,51.4,EUR,2026-02-11T21:24:10.000Z,CONSOLIDATED,2026-09-22T12:30:09.143Z
2026-02-12,AT0000969985,AT&S Austria Techn.,48.2,EUR,2026-02-12T21:16:00.000Z,CONSOLIDATED,2026-09-22T12:30:09.143Z
2026-02-13,AT0000969985,AT&S Austria Techn.,48.1,EUR,2026-02-13T21:03:49.000Z,CONSOLIDATED,2026-09-22T12:30:09.143Z
2026-02-16,AT0000969985,AT&S Austria Techn.,50.95,EUR,2026-02-16T21:02:39.000Z,CONSOLIDATED,2026-09-22T12:30:09.143Z
2026-02-17,AT0000969985,AT&S Austria Techn.,51.3,EUR,2026-02-17T21:02:51.000Z,CONSOLIDATED,2026-09-22T12:30:09.143Z
2026-02-18,AT0000969985,AT&S Austria Techn.,51.55,EUR,2026-02-18T21:00:05.000Z,CONSOLIDATED,2026-09-22T12:30:09.143Z
2026-02-19,AT0000969985,AT&S Austria Techn.,49.875,EUR,2026-02-19T21:59:38.000Z,CONSOLIDATED,2026-09-22T12:30:09.143Z
2026-02-20,AT0000969985,AT&S Austria Techn.,50.8,EUR,2026-02-20T21:04:14.000Z,CONSOLIDATED,2026-09-22T12:30:09.143Z
2026-02-23,AT0000969985,AT&S Austria Techn.,53.75,EUR,2026-02-23T21:40:25.000Z,CONSOLIDATED,2026-09-22T12:30:09.143Z
2026-02-24,AT0000969985,AT&S Austria Techn.,54.85,EUR,2026-02-24T21:05:53.000Z,CONSOLIDATED,2026-09-22T12:30:09.143Z
2026-02-25,AT0000969985,AT&S Austria Techn.,51.3,EUR,2026-02-25T21:42:32.000Z,CONSOLIDATED,2026-09-22T12:30:09.143Z
2026-02-26,AT0000969985,AT&S Austria Techn.,50.85,EUR,2026-02-26T21:21:50.000Z,CONSOLIDATED,2026-09-22T12:30:09.143Z
2026-02-27,AT0000969985,AT&S Austria Techn.,50.75,EUR,2026-02-27T21:02:15.000Z,CONSOLIDATED,2026-09-22T12:30:09.143Z
2026-03-02,AT0000969985,AT&S Austria Techn.,50.85,EUR,2026-03-02T21:48:04.000Z,CONSOLIDATED,2026-09-22T12:30:09.143Z
2026-03-03,AT0000969985,AT&S Austria Techn.,46.175,EUR,2026-03-03T21:09:30.000Z,CONSOLIDATED,2026-09-22T12:30:09.143Z
2026-03-04,AT0000969985,AT&S Austria Techn.,50.2,EUR,2026-03-04T21:04:41.000Z,CONSOLIDATED,2026-09-22T12:30:09.143Z
2026-03-05,AT0000969985,AT&S Austria Techn.,46.6,EUR,2026-03-05T21:07:19.000Z,CONSOLIDATED,2026-09-22T12:30:09.143Z
2026-03-06,AT0000969985,AT&S Austria Techn.,45.35,EUR,2026-03-06T21:52:27.000Z,CONSOLIDATED,2026-09-22T12:30:09.143Z
2026-03-09,AT0000969985,AT&S Austria Techn.,45.25,EUR,2026-03-09T21:56:05.000Z,CONSOLIDATED,2026-09-22T12:30:09.143Z
2026-03-10,AT0000969985,AT&S Austria Techn.,48.95,EUR,2026-03-10T21:43:01.000Z,CONSOLIDATED,2026-09-22T12:30:09.143Z
2026-03-11,AT0000969985,AT&S Austria Techn.,50.075,EUR,2026-03-11T21:01:50.000Z,CONSOLIDATED,2026-09-22T12:30:09.143Z
2026-03-12,AT0000969985,AT&S Austria Techn.,49.425,EUR,2026-03-12T21:31:37.000Z,CONSOLIDATED,2026-09-22T12:30:09.143Z
2026-03-13,AT0000969985,AT&S Austria Techn.,49.7,EUR,2026-03-13T21:15:39.000Z,CONSOLIDATED,2026-09-22T12:30:09.143Z
2026-03-16,AT0000969985,AT&S Austria Techn.,52.25,EUR,2026-03-16T21:01:48.000Z,CONSOLIDATED,2026-09-22T12:30:09.143Z
2026-03-17,AT0000969985,AT&S Austria Techn.,53.65,EUR,2026-03-17T21:49:16.000Z,CONSOLIDATED,2026-09-22T12:30:09.143Z
2026-03-18,AT0000969985,AT&S Austria Techn.,53.45,EUR,2026-03-18T21:52:12.000Z,CONSOLIDATED,2026-09-22T12:30:09.143Z
2026-03-19,AT0000969985,AT&S Austria Techn.,51.4,EUR,2026-03-19T21:01:54.000Z,CONSOLIDATED,2026-09-22T12:30:09.143Z
2026-03-20,AT0000969985,AT&S Austria Techn.,48.35,EUR,2026-03-20T21:11:33.000Z,CONSOLIDATED,2026-09-22T12:30:09.143Z
2026-03-23,AT0000969985,AT&S Austria Techn.,51.5,EUR,2026-03-23T21:04:09.000Z,CONSOLIDATED,2026-09-22T12:30:09.143Z
2026-03-24,AT0000969985,AT&S Austria Techn.,50.25,EUR,2026-03-24T21:54:15.000Z,CONSOLIDATED,2026-09-22T12:30:09.143Z
2026-03-25,AT0000969985,AT&S Austria Techn.,54.5,EUR,2026-03-25T21:03:04.000Z,CONSOLIDATED,2026-09-22T12:30:09.143Z
2026-03-26,AT0000969985,AT&S Austria Techn.,52.7,EUR,2026-03-26T21:23:59.000Z,CONSOLIDATED,2026-09-22T12:30:09.143Z
2026-03-27,AT0000969985,AT&S Austria Techn.,51.05,EUR,2026-03-27T21:14:01.000Z,CONSOLIDATED,2026-09-22T12:30:09.143Z
2026-03-30,AT0000969985,AT&S Austria Techn.,51.1,EUR,2026-03-30T20:06:03.000Z,CONSOLIDATED,2026-09-22T12:30:09.143Z
2026-03-31,AT0000969985,AT&S Austria Techn.,52.35,EUR,2026-03-31T20:34:25.000Z,CONSOLIDATED,2026-09-22T12:30:09.143Z
2026-04-01,AT0000969985,AT&S Austria Techn.,58.7,EUR,2026-04-01T20:02:00.000Z,CONSOLIDATED,2026-09-22T12:30:09.143Z
2026-04-02,AT0000969985,AT&S Austria Techn.,59,EUR,2026-04-02T20:56:45.000Z,CONSOLIDATED,2026-09-22T12:30:09.143Z
2026-04-07,AT0000969985,AT&S Austria Techn.,58.6,EUR,2026-04-07T20:33:17.000Z,CONSOLIDATED,2026-09-22T12:30:09.143Z
2026-04-08,AT0000969985,AT&S Austria Techn.,62.8,EUR,2026-04-08T20:37:48.000Z,CONSOLIDATED,2026-09-22T12:30:09.143Z
2026-04-09,AT0000969985,AT&S Austria Techn.,63.7,EUR,2026-04-09T20:07:31.000Z,CONSOLIDATED,2026-09-22T12:30:09.143Z
2026-04-10,AT0000969985,AT&S Austria Techn.,66.55,EUR,2026-04-10T20:02:45.000Z,CONSOLIDATED,2026-09-22T12:30:09.143Z
2026-04-13,AT0000969985,AT&S Austria Techn.,67.1,EUR,2026-04-13T20:57:54.000Z,CONSOLIDATED,2026-09-22T12:30:09.143Z
2026-04-14,AT0000969985,AT&S Austria Techn.,68.95,EUR,2026-04-14T20:32:31.000Z,CONSOLIDATED,2026-09-22T12:30:09.143Z
2026-04-15,AT0000969985,AT&S Austria Techn.,71.6,EUR,2026-04-15T20:19:46.000Z,CONSOLIDATED,2026-09-22T12:30:09.143Z
2026-04-16,AT0000969985,AT&S Austria Techn.,75.1,EUR,2026-04-16T20:03:03.000Z,CONSOLIDATED,2026-09-22T12:30:09.143Z
2026-04-17,AT0000969985,AT&S Austria Techn.,83.3,EUR,2026-04-17T20:27:00.000Z,CONSOLIDATED,2026-09-22T12:30:09.143Z
2026-04-20,AT0000969985,AT&S Austria Techn.,88.65,EUR,2026-04-20T20:59:17.000Z,CONSOLIDATED,2026-09-22T12:30:09.143Z
2026-04-21,AT0000969985,AT&S Austria Techn.,87.75,EUR,2026-04-21T20:57:59.000Z,CONSOLIDATED,2026-09-22T12:30:09.143Z
2026-04-22,AT0000969985,AT&S Austria Techn.,89.9,EUR,2026-04-22T20:53:03.000Z,CONSOLIDATED,2026-09-22T12:30:09.143Z
2026-04-23,AT0000969985,AT&S Austria Techn.,86.6,EUR,2026-04-23T20:43:41.000Z,CONSOLIDATED,2026-09-22T12:30:09.143Z
2026-04-24,AT0000969985,AT&S Austria Techn.,96.75,EUR,2026-04-24T20:48:33.000Z,CONSOLIDATED,2026-09-22T12:30:09.143Z
2026-04-27,AT0000969985,AT&S Austria Techn.,90.6,EUR,2026-04-27T20:04:23.000Z,CONSOLIDATED,2026-09-22T12:30:09.143Z
2026-04-28,AT0000969985,AT&S Austria Techn.,86.55,EUR,2026-04-28T20:06:17.000Z,CONSOLIDATED,2026-09-22T12:30:09.143Z
2026-04-29,AT0000969985,AT&S Austria Techn.,89.85,EUR,2026-04-29T20:42:59.000Z,CONSOLIDATED,2026-09-22T12:30:09.143Z
2026-04-30,AT0000969985,AT&S Austria Techn.,93.35,EUR,2026-04-30T20:04:22.000Z,CONSOLIDATED,2026-09-22T12:30:09.143Z
2026-05-04,AT0000969985,AT&S Austria Techn.,97.9,EUR,2026-05-04T20:11:44.000Z,CONSOLIDATED,2026-09-22T12:30:09.143Z
2026-05-05,AT0000969985,AT&S Austria Techn.,101,EUR,2026-05-05T20:57:21.000Z,CONSOLIDATED,2026-09-22T12:30:09.143Z
2026-05-06,AT0000969985,AT&S Austria Techn.,100.8,EUR,2026-05-06T20:04:44.000Z,CONSOLIDATED,2026-09-22T12:30:09.143Z
2026-05-07,AT0000969985,AT&S Austria Techn.,97.45,EUR,2026-05-07T20:51:00.000Z,CONSOLIDATED,2026-09-22T12:30:09.143Z
2026-05-08,AT0000969985,AT&S Austria Techn.,101.9,EUR,2026-05-08T20:03:35.000Z,CONSOLIDATED,2026-09-22T12:30:09.143Z
2026-05-11,AT0000969985,AT&S Austria Techn.,101.7,EUR,2026-05-11T20:36:36.000Z,CONSOLIDATED,2026-09-22T12:30:09.143Z
2026-05-12,AT0000969985,AT&S Austria Techn.,95.85,EUR,2026-05-12T20:41:29.000Z,CONSOLIDATED,2026-09-22T12:30:09.143Z
2026-05-13,AT0000969985,AT&S Austria Techn.,101.1,EUR,2026-05-13T20:02:47.000Z,CONSOLIDATED,2026-09-22T12:30:09.143Z
2026-05-14,AT0000969985,AT&S Austria Techn.,103.4,EUR,2026-05-14T20:59:01.000Z,CONSOLIDATED,2026-09-22T12:30:09.143Z
2026-05-15,AT0000969985,AT&S Austria Techn.,100.2,EUR,2026-05-15T20:58:31.000Z,CONSOLIDATED,2026-09-22T12:30:09.143Z
2026-05-18,AT0000969985,AT&S Austria Techn.,104.4,EUR,2026-05-18T20:53:03.000Z,CONSOLIDATED,2026-09-22T12:30:09.143Z
2026-05-19,AT0000969985,AT&S Austria Techn.,102.7,EUR,2026-05-19T20:02:00.000Z,CONSOLIDATED,2026-09-22T12:30:09.143Z
2026-05-20,AT0000969985,AT&S Austria Techn.,107.9,EUR,2026-05-20T20:37:56.000Z,CONSOLIDATED,2026-09-22T12:30:09.143Z
2026-05-21,AT0000969985,AT&S Austria Techn.,116.5,EUR,2026-05-21T20:10:33.000Z,CONSOLIDATED,2026-09-22T12:30:09.143Z
2026-05-22,AT0000969985,AT&S Austria Techn.,129.3,EUR,2026-05-22T20:59:00.000Z,CONSOLIDATED,2026-09-22T12:30:09.143Z
2026-05-25,AT0000969985,AT&S Austria Techn.,142.1,EUR,2026-05-25T20:43:30.000Z,CONSOLIDATED,2026-09-22T12:30:09.143Z
2026-05-26,AT0000969985,AT&S Austria Techn.,142.5,EUR,2026-05-26T20:52:28.000Z,CONSOLIDATED,2026-09-22T12:30:09.143Z
2026-05-27,AT0000969985,AT&S Austria Techn.,142.1,EUR,2026-05-27T20:16:59.000Z,CONSOLIDATED,2026-09-22T12:30:09.143Z
2026-05-28,AT0000969985,AT&S Austria Techn.,138.6,EUR,2026-05-28T20:10:53.000Z,CONSOLIDATED,2026-09-22T12:30:09.143Z
2026-05-29,AT0000969985,AT&S Austria Techn.,142.2,EUR,2026-05-29T20:35:56.000Z,CONSOLIDATED,2026-09-22T12:30:09.143Z
2026-06-01,AT0000969985,AT&S Austria Techn.,140.6,EUR,2026-06-01T20:13:36.000Z,CONSOLIDATED,2026-09-22T12:30:09.143Z
2026-06-02,AT0000969985,AT&S Austria Techn.,148.1,EUR,2026-06-02T20:49:34.000Z,CONSOLIDATED,2026-09-22T12:30:09.143Z
2026-06-03,AT0000969985,AT&S Austria Techn.,152.1,EUR,2026-06-03T20:29:32.000Z,CONSOLIDATED,2026-09-22T12:30:09.143Z
2026-06-04,AT0000969985,AT&S Austria Techn.,145.9,EUR,2026-06-04T20:57:48.000Z,CONSOLIDATED,2026-09-22T12:30:09.143Z
2026-06-05,AT0000969985,AT&S Austria Techn.,123.3,EUR,2026-06-05T20:53:13.000Z,CONSOLIDATED,2026-09-22T12:30:09.143Z
2026-06-08,AT0000969985,AT&S Austria Techn.,138.8,EUR,2026-06-08T20:33:14.000Z,CONSOLIDATED,2026-09-22T12:30:09.143Z
2026-06-09,AT0000969985,AT&S Austria Techn.,137.8,EUR,2026-06-09T20:19:03.000Z,CONSOLIDATED,2026-09-22T12:30:09.143Z
2026-06-10,AT0000969985,AT&S Austria Techn.,135,EUR,2026-06-10T20:58:31.000Z,CONSOLIDATED,2026-09-22T12:30:09.143Z
2026-06-11,AT0000969985,AT&S Austria Techn.,144.5,EUR,2026-06-11T20:57:54.000Z,CONSOLIDATED,2026-09-22T12:30:09.143Z
2026-06-12,AT0000969985,AT&S Austria Techn.,151.2,EUR,2026-06-12T20:11:01.000Z,CONSOLIDATED,2026-09-22T12:30:09.143Z
2026-06-15,AT0000969985,AT&S Austria Techn.,212.5,EUR,2026-06-15T20:58:50.000Z,CONSOLIDATED,2026-09-22T12:30:09.143Z
2026-06-16,AT0000969985,AT&S Austria Techn.,197.5,EUR,2026-06-16T20:49:10.000Z,CONSOLIDATED,2026-09-22T12:30:09.143Z
2026-06-17,AT0000969985,AT&S Austria Techn.,219.25,EUR,2026-06-17T20:56:49.000Z,CONSOLIDATED,2026-09-22T12:30:09.143Z
2026-06-18,AT0000969985,AT&S Austria Techn.,226.5,EUR,2026-06-18T20:47:56.000Z,CONSOLIDATED,2026-09-22T12:30:09.143Z
2026-06-19,AT0000969985,AT&S Austria Techn.,229.25,EUR,2026-06-19T20:16:11.000Z,CONSOLIDATED,2026-09-22T12:30:09.143Z
2026-06-22,AT0000969985,AT&S Austria Techn.,244,EUR,2026-06-22T20:56:56.000Z,CONSOLIDATED,2026-09-22T12:30:09.143Z
2026-06-23,AT0000969985,AT&S Austria Techn.,224,EUR,2026-06-23T20:56:52.000Z,CONSOLIDATED,2026-09-22T12:30:09.143Z
2026-06-24,AT0000969985,AT&S Austria Techn.,223.5,EUR,2026-06-24T20:58:59.000Z,CONSOLIDATED,2026-09-22T12:30:09.143Z
2026-06-25,AT0000969985,AT&S Austria Techn.,196.4,EUR,2026-06-25T20:55:50.000Z,CONSOLIDATED,2026-09-22T12:30:09.143Z
2026-06-26,AT0000969985,AT&S Austria Techn.,190.8,EUR,2026-06-26T20:54:45.000Z,CONSOLIDATED,2026-09-22T12:30:09.143Z
2026-06-29,AT0000969985,AT&S Austria Techn.,196.4,EUR,2026-06-29T20:53:40.000Z,CONSOLIDATED,2026-09-22T12:30:09.143Z
2026-06-30,AT0000969985,AT&S Austria Techn.,209.75,EUR,2026-06-30T20:58:05.000Z,CONSOLIDATED,2026-09-22T12:30:09.143Z
2026-07-01,AT0000969985,AT&S Austria Techn.,198,EUR,2026-07-01T20:40:43.000Z,CONSOLIDATED,2026-09-22T12:30:09.143Z
2026-07-02,AT0000969985,AT&S Austria Techn.,183.1,EUR,2026-07-02T20:30:00.000Z,CONSOLIDATED,2026-09-22T12:30:09.143Z
2026-07-03,AT0000969985,AT&S Austria Techn.,198.9,EUR,2026-07-03T20:57:51.000Z,CONSOLIDATED,2026-09-22T12:30:09.143Z
2026-07-06,AT0000969985,AT&S Austria Techn.,192.5,EUR,2026-07-06T20:03:36.000Z,CONSOLIDATED,2026-09-22T12:30:09.143Z
2026-07-07,AT0000969985,AT&S Austria Techn.,172.8,EUR,2026-07-07T20:19:20.000Z,CONSOLIDATED,2026-09-22T12:30:09.143Z
2026-07-08,AT0000969985,AT&S Austria Techn.,179.4,EUR,2026-07-08T20:00:13.000Z,CONSOLIDATED,2026-09-22T12:30:09.143Z
2026-07-09,AT0000969985,AT&S Austria Techn.,191.6,EUR,2026-07-09T20:00:10.000Z,CONSOLIDATED,2026-09-22T12:30:09.143Z
2026-07-10,AT0000969985,AT&S Austria Techn.,188.2,EUR,2026-07-10T20:54:31.000Z,CONSOLIDATED,2026-09-22T12:30:09.143Z
2026-07-13,AT0000969985,AT&S Austria Techn.,180.4,EUR,2026-07-13T20:54:20.000Z,CONSOLIDATED,2026-09-22T12:30:09.143Z
2026-07-14,AT0000969985,AT&S Austria Techn.,183.7,EUR,2026-07-14T20:00:03.000Z,CONSOLIDATED,2026-09-22T12:30:09.143Z
2026-07-15,AT0000969985,AT&S Austria Techn.,181,EUR,2026-07-15T20:51:12.000Z,CONSOLIDATED,2026-09-22T12:30:09.143Z
2026-07-16,AT0000969985,AT&S Austria Techn.,168.9,EUR,2026-07-16T20:28:11.000Z,CONSOLIDATED,2026-09-22T12:30:09.143Z
2026-07-17,AT0000969985,AT&S Austria Techn.,158.7,EUR,2026-07-17T20:47:21.000Z,CONSOLIDATED,2026-09-22T12:30:09.143Z
2026-07-20,AT0000969985,AT&S Austria Techn.,156.8,EUR,2026-07-20T20:25:17.000Z,CONSOLIDATED,2026-09-22T12:30:09.143Z
2026-07-21,AT0000969985,AT&S Austria Techn.,182.3,EUR,2026-07-21T20:02:44.000Z,CONSOLIDATED,2026-09-22T12:30:09.143Z
2026-07-22,AT0000969985,AT&S Austria Techn.,178.4,EUR,2026-07-22T20:14:57.000Z,CONSOLIDATED,2026-09-22T12:30:09.143Z
2026-07-23,AT0000969985,AT&S Austria Techn.,170.1,EUR,2026-07-23T20:55:41.000Z,CONSOLIDATED,2026-09-22T12:30:09.143Z
2026-07-24,AT0000969985,AT&S Austria Techn.,159.1,EUR,2026-07-24T20:57:19.000Z,CONSOLIDATED,2026-09-22T12:30:09.143Z
2026-07-27,AT0000969985,AT&S Austria Techn.,141.7,EUR,2026-07-27T20:58:16.000Z,CONSOLIDATED,2026-09-22T12:30:09.143Z
2026-07-28,AT0000969985,AT&S Austria Techn.,124.4,EUR,2026-07-28T20:44:26.000Z,CONSOLIDATED,2026-09-22T12:30:09.143Z
2026-07-29,AT0000969985,AT&S Austria Techn.,115,EUR,2026-07-29T20:55:33.000Z,CONSOLIDATED,2026-09-22T12:30:09.143Z
2026-07-30,AT0000969985,AT&S Austria Techn.,137.4,EUR,2026-07-30T20:54:13.000Z,CONSOLIDATED,2026-09-22T12:30:09.143Z
2026-07-31,AT0000969985,AT&S Austria Techn.,131.8,EUR,2026-07-31T20:04:33.000Z,CONSOLIDATED,2026-09-22T12:30:09.143Z
2026-08-03,AT0000969985,AT&S Austria Techn.,140.5,EUR,2026-08-03T20:47:07.000Z,CONSOLIDATED,2026-09-22T12:30:09.143Z
2026-08-04,AT0000969985,AT&S Austria Techn.,147.1,EUR,2026-08-04T20:50:30.000Z,CONSOLIDATED,2026-09-22T12:30:09.143Z
2026-08-05,AT0000969985,AT&S Austria Techn.,143,EUR,2026-08-05T20:43:19.000Z,CONSOLIDATED,2026-09-22T12:30:09.143Z
2026-08-06,AT0000969985,AT&S Austria Techn.,146.3,EUR,2026-08-06T20:54:49.000Z,CONSOLIDATED,2026-09-22T12:30:09.143Z
2026-08-07,AT0000969985,AT&S Austria Techn.,144.5,EUR,2026-08-07T20:29:53.000Z,CONSOLIDATED,2026-09-22T12:30:09.143Z
2026-08-10,AT0000969985,AT&S Austria Techn.,148,EUR,2026-08-10T20:52:46.000Z,CONSOLIDATED,2026-09-22T12:30:09.143Z
2026-08-11,AT0000969985,AT&S Austria Techn.,150.5,EUR,2026-08-11T20:48:21.000Z,CONSOLIDATED,2026-09-22T12:30:09.143Z
2026-08-12,AT0000969985,AT&S Austria Techn.,162.8,EUR,2026-08-12T20:10:56.000Z,CONSOLIDATED,2026-09-22T12:30:09.143Z
2026-08-13,AT0000969985,AT&S Austria Techn.,165.7,EUR,2026-08-13T20:04:09.000Z,CONSOLIDATED,2026-09-22T12:30:09.143Z
2026-08-14,AT0000969985,AT&S Austria Techn.,172.6,EUR,2026-08-14T20:45:00.000Z,CONSOLIDATED,2026-09-22T12:30:09.143Z
2026-08-17,AT0000969985,AT&S Austria Techn.,170.9,EUR,2026-08-17T20:46:16.000Z,CONSOLIDATED,2026-09-22T12:30:09.143Z
2026-08-18,AT0000969985,AT&S Austria Techn.,150.4,EUR,2026-08-18T20:49:12.000Z,CONSOLIDATED,2026-09-22T12:30:09.143Z
2026-08-19,AT0000969985,AT&S Austria Techn.,151.3,EUR,2026-08-19T20:33:03.000Z,CONSOLIDATED,2026-09-22T12:30:09.143Z
2026-08-20,AT0000969985,AT&S Austria Techn.,143,EUR,2026-08-20T20:15:00.000Z,CONSOLIDATED,2026-09-22T12:30:09.143Z
2026-08-21,AT0000969985,AT&S Austria Techn.,142,EUR,2026-08-21T20:49:03.000Z,CONSOLIDATED,2026-09-22T12:30:09.143Z
2026-08-24,AT0000969985,AT&S Austria Techn.,129.9,EUR,2026-08-24T20:46:17.000Z,CONSOLIDATED,2026-09-22T12:30:09.143Z
2026-08-25,AT0000969985,AT&S Austria Techn.,135.7,EUR,2026-08-25T20:34:00.000Z,CONSOLIDATED,2026-09-22T12:30:09.143Z
2026-08-26,AT0000969985,AT&S Austria Techn.,138.4,EUR,2026-08-26T20:51:32.000Z,CONSOLIDATED,2026-09-22T12:30:09.143Z
2026-08-27,AT0000969985,AT&S Austria Techn.,149.8,EUR,2026-08-27T20:30:32.000Z,CONSOLIDATED,2026-09-22T12:30:09.143Z
2026-08-28,AT0000969985,AT&S Austria Techn.,151.1,EUR,2026-08-28T20:43:11.000Z,CONSOLIDATED,2026-09-22T12:30:09.143Z
2026-08-31,AT0000969985,AT&S Austria Techn.,153,EUR,2026-08-31T20:04:31.000Z,CONSOLIDATED,2026-09-22T12:30:09.143Z
2026-09-01,AT0000969985,AT&S Austria Techn.,144.4,EUR,2026-09-01T20:49:12.000Z,CONSOLIDATED,2026-09-22T12:30:09.143Z
2026-09-02,AT0000969985,AT&S Austria Techn.,152.6,EUR,2026-09-02T20:46:49.000Z,CONSOLIDATED,2026-09-22T12:30:09.143Z
2026-09-03,AT0000969985,AT&S Austria Techn.,149.5,EUR,2026-09-03T20:04:06.000Z,CONSOLIDATED,2026-09-22T12:30:09.143Z
2026-09-04,AT0000969985,AT&S Austria Techn.,164.6,EUR,2026-09-04T20:07:16.000Z,CONSOLIDATED,2026-09-22T12:30:09.143Z
2026-09-07,AT0000969985,AT&S Austria Techn.,177.6,EUR,2026-09-07T20:46:18.000Z,CONSOLIDATED,2026-09-22T12:30:09.143Z
2026-09-08,AT0000969985,AT&S Austria Techn.,166.4,EUR,2026-09-08T20:17:45.000Z,CONSOLIDATED,2026-09-22T12:30:09.143Z
2026-09-09,AT0000969985,AT&S Austria Techn.,168.3,EUR,2026-09-09T20:02:51.000Z,CONSOLIDATED,2026-09-22T12:30:09.143Z
2026-09-10,AT0000969985,AT&S Austria Techn.,170.4,EUR,2026-09-10T20:13:25.000Z,CONSOLIDATED,2026-09-22T12:30:09.143Z
2026-09-11,AT0000969985,AT&S Austria Techn.,167.4,EUR,2026-09-11T20:59:52.000Z,CONSOLIDATED,2026-09-22T12:30:09.143Z
2026-09-14,AT0000969985,AT&S Austria Techn.,152.5,EUR,2026-09-14T20:09:16.000Z,CONSOLIDATED,2026-09-22T12:30:09.143Z
2026-09-15,AT0000969985,AT&S Austria Techn.,154,EUR,2026-09-15T20:21:42.000Z,CONSOLIDATED,2026-09-22T12:30:09.143Z
2026-09-16,AT0000969985,AT&S Austria Techn.,156.2,EUR,2026-09-16T20:43:53.000Z,CONSOLIDATED,2026-09-22T12:30:09.143Z
2026-09-17,AT0000969985,AT&S Austria Techn.,165.9,EUR,2026-09-17T20:21:46.000Z,CONSOLIDATED,2026-09-22T12:30:09.143Z
2026-09-18,AT0000969985,AT&S Austria Techn.,176.6,EUR,2026-09-18T20:23:29.000Z,CONSOLIDATED,2026-09-22T12:30:09.143Z
2026-09-21,AT0000969985,AT&S Austria Techn.,184.6,EUR,2026-09-21T20:46:19.000Z,CONSOLIDATED,2026-09-22T12:30:09.143Z
2026-01-02,US0079031078,Advanced Micro Devices,190.85,EUR,2026-01-02T21:59:57.000Z,CONSOLIDATED,2026-09-22T12:30:09.993Z
2026-01-05,US0079031078,Advanced Micro Devices,188.78,EUR,2026-01-05T21:59:48.000Z,CONSOLIDATED,2026-09-22T12:30:09.993Z
2026-01-06,US0079031078,Advanced Micro Devices,183.18,EUR,2026-01-06T21:59:45.000Z,CONSOLIDATED,2026-09-22T12:30:09.993Z
2026-01-07,US0079031078,Advanced Micro Devices,179.46,EUR,2026-01-07T21:59:31.000Z,CONSOLIDATED,2026-09-22T12:30:09.993Z
2026-01-08,US0079031078,Advanced Micro Devices,175.61,EUR,2026-01-08T21:59:57.000Z,CONSOLIDATED,2026-09-22T12:30:09.993Z
2026-01-09,US0079031078,Advanced Micro Devices,174.65,EUR,2026-01-09T21:59:14.000Z,CONSOLIDATED,2026-09-22T12:30:09.993Z
2026-01-12,US0079031078,Advanced Micro Devices,178,EUR,2026-01-12T21:59:56.000Z,CONSOLIDATED,2026-09-22T12:30:09.993Z
2026-01-13,US0079031078,Advanced Micro Devices,190.03,EUR,2026-01-13T21:59:58.000Z,CONSOLIDATED,2026-09-22T12:30:09.993Z
2026-01-14,US0079031078,Advanced Micro Devices,191.8,EUR,2026-01-14T21:59:58.000Z,CONSOLIDATED,2026-09-22T12:30:09.993Z
2026-01-15,US0079031078,Advanced Micro Devices,196.95,EUR,2026-01-15T21:59:58.000Z,CONSOLIDATED,2026-09-22T12:30:09.993Z
2026-01-16,US0079031078,Advanced Micro Devices,199.74,EUR,2026-01-16T21:58:41.000Z,CONSOLIDATED,2026-09-22T12:30:09.993Z
2026-01-19,US0079031078,Advanced Micro Devices,194.57,EUR,2026-01-19T21:01:13.000Z,CONSOLIDATED,2026-09-22T12:30:09.993Z
2026-01-20,US0079031078,Advanced Micro Devices,198.1,EUR,2026-01-20T21:59:51.000Z,CONSOLIDATED,2026-09-22T12:30:09.993Z
2026-01-21,US0079031078,Advanced Micro Devices,214.8,EUR,2026-01-21T21:59:52.000Z,CONSOLIDATED,2026-09-22T12:30:09.993Z
2026-01-22,US0079031078,Advanced Micro Devices,214.475,EUR,2026-01-22T21:59:58.000Z,CONSOLIDATED,2026-09-22T12:30:09.993Z
2026-01-23,US0079031078,Advanced Micro Devices,219.375,EUR,2026-01-23T21:59:36.000Z,CONSOLIDATED,2026-09-22T12:30:09.993Z
2026-01-26,US0079031078,Advanced Micro Devices,211.025,EUR,2026-01-26T21:59:58.000Z,CONSOLIDATED,2026-09-22T12:30:09.993Z
2026-01-27,US0079031078,Advanced Micro Devices,209.8,EUR,2026-01-27T21:59:57.000Z,CONSOLIDATED,2026-09-22T12:30:09.993Z
2026-01-28,US0079031078,Advanced Micro Devices,213.35,EUR,2026-01-28T21:59:57.000Z,CONSOLIDATED,2026-09-22T12:30:09.993Z
2026-01-29,US0079031078,Advanced Micro Devices,209.975,EUR,2026-01-29T21:59:50.000Z,CONSOLIDATED,2026-09-22T12:30:09.993Z
2026-01-30,US0079031078,Advanced Micro Devices,199.965,EUR,2026-01-30T21:59:57.000Z,CONSOLIDATED,2026-09-22T12:30:09.993Z
2026-02-02,US0079031078,Advanced Micro Devices,213.35,EUR,2026-02-02T21:59:56.000Z,CONSOLIDATED,2026-09-22T12:30:09.993Z
2026-02-03,US0079031078,Advanced Micro Devices,193.66,EUR,2026-02-03T21:59:57.000Z,CONSOLIDATED,2026-09-22T12:30:09.993Z
2026-02-04,US0079031078,Advanced Micro Devices,173.09,EUR,2026-02-04T21:59:53.000Z,CONSOLIDATED,2026-09-22T12:30:09.993Z
2026-02-05,US0079031078,Advanced Micro Devices,159.13,EUR,2026-02-05T21:59:58.000Z,CONSOLIDATED,2026-09-22T12:30:09.993Z
2026-02-06,US0079031078,Advanced Micro Devices,175.77,EUR,2026-02-06T21:59:39.000Z,CONSOLIDATED,2026-09-22T12:30:09.993Z
2026-02-09,US0079031078,Advanced Micro Devices,180.85,EUR,2026-02-09T21:59:58.000Z,CONSOLIDATED,2026-09-22T12:30:09.993Z
2026-02-10,US0079031078,Advanced Micro Devices,179.79,EUR,2026-02-10T21:59:58.000Z,CONSOLIDATED,2026-09-22T12:30:09.993Z
2026-02-11,US0079031078,Advanced Micro Devices,179.63,EUR,2026-02-11T21:59:53.000Z,CONSOLIDATED,2026-09-22T12:30:09.993Z
2026-02-12,US0079031078,Advanced Micro Devices,174.46,EUR,2026-02-12T21:59:58.000Z,CONSOLIDATED,2026-09-22T12:30:09.993Z
2026-02-13,US0079031078,Advanced Micro Devices,174.5,EUR,2026-02-13T21:59:57.000Z,CONSOLIDATED,2026-09-22T12:30:09.993Z
2026-02-16,US0079031078,Advanced Micro Devices,174.26,EUR,2026-02-16T21:59:16.000Z,CONSOLIDATED,2026-09-22T12:30:09.993Z
2026-02-17,US0079031078,Advanced Micro Devices,165.04,EUR,2026-02-17T21:59:58.000Z,CONSOLIDATED,2026-09-22T12:30:09.993Z
2026-02-18,US0079031078,Advanced Micro Devices,169.44,EUR,2026-02-18T21:59:50.000Z,CONSOLIDATED,2026-09-22T12:30:09.993Z
2026-02-19,US0079031078,Advanced Micro Devices,172.42,EUR,2026-02-19T21:59:46.000Z,CONSOLIDATED,2026-09-22T12:30:09.993Z
2026-02-20,US0079031078,Advanced Micro Devices,169.7,EUR,2026-02-20T21:59:39.000Z,CONSOLIDATED,2026-09-22T12:30:09.993Z
2026-02-23,US0079031078,Advanced Micro Devices,166.83,EUR,2026-02-23T21:59:57.000Z,CONSOLIDATED,2026-09-22T12:30:09.993Z
2026-02-24,US0079031078,Advanced Micro Devices,181.53,EUR,2026-02-24T21:59:50.000Z,CONSOLIDATED,2026-09-22T12:30:09.993Z
2026-02-25,US0079031078,Advanced Micro Devices,177.56,EUR,2026-02-25T21:59:58.000Z,CONSOLIDATED,2026-09-22T12:30:09.993Z
2026-02-26,US0079031078,Advanced Micro Devices,172.55,EUR,2026-02-26T21:59:58.000Z,CONSOLIDATED,2026-09-22T12:30:09.993Z
2026-02-27,US0079031078,Advanced Micro Devices,168.93,EUR,2026-02-27T21:59:58.000Z,CONSOLIDATED,2026-09-22T12:30:09.993Z
2026-03-02,US0079031078,Advanced Micro Devices,169.65,EUR,2026-03-02T21:59:51.000Z,CONSOLIDATED,2026-09-22T12:30:09.993Z
2026-03-03,US0079031078,Advanced Micro Devices,164.06,EUR,2026-03-03T21:59:57.000Z,CONSOLIDATED,2026-09-22T12:30:09.993Z
2026-03-04,US0079031078,Advanced Micro Devices,173.77,EUR,2026-03-04T21:59:45.000Z,CONSOLIDATED,2026-09-22T12:30:09.993Z
2026-03-05,US0079031078,Advanced Micro Devices,170.84,EUR,2026-03-05T21:59:54.000Z,CONSOLIDATED,2026-09-22T12:30:09.993Z
2026-03-06,US0079031078,Advanced Micro Devices,165.71,EUR,2026-03-06T21:59:54.000Z,CONSOLIDATED,2026-09-22T12:30:09.993Z
2026-03-09,US0079031078,Advanced Micro Devices,173.46,EUR,2026-03-09T21:59:55.000Z,CONSOLIDATED,2026-09-22T12:30:09.993Z
2026-03-10,US0079031078,Advanced Micro Devices,175.53,EUR,2026-03-10T21:59:16.000Z,CONSOLIDATED,2026-09-22T12:30:09.993Z
2026-03-11,US0079031078,Advanced Micro Devices,176.81,EUR,2026-03-11T21:59:52.000Z,CONSOLIDATED,2026-09-22T12:30:09.993Z
2026-03-12,US0079031078,Advanced Micro Devices,171.67,EUR,2026-03-12T21:59:18.000Z,CONSOLIDATED,2026-09-22T12:30:09.993Z
2026-03-13,US0079031078,Advanced Micro Devices,168.85,EUR,2026-03-13T21:57:10.000Z,CONSOLIDATED,2026-09-22T12:30:09.993Z
2026-03-16,US0079031078,Advanced Micro Devices,171.3,EUR,2026-03-16T21:59:59.000Z,CONSOLIDATED,2026-09-22T12:30:09.993Z
2026-03-17,US0079031078,Advanced Micro Devices,170.03,EUR,2026-03-17T21:59:38.000Z,CONSOLIDATED,2026-09-22T12:30:09.993Z
2026-03-18,US0079031078,Advanced Micro Devices,173.9,EUR,2026-03-18T21:58:42.000Z,CONSOLIDATED,2026-09-22T12:30:09.993Z
2026-03-19,US0079031078,Advanced Micro Devices,177.03,EUR,2026-03-19T21:59:45.000Z,CONSOLIDATED,2026-09-22T12:30:09.993Z
2026-03-20,US0079031078,Advanced Micro Devices,175.43,EUR,2026-03-20T21:59:52.000Z,CONSOLIDATED,2026-09-22T12:30:09.993Z
2026-03-23,US0079031078,Advanced Micro Devices,174.86,EUR,2026-03-23T21:59:58.000Z,CONSOLIDATED,2026-09-22T12:30:09.993Z
2026-03-24,US0079031078,Advanced Micro Devices,178.04,EUR,2026-03-24T21:59:51.000Z,CONSOLIDATED,2026-09-22T12:30:09.993Z
2026-03-25,US0079031078,Advanced Micro Devices,190.01,EUR,2026-03-25T21:59:58.000Z,CONSOLIDATED,2026-09-22T12:30:09.993Z
2026-03-26,US0079031078,Advanced Micro Devices,177.49,EUR,2026-03-26T21:59:56.000Z,CONSOLIDATED,2026-09-22T12:30:09.993Z
2026-03-27,US0079031078,Advanced Micro Devices,174.56,EUR,2026-03-27T21:59:24.000Z,CONSOLIDATED,2026-09-22T12:30:09.993Z
2026-03-30,US0079031078,Advanced Micro Devices,170.7,EUR,2026-03-30T20:59:58.000Z,CONSOLIDATED,2026-09-22T12:30:09.993Z
2026-03-31,US0079031078,Advanced Micro Devices,175.73,EUR,2026-03-31T20:59:59.000Z,CONSOLIDATED,2026-09-22T12:30:09.993Z
2026-04-01,US0079031078,Advanced Micro Devices,181.15,EUR,2026-04-01T20:59:58.000Z,CONSOLIDATED,2026-09-22T12:30:09.993Z
2026-04-02,US0079031078,Advanced Micro Devices,188.37,EUR,2026-04-02T20:59:56.000Z,CONSOLIDATED,2026-09-22T12:30:09.993Z
2026-04-07,US0079031078,Advanced Micro Devices,190.71,EUR,2026-04-07T20:59:59.000Z,CONSOLIDATED,2026-09-22T12:30:09.993Z
2026-04-08,US0079031078,Advanced Micro Devices,197.89,EUR,2026-04-08T20:59:45.000Z,CONSOLIDATED,2026-09-22T12:30:09.993Z
2026-04-09,US0079031078,Advanced Micro Devices,201.825,EUR,2026-04-09T20:59:57.000Z,CONSOLIDATED,2026-09-22T12:30:09.993Z
2026-04-10,US0079031078,Advanced Micro Devices,209.45,EUR,2026-04-10T20:59:57.000Z,CONSOLIDATED,2026-09-22T12:30:09.993Z
2026-04-13,US0079031078,Advanced Micro Devices,209.8,EUR,2026-04-13T20:59:58.000Z,CONSOLIDATED,2026-09-22T12:30:09.993Z
2026-04-14,US0079031078,Advanced Micro Devices,215.625,EUR,2026-04-14T20:59:45.000Z,CONSOLIDATED,2026-09-22T12:30:09.993Z
2026-04-15,US0079031078,Advanced Micro Devices,218.65,EUR,2026-04-15T20:58:49.000Z,CONSOLIDATED,2026-09-22T12:30:09.993Z
2026-04-16,US0079031078,Advanced Micro Devices,235.525,EUR,2026-04-16T20:59:51.000Z,CONSOLIDATED,2026-09-22T12:30:09.993Z
2026-04-17,US0079031078,Advanced Micro Devices,236.425,EUR,2026-04-17T20:59:49.000Z,CONSOLIDATED,2026-09-22T12:30:09.993Z
2026-04-20,US0079031078,Advanced Micro Devices,232.85,EUR,2026-04-20T20:59:26.000Z,CONSOLIDATED,2026-09-22T12:30:09.993Z
2026-04-21,US0079031078,Advanced Micro Devices,243.975,EUR,2026-04-21T20:59:55.000Z,CONSOLIDATED,2026-09-22T12:30:09.993Z
2026-04-22,US0079031078,Advanced Micro Devices,258.975,EUR,2026-04-22T20:59:57.000Z,CONSOLIDATED,2026-09-22T12:30:09.993Z
2026-04-23,US0079031078,Advanced Micro Devices,272,EUR,2026-04-23T20:59:50.000Z,CONSOLIDATED,2026-09-22T12:30:09.993Z
2026-04-24,US0079031078,Advanced Micro Devices,297.4,EUR,2026-04-24T20:59:58.000Z,CONSOLIDATED,2026-09-22T12:30:09.993Z
2026-04-27,US0079031078,Advanced Micro Devices,285.6,EUR,2026-04-27T20:59:55.000Z,CONSOLIDATED,2026-09-22T12:30:09.993Z
2026-04-28,US0079031078,Advanced Micro Devices,276.45,EUR,2026-04-28T20:59:54.000Z,CONSOLIDATED,2026-09-22T12:30:09.993Z
2026-04-29,US0079031078,Advanced Micro Devices,285.075,EUR,2026-04-29T20:59:58.000Z,CONSOLIDATED,2026-09-22T12:30:09.993Z
2026-04-30,US0079031078,Advanced Micro Devices,300.675,EUR,2026-04-30T20:59:40.000Z,CONSOLIDATED,2026-09-22T12:30:09.993Z
2026-05-04,US0079031078,Advanced Micro Devices,293.325,EUR,2026-05-04T20:59:56.000Z,CONSOLIDATED,2026-09-22T12:30:09.993Z
2026-05-05,US0079031078,Advanced Micro Devices,317.125,EUR,2026-05-05T20:59:58.000Z,CONSOLIDATED,2026-09-22T12:30:09.993Z
2026-05-06,US0079031078,Advanced Micro Devices,354.4,EUR,2026-05-06T20:59:58.000Z,CONSOLIDATED,2026-09-22T12:30:09.993Z
2026-05-07,US0079031078,Advanced Micro Devices,347.45,EUR,2026-05-07T20:59:59.000Z,CONSOLIDATED,2026-09-22T12:30:09.993Z
2026-05-08,US0079031078,Advanced Micro Devices,385.825,EUR,2026-05-08T20:59:51.000Z,CONSOLIDATED,2026-09-22T12:30:09.993Z
2026-05-11,US0079031078,Advanced Micro Devices,388.675,EUR,2026-05-11T20:59:55.000Z,CONSOLIDATED,2026-09-22T12:30:09.993Z
2026-05-12,US0079031078,Advanced Micro Devices,382.775,EUR,2026-05-12T20:59:48.000Z,CONSOLIDATED,2026-09-22T12:30:09.993Z
2026-05-13,US0079031078,Advanced Micro Devices,380.7,EUR,2026-05-13T20:59:56.000Z,CONSOLIDATED,2026-09-22T12:30:09.993Z
2026-05-14,US0079031078,Advanced Micro Devices,383.525,EUR,2026-05-14T20:59:53.000Z,CONSOLIDATED,2026-09-22T12:30:09.993Z
2026-05-15,US0079031078,Advanced Micro Devices,364.25,EUR,2026-05-15T20:59:10.000Z,CONSOLIDATED,2026-09-22T12:30:09.993Z
2026-05-18,US0079031078,Advanced Micro Devices,361.25,EUR,2026-05-18T20:59:57.000Z,CONSOLIDATED,2026-09-22T12:30:09.993Z
2026-05-19,US0079031078,Advanced Micro Devices,356.975,EUR,2026-05-19T20:59:58.000Z,CONSOLIDATED,2026-09-22T12:30:09.993Z
2026-05-20,US0079031078,Advanced Micro Devices,381.8,EUR,2026-05-20T20:59:57.000Z,CONSOLIDATED,2026-09-22T12:30:09.993Z
2026-05-21,US0079031078,Advanced Micro Devices,386.4,EUR,2026-05-21T20:59:57.000Z,CONSOLIDATED,2026-09-22T12:30:09.993Z
2026-05-22,US0079031078,Advanced Micro Devices,402.275,EUR,2026-05-22T20:59:44.000Z,CONSOLIDATED,2026-09-22T12:30:09.993Z
2026-05-25,US0079031078,Advanced Micro Devices,408.35,EUR,2026-05-25T20:57:26.000Z,CONSOLIDATED,2026-09-22T12:30:09.993Z
2026-05-26,US0079031078,Advanced Micro Devices,433.525,EUR,2026-05-26T20:59:28.000Z,CONSOLIDATED,2026-09-22T12:30:09.993Z
2026-05-27,US0079031078,Advanced Micro Devices,426.55,EUR,2026-05-27T20:59:58.000Z,CONSOLIDATED,2026-09-22T12:30:09.993Z
2026-05-28,US0079031078,Advanced Micro Devices,446.025,EUR,2026-05-28T20:59:59.000Z,CONSOLIDATED,2026-09-22T12:30:09.993Z
2026-05-29,US0079031078,Advanced Micro Devices,441.925,EUR,2026-05-29T20:59:57.000Z,CONSOLIDATED,2026-09-22T12:30:09.993Z
2026-06-01,US0079031078,Advanced Micro Devices,437.875,EUR,2026-06-01T20:59:47.000Z,CONSOLIDATED,2026-09-22T12:30:09.993Z
2026-06-02,US0079031078,Advanced Micro Devices,447.15,EUR,2026-06-02T20:59:57.000Z,CONSOLIDATED,2026-09-22T12:30:09.993Z
2026-06-03,US0079031078,Advanced Micro Devices,460.95,EUR,2026-06-03T20:59:57.000Z,CONSOLIDATED,2026-09-22T12:30:09.993Z
2026-06-04,US0079031078,Advanced Micro Devices,446.825,EUR,2026-06-04T20:59:54.000Z,CONSOLIDATED,2026-09-22T12:30:09.993Z
2026-06-05,US0079031078,Advanced Micro Devices,403.475,EUR,2026-06-05T20:59:51.000Z,CONSOLIDATED,2026-09-22T12:30:09.993Z
2026-06-08,US0079031078,Advanced Micro Devices,426.35,EUR,2026-06-08T20:59:59.000Z,CONSOLIDATED,2026-09-22T12:30:09.993Z
2026-06-09,US0079031078,Advanced Micro Devices,411.575,EUR,2026-06-09T20:59:57.000Z,CONSOLIDATED,2026-09-22T12:30:09.993Z
2026-06-10,US0079031078,Advanced Micro Devices,387.825,EUR,2026-06-10T20:59:40.000Z,CONSOLIDATED,2026-09-22T12:30:09.993Z
2026-06-11,US0079031078,Advanced Micro Devices,419.625,EUR,2026-06-11T20:59:57.000Z,CONSOLIDATED,2026-09-22T12:30:09.993Z
2026-06-12,US0079031078,Advanced Micro Devices,442.475,EUR,2026-06-12T20:59:51.000Z,CONSOLIDATED,2026-09-22T12:30:09.993Z
2026-06-15,US0079031078,Advanced Micro Devices,471.9,EUR,2026-06-15T20:59:57.000Z,CONSOLIDATED,2026-09-22T12:30:09.993Z
2026-06-16,US0079031078,Advanced Micro Devices,436.725,EUR,2026-06-16T20:59:55.000Z,CONSOLIDATED,2026-09-22T12:30:09.993Z
2026-06-17,US0079031078,Advanced Micro Devices,450.625,EUR,2026-06-17T20:59:58.000Z,CONSOLIDATED,2026-09-22T12:30:09.993Z
2026-06-18,US0079031078,Advanced Micro Devices,468.75,EUR,2026-06-18T20:59:56.000Z,CONSOLIDATED,2026-09-22T12:30:09.993Z
2026-06-19,US0079031078,Advanced Micro Devices,465.05,EUR,2026-06-19T20:06:34.000Z,CONSOLIDATED,2026-09-22T12:30:09.993Z
2026-06-22,US0079031078,Advanced Micro Devices,480.75,EUR,2026-06-22T20:59:52.000Z,CONSOLIDATED,2026-09-22T12:30:09.993Z
2026-06-23,US0079031078,Advanced Micro Devices,458.1,EUR,2026-06-23T20:59:39.000Z,CONSOLIDATED,2026-09-22T12:30:09.993Z
2026-06-24,US0079031078,Advanced Micro Devices,473.525,EUR,2026-06-24T20:59:41.000Z,CONSOLIDATED,2026-09-22T12:30:09.993Z
2026-06-25,US0079031078,Advanced Micro Devices,467.275,EUR,2026-06-25T20:59:40.000Z,CONSOLIDATED,2026-09-22T12:30:09.993Z
2026-06-26,US0079031078,Advanced Micro Devices,454.875,EUR,2026-06-26T20:59:54.000Z,CONSOLIDATED,2026-09-22T12:30:09.993Z
2026-06-29,US0079031078,Advanced Micro Devices,470.475,EUR,2026-06-29T20:59:52.000Z,CONSOLIDATED,2026-09-22T12:30:09.993Z
2026-06-30,US0079031078,Advanced Micro Devices,507.15,EUR,2026-06-30T20:59:58.000Z,CONSOLIDATED,2026-09-22T12:30:09.993Z
2026-07-01,US0079031078,Advanced Micro Devices,476.275,EUR,2026-07-01T20:59:58.000Z,CONSOLIDATED,2026-09-22T12:30:09.993Z
2026-07-02,US0079031078,Advanced Micro Devices,453.825,EUR,2026-07-02T20:59:55.000Z,CONSOLIDATED,2026-09-22T12:30:09.993Z
2026-07-03,US0079031078,Advanced Micro Devices,464.25,EUR,2026-07-03T20:23:21.000Z,CONSOLIDATED,2026-09-22T12:30:09.993Z
2026-07-06,US0079031078,Advanced Micro Devices,483.575,EUR,2026-07-06T20:59:56.000Z,CONSOLIDATED,2026-09-22T12:30:09.993Z
2026-07-07,US0079031078,Advanced Micro Devices,454.1,EUR,2026-07-07T20:59:47.000Z,CONSOLIDATED,2026-09-22T12:30:09.993Z
2026-07-08,US0079031078,Advanced Micro Devices,450.55,EUR,2026-07-08T20:59:54.000Z,CONSOLIDATED,2026-09-22T12:30:09.993Z
2026-07-09,US0079031078,Advanced Micro Devices,477.9,EUR,2026-07-09T20:59:27.000Z,CONSOLIDATED,2026-09-22T12:30:09.993Z
2026-07-10,US0079031078,Advanced Micro Devices,489.175,EUR,2026-07-10T20:59:56.000Z,CONSOLIDATED,2026-09-22T12:30:09.993Z
2026-07-13,US0079031078,Advanced Micro Devices,469.425,EUR,2026-07-13T20:59:57.000Z,CONSOLIDATED,2026-09-22T12:30:09.993Z
2026-07-14,US0079031078,Advanced Micro Devices,479.8,EUR,2026-07-14T20:58:11.000Z,CONSOLIDATED,2026-09-22T12:30:09.993Z
2026-07-15,US0079031078,Advanced Micro Devices,461.875,EUR,2026-07-15T20:59:56.000Z,CONSOLIDATED,2026-09-22T12:30:09.993Z
2026-07-16,US0079031078,Advanced Micro Devices,437.625,EUR,2026-07-16T20:59:58.000Z,CONSOLIDATED,2026-09-22T12:30:09.993Z
2026-07-17,US0079031078,Advanced Micro Devices,430.875,EUR,2026-07-17T20:59:52.000Z,CONSOLIDATED,2026-09-22T12:30:09.993Z
2026-07-20,US0079031078,Advanced Micro Devices,441.35,EUR,2026-07-20T20:59:57.000Z,CONSOLIDATED,2026-09-22T12:30:09.993Z
2026-07-21,US0079031078,Advanced Micro Devices,477.85,EUR,2026-07-21T20:59:58.000Z,CONSOLIDATED,2026-09-22T12:30:09.993Z
2026-07-22,US0079031078,Advanced Micro Devices,484.675,EUR,2026-07-22T20:59:57.000Z,CONSOLIDATED,2026-09-22T12:30:09.993Z
2026-07-23,US0079031078,Advanced Micro Devices,487.425,EUR,2026-07-23T20:59:57.000Z,CONSOLIDATED,2026-09-22T12:30:09.993Z
2026-07-24,US0079031078,Advanced Micro Devices,459.475,EUR,2026-07-24T20:59:56.000Z,CONSOLIDATED,2026-09-22T12:30:09.993Z
2026-07-27,US0079031078,Advanced Micro Devices,434.3,EUR,2026-07-27T20:59:58.000Z,CONSOLIDATED,2026-09-22T12:30:09.993Z
2026-07-28,US0079031078,Advanced Micro Devices,399.975,EUR,2026-07-28T20:59:40.000Z,CONSOLIDATED,2026-09-22T12:30:09.993Z
2026-07-29,US0079031078,Advanced Micro Devices,370.275,EUR,2026-07-29T20:59:56.000Z,CONSOLIDATED,2026-09-22T12:30:09.993Z
2026-07-30,US0079031078,Advanced Micro Devices,424.6,EUR,2026-07-30T20:59:54.000Z,CONSOLIDATED,2026-09-22T12:30:09.993Z
2026-07-31,US0079031078,Advanced Micro Devices,413.975,EUR,2026-07-31T20:59:58.000Z,CONSOLIDATED,2026-09-22T12:30:09.993Z
2026-08-03,US0079031078,Advanced Micro Devices,423.725,EUR,2026-08-03T20:59:57.000Z,CONSOLIDATED,2026-09-22T12:30:09.993Z
2026-08-04,US0079031078,Advanced Micro Devices,415.45,EUR,2026-08-04T20:59:54.000Z,CONSOLIDATED,2026-09-22T12:30:09.993Z
2026-08-05,US0079031078,Advanced Micro Devices,417.375,EUR,2026-08-05T20:59:58.000Z,CONSOLIDATED,2026-09-22T12:30:09.993Z
2026-08-06,US0079031078,Advanced Micro Devices,423.75,EUR,2026-08-06T20:59:51.000Z,CONSOLIDATED,2026-09-22T12:30:09.993Z
2026-08-07,US0079031078,Advanced Micro Devices,417.725,EUR,2026-08-07T20:59:58.000Z,CONSOLIDATED,2026-09-22T12:30:09.993Z
2026-08-10,US0079031078,Advanced Micro Devices,407.55,EUR,2026-08-10T20:59:02.000Z,CONSOLIDATED,2026-09-22T12:30:09.993Z
2026-08-11,US0079031078,Advanced Micro Devices,410.55,EUR,2026-08-11T20:59:58.000Z,CONSOLIDATED,2026-09-22T12:30:09.993Z
2026-08-12,US0079031078,Advanced Micro Devices,418.5,EUR,2026-08-12T20:59:58.000Z,CONSOLIDATED,2026-09-22T12:30:09.993Z
2026-08-13,US0079031078,Advanced Micro Devices,420.575,EUR,2026-08-13T20:59:58.000Z,CONSOLIDATED,2026-09-22T12:30:09.993Z
2026-08-14,US0079031078,Advanced Micro Devices,444.275,EUR,2026-08-14T20:59:58.000Z,CONSOLIDATED,2026-09-22T12:30:09.993Z
2026-08-17,US0079031078,Advanced Micro Devices,436.9,EUR,2026-08-17T20:59:53.000Z,CONSOLIDATED,2026-09-22T12:30:09.993Z
2026-08-18,US0079031078,Advanced Micro Devices,417.7,EUR,2026-08-18T20:59:57.000Z,CONSOLIDATED,2026-09-22T12:30:09.993Z
2026-08-19,US0079031078,Advanced Micro Devices,399.35,EUR,2026-08-19T20:59:45.000Z,CONSOLIDATED,2026-09-22T12:30:09.993Z
2026-08-20,US0079031078,Advanced Micro Devices,401.375,EUR,2026-08-20T20:59:46.000Z,CONSOLIDATED,2026-09-22T12:30:09.993Z
2026-08-21,US0079031078,Advanced Micro Devices,404.2,EUR,2026-08-21T20:59:58.000Z,CONSOLIDATED,2026-09-22T12:30:09.993Z
2026-08-24,US0079031078,Advanced Micro Devices,391.725,EUR,2026-08-24T20:59:53.000Z,CONSOLIDATED,2026-09-22T12:30:09.993Z
2026-08-25,US0079031078,Advanced Micro Devices,411.725,EUR,2026-08-25T20:59:47.000Z,CONSOLIDATED,2026-09-22T12:30:09.993Z
2026-08-26,US0079031078,Advanced Micro Devices,412.525,EUR,2026-08-26T20:59:58.000Z,CONSOLIDATED,2026-09-22T12:30:09.993Z
2026-08-27,US0079031078,Advanced Micro Devices,407.6,EUR,2026-08-27T20:59:58.000Z,CONSOLIDATED,2026-09-22T12:30:09.993Z
2026-08-28,US0079031078,Advanced Micro Devices,402.9,EUR,2026-08-28T20:59:58.000Z,CONSOLIDATED,2026-09-22T12:30:09.993Z
2026-08-31,US0079031078,Advanced Micro Devices,404.825,EUR,2026-08-31T20:59:56.000Z,CONSOLIDATED,2026-09-22T12:30:09.993Z
2026-09-01,US0079031078,Advanced Micro Devices,397.05,EUR,2026-09-01T20:59:56.000Z,CONSOLIDATED,2026-09-22T12:30:09.993Z
2026-09-02,US0079031078,Advanced Micro Devices,393.525,EUR,2026-09-02T20:59:58.000Z,CONSOLIDATED,2026-09-22T12:30:09.993Z
2026-09-03,US0079031078,Advanced Micro Devices,391.8,EUR,2026-09-03T20:59:46.000Z,CONSOLIDATED,2026-09-22T12:30:09.993Z
2026-09-04,US0079031078,Advanced Micro Devices,409.8,EUR,2026-09-04T20:59:56.000Z,CONSOLIDATED,2026-09-22T12:30:09.993Z
2026-09-07,US0079031078,Advanced Micro Devices,412.675,EUR,2026-09-07T20:59:56.000Z,CONSOLIDATED,2026-09-22T12:30:09.993Z
2026-09-08,US0079031078,Advanced Micro Devices,434.7,EUR,2026-09-08T20:59:56.000Z,CONSOLIDATED,2026-09-22T12:30:09.993Z
2026-09-09,US0079031078,Advanced Micro Devices,448.3,EUR,2026-09-09T20:59:57.000Z,CONSOLIDATED,2026-09-22T12:30:09.993Z
2026-09-10,US0079031078,Advanced Micro Devices,433.975,EUR,2026-09-10T20:59:54.000Z,CONSOLIDATED,2026-09-22T12:30:09.993Z
2026-09-11,US0079031078,Advanced Micro Devices,443.9,EUR,2026-09-11T20:59:43.000Z,CONSOLIDATED,2026-09-22T12:30:09.993Z
2026-09-14,US0079031078,Advanced Micro Devices,428.475,EUR,2026-09-14T20:59:45.000Z,CONSOLIDATED,2026-09-22T12:30:09.993Z
2026-09-15,US0079031078,Advanced Micro Devices,437.1,EUR,2026-09-15T20:59:52.000Z,CONSOLIDATED,2026-09-22T12:30:09.993Z
2026-09-16,US0079031078,Advanced Micro Devices,447.25,EUR,2026-09-16T20:59:58.000Z,CONSOLIDATED,2026-09-22T12:30:09.993Z
2026-09-17,US0079031078,Advanced Micro Devices,475.1,EUR,2026-09-17T20:59:54.000Z,CONSOLIDATED,2026-09-22T12:30:09.993Z
2026-09-18,US0079031078,Advanced Micro Devices,485.275,EUR,2026-09-18T20:59:21.000Z,CONSOLIDATED,2026-09-22T12:30:09.993Z
2026-09-21,US0079031078,Advanced Micro Devices,536.55,EUR,2026-09-21T20:59:56.000Z,CONSOLIDATED,2026-09-22T12:30:09.993Z
2026-01-02,US02079K3059,Alphabet A,268.9,EUR,2026-01-02T21:59:24.000Z,CONSOLIDATED,2026-09-22T12:30:08.546Z
2026-01-05,US02079K3059,Alphabet A,270.15,EUR,2026-01-05T21:59:40.000Z,CONSOLIDATED,2026-09-22T12:30:08.546Z
2026-01-06,US02079K3059,Alphabet A,269.025,EUR,2026-01-06T21:59:31.000Z,CONSOLIDATED,2026-09-22T12:30:08.546Z
2026-01-07,US02079K3059,Alphabet A,275.925,EUR,2026-01-07T21:59:49.000Z,CONSOLIDATED,2026-09-22T12:30:08.546Z
2026-01-08,US02079K3059,Alphabet A,279.125,EUR,2026-01-08T21:59:48.000Z,CONSOLIDATED,2026-09-22T12:30:08.546Z
2026-01-09,US02079K3059,Alphabet A,282.5,EUR,2026-01-09T21:59:54.000Z,CONSOLIDATED,2026-09-22T12:30:08.546Z
2026-01-12,US02079K3059,Alphabet A,284.65,EUR,2026-01-12T21:59:54.000Z,CONSOLIDATED,2026-09-22T12:30:08.546Z
2026-01-13,US02079K3059,Alphabet A,288.9,EUR,2026-01-13T21:59:48.000Z,CONSOLIDATED,2026-09-22T12:30:08.546Z
2026-01-14,US02079K3059,Alphabet A,288.2,EUR,2026-01-14T21:59:44.000Z,CONSOLIDATED,2026-09-22T12:30:08.546Z
2026-01-15,US02079K3059,Alphabet A,286.55,EUR,2026-01-15T21:59:57.000Z,CONSOLIDATED,2026-09-22T12:30:08.546Z
2026-01-16,US02079K3059,Alphabet A,284.525,EUR,2026-01-16T21:59:53.000Z,CONSOLIDATED,2026-09-22T12:30:08.546Z
2026-01-19,US02079K3059,Alphabet A,278.95,EUR,2026-01-19T21:01:31.000Z,CONSOLIDATED,2026-09-22T12:30:08.546Z
2026-01-20,US02079K3059,Alphabet A,273.525,EUR,2026-01-20T21:59:46.000Z,CONSOLIDATED,2026-09-22T12:30:08.546Z
2026-01-21,US02079K3059,Alphabet A,281.425,EUR,2026-01-21T21:59:06.000Z,CONSOLIDATED,2026-09-22T12:30:08.546Z
2026-01-22,US02079K3059,Alphabet A,280.85,EUR,2026-01-22T21:59:58.000Z,CONSOLIDATED,2026-09-22T12:30:08.546Z
2026-01-23,US02079K3059,Alphabet A,276.775,EUR,2026-01-23T21:58:41.000Z,CONSOLIDATED,2026-09-22T12:30:08.546Z
2026-01-26,US02079K3059,Alphabet A,280.7,EUR,2026-01-26T21:59:58.000Z,CONSOLIDATED,2026-09-22T12:30:08.546Z
2026-01-27,US02079K3059,Alphabet A,278.15,EUR,2026-01-27T21:59:49.000Z,CONSOLIDATED,2026-09-22T12:30:08.546Z
2026-01-28,US02079K3059,Alphabet A,285.35,EUR,2026-01-28T21:59:58.000Z,CONSOLIDATED,2026-09-22T12:30:08.546Z
2026-01-29,US02079K3059,Alphabet A,282.35,EUR,2026-01-29T21:59:56.000Z,CONSOLIDATED,2026-09-22T12:30:08.546Z
2026-01-30,US02079K3059,Alphabet A,284.775,EUR,2026-01-30T21:59:58.000Z,CONSOLIDATED,2026-09-22T12:30:08.546Z
2026-02-02,US02079K3059,Alphabet A,292.475,EUR,2026-02-02T21:59:58.000Z,CONSOLIDATED,2026-09-22T12:30:08.546Z
2026-02-03,US02079K3059,Alphabet A,288.75,EUR,2026-02-03T21:59:52.000Z,CONSOLIDATED,2026-09-22T12:30:08.546Z
2026-02-04,US02079K3059,Alphabet A,289.35,EUR,2026-02-04T21:59:57.000Z,CONSOLIDATED,2026-09-22T12:30:08.546Z
2026-02-05,US02079K3059,Alphabet A,277.725,EUR,2026-02-05T21:59:55.000Z,CONSOLIDATED,2026-09-22T12:30:08.546Z
2026-02-06,US02079K3059,Alphabet A,273.075,EUR,2026-02-06T21:59:50.000Z,CONSOLIDATED,2026-09-22T12:30:08.546Z
2026-02-09,US02079K3059,Alphabet A,272.75,EUR,2026-02-09T21:59:58.000Z,CONSOLIDATED,2026-09-22T12:30:08.546Z
2026-02-10,US02079K3059,Alphabet A,267.825,EUR,2026-02-10T21:59:57.000Z,CONSOLIDATED,2026-09-22T12:30:08.546Z
2026-02-11,US02079K3059,Alphabet A,262.65,EUR,2026-02-11T21:59:40.000Z,CONSOLIDATED,2026-09-22T12:30:08.546Z
2026-02-12,US02079K3059,Alphabet A,260.8,EUR,2026-02-12T21:59:51.000Z,CONSOLIDATED,2026-09-22T12:30:08.546Z
2026-02-13,US02079K3059,Alphabet A,257.575,EUR,2026-02-13T21:58:15.000Z,CONSOLIDATED,2026-09-22T12:30:08.546Z
2026-02-16,US02079K3059,Alphabet A,257.425,EUR,2026-02-16T21:02:21.000Z,CONSOLIDATED,2026-09-22T12:30:08.546Z
2026-02-17,US02079K3059,Alphabet A,254.1,EUR,2026-02-17T21:59:53.000Z,CONSOLIDATED,2026-09-22T12:30:08.546Z
2026-02-18,US02079K3059,Alphabet A,257.675,EUR,2026-02-18T21:59:51.000Z,CONSOLIDATED,2026-09-22T12:30:08.546Z
2026-02-19,US02079K3059,Alphabet A,257.375,EUR,2026-02-19T21:59:55.000Z,CONSOLIDATED,2026-09-22T12:30:08.546Z
2026-02-20,US02079K3059,Alphabet A,267.375,EUR,2026-02-20T21:59:05.000Z,CONSOLIDATED,2026-09-22T12:30:08.546Z
2026-02-23,US02079K3059,Alphabet A,264.875,EUR,2026-02-23T21:59:58.000Z,CONSOLIDATED,2026-09-22T12:30:08.546Z
2026-02-24,US02079K3059,Alphabet A,263.9,EUR,2026-02-24T21:59:38.000Z,CONSOLIDATED,2026-09-22T12:30:08.546Z
2026-02-25,US02079K3059,Alphabet A,264.625,EUR,2026-02-25T21:58:51.000Z,CONSOLIDATED,2026-09-22T12:30:08.546Z
2026-02-26,US02079K3059,Alphabet A,260.125,EUR,2026-02-26T21:59:33.000Z,CONSOLIDATED,2026-09-22T12:30:08.546Z
2026-02-27,US02079K3059,Alphabet A,262.525,EUR,2026-02-27T21:59:57.000Z,CONSOLIDATED,2026-09-22T12:30:08.546Z
2026-03-02,US02079K3059,Alphabet A,261.75,EUR,2026-03-02T21:59:51.000Z,CONSOLIDATED,2026-09-22T12:30:08.546Z
2026-03-03,US02079K3059,Alphabet A,260.225,EUR,2026-03-03T21:59:55.000Z,CONSOLIDATED,2026-09-22T12:30:08.546Z
2026-03-04,US02079K3059,Alphabet A,260.5,EUR,2026-03-04T21:59:57.000Z,CONSOLIDATED,2026-09-22T12:30:08.546Z
2026-03-05,US02079K3059,Alphabet A,258.725,EUR,2026-03-05T21:59:55.000Z,CONSOLIDATED,2026-09-22T12:30:08.546Z
2026-03-06,US02079K3059,Alphabet A,256.55,EUR,2026-03-06T21:59:46.000Z,CONSOLIDATED,2026-09-22T12:30:08.546Z
2026-03-09,US02079K3059,Alphabet A,262.65,EUR,2026-03-09T21:59:56.000Z,CONSOLIDATED,2026-09-22T12:30:08.546Z
2026-03-10,US02079K3059,Alphabet A,265.1,EUR,2026-03-10T21:58:50.000Z,CONSOLIDATED,2026-09-22T12:30:08.546Z
2026-03-11,US02079K3059,Alphabet A,266.2,EUR,2026-03-11T21:59:54.000Z,CONSOLIDATED,2026-09-22T12:30:08.546Z
2026-03-12,US02079K3059,Alphabet A,264.25,EUR,2026-03-12T21:57:26.000Z,CONSOLIDATED,2026-09-22T12:30:08.546Z
2026-03-13,US02079K3059,Alphabet A,264.225,EUR,2026-03-13T21:58:10.000Z,CONSOLIDATED,2026-09-22T12:30:08.546Z
2026-03-16,US02079K3059,Alphabet A,265.025,EUR,2026-03-16T21:59:58.000Z,CONSOLIDATED,2026-09-22T12:30:08.546Z
2026-03-17,US02079K3059,Alphabet A,269.2,EUR,2026-03-17T21:59:15.000Z,CONSOLIDATED,2026-09-22T12:30:08.546Z
2026-03-18,US02079K3059,Alphabet A,268.25,EUR,2026-03-18T21:59:53.000Z,CONSOLIDATED,2026-09-22T12:30:08.546Z
2026-03-19,US02079K3059,Alphabet A,265.475,EUR,2026-03-19T21:59:53.000Z,CONSOLIDATED,2026-09-22T12:30:08.546Z
2026-03-20,US02079K3059,Alphabet A,261.5,EUR,2026-03-20T21:59:54.000Z,CONSOLIDATED,2026-09-22T12:30:08.546Z
2026-03-23,US02079K3059,Alphabet A,260.175,EUR,2026-03-23T21:59:29.000Z,CONSOLIDATED,2026-09-22T12:30:08.546Z
2026-03-24,US02079K3059,Alphabet A,252.45,EUR,2026-03-24T21:59:48.000Z,CONSOLIDATED,2026-09-22T12:30:08.546Z
2026-03-25,US02079K3059,Alphabet A,251.225,EUR,2026-03-25T21:59:58.000Z,CONSOLIDATED,2026-09-22T12:30:08.546Z
2026-03-26,US02079K3059,Alphabet A,243.85,EUR,2026-03-26T21:59:56.000Z,CONSOLIDATED,2026-09-22T12:30:08.546Z
2026-03-27,US02079K3059,Alphabet A,238.05,EUR,2026-03-27T21:59:57.000Z,CONSOLIDATED,2026-09-22T12:30:08.546Z
2026-03-30,US02079K3059,Alphabet A,238.375,EUR,2026-03-30T20:59:59.000Z,CONSOLIDATED,2026-09-22T12:30:08.546Z
2026-03-31,US02079K3059,Alphabet A,248.825,EUR,2026-03-31T20:59:56.000Z,CONSOLIDATED,2026-09-22T12:30:08.546Z
2026-04-01,US02079K3059,Alphabet A,256.325,EUR,2026-04-01T20:59:58.000Z,CONSOLIDATED,2026-09-22T12:30:08.546Z
2026-04-02,US02079K3059,Alphabet A,256.575,EUR,2026-04-02T20:59:42.000Z,CONSOLIDATED,2026-09-22T12:30:08.546Z
2026-04-07,US02079K3059,Alphabet A,264.2,EUR,2026-04-07T20:59:59.000Z,CONSOLIDATED,2026-09-22T12:30:08.546Z
2026-04-08,US02079K3059,Alphabet A,272.2,EUR,2026-04-08T20:59:57.000Z,CONSOLIDATED,2026-09-22T12:30:08.546Z
2026-04-09,US02079K3059,Alphabet A,272.125,EUR,2026-04-09T20:59:32.000Z,CONSOLIDATED,2026-09-22T12:30:08.546Z
2026-04-10,US02079K3059,Alphabet A,270.875,EUR,2026-04-10T20:59:57.000Z,CONSOLIDATED,2026-09-22T12:30:08.546Z
2026-04-13,US02079K3059,Alphabet A,273.275,EUR,2026-04-13T20:59:59.000Z,CONSOLIDATED,2026-09-22T12:30:08.546Z
2026-04-14,US02079K3059,Alphabet A,282.05,EUR,2026-04-14T20:59:53.000Z,CONSOLIDATED,2026-09-22T12:30:08.546Z
2026-04-15,US02079K3059,Alphabet A,285.2,EUR,2026-04-15T20:59:09.000Z,CONSOLIDATED,2026-09-22T12:30:08.546Z
2026-04-16,US02079K3059,Alphabet A,285.375,EUR,2026-04-16T20:59:57.000Z,CONSOLIDATED,2026-09-22T12:30:08.546Z
2026-04-17,US02079K3059,Alphabet A,290.1,EUR,2026-04-17T20:59:55.000Z,CONSOLIDATED,2026-09-22T12:30:08.546Z
2026-04-20,US02079K3059,Alphabet A,286.325,EUR,2026-04-20T20:59:58.000Z,CONSOLIDATED,2026-09-22T12:30:08.546Z
2026-04-21,US02079K3059,Alphabet A,284.425,EUR,2026-04-21T20:59:57.000Z,CONSOLIDATED,2026-09-22T12:30:08.546Z
2026-04-22,US02079K3059,Alphabet A,289.2,EUR,2026-04-22T20:59:56.000Z,CONSOLIDATED,2026-09-22T12:30:08.546Z
2026-04-23,US02079K3059,Alphabet A,289.55,EUR,2026-04-23T20:59:58.000Z,CONSOLIDATED,2026-09-22T12:30:08.546Z
2026-04-24,US02079K3059,Alphabet A,293.35,EUR,2026-04-24T20:59:56.000Z,CONSOLIDATED,2026-09-22T12:30:08.546Z
2026-04-27,US02079K3059,Alphabet A,299.2,EUR,2026-04-27T20:59:01.000Z,CONSOLIDATED,2026-09-22T12:30:08.546Z
2026-04-28,US02079K3059,Alphabet A,298.1,EUR,2026-04-28T20:59:44.000Z,CONSOLIDATED,2026-09-22T12:30:08.546Z
2026-04-29,US02079K3059,Alphabet A,316.9,EUR,2026-04-29T20:59:58.000Z,CONSOLIDATED,2026-09-22T12:30:08.546Z
2026-04-30,US02079K3059,Alphabet A,328.375,EUR,2026-04-30T20:59:49.000Z,CONSOLIDATED,2026-09-22T12:30:08.546Z
2026-05-04,US02079K3059,Alphabet A,327.05,EUR,2026-05-04T20:59:53.000Z,CONSOLIDATED,2026-09-22T12:30:08.546Z
2026-05-05,US02079K3059,Alphabet A,336.9,EUR,2026-05-05T20:59:57.000Z,CONSOLIDATED,2026-09-22T12:30:08.546Z
2026-05-06,US02079K3059,Alphabet A,338.6,EUR,2026-05-06T20:59:59.000Z,CONSOLIDATED,2026-09-22T12:30:08.546Z
2026-05-07,US02079K3059,Alphabet A,338.325,EUR,2026-05-07T20:59:58.000Z,CONSOLIDATED,2026-09-22T12:30:08.546Z
2026-05-08,US02079K3059,Alphabet A,339.55,EUR,2026-05-08T20:59:58.000Z,CONSOLIDATED,2026-09-22T12:30:08.546Z
2026-05-11,US02079K3059,Alphabet A,330.25,EUR,2026-05-11T20:59:36.000Z,CONSOLIDATED,2026-09-22T12:30:08.546Z
2026-05-12,US02079K3059,Alphabet A,329.725,EUR,2026-05-12T20:58:54.000Z,CONSOLIDATED,2026-09-22T12:30:08.546Z
2026-05-13,US02079K3059,Alphabet A,343.575,EUR,2026-05-13T20:59:59.000Z,CONSOLIDATED,2026-09-22T12:30:08.546Z
2026-05-14,US02079K3059,Alphabet A,343.15,EUR,2026-05-14T20:59:27.000Z,CONSOLIDATED,2026-09-22T12:30:08.546Z
2026-05-15,US02079K3059,Alphabet A,341.075,EUR,2026-05-15T20:59:41.000Z,CONSOLIDATED,2026-09-22T12:30:08.546Z
2026-05-18,US02079K3059,Alphabet A,340.825,EUR,2026-05-18T20:59:57.000Z,CONSOLIDATED,2026-09-22T12:30:08.546Z
2026-05-19,US02079K3059,Alphabet A,333.925,EUR,2026-05-19T20:59:55.000Z,CONSOLIDATED,2026-09-22T12:30:08.546Z
2026-05-20,US02079K3059,Alphabet A,333.95,EUR,2026-05-20T20:59:58.000Z,CONSOLIDATED,2026-09-22T12:30:08.546Z
2026-05-21,US02079K3059,Alphabet A,334.25,EUR,2026-05-21T20:59:50.000Z,CONSOLIDATED,2026-09-22T12:30:08.546Z
2026-05-22,US02079K3059,Alphabet A,332.7,EUR,2026-05-22T20:59:41.000Z,CONSOLIDATED,2026-09-22T12:30:08.546Z
2026-05-25,US02079K3059,Alphabet A,337.75,EUR,2026-05-25T20:58:04.000Z,CONSOLIDATED,2026-09-22T12:30:08.546Z
2026-05-26,US02079K3059,Alphabet A,333.5,EUR,2026-05-26T20:59:57.000Z,CONSOLIDATED,2026-09-22T12:30:08.546Z
2026-05-27,US02079K3059,Alphabet A,335.5,EUR,2026-05-27T20:59:58.000Z,CONSOLIDATED,2026-09-22T12:30:08.546Z
2026-05-28,US02079K3059,Alphabet A,335.4,EUR,2026-05-28T20:59:45.000Z,CONSOLIDATED,2026-09-22T12:30:08.546Z
2026-05-29,US02079K3059,Alphabet A,326.725,EUR,2026-05-29T20:59:38.000Z,CONSOLIDATED,2026-09-22T12:30:08.546Z
2026-06-01,US02079K3059,Alphabet A,319.2,EUR,2026-06-01T20:59:58.000Z,CONSOLIDATED,2026-09-22T12:30:08.546Z
2026-06-02,US02079K3059,Alphabet A,311.8,EUR,2026-06-02T20:59:51.000Z,CONSOLIDATED,2026-09-22T12:30:08.546Z
2026-06-03,US02079K3059,Alphabet A,308.65,EUR,2026-06-03T20:59:54.000Z,CONSOLIDATED,2026-09-22T12:30:08.546Z
2026-06-04,US02079K3059,Alphabet A,320.25,EUR,2026-06-04T20:59:53.000Z,CONSOLIDATED,2026-09-22T12:30:08.546Z
2026-06-05,US02079K3059,Alphabet A,318.35,EUR,2026-06-05T20:59:58.000Z,CONSOLIDATED,2026-09-22T12:30:08.546Z
2026-06-08,US02079K3059,Alphabet A,315,EUR,2026-06-08T20:59:58.000Z,CONSOLIDATED,2026-09-22T12:30:08.546Z
2026-06-09,US02079K3059,Alphabet A,315.875,EUR,2026-06-09T20:59:57.000Z,CONSOLIDATED,2026-09-22T12:30:08.546Z
2026-06-10,US02079K3059,Alphabet A,308.775,EUR,2026-06-10T20:59:53.000Z,CONSOLIDATED,2026-09-22T12:30:08.546Z
2026-06-11,US02079K3059,Alphabet A,309.525,EUR,2026-06-11T20:59:58.000Z,CONSOLIDATED,2026-09-22T12:30:08.546Z
2026-06-12,US02079K3059,Alphabet A,311.225,EUR,2026-06-12T20:59:51.000Z,CONSOLIDATED,2026-09-22T12:30:08.546Z
2026-06-15,US02079K3059,Alphabet A,318.85,EUR,2026-06-15T20:59:58.000Z,CONSOLIDATED,2026-09-22T12:30:08.546Z
2026-06-16,US02079K3059,Alphabet A,320.3,EUR,2026-06-16T20:59:48.000Z,CONSOLIDATED,2026-09-22T12:30:08.546Z
2026-06-17,US02079K3059,Alphabet A,316.75,EUR,2026-06-17T20:59:57.000Z,CONSOLIDATED,2026-09-22T12:30:08.546Z
2026-06-18,US02079K3059,Alphabet A,320.1,EUR,2026-06-18T20:59:58.000Z,CONSOLIDATED,2026-09-22T12:30:08.546Z
2026-06-19,US02079K3059,Alphabet A,319.6,EUR,2026-06-19T20:53:12.000Z,CONSOLIDATED,2026-09-22T12:30:08.546Z
2026-06-22,US02079K3059,Alphabet A,303.7,EUR,2026-06-22T20:59:59.000Z,CONSOLIDATED,2026-09-22T12:30:08.546Z
2026-06-23,US02079K3059,Alphabet A,304.925,EUR,2026-06-23T20:59:57.000Z,CONSOLIDATED,2026-09-22T12:30:08.546Z
2026-06-24,US02079K3059,Alphabet A,303.625,EUR,2026-06-24T20:59:57.000Z,CONSOLIDATED,2026-09-22T12:30:08.546Z
2026-06-25,US02079K3059,Alphabet A,302.275,EUR,2026-06-25T20:59:56.000Z,CONSOLIDATED,2026-09-22T12:30:08.546Z
2026-06-26,US02079K3059,Alphabet A,296.925,EUR,2026-06-26T20:59:53.000Z,CONSOLIDATED,2026-09-22T12:30:08.546Z
2026-06-29,US02079K3059,Alphabet A,308.875,EUR,2026-06-29T20:59:56.000Z,CONSOLIDATED,2026-09-22T12:30:08.546Z
2026-06-30,US02079K3059,Alphabet A,311.875,EUR,2026-06-30T20:59:58.000Z,CONSOLIDATED,2026-09-22T12:30:08.546Z
2026-07-01,US02079K3059,Alphabet A,316.775,EUR,2026-07-01T20:59:46.000Z,CONSOLIDATED,2026-09-22T12:30:08.546Z
2026-07-02,US02079K3059,Alphabet A,314.125,EUR,2026-07-02T20:59:36.000Z,CONSOLIDATED,2026-09-22T12:30:08.546Z
2026-07-03,US02079K3059,Alphabet A,314.825,EUR,2026-07-03T20:44:55.000Z,CONSOLIDATED,2026-09-22T12:30:08.546Z
2026-07-06,US02079K3059,Alphabet A,319.925,EUR,2026-07-06T20:59:58.000Z,CONSOLIDATED,2026-09-22T12:30:08.546Z
2026-07-07,US02079K3059,Alphabet A,321.25,EUR,2026-07-07T20:59:47.000Z,CONSOLIDATED,2026-09-22T12:30:08.546Z
2026-07-08,US02079K3059,Alphabet A,316.65,EUR,2026-07-08T20:59:58.000Z,CONSOLIDATED,2026-09-22T12:30:08.546Z
2026-07-09,US02079K3059,Alphabet A,313.3,EUR,2026-07-09T20:59:48.000Z,CONSOLIDATED,2026-09-22T12:30:08.546Z
2026-07-10,US02079K3059,Alphabet A,312.825,EUR,2026-07-10T20:59:58.000Z,CONSOLIDATED,2026-09-22T12:30:08.546Z
2026-07-13,US02079K3059,Alphabet A,309.8,EUR,2026-07-13T20:59:57.000Z,CONSOLIDATED,2026-09-22T12:30:08.546Z
2026-07-14,US02079K3059,Alphabet A,314.3,EUR,2026-07-14T20:57:00.000Z,CONSOLIDATED,2026-09-22T12:30:08.546Z
2026-07-15,US02079K3059,Alphabet A,322.975,EUR,2026-07-15T20:58:24.000Z,CONSOLIDATED,2026-09-22T12:30:08.546Z
2026-07-16,US02079K3059,Alphabet A,311.375,EUR,2026-07-16T20:59:58.000Z,CONSOLIDATED,2026-09-22T12:30:08.546Z
2026-07-17,US02079K3059,Alphabet A,303.15,EUR,2026-07-17T20:59:48.000Z,CONSOLIDATED,2026-09-22T12:30:08.546Z
2026-07-20,US02079K3059,Alphabet A,308.75,EUR,2026-07-20T20:59:57.000Z,CONSOLIDATED,2026-09-22T12:30:08.546Z
2026-07-21,US02079K3059,Alphabet A,305.15,EUR,2026-07-21T20:59:47.000Z,CONSOLIDATED,2026-09-22T12:30:08.546Z
2026-07-22,US02079K3059,Alphabet A,288.35,EUR,2026-07-22T20:59:58.000Z,CONSOLIDATED,2026-09-22T12:30:08.546Z
2026-07-23,US02079K3059,Alphabet A,280.275,EUR,2026-07-23T20:59:57.000Z,CONSOLIDATED,2026-09-22T12:30:08.546Z
2026-07-24,US02079K3059,Alphabet A,281.225,EUR,2026-07-24T20:59:49.000Z,CONSOLIDATED,2026-09-22T12:30:08.546Z
2026-07-27,US02079K3059,Alphabet A,287.55,EUR,2026-07-27T20:59:43.000Z,CONSOLIDATED,2026-09-22T12:30:08.546Z
2026-07-28,US02079K3059,Alphabet A,293.95,EUR,2026-07-28T20:59:43.000Z,CONSOLIDATED,2026-09-22T12:30:08.546Z
2026-07-29,US02079K3059,Alphabet A,290.7,EUR,2026-07-29T20:59:53.000Z,CONSOLIDATED,2026-09-22T12:30:08.546Z
2026-07-30,US02079K3059,Alphabet A,290.225,EUR,2026-07-30T20:59:54.000Z,CONSOLIDATED,2026-09-22T12:30:08.546Z
2026-07-31,US02079K3059,Alphabet A,308.125,EUR,2026-07-31T20:59:46.000Z,CONSOLIDATED,2026-09-22T12:30:08.546Z
2026-08-03,US02079K3059,Alphabet A,323.175,EUR,2026-08-03T20:59:56.000Z,CONSOLIDATED,2026-09-22T12:30:08.546Z
2026-08-04,US02079K3059,Alphabet A,329.825,EUR,2026-08-04T20:59:57.000Z,CONSOLIDATED,2026-09-22T12:30:08.546Z
2026-08-05,US02079K3059,Alphabet A,313.55,EUR,2026-08-05T20:59:56.000Z,CONSOLIDATED,2026-09-22T12:30:08.546Z
2026-08-06,US02079K3059,Alphabet A,310.675,EUR,2026-08-06T20:59:57.000Z,CONSOLIDATED,2026-09-22T12:30:08.546Z
2026-08-07,US02079K3059,Alphabet A,306.575,EUR,2026-08-07T20:59:57.000Z,CONSOLIDATED,2026-09-22T12:30:08.546Z
2026-08-10,US02079K3059,Alphabet A,309.475,EUR,2026-08-10T20:59:42.000Z,CONSOLIDATED,2026-09-22T12:30:08.546Z
2026-08-11,US02079K3059,Alphabet A,298.675,EUR,2026-08-11T20:59:57.000Z,CONSOLIDATED,2026-09-22T12:30:08.546Z
2026-08-12,US02079K3059,Alphabet A,298.05,EUR,2026-08-12T20:59:48.000Z,CONSOLIDATED,2026-09-22T12:30:08.546Z
2026-08-13,US02079K3059,Alphabet A,300.5,EUR,2026-08-13T20:59:44.000Z,CONSOLIDATED,2026-09-22T12:30:08.546Z
2026-08-14,US02079K3059,Alphabet A,299.725,EUR,2026-08-14T20:59:22.000Z,CONSOLIDATED,2026-09-22T12:30:08.546Z
2026-08-17,US02079K3059,Alphabet A,296.9,EUR,2026-08-17T20:59:40.000Z,CONSOLIDATED,2026-09-22T12:30:08.546Z
2026-08-18,US02079K3059,Alphabet A,297.05,EUR,2026-08-18T20:59:44.000Z,CONSOLIDATED,2026-09-22T12:30:08.546Z
2026-08-19,US02079K3059,Alphabet A,295.325,EUR,2026-08-19T20:58:57.000Z,CONSOLIDATED,2026-09-22T12:30:08.546Z
2026-08-20,US02079K3059,Alphabet A,291.95,EUR,2026-08-20T20:59:58.000Z,CONSOLIDATED,2026-09-22T12:30:08.546Z
2026-08-21,US02079K3059,Alphabet A,295.25,EUR,2026-08-21T20:59:58.000Z,CONSOLIDATED,2026-09-22T12:30:08.546Z
2026-08-24,US02079K3059,Alphabet A,298.525,EUR,2026-08-24T20:59:51.000Z,CONSOLIDATED,2026-09-22T12:30:08.546Z
2026-08-25,US02079K3059,Alphabet A,297.25,EUR,2026-08-25T20:59:47.000Z,CONSOLIDATED,2026-09-22T12:30:08.546Z
2026-08-26,US02079K3059,Alphabet A,293.775,EUR,2026-08-26T20:59:55.000Z,CONSOLIDATED,2026-09-22T12:30:08.546Z
2026-08-27,US02079K3059,Alphabet A,292.275,EUR,2026-08-27T20:59:46.000Z,CONSOLIDATED,2026-09-22T12:30:08.546Z
2026-08-28,US02079K3059,Alphabet A,299.175,EUR,2026-08-28T20:59:57.000Z,CONSOLIDATED,2026-09-22T12:30:08.546Z
2026-08-31,US02079K3059,Alphabet A,292.425,EUR,2026-08-31T20:59:47.000Z,CONSOLIDATED,2026-09-22T12:30:08.546Z
2026-09-01,US02079K3059,Alphabet A,289.175,EUR,2026-09-01T20:59:41.000Z,CONSOLIDATED,2026-09-22T12:30:08.546Z
2026-09-02,US02079K3059,Alphabet A,291.025,EUR,2026-09-02T20:58:55.000Z,CONSOLIDATED,2026-09-22T12:30:08.546Z
2026-09-03,US02079K3059,Alphabet A,294.625,EUR,2026-09-03T20:59:57.000Z,CONSOLIDATED,2026-09-22T12:30:08.546Z
2026-09-04,US02079K3059,Alphabet A,291.65,EUR,2026-09-04T20:58:37.000Z,CONSOLIDATED,2026-09-22T12:30:08.546Z
2026-09-07,US02079K3059,Alphabet A,290.4,EUR,2026-09-07T20:46:22.000Z,CONSOLIDATED,2026-09-22T12:30:08.546Z
2026-09-08,US02079K3059,Alphabet A,291.05,EUR,2026-09-08T20:59:58.000Z,CONSOLIDATED,2026-09-22T12:30:08.546Z
2026-09-09,US02079K3059,Alphabet A,284.55,EUR,2026-09-09T20:59:48.000Z,CONSOLIDATED,2026-09-22T12:30:08.546Z
2026-09-10,US02079K3059,Alphabet A,286.2,EUR,2026-09-10T20:59:58.000Z,CONSOLIDATED,2026-09-22T12:30:08.546Z
2026-09-11,US02079K3059,Alphabet A,291.975,EUR,2026-09-11T20:59:41.000Z,CONSOLIDATED,2026-09-22T12:30:08.546Z
2026-09-14,US02079K3059,Alphabet A,301.7,EUR,2026-09-14T20:59:45.000Z,CONSOLIDATED,2026-09-22T12:30:08.546Z
2026-09-15,US02079K3059,Alphabet A,298.35,EUR,2026-09-15T20:59:58.000Z,CONSOLIDATED,2026-09-22T12:30:08.546Z
2026-09-16,US02079K3059,Alphabet A,299.325,EUR,2026-09-16T20:59:53.000Z,CONSOLIDATED,2026-09-22T12:30:08.546Z
2026-09-17,US02079K3059,Alphabet A,302.075,EUR,2026-09-17T20:59:49.000Z,CONSOLIDATED,2026-09-22T12:30:08.546Z
2026-09-18,US02079K3059,Alphabet A,304.8,EUR,2026-09-18T20:59:57.000Z,CONSOLIDATED,2026-09-22T12:30:08.546Z
2026-09-21,US02079K3059,Alphabet A,310.075,EUR,2026-09-21T20:59:29.000Z,CONSOLIDATED,2026-09-22T12:30:08.546Z
2026-01-02,US0231351067,Amazon.com,193.31,EUR,2026-01-02T21:59:57.000Z,CONSOLIDATED,2026-09-22T12:30:09.993Z
2026-01-05,US0231351067,Amazon.com,198.67,EUR,2026-01-05T21:59:49.000Z,CONSOLIDATED,2026-09-22T12:30:09.993Z
2026-01-06,US0231351067,Amazon.com,206.1,EUR,2026-01-06T21:59:31.000Z,CONSOLIDATED,2026-09-22T12:30:09.993Z
2026-01-07,US0231351067,Amazon.com,206.9,EUR,2026-01-07T21:59:15.000Z,CONSOLIDATED,2026-09-22T12:30:09.993Z
2026-01-08,US0231351067,Amazon.com,211.2,EUR,2026-01-08T21:59:10.000Z,CONSOLIDATED,2026-09-22T12:30:09.993Z
2026-01-09,US0231351067,Amazon.com,212.5,EUR,2026-01-09T21:58:55.000Z,CONSOLIDATED,2026-09-22T12:30:09.993Z
2026-01-12,US0231351067,Amazon.com,211.125,EUR,2026-01-12T21:59:46.000Z,CONSOLIDATED,2026-09-22T12:30:09.993Z
2026-01-13,US0231351067,Amazon.com,208.45,EUR,2026-01-13T21:59:54.000Z,CONSOLIDATED,2026-09-22T12:30:09.993Z
2026-01-14,US0231351067,Amazon.com,203.3,EUR,2026-01-14T21:58:46.000Z,CONSOLIDATED,2026-09-22T12:30:09.993Z
2026-01-15,US0231351067,Amazon.com,204.95,EUR,2026-01-15T21:59:58.000Z,CONSOLIDATED,2026-09-22T12:30:09.993Z
2026-01-16,US0231351067,Amazon.com,206.15,EUR,2026-01-16T21:56:01.000Z,CONSOLIDATED,2026-09-22T12:30:09.993Z
2026-01-19,US0231351067,Amazon.com,201.3,EUR,2026-01-19T21:53:15.000Z,CONSOLIDATED,2026-09-22T12:30:09.993Z
2026-01-20,US0231351067,Amazon.com,197.11,EUR,2026-01-20T21:59:32.000Z,CONSOLIDATED,2026-09-22T12:30:09.993Z
2026-01-21,US0231351067,Amazon.com,198.22,EUR,2026-01-21T21:59:33.000Z,CONSOLIDATED,2026-09-22T12:30:09.993Z
2026-01-22,US0231351067,Amazon.com,199.32,EUR,2026-01-22T21:59:58.000Z,CONSOLIDATED,2026-09-22T12:30:09.993Z
2026-01-23,US0231351067,Amazon.com,201.825,EUR,2026-01-23T21:59:47.000Z,CONSOLIDATED,2026-09-22T12:30:09.993Z
2026-01-26,US0231351067,Amazon.com,200.725,EUR,2026-01-26T21:59:58.000Z,CONSOLIDATED,2026-09-22T12:30:09.993Z
2026-01-27,US0231351067,Amazon.com,203.425,EUR,2026-01-27T21:59:50.000Z,CONSOLIDATED,2026-09-22T12:30:09.993Z
2026-01-28,US0231351067,Amazon.com,203.65,EUR,2026-01-28T21:59:58.000Z,CONSOLIDATED,2026-09-22T12:30:09.993Z
2026-01-29,US0231351067,Amazon.com,201.9,EUR,2026-01-29T21:59:57.000Z,CONSOLIDATED,2026-09-22T12:30:09.993Z
2026-01-30,US0231351067,Amazon.com,202.275,EUR,2026-01-30T21:59:58.000Z,CONSOLIDATED,2026-09-22T12:30:09.993Z
2026-02-02,US0231351067,Amazon.com,206.025,EUR,2026-02-02T21:59:58.000Z,CONSOLIDATED,2026-09-22T12:30:09.993Z
2026-02-03,US0231351067,Amazon.com,202.1,EUR,2026-02-03T21:59:56.000Z,CONSOLIDATED,2026-09-22T12:30:09.993Z
2026-02-04,US0231351067,Amazon.com,197.72,EUR,2026-02-04T21:59:55.000Z,CONSOLIDATED,2026-09-22T12:30:09.993Z
2026-02-05,US0231351067,Amazon.com,170.48,EUR,2026-02-05T21:59:57.000Z,CONSOLIDATED,2026-09-22T12:30:09.993Z
2026-02-06,US0231351067,Amazon.com,177.59,EUR,2026-02-06T21:59:56.000Z,CONSOLIDATED,2026-09-22T12:30:09.993Z
2026-02-09,US0231351067,Amazon.com,175.45,EUR,2026-02-09T21:59:57.000Z,CONSOLIDATED,2026-09-22T12:30:09.993Z
2026-02-10,US0231351067,Amazon.com,174.44,EUR,2026-02-10T21:59:57.000Z,CONSOLIDATED,2026-09-22T12:30:09.993Z
2026-02-11,US0231351067,Amazon.com,172.23,EUR,2026-02-11T21:59:57.000Z,CONSOLIDATED,2026-09-22T12:30:09.993Z
2026-02-12,US0231351067,Amazon.com,168.16,EUR,2026-02-12T21:59:58.000Z,CONSOLIDATED,2026-09-22T12:30:09.993Z
2026-02-13,US0231351067,Amazon.com,167.45,EUR,2026-02-13T21:59:55.000Z,CONSOLIDATED,2026-09-22T12:30:09.993Z
2026-02-16,US0231351067,Amazon.com,169.03,EUR,2026-02-16T21:56:20.000Z,CONSOLIDATED,2026-09-22T12:30:09.993Z
2026-02-17,US0231351067,Amazon.com,169.59,EUR,2026-02-17T21:59:55.000Z,CONSOLIDATED,2026-09-22T12:30:09.993Z
2026-02-18,US0231351067,Amazon.com,173.83,EUR,2026-02-18T21:59:56.000Z,CONSOLIDATED,2026-09-22T12:30:09.993Z
2026-02-19,US0231351067,Amazon.com,173.9,EUR,2026-02-19T21:59:58.000Z,CONSOLIDATED,2026-09-22T12:30:09.993Z
2026-02-20,US0231351067,Amazon.com,178.23,EUR,2026-02-20T21:59:59.000Z,CONSOLIDATED,2026-09-22T12:30:09.993Z
2026-02-23,US0231351067,Amazon.com,174.17,EUR,2026-02-23T21:59:43.000Z,CONSOLIDATED,2026-09-22T12:30:09.993Z
2026-02-24,US0231351067,Amazon.com,177.15,EUR,2026-02-24T21:59:45.000Z,CONSOLIDATED,2026-09-22T12:30:09.993Z
2026-02-25,US0231351067,Amazon.com,178.57,EUR,2026-02-25T21:59:36.000Z,CONSOLIDATED,2026-09-22T12:30:09.993Z
2026-02-26,US0231351067,Amazon.com,175.8,EUR,2026-02-26T21:59:56.000Z,CONSOLIDATED,2026-09-22T12:30:09.993Z
2026-02-27,US0231351067,Amazon.com,177.79,EUR,2026-02-27T21:59:57.000Z,CONSOLIDATED,2026-09-22T12:30:09.993Z
2026-03-02,US0231351067,Amazon.com,178,EUR,2026-03-02T21:59:51.000Z,CONSOLIDATED,2026-09-22T12:30:09.993Z
2026-03-03,US0231351067,Amazon.com,178.95,EUR,2026-03-03T21:59:51.000Z,CONSOLIDATED,2026-09-22T12:30:09.993Z
2026-03-04,US0231351067,Amazon.com,186.31,EUR,2026-03-04T21:59:57.000Z,CONSOLIDATED,2026-09-22T12:30:09.993Z
2026-03-05,US0231351067,Amazon.com,187.94,EUR,2026-03-05T21:59:55.000Z,CONSOLIDATED,2026-09-22T12:30:09.993Z
2026-03-06,US0231351067,Amazon.com,183.42,EUR,2026-03-06T21:59:50.000Z,CONSOLIDATED,2026-09-22T12:30:09.993Z
2026-03-09,US0231351067,Amazon.com,183.08,EUR,2026-03-09T21:59:59.000Z,CONSOLIDATED,2026-09-22T12:30:09.993Z
2026-03-10,US0231351067,Amazon.com,185.01,EUR,2026-03-10T21:59:43.000Z,CONSOLIDATED,2026-09-22T12:30:09.993Z
2026-03-11,US0231351067,Amazon.com,183.69,EUR,2026-03-11T21:59:53.000Z,CONSOLIDATED,2026-09-22T12:30:09.993Z
2026-03-12,US0231351067,Amazon.com,182.1,EUR,2026-03-12T21:59:36.000Z,CONSOLIDATED,2026-09-22T12:30:09.993Z
2026-03-13,US0231351067,Amazon.com,181.64,EUR,2026-03-13T21:58:40.000Z,CONSOLIDATED,2026-09-22T12:30:09.993Z
2026-03-16,US0231351067,Amazon.com,183.73,EUR,2026-03-16T21:59:59.000Z,CONSOLIDATED,2026-09-22T12:30:09.993Z
2026-03-17,US0231351067,Amazon.com,186.42,EUR,2026-03-17T21:59:57.000Z,CONSOLIDATED,2026-09-22T12:30:09.993Z
2026-03-18,US0231351067,Amazon.com,183.1,EUR,2026-03-18T21:59:52.000Z,CONSOLIDATED,2026-09-22T12:30:09.993Z
2026-03-19,US0231351067,Amazon.com,180.21,EUR,2026-03-19T21:59:58.000Z,CONSOLIDATED,2026-09-22T12:30:09.993Z
2026-03-20,US0231351067,Amazon.com,179.19,EUR,2026-03-20T21:59:41.000Z,CONSOLIDATED,2026-09-22T12:30:09.993Z
2026-03-23,US0231351067,Amazon.com,181.06,EUR,2026-03-23T21:59:52.000Z,CONSOLIDATED,2026-09-22T12:30:09.993Z
2026-03-24,US0231351067,Amazon.com,179.7,EUR,2026-03-24T21:59:50.000Z,CONSOLIDATED,2026-09-22T12:30:09.993Z
2026-03-25,US0231351067,Amazon.com,182.74,EUR,2026-03-25T21:59:58.000Z,CONSOLIDATED,2026-09-22T12:30:09.993Z
2026-03-26,US0231351067,Amazon.com,180.28,EUR,2026-03-26T21:59:56.000Z,CONSOLIDATED,2026-09-22T12:30:09.993Z
2026-03-27,US0231351067,Amazon.com,172.97,EUR,2026-03-27T21:59:56.000Z,CONSOLIDATED,2026-09-22T12:30:09.993Z
2026-03-30,US0231351067,Amazon.com,175.05,EUR,2026-03-30T20:59:59.000Z,CONSOLIDATED,2026-09-22T12:30:09.993Z
2026-03-31,US0231351067,Amazon.com,180.16,EUR,2026-03-31T20:59:56.000Z,CONSOLIDATED,2026-09-22T12:30:09.993Z
2026-04-01,US0231351067,Amazon.com,181.57,EUR,2026-04-01T20:59:58.000Z,CONSOLIDATED,2026-09-22T12:30:09.993Z
2026-04-02,US0231351067,Amazon.com,181.87,EUR,2026-04-02T20:59:56.000Z,CONSOLIDATED,2026-09-22T12:30:09.993Z
2026-04-07,US0231351067,Amazon.com,184.75,EUR,2026-04-07T20:59:59.000Z,CONSOLIDATED,2026-09-22T12:30:09.993Z
2026-04-08,US0231351067,Amazon.com,189.54,EUR,2026-04-08T20:59:45.000Z,CONSOLIDATED,2026-09-22T12:30:09.993Z
2026-04-09,US0231351067,Amazon.com,199.59,EUR,2026-04-09T20:59:41.000Z,CONSOLIDATED,2026-09-22T12:30:09.993Z
2026-04-10,US0231351067,Amazon.com,203.175,EUR,2026-04-10T20:59:57.000Z,CONSOLIDATED,2026-09-22T12:30:09.993Z
2026-04-13,US0231351067,Amazon.com,203.95,EUR,2026-04-13T20:59:58.000Z,CONSOLIDATED,2026-09-22T12:30:09.993Z
2026-04-14,US0231351067,Amazon.com,210.925,EUR,2026-04-14T20:59:16.000Z,CONSOLIDATED,2026-09-22T12:30:09.993Z
2026-04-15,US0231351067,Amazon.com,209.95,EUR,2026-04-15T20:59:45.000Z,CONSOLIDATED,2026-09-22T12:30:09.993Z
2026-04-16,US0231351067,Amazon.com,211.525,EUR,2026-04-16T20:59:12.000Z,CONSOLIDATED,2026-09-22T12:30:09.993Z
2026-04-17,US0231351067,Amazon.com,213.1,EUR,2026-04-17T20:59:50.000Z,CONSOLIDATED,2026-09-22T12:30:09.993Z
2026-04-20,US0231351067,Amazon.com,216.1,EUR,2026-04-20T20:59:58.000Z,CONSOLIDATED,2026-09-22T12:30:09.993Z
2026-04-21,US0231351067,Amazon.com,214,EUR,2026-04-21T20:59:57.000Z,CONSOLIDATED,2026-09-22T12:30:09.993Z
2026-04-22,US0231351067,Amazon.com,217.825,EUR,2026-04-22T20:59:57.000Z,CONSOLIDATED,2026-09-22T12:30:09.993Z
2026-04-23,US0231351067,Amazon.com,217.275,EUR,2026-04-23T20:59:58.000Z,CONSOLIDATED,2026-09-22T12:30:09.993Z
2026-04-24,US0231351067,Amazon.com,224.85,EUR,2026-04-24T20:59:49.000Z,CONSOLIDATED,2026-09-22T12:30:09.993Z
2026-04-27,US0231351067,Amazon.com,222.8,EUR,2026-04-27T20:59:54.000Z,CONSOLIDATED,2026-09-22T12:30:09.993Z
2026-04-28,US0231351067,Amazon.com,221.65,EUR,2026-04-28T20:59:52.000Z,CONSOLIDATED,2026-09-22T12:30:09.993Z
2026-04-29,US0231351067,Amazon.com,217.15,EUR,2026-04-29T20:59:58.000Z,CONSOLIDATED,2026-09-22T12:30:09.993Z
2026-04-30,US0231351067,Amazon.com,225.875,EUR,2026-04-30T20:59:51.000Z,CONSOLIDATED,2026-09-22T12:30:09.993Z
2026-05-04,US0231351067,Amazon.com,232.375,EUR,2026-05-04T20:59:39.000Z,CONSOLIDATED,2026-09-22T12:30:09.993Z
2026-05-05,US0231351067,Amazon.com,233.275,EUR,2026-05-05T20:58:58.000Z,CONSOLIDATED,2026-09-22T12:30:09.993Z
2026-05-06,US0231351067,Amazon.com,234.1,EUR,2026-05-06T20:59:59.000Z,CONSOLIDATED,2026-09-22T12:30:09.993Z
2026-05-07,US0231351067,Amazon.com,231.1,EUR,2026-05-07T20:59:54.000Z,CONSOLIDATED,2026-09-22T12:30:09.993Z
2026-05-08,US0231351067,Amazon.com,231.2,EUR,2026-05-08T20:59:58.000Z,CONSOLIDATED,2026-09-22T12:30:09.993Z
2026-05-11,US0231351067,Amazon.com,228.1,EUR,2026-05-11T20:59:54.000Z,CONSOLIDATED,2026-09-22T12:30:09.993Z
2026-05-12,US0231351067,Amazon.com,227.6,EUR,2026-05-12T20:59:46.000Z,CONSOLIDATED,2026-09-22T12:30:09.993Z
2026-05-13,US0231351067,Amazon.com,230.7,EUR,2026-05-13T20:59:59.000Z,CONSOLIDATED,2026-09-22T12:30:09.993Z
2026-05-14,US0231351067,Amazon.com,228.9,EUR,2026-05-14T20:59:52.000Z,CONSOLIDATED,2026-09-22T12:30:09.993Z
2026-05-15,US0231351067,Amazon.com,226.55,EUR,2026-05-15T20:59:59.000Z,CONSOLIDATED,2026-09-22T12:30:09.993Z
2026-05-18,US0231351067,Amazon.com,227.175,EUR,2026-05-18T20:59:57.000Z,CONSOLIDATED,2026-09-22T12:30:09.993Z
2026-05-19,US0231351067,Amazon.com,223.025,EUR,2026-05-19T20:59:41.000Z,CONSOLIDATED,2026-09-22T12:30:09.993Z
2026-05-20,US0231351067,Amazon.com,228.05,EUR,2026-05-20T20:59:54.000Z,CONSOLIDATED,2026-09-22T12:30:09.993Z
2026-05-21,US0231351067,Amazon.com,231.025,EUR,2026-05-21T20:59:09.000Z,CONSOLIDATED,2026-09-22T12:30:09.993Z
2026-05-22,US0231351067,Amazon.com,230.825,EUR,2026-05-22T20:59:41.000Z,CONSOLIDATED,2026-09-22T12:30:09.993Z
2026-05-25,US0231351067,Amazon.com,231.6,EUR,2026-05-25T20:57:32.000Z,CONSOLIDATED,2026-09-22T12:30:09.993Z
2026-05-26,US0231351067,Amazon.com,227.8,EUR,2026-05-26T20:59:52.000Z,CONSOLIDATED,2026-09-22T12:30:09.993Z
2026-05-27,US0231351067,Amazon.com,234.375,EUR,2026-05-27T20:59:58.000Z,CONSOLIDATED,2026-09-22T12:30:09.993Z
2026-05-28,US0231351067,Amazon.com,234.875,EUR,2026-05-28T20:59:51.000Z,CONSOLIDATED,2026-09-22T12:30:09.993Z
2026-05-29,US0231351067,Amazon.com,232.1,EUR,2026-05-29T20:59:59.000Z,CONSOLIDATED,2026-09-22T12:30:09.993Z
2026-06-01,US0231351067,Amazon.com,223.4,EUR,2026-06-01T20:59:54.000Z,CONSOLIDATED,2026-09-22T12:30:09.993Z
2026-06-02,US0231351067,Amazon.com,220.55,EUR,2026-06-02T20:59:25.000Z,CONSOLIDATED,2026-09-22T12:30:09.993Z
2026-06-03,US0231351067,Amazon.com,215.5,EUR,2026-06-03T20:59:57.000Z,CONSOLIDATED,2026-09-22T12:30:09.993Z
2026-06-04,US0231351067,Amazon.com,218.55,EUR,2026-06-04T20:59:53.000Z,CONSOLIDATED,2026-09-22T12:30:09.993Z
2026-06-05,US0231351067,Amazon.com,213.325,EUR,2026-06-05T20:59:58.000Z,CONSOLIDATED,2026-09-22T12:30:09.993Z
2026-06-08,US0231351067,Amazon.com,212.35,EUR,2026-06-08T20:58:44.000Z,CONSOLIDATED,2026-09-22T12:30:09.993Z
2026-06-09,US0231351067,Amazon.com,211.575,EUR,2026-06-09T20:59:57.000Z,CONSOLIDATED,2026-09-22T12:30:09.993Z
2026-06-10,US0231351067,Amazon.com,205.95,EUR,2026-06-10T20:59:36.000Z,CONSOLIDATED,2026-09-22T12:30:09.993Z
2026-06-11,US0231351067,Amazon.com,208.35,EUR,2026-06-11T20:59:58.000Z,CONSOLIDATED,2026-09-22T12:30:09.993Z
2026-06-12,US0231351067,Amazon.com,206.05,EUR,2026-06-12T20:59:51.000Z,CONSOLIDATED,2026-09-22T12:30:09.993Z
2026-06-15,US0231351067,Amazon.com,212.5,EUR,2026-06-15T20:59:57.000Z,CONSOLIDATED,2026-09-22T12:30:09.993Z
2026-06-16,US0231351067,Amazon.com,211.875,EUR,2026-06-16T20:58:44.000Z,CONSOLIDATED,2026-09-22T12:30:09.993Z
2026-06-17,US0231351067,Amazon.com,207.05,EUR,2026-06-17T20:59:57.000Z,CONSOLIDATED,2026-09-22T12:30:09.993Z
2026-06-18,US0231351067,Amazon.com,212.625,EUR,2026-06-18T20:59:58.000Z,CONSOLIDATED,2026-09-22T12:30:09.993Z
2026-06-19,US0231351067,Amazon.com,212.6,EUR,2026-06-19T20:58:49.000Z,CONSOLIDATED,2026-09-22T12:30:09.993Z
2026-06-22,US0231351067,Amazon.com,203.825,EUR,2026-06-22T20:58:55.000Z,CONSOLIDATED,2026-09-22T12:30:09.993Z
2026-06-23,US0231351067,Amazon.com,205.7,EUR,2026-06-23T20:59:57.000Z,CONSOLIDATED,2026-09-22T12:30:09.993Z
2026-06-24,US0231351067,Amazon.com,206.925,EUR,2026-06-24T20:59:58.000Z,CONSOLIDATED,2026-09-22T12:30:09.993Z
2026-06-25,US0231351067,Amazon.com,199.54,EUR,2026-06-25T20:59:56.000Z,CONSOLIDATED,2026-09-22T12:30:09.993Z
2026-06-26,US0231351067,Amazon.com,203.5,EUR,2026-06-26T20:59:53.000Z,CONSOLIDATED,2026-09-22T12:30:09.993Z
2026-06-29,US0231351067,Amazon.com,209.925,EUR,2026-06-29T20:59:46.000Z,CONSOLIDATED,2026-09-22T12:30:09.993Z
2026-06-30,US0231351067,Amazon.com,208.9,EUR,2026-06-30T20:59:58.000Z,CONSOLIDATED,2026-09-22T12:30:09.993Z
2026-07-01,US0231351067,Amazon.com,212.475,EUR,2026-07-01T20:59:42.000Z,CONSOLIDATED,2026-09-22T12:30:09.993Z
2026-07-02,US0231351067,Amazon.com,212.125,EUR,2026-07-02T20:59:36.000Z,CONSOLIDATED,2026-09-22T12:30:09.993Z
2026-07-03,US0231351067,Amazon.com,212.25,EUR,2026-07-03T20:44:55.000Z,CONSOLIDATED,2026-09-22T12:30:09.993Z
2026-07-06,US0231351067,Amazon.com,213.575,EUR,2026-07-06T20:59:58.000Z,CONSOLIDATED,2026-09-22T12:30:09.993Z
2026-07-07,US0231351067,Amazon.com,215.225,EUR,2026-07-07T20:59:47.000Z,CONSOLIDATED,2026-09-22T12:30:09.993Z
2026-07-08,US0231351067,Amazon.com,213.05,EUR,2026-07-08T20:59:25.000Z,CONSOLIDATED,2026-09-22T12:30:09.993Z
2026-07-09,US0231351067,Amazon.com,215.45,EUR,2026-07-09T20:59:48.000Z,CONSOLIDATED,2026-09-22T12:30:09.993Z
2026-07-10,US0231351067,Amazon.com,215.3,EUR,2026-07-10T20:59:36.000Z,CONSOLIDATED,2026-09-22T12:30:09.993Z
2026-07-13,US0231351067,Amazon.com,217.05,EUR,2026-07-13T20:59:57.000Z,CONSOLIDATED,2026-09-22T12:30:09.993Z
2026-07-14,US0231351067,Amazon.com,216.3,EUR,2026-07-14T20:59:26.000Z,CONSOLIDATED,2026-09-22T12:30:09.993Z
2026-07-15,US0231351067,Amazon.com,222.55,EUR,2026-07-15T20:59:53.000Z,CONSOLIDATED,2026-09-22T12:30:09.993Z
2026-07-16,US0231351067,Amazon.com,218.325,EUR,2026-07-16T20:59:38.000Z,CONSOLIDATED,2026-09-22T12:30:09.993Z
2026-07-17,US0231351067,Amazon.com,216.125,EUR,2026-07-17T20:59:52.000Z,CONSOLIDATED,2026-09-22T12:30:09.993Z
2026-07-20,US0231351067,Amazon.com,218.7,EUR,2026-07-20T20:59:57.000Z,CONSOLIDATED,2026-09-22T12:30:09.993Z
2026-07-21,US0231351067,Amazon.com,216.85,EUR,2026-07-21T20:59:51.000Z,CONSOLIDATED,2026-09-22T12:30:09.993Z
2026-07-22,US0231351067,Amazon.com,214.125,EUR,2026-07-22T20:59:55.000Z,CONSOLIDATED,2026-09-22T12:30:09.993Z
2026-07-23,US0231351067,Amazon.com,206.05,EUR,2026-07-23T20:59:57.000Z,CONSOLIDATED,2026-09-22T12:30:09.993Z
2026-07-24,US0231351067,Amazon.com,203.975,EUR,2026-07-24T20:59:56.000Z,CONSOLIDATED,2026-09-22T12:30:09.993Z
2026-07-27,US0231351067,Amazon.com,203.675,EUR,2026-07-27T20:59:55.000Z,CONSOLIDATED,2026-09-22T12:30:09.993Z
2026-07-28,US0231351067,Amazon.com,202.925,EUR,2026-07-28T20:59:25.000Z,CONSOLIDATED,2026-09-22T12:30:09.993Z
2026-07-29,US0231351067,Amazon.com,198.24,EUR,2026-07-29T20:59:53.000Z,CONSOLIDATED,2026-09-22T12:30:09.993Z
2026-07-30,US0231351067,Amazon.com,220.75,EUR,2026-07-30T20:59:58.000Z,CONSOLIDATED,2026-09-22T12:30:09.993Z
2026-07-31,US0231351067,Amazon.com,234.9,EUR,2026-07-31T20:59:58.000Z,CONSOLIDATED,2026-09-22T12:30:09.993Z
2026-08-03,US0231351067,Amazon.com,245.475,EUR,2026-08-03T20:59:30.000Z,CONSOLIDATED,2026-09-22T12:30:09.993Z
2026-08-04,US0231351067,Amazon.com,240.925,EUR,2026-08-04T20:59:58.000Z,CONSOLIDATED,2026-09-22T12:30:09.993Z
2026-08-05,US0231351067,Amazon.com,236.05,EUR,2026-08-05T20:59:53.000Z,CONSOLIDATED,2026-09-22T12:30:09.993Z
2026-08-06,US0231351067,Amazon.com,236.05,EUR,2026-08-06T20:59:58.000Z,CONSOLIDATED,2026-09-22T12:30:09.993Z
2026-08-07,US0231351067,Amazon.com,237.425,EUR,2026-08-07T20:59:56.000Z,CONSOLIDATED,2026-09-22T12:30:09.993Z
2026-08-10,US0231351067,Amazon.com,240.4,EUR,2026-08-10T20:59:47.000Z,CONSOLIDATED,2026-09-22T12:30:09.993Z
2026-08-11,US0231351067,Amazon.com,236,EUR,2026-08-11T20:59:23.000Z,CONSOLIDATED,2026-09-22T12:30:09.993Z
2026-08-12,US0231351067,Amazon.com,232.15,EUR,2026-08-12T20:59:47.000Z,CONSOLIDATED,2026-09-22T12:30:09.993Z
2026-08-13,US0231351067,Amazon.com,229.975,EUR,2026-08-13T20:59:57.000Z,CONSOLIDATED,2026-09-22T12:30:09.993Z
2026-08-14,US0231351067,Amazon.com,227.025,EUR,2026-08-14T20:59:10.000Z,CONSOLIDATED,2026-09-22T12:30:09.993Z
2026-08-17,US0231351067,Amazon.com,225.675,EUR,2026-08-17T20:59:44.000Z,CONSOLIDATED,2026-09-22T12:30:09.993Z
2026-08-18,US0231351067,Amazon.com,224.1,EUR,2026-08-18T20:59:52.000Z,CONSOLIDATED,2026-09-22T12:30:09.993Z
2026-08-19,US0231351067,Amazon.com,228.225,EUR,2026-08-19T20:59:52.000Z,CONSOLIDATED,2026-09-22T12:30:09.993Z
2026-08-20,US0231351067,Amazon.com,223.05,EUR,2026-08-20T20:59:51.000Z,CONSOLIDATED,2026-09-22T12:30:09.993Z
2026-08-21,US0231351067,Amazon.com,222.025,EUR,2026-08-21T20:59:58.000Z,CONSOLIDATED,2026-09-22T12:30:09.993Z
2026-08-24,US0231351067,Amazon.com,224.95,EUR,2026-08-24T20:59:41.000Z,CONSOLIDATED,2026-09-22T12:30:09.993Z
2026-08-25,US0231351067,Amazon.com,223.55,EUR,2026-08-25T20:59:49.000Z,CONSOLIDATED,2026-09-22T12:30:09.993Z
2026-08-26,US0231351067,Amazon.com,223.375,EUR,2026-08-26T20:59:58.000Z,CONSOLIDATED,2026-09-22T12:30:09.993Z
2026-08-27,US0231351067,Amazon.com,220,EUR,2026-08-27T20:59:35.000Z,CONSOLIDATED,2026-09-22T12:30:09.993Z
2026-08-28,US0231351067,Amazon.com,229.875,EUR,2026-08-28T20:59:57.000Z,CONSOLIDATED,2026-09-22T12:30:09.993Z
2026-08-31,US0231351067,Amazon.com,223.775,EUR,2026-08-31T20:59:58.000Z,CONSOLIDATED,2026-09-22T12:30:09.993Z
2026-09-01,US0231351067,Amazon.com,219.95,EUR,2026-09-01T20:59:48.000Z,CONSOLIDATED,2026-09-22T12:30:09.993Z
2026-09-02,US0231351067,Amazon.com,220.275,EUR,2026-09-02T20:59:45.000Z,CONSOLIDATED,2026-09-22T12:30:09.993Z
2026-09-03,US0231351067,Amazon.com,222.65,EUR,2026-09-03T20:59:56.000Z,CONSOLIDATED,2026-09-22T12:30:09.993Z
2026-09-04,US0231351067,Amazon.com,222.275,EUR,2026-09-04T20:58:02.000Z,CONSOLIDATED,2026-09-22T12:30:09.993Z
2026-09-07,US0231351067,Amazon.com,221.1,EUR,2026-09-07T20:30:20.000Z,CONSOLIDATED,2026-09-22T12:30:09.993Z
2026-09-08,US0231351067,Amazon.com,221.175,EUR,2026-09-08T20:59:01.000Z,CONSOLIDATED,2026-09-22T12:30:09.993Z
2026-09-09,US0231351067,Amazon.com,217.1,EUR,2026-09-09T20:59:43.000Z,CONSOLIDATED,2026-09-22T12:30:09.993Z
2026-09-10,US0231351067,Amazon.com,216.875,EUR,2026-09-10T20:59:31.000Z,CONSOLIDATED,2026-09-22T12:30:09.993Z
2026-09-11,US0231351067,Amazon.com,221.05,EUR,2026-09-11T20:59:27.000Z,CONSOLIDATED,2026-09-22T12:30:09.993Z
2026-09-14,US0231351067,Amazon.com,219.725,EUR,2026-09-14T20:59:51.000Z,CONSOLIDATED,2026-09-22T12:30:09.993Z
2026-09-15,US0231351067,Amazon.com,215.25,EUR,2026-09-15T20:59:53.000Z,CONSOLIDATED,2026-09-22T12:30:09.993Z
2026-09-16,US0231351067,Amazon.com,214.7,EUR,2026-09-16T20:59:42.000Z,CONSOLIDATED,2026-09-22T12:30:09.993Z
2026-09-17,US0231351067,Amazon.com,218.925,EUR,2026-09-17T20:59:54.000Z,CONSOLIDATED,2026-09-22T12:30:09.993Z
2026-09-18,US0231351067,Amazon.com,221.475,EUR,2026-09-18T20:59:57.000Z,CONSOLIDATED,2026-09-22T12:30:09.993Z
2026-09-21,US0231351067,Amazon.com,225.575,EUR,2026-09-21T20:59:56.000Z,CONSOLIDATED,2026-09-22T12:30:09.993Z
2026-01-02,FR0010342592,Amundi Nasdaq-100 Daily (2x) Leveraged (Acc),7.2795,EUR,2026-01-02T21:59:31.000Z,CONSOLIDATED,2026-09-22T12:30:08.204Z
2026-01-05,FR0010342592,Amundi Nasdaq-100 Daily (2x) Leveraged (Acc),7.391,EUR,2026-01-05T21:29:08.000Z,CONSOLIDATED,2026-09-22T12:30:08.204Z
2026-01-06,FR0010342592,Amundi Nasdaq-100 Daily (2x) Leveraged (Acc),7.5565,EUR,2026-01-06T21:53:58.000Z,CONSOLIDATED,2026-09-22T12:30:08.204Z
2026-01-07,FR0010342592,Amundi Nasdaq-100 Daily (2x) Leveraged (Acc),7.576,EUR,2026-01-07T21:26:26.000Z,CONSOLIDATED,2026-09-22T12:30:08.204Z
2026-01-08,FR0010342592,Amundi Nasdaq-100 Daily (2x) Leveraged (Acc),7.509,EUR,2026-01-08T21:58:41.000Z,CONSOLIDATED,2026-09-22T12:30:08.204Z
2026-01-09,FR0010342592,Amundi Nasdaq-100 Daily (2x) Leveraged (Acc),7.646,EUR,2026-01-09T21:58:54.000Z,CONSOLIDATED,2026-09-22T12:30:08.204Z
2026-01-12,FR0010342592,Amundi Nasdaq-100 Daily (2x) Leveraged (Acc),7.635,EUR,2026-01-12T21:56:38.000Z,CONSOLIDATED,2026-09-22T12:30:08.204Z
2026-01-13,FR0010342592,Amundi Nasdaq-100 Daily (2x) Leveraged (Acc),7.627,EUR,2026-01-13T21:42:36.000Z,CONSOLIDATED,2026-09-22T12:30:08.204Z
2026-01-14,FR0010342592,Amundi Nasdaq-100 Daily (2x) Leveraged (Acc),7.46,EUR,2026-01-14T21:59:38.000Z,CONSOLIDATED,2026-09-22T12:30:08.204Z
2026-01-15,FR0010342592,Amundi Nasdaq-100 Daily (2x) Leveraged (Acc),7.536,EUR,2026-01-15T21:59:30.000Z,CONSOLIDATED,2026-09-22T12:30:08.204Z
2026-01-16,FR0010342592,Amundi Nasdaq-100 Daily (2x) Leveraged (Acc),7.5295,EUR,2026-01-16T21:41:08.000Z,CONSOLIDATED,2026-09-22T12:30:08.204Z
2026-01-19,FR0010342592,Amundi Nasdaq-100 Daily (2x) Leveraged (Acc),7.332,EUR,2026-01-19T21:35:38.000Z,CONSOLIDATED,2026-09-22T12:30:08.204Z
2026-01-20,FR0010342592,Amundi Nasdaq-100 Daily (2x) Leveraged (Acc),7.1385,EUR,2026-01-20T21:58:09.000Z,CONSOLIDATED,2026-09-22T12:30:08.204Z
2026-01-21,FR0010342592,Amundi Nasdaq-100 Daily (2x) Leveraged (Acc),7.366,EUR,2026-01-21T21:58:55.000Z,CONSOLIDATED,2026-09-22T12:30:08.204Z
2026-01-22,FR0010342592,Amundi Nasdaq-100 Daily (2x) Leveraged (Acc),7.3955,EUR,2026-01-22T21:58:45.000Z,CONSOLIDATED,2026-09-22T12:30:08.204Z
2026-01-23,FR0010342592,Amundi Nasdaq-100 Daily (2x) Leveraged (Acc),7.381,EUR,2026-01-23T21:57:18.000Z,CONSOLIDATED,2026-09-22T12:30:08.204Z
2026-01-26,FR0010342592,Amundi Nasdaq-100 Daily (2x) Leveraged (Acc),7.452,EUR,2026-01-26T21:57:41.000Z,CONSOLIDATED,2026-09-22T12:30:08.204Z
2026-01-27,FR0010342592,Amundi Nasdaq-100 Daily (2x) Leveraged (Acc),7.495,EUR,2026-01-27T21:58:39.000Z,CONSOLIDATED,2026-09-22T12:30:08.204Z
2026-01-28,FR0010342592,Amundi Nasdaq-100 Daily (2x) Leveraged (Acc),7.6395,EUR,2026-01-28T21:59:46.000Z,CONSOLIDATED,2026-09-22T12:30:08.204Z
2026-01-29,FR0010342592,Amundi Nasdaq-100 Daily (2x) Leveraged (Acc),7.4705,EUR,2026-01-29T21:59:58.000Z,CONSOLIDATED,2026-09-22T12:30:08.204Z
2026-01-30,FR0010342592,Amundi Nasdaq-100 Daily (2x) Leveraged (Acc),7.34,EUR,2026-01-30T21:59:53.000Z,CONSOLIDATED,2026-09-22T12:30:08.204Z
2026-02-02,FR0010342592,Amundi Nasdaq-100 Daily (2x) Leveraged (Acc),7.521,EUR,2026-02-02T21:59:57.000Z,CONSOLIDATED,2026-09-22T12:30:08.204Z
2026-02-03,FR0010342592,Amundi Nasdaq-100 Daily (2x) Leveraged (Acc),7.247,EUR,2026-02-03T21:58:41.000Z,CONSOLIDATED,2026-09-22T12:30:08.204Z
2026-02-04,FR0010342592,Amundi Nasdaq-100 Daily (2x) Leveraged (Acc),7.0885,EUR,2026-02-04T21:59:58.000Z,CONSOLIDATED,2026-09-22T12:30:08.204Z
2026-02-05,FR0010342592,Amundi Nasdaq-100 Daily (2x) Leveraged (Acc),6.7115,EUR,2026-02-05T21:59:58.000Z,CONSOLIDATED,2026-09-22T12:30:08.204Z
2026-02-06,FR0010342592,Amundi Nasdaq-100 Daily (2x) Leveraged (Acc),7.061,EUR,2026-02-06T21:59:58.000Z,CONSOLIDATED,2026-09-22T12:30:08.204Z
2026-02-09,FR0010342592,Amundi Nasdaq-100 Daily (2x) Leveraged (Acc),7.1445,EUR,2026-02-09T21:59:59.000Z,CONSOLIDATED,2026-09-22T12:30:08.204Z
2026-02-10,FR0010342592,Amundi Nasdaq-100 Daily (2x) Leveraged (Acc),7.099,EUR,2026-02-10T21:59:58.000Z,CONSOLIDATED,2026-09-22T12:30:08.204Z
2026-02-11,FR0010342592,Amundi Nasdaq-100 Daily (2x) Leveraged (Acc),7.1295,EUR,2026-02-11T21:59:58.000Z,CONSOLIDATED,2026-09-22T12:30:08.204Z
2026-02-12,FR0010342592,Amundi Nasdaq-100 Daily (2x) Leveraged (Acc),6.8685,EUR,2026-02-12T21:59:56.000Z,CONSOLIDATED,2026-09-22T12:30:08.204Z
2026-02-13,FR0010342592,Amundi Nasdaq-100 Daily (2x) Leveraged (Acc),6.8515,EUR,2026-02-13T21:59:54.000Z,CONSOLIDATED,2026-09-22T12:30:08.204Z
2026-02-16,FR0010342592,Amundi Nasdaq-100 Daily (2x) Leveraged (Acc),6.8375,EUR,2026-02-16T21:51:20.000Z,CONSOLIDATED,2026-09-22T12:30:08.204Z
2026-02-17,FR0010342592,Amundi Nasdaq-100 Daily (2x) Leveraged (Acc),6.851,EUR,2026-02-17T21:59:54.000Z,CONSOLIDATED,2026-09-22T12:30:08.204Z
2026-02-18,FR0010342592,Amundi Nasdaq-100 Daily (2x) Leveraged (Acc),6.991,EUR,2026-02-18T21:59:57.000Z,CONSOLIDATED,2026-09-22T12:30:08.204Z
2026-02-19,FR0010342592,Amundi Nasdaq-100 Daily (2x) Leveraged (Acc),6.9455,EUR,2026-02-19T21:59:56.000Z,CONSOLIDATED,2026-09-22T12:30:08.204Z
2026-02-20,FR0010342592,Amundi Nasdaq-100 Daily (2x) Leveraged (Acc),7.0745,EUR,2026-02-20T21:59:58.000Z,CONSOLIDATED,2026-09-22T12:30:08.204Z
2026-02-23,FR0010342592,Amundi Nasdaq-100 Daily (2x) Leveraged (Acc),6.9055,EUR,2026-02-23T21:59:59.000Z,CONSOLIDATED,2026-09-22T12:30:08.204Z
2026-02-24,FR0010342592,Amundi Nasdaq-100 Daily (2x) Leveraged (Acc),7.039,EUR,2026-02-24T21:59:53.000Z,CONSOLIDATED,2026-09-22T12:30:08.204Z
2026-02-25,FR0010342592,Amundi Nasdaq-100 Daily (2x) Leveraged (Acc),7.268,EUR,2026-02-25T21:59:54.000Z,CONSOLIDATED,2026-09-22T12:30:08.204Z
2026-02-26,FR0010342592,Amundi Nasdaq-100 Daily (2x) Leveraged (Acc),7.024,EUR,2026-02-26T21:59:52.000Z,CONSOLIDATED,2026-09-22T12:30:08.204Z
2026-02-27,FR0010342592,Amundi Nasdaq-100 Daily (2x) Leveraged (Acc),6.9825,EUR,2026-02-27T21:59:58.000Z,CONSOLIDATED,2026-09-22T12:30:08.204Z
2026-03-02,FR0010342592,Amundi Nasdaq-100 Daily (2x) Leveraged (Acc),7.0825,EUR,2026-03-02T21:59:57.000Z,CONSOLIDATED,2026-09-22T12:30:08.204Z
2026-03-03,FR0010342592,Amundi Nasdaq-100 Daily (2x) Leveraged (Acc),6.9675,EUR,2026-03-03T21:59:50.000Z,CONSOLIDATED,2026-09-22T12:30:08.204Z
2026-03-04,FR0010342592,Amundi Nasdaq-100 Daily (2x) Leveraged (Acc),7.1755,EUR,2026-03-04T21:59:58.000Z,CONSOLIDATED,2026-09-22T12:30:08.204Z
2026-03-05,FR0010342592,Amundi Nasdaq-100 Daily (2x) Leveraged (Acc),7.145,EUR,2026-03-05T21:59:58.000Z,CONSOLIDATED,2026-09-22T12:30:08.204Z
2026-03-06,FR0010342592,Amundi Nasdaq-100 Daily (2x) Leveraged (Acc),6.9415,EUR,2026-03-06T21:59:54.000Z,CONSOLIDATED,2026-09-22T12:30:08.204Z
2026-03-09,FR0010342592,Amundi Nasdaq-100 Daily (2x) Leveraged (Acc),7.101,EUR,2026-03-09T21:59:58.000Z,CONSOLIDATED,2026-09-22T12:30:08.204Z
2026-03-10,FR0010342592,Amundi Nasdaq-100 Daily (2x) Leveraged (Acc),7.121,EUR,2026-03-10T21:59:10.000Z,CONSOLIDATED,2026-09-22T12:30:08.204Z
2026-03-11,FR0010342592,Amundi Nasdaq-100 Daily (2x) Leveraged (Acc),7.121,EUR,2026-03-11T21:59:34.000Z,CONSOLIDATED,2026-09-22T12:30:08.204Z
2026-03-12,FR0010342592,Amundi Nasdaq-100 Daily (2x) Leveraged (Acc),6.944,EUR,2026-03-12T21:59:56.000Z,CONSOLIDATED,2026-09-22T12:30:08.204Z
2026-03-13,FR0010342592,Amundi Nasdaq-100 Daily (2x) Leveraged (Acc),6.868,EUR,2026-03-13T21:38:43.000Z,CONSOLIDATED,2026-09-22T12:30:08.204Z
2026-03-16,FR0010342592,Amundi Nasdaq-100 Daily (2x) Leveraged (Acc),7.0075,EUR,2026-03-16T21:59:59.000Z,CONSOLIDATED,2026-09-22T12:30:08.204Z
2026-03-17,FR0010342592,Amundi Nasdaq-100 Daily (2x) Leveraged (Acc),7.062,EUR,2026-03-17T21:57:04.000Z,CONSOLIDATED,2026-09-22T12:30:08.204Z
2026-03-18,FR0010342592,Amundi Nasdaq-100 Daily (2x) Leveraged (Acc),6.8725,EUR,2026-03-18T21:59:18.000Z,CONSOLIDATED,2026-09-22T12:30:08.204Z
2026-03-19,FR0010342592,Amundi Nasdaq-100 Daily (2x) Leveraged (Acc),6.815,EUR,2026-03-19T21:59:58.000Z,CONSOLIDATED,2026-09-22T12:30:08.204Z
2026-03-20,FR0010342592,Amundi Nasdaq-100 Daily (2x) Leveraged (Acc),6.5935,EUR,2026-03-20T21:55:29.000Z,CONSOLIDATED,2026-09-22T12:30:08.204Z
2026-03-23,FR0010342592,Amundi Nasdaq-100 Daily (2x) Leveraged (Acc),6.6765,EUR,2026-03-23T21:59:59.000Z,CONSOLIDATED,2026-09-22T12:30:08.204Z
2026-03-24,FR0010342592,Amundi Nasdaq-100 Daily (2x) Leveraged (Acc),6.719,EUR,2026-03-24T21:59:58.000Z,CONSOLIDATED,2026-09-22T12:30:08.204Z
2026-03-25,FR0010342592,Amundi Nasdaq-100 Daily (2x) Leveraged (Acc),6.6855,EUR,2026-03-25T21:59:20.000Z,CONSOLIDATED,2026-09-22T12:30:08.204Z
2026-03-26,FR0010342592,Amundi Nasdaq-100 Daily (2x) Leveraged (Acc),6.4085,EUR,2026-03-26T21:59:58.000Z,CONSOLIDATED,2026-09-22T12:30:08.204Z
2026-03-27,FR0010342592,Amundi Nasdaq-100 Daily (2x) Leveraged (Acc),6.082,EUR,2026-03-27T21:45:01.000Z,CONSOLIDATED,2026-09-22T12:30:08.204Z
2026-03-30,FR0010342592,Amundi Nasdaq-100 Daily (2x) Leveraged (Acc),6.055,EUR,2026-03-30T20:59:59.000Z,CONSOLIDATED,2026-09-22T12:30:08.204Z
2026-03-31,FR0010342592,Amundi Nasdaq-100 Daily (2x) Leveraged (Acc),6.4265,EUR,2026-03-31T20:59:59.000Z,CONSOLIDATED,2026-09-22T12:30:08.204Z
2026-04-01,FR0010342592,Amundi Nasdaq-100 Daily (2x) Leveraged (Acc),6.5625,EUR,2026-04-01T20:59:58.000Z,CONSOLIDATED,2026-09-22T12:30:08.204Z
2026-04-02,FR0010342592,Amundi Nasdaq-100 Daily (2x) Leveraged (Acc),6.6105,EUR,2026-04-02T20:59:57.000Z,CONSOLIDATED,2026-09-22T12:30:08.204Z
2026-04-07,FR0010342592,Amundi Nasdaq-100 Daily (2x) Leveraged (Acc),6.674,EUR,2026-04-07T20:59:56.000Z,CONSOLIDATED,2026-09-22T12:30:08.204Z
2026-04-08,FR0010342592,Amundi Nasdaq-100 Daily (2x) Leveraged (Acc),6.9825,EUR,2026-04-08T20:59:58.000Z,CONSOLIDATED,2026-09-22T12:30:08.204Z
2026-04-09,FR0010342592,Amundi Nasdaq-100 Daily (2x) Leveraged (Acc),7.07,EUR,2026-04-09T20:59:58.000Z,CONSOLIDATED,2026-09-22T12:30:08.204Z
2026-04-10,FR0010342592,Amundi Nasdaq-100 Daily (2x) Leveraged (Acc),7.107,EUR,2026-04-10T20:59:58.000Z,CONSOLIDATED,2026-09-22T12:30:08.204Z
2026-04-13,FR0010342592,Amundi Nasdaq-100 Daily (2x) Leveraged (Acc),7.227,EUR,2026-04-13T20:59:58.000Z,CONSOLIDATED,2026-09-22T12:30:08.204Z
2026-04-14,FR0010342592,Amundi Nasdaq-100 Daily (2x) Leveraged (Acc),7.435,EUR,2026-04-14T20:59:58.000Z,CONSOLIDATED,2026-09-22T12:30:08.204Z
2026-04-15,FR0010342592,Amundi Nasdaq-100 Daily (2x) Leveraged (Acc),7.6405,EUR,2026-04-15T20:59:56.000Z,CONSOLIDATED,2026-09-22T12:30:08.204Z
2026-04-16,FR0010342592,Amundi Nasdaq-100 Daily (2x) Leveraged (Acc),7.6975,EUR,2026-04-16T20:59:55.000Z,CONSOLIDATED,2026-09-22T12:30:08.204Z
2026-04-17,FR0010342592,Amundi Nasdaq-100 Daily (2x) Leveraged (Acc),7.9395,EUR,2026-04-17T20:59:58.000Z,CONSOLIDATED,2026-09-22T12:30:08.204Z
2026-04-20,FR0010342592,Amundi Nasdaq-100 Daily (2x) Leveraged (Acc),7.8925,EUR,2026-04-20T20:59:51.000Z,CONSOLIDATED,2026-09-22T12:30:08.204Z
2026-04-21,FR0010342592,Amundi Nasdaq-100 Daily (2x) Leveraged (Acc),7.8575,EUR,2026-04-21T20:59:58.000Z,CONSOLIDATED,2026-09-22T12:30:08.204Z
2026-04-22,FR0010342592,Amundi Nasdaq-100 Daily (2x) Leveraged (Acc),8.1415,EUR,2026-04-22T20:59:58.000Z,CONSOLIDATED,2026-09-22T12:30:08.204Z
2026-04-23,FR0010342592,Amundi Nasdaq-100 Daily (2x) Leveraged (Acc),8.063,EUR,2026-04-23T20:59:58.000Z,CONSOLIDATED,2026-09-22T12:30:08.204Z
2026-04-24,FR0010342592,Amundi Nasdaq-100 Daily (2x) Leveraged (Acc),8.339,EUR,2026-04-24T20:59:58.000Z,CONSOLIDATED,2026-09-22T12:30:08.204Z
2026-04-27,FR0010342592,Amundi Nasdaq-100 Daily (2x) Leveraged (Acc),8.3235,EUR,2026-04-27T20:59:55.000Z,CONSOLIDATED,2026-09-22T12:30:08.204Z
2026-04-28,FR0010342592,Amundi Nasdaq-100 Daily (2x) Leveraged (Acc),8.1945,EUR,2026-04-28T20:59:56.000Z,CONSOLIDATED,2026-09-22T12:30:08.204Z
2026-04-29,FR0010342592,Amundi Nasdaq-100 Daily (2x) Leveraged (Acc),8.196,EUR,2026-04-29T20:59:58.000Z,CONSOLIDATED,2026-09-22T12:30:08.204Z
2026-04-30,FR0010342592,Amundi Nasdaq-100 Daily (2x) Leveraged (Acc),8.4205,EUR,2026-04-30T20:59:56.000Z,CONSOLIDATED,2026-09-22T12:30:08.204Z
2026-05-04,FR0010342592,Amundi Nasdaq-100 Daily (2x) Leveraged (Acc),8.541,EUR,2026-05-04T20:59:56.000Z,CONSOLIDATED,2026-09-22T12:30:08.204Z
2026-05-05,FR0010342592,Amundi Nasdaq-100 Daily (2x) Leveraged (Acc),8.8295,EUR,2026-05-05T20:59:55.000Z,CONSOLIDATED,2026-09-22T12:30:08.204Z
2026-05-06,FR0010342592,Amundi Nasdaq-100 Daily (2x) Leveraged (Acc),9.1085,EUR,2026-05-06T20:59:58.000Z,CONSOLIDATED,2026-09-22T12:30:08.204Z
2026-05-07,FR0010342592,Amundi Nasdaq-100 Daily (2x) Leveraged (Acc),9.067,EUR,2026-05-07T20:59:59.000Z,CONSOLIDATED,2026-09-22T12:30:08.204Z
2026-05-08,FR0010342592,Amundi Nasdaq-100 Daily (2x) Leveraged (Acc),9.48,EUR,2026-05-08T20:59:58.000Z,CONSOLIDATED,2026-09-22T12:30:08.204Z
2026-05-11,FR0010342592,Amundi Nasdaq-100 Daily (2x) Leveraged (Acc),9.517,EUR,2026-05-11T20:59:58.000Z,CONSOLIDATED,2026-09-22T12:30:08.204Z
2026-05-12,FR0010342592,Amundi Nasdaq-100 Daily (2x) Leveraged (Acc),9.3685,EUR,2026-05-12T20:59:57.000Z,CONSOLIDATED,2026-09-22T12:30:08.204Z
2026-05-13,FR0010342592,Amundi Nasdaq-100 Daily (2x) Leveraged (Acc),9.6585,EUR,2026-05-13T20:59:58.000Z,CONSOLIDATED,2026-09-22T12:30:08.204Z
2026-05-14,FR0010342592,Amundi Nasdaq-100 Daily (2x) Leveraged (Acc),9.793,EUR,2026-05-14T20:59:57.000Z,CONSOLIDATED,2026-09-22T12:30:08.204Z
2026-05-15,FR0010342592,Amundi Nasdaq-100 Daily (2x) Leveraged (Acc),9.523,EUR,2026-05-15T20:59:59.000Z,CONSOLIDATED,2026-09-22T12:30:08.204Z
2026-05-18,FR0010342592,Amundi Nasdaq-100 Daily (2x) Leveraged (Acc),9.4045,EUR,2026-05-18T20:59:59.000Z,CONSOLIDATED,2026-09-22T12:30:08.204Z
2026-05-19,FR0010342592,Amundi Nasdaq-100 Daily (2x) Leveraged (Acc),9.3275,EUR,2026-05-19T20:59:56.000Z,CONSOLIDATED,2026-09-22T12:30:08.204Z
2026-05-20,FR0010342592,Amundi Nasdaq-100 Daily (2x) Leveraged (Acc),9.5555,EUR,2026-05-20T20:59:58.000Z,CONSOLIDATED,2026-09-22T12:30:08.204Z
2026-05-21,FR0010342592,Amundi Nasdaq-100 Daily (2x) Leveraged (Acc),9.6855,EUR,2026-05-21T20:59:58.000Z,CONSOLIDATED,2026-09-22T12:30:08.204Z
2026-05-22,FR0010342592,Amundi Nasdaq-100 Daily (2x) Leveraged (Acc),9.738,EUR,2026-05-22T20:59:58.000Z,CONSOLIDATED,2026-09-22T12:30:08.204Z
2026-05-25,FR0010342592,Amundi Nasdaq-100 Daily (2x) Leveraged (Acc),10.0235,EUR,2026-05-25T20:48:44.000Z,CONSOLIDATED,2026-09-22T12:30:08.204Z
2026-05-26,FR0010342592,Amundi Nasdaq-100 Daily (2x) Leveraged (Acc),10.0762,EUR,2026-05-26T20:59:59.000Z,CONSOLIDATED,2026-09-22T12:30:08.204Z
2026-05-27,FR0010342592,Amundi Nasdaq-100 Daily (2x) Leveraged (Acc),10.1275,EUR,2026-05-27T20:59:56.000Z,CONSOLIDATED,2026-09-22T12:30:08.204Z
2026-05-28,FR0010342592,Amundi Nasdaq-100 Daily (2x) Leveraged (Acc),10.2112,EUR,2026-05-28T20:59:58.000Z,CONSOLIDATED,2026-09-22T12:30:08.204Z
2026-05-29,FR0010342592,Amundi Nasdaq-100 Daily (2x) Leveraged (Acc),10.2738,EUR,2026-05-29T20:59:55.000Z,CONSOLIDATED,2026-09-22T12:30:08.204Z
2026-06-01,FR0010342592,Amundi Nasdaq-100 Daily (2x) Leveraged (Acc),10.3875,EUR,2026-06-01T20:59:57.000Z,CONSOLIDATED,2026-09-22T12:30:08.204Z
2026-06-02,FR0010342592,Amundi Nasdaq-100 Daily (2x) Leveraged (Acc),10.5425,EUR,2026-06-02T20:59:50.000Z,CONSOLIDATED,2026-09-22T12:30:08.204Z
2026-06-03,FR0010342592,Amundi Nasdaq-100 Daily (2x) Leveraged (Acc),10.4025,EUR,2026-06-03T20:59:55.000Z,CONSOLIDATED,2026-09-22T12:30:08.204Z
2026-06-04,FR0010342592,Amundi Nasdaq-100 Daily (2x) Leveraged (Acc),10.3188,EUR,2026-06-04T20:59:58.000Z,CONSOLIDATED,2026-09-22T12:30:08.204Z
2026-06-05,FR0010342592,Amundi Nasdaq-100 Daily (2x) Leveraged (Acc),9.34,EUR,2026-06-05T20:59:58.000Z,CONSOLIDATED,2026-09-22T12:30:08.204Z
2026-06-08,FR0010342592,Amundi Nasdaq-100 Daily (2x) Leveraged (Acc),9.7115,EUR,2026-06-08T20:59:59.000Z,CONSOLIDATED,2026-09-22T12:30:08.204Z
2026-06-09,FR0010342592,Amundi Nasdaq-100 Daily (2x) Leveraged (Acc),9.5055,EUR,2026-06-09T20:59:58.000Z,CONSOLIDATED,2026-09-22T12:30:08.204Z
2026-06-10,FR0010342592,Amundi Nasdaq-100 Daily (2x) Leveraged (Acc),9.084,EUR,2026-06-10T20:59:57.000Z,CONSOLIDATED,2026-09-22T12:30:08.204Z
2026-06-11,FR0010342592,Amundi Nasdaq-100 Daily (2x) Leveraged (Acc),9.682,EUR,2026-06-11T20:59:58.000Z,CONSOLIDATED,2026-09-22T12:30:08.204Z
2026-06-12,FR0010342592,Amundi Nasdaq-100 Daily (2x) Leveraged (Acc),9.848,EUR,2026-06-12T20:59:58.000Z,CONSOLIDATED,2026-09-22T12:30:08.204Z
2026-06-15,FR0010342592,Amundi Nasdaq-100 Daily (2x) Leveraged (Acc),10.3912,EUR,2026-06-15T20:59:57.000Z,CONSOLIDATED,2026-09-22T12:30:08.204Z
2026-06-16,FR0010342592,Amundi Nasdaq-100 Daily (2x) Leveraged (Acc),10.016,EUR,2026-06-16T20:59:59.000Z,CONSOLIDATED,2026-09-22T12:30:08.204Z
2026-06-17,FR0010342592,Amundi Nasdaq-100 Daily (2x) Leveraged (Acc),10.0025,EUR,2026-06-17T20:59:55.000Z,CONSOLIDATED,2026-09-22T12:30:08.204Z
2026-06-18,FR0010342592,Amundi Nasdaq-100 Daily (2x) Leveraged (Acc),10.4475,EUR,2026-06-18T20:59:02.000Z,CONSOLIDATED,2026-09-22T12:30:08.204Z
2026-06-19,FR0010342592,Amundi Nasdaq-100 Daily (2x) Leveraged (Acc),10.3625,EUR,2026-06-19T20:59:31.000Z,CONSOLIDATED,2026-09-22T12:30:08.204Z
2026-06-22,FR0010342592,Amundi Nasdaq-100 Daily (2x) Leveraged (Acc),10.395,EUR,2026-06-22T20:25:21.000Z,CONSOLIDATED,2026-09-22T12:30:08.204Z
2026-06-23,FR0010342592,Amundi Nasdaq-100 Daily (2x) Leveraged (Acc),9.804,EUR,2026-06-23T20:59:31.000Z,CONSOLIDATED,2026-09-22T12:30:08.204Z
2026-06-24,FR0010342592,Amundi Nasdaq-100 Daily (2x) Leveraged (Acc),9.7355,EUR,2026-06-24T20:40:45.000Z,CONSOLIDATED,2026-09-22T12:30:08.204Z
2026-06-25,FR0010342592,Amundi Nasdaq-100 Daily (2x) Leveraged (Acc),9.826,EUR,2026-06-25T20:59:58.000Z,CONSOLIDATED,2026-09-22T12:30:08.204Z
2026-06-26,FR0010342592,Amundi Nasdaq-100 Daily (2x) Leveraged (Acc),9.5845,EUR,2026-06-26T20:59:50.000Z,CONSOLIDATED,2026-09-22T12:30:08.204Z
2026-06-29,FR0010342592,Amundi Nasdaq-100 Daily (2x) Leveraged (Acc),9.9625,EUR,2026-06-29T20:59:30.000Z,CONSOLIDATED,2026-09-22T12:30:08.204Z
2026-06-30,FR0010342592,Amundi Nasdaq-100 Daily (2x) Leveraged (Acc),10.2888,EUR,2026-06-30T20:57:15.000Z,CONSOLIDATED,2026-09-22T12:30:08.204Z
2026-07-01,FR0010342592,Amundi Nasdaq-100 Daily (2x) Leveraged (Acc),10.0425,EUR,2026-07-01T20:59:07.000Z,CONSOLIDATED,2026-09-22T12:30:08.204Z
2026-07-02,FR0010342592,Amundi Nasdaq-100 Daily (2x) Leveraged (Acc),9.6885,EUR,2026-07-02T20:58:55.000Z,CONSOLIDATED,2026-09-22T12:30:08.204Z
2026-07-03,FR0010342592,Amundi Nasdaq-100 Daily (2x) Leveraged (Acc),9.89,EUR,2026-07-03T20:55:06.000Z,CONSOLIDATED,2026-09-22T12:30:08.204Z
2026-07-06,FR0010342592,Amundi Nasdaq-100 Daily (2x) Leveraged (Acc),9.919,EUR,2026-07-06T20:59:36.000Z,CONSOLIDATED,2026-09-22T12:30:08.204Z
2026-07-07,FR0010342592,Amundi Nasdaq-100 Daily (2x) Leveraged (Acc),9.5755,EUR,2026-07-07T20:37:53.000Z,CONSOLIDATED,2026-09-22T12:30:08.204Z
2026-07-08,FR0010342592,Amundi Nasdaq-100 Daily (2x) Leveraged (Acc),9.6335,EUR,2026-07-08T20:25:21.000Z,CONSOLIDATED,2026-09-22T12:30:08.204Z
2026-07-09,FR0010342592,Amundi Nasdaq-100 Daily (2x) Leveraged (Acc),9.925,EUR,2026-07-09T20:57:27.000Z,CONSOLIDATED,2026-09-22T12:30:08.204Z
2026-07-10,FR0010342592,Amundi Nasdaq-100 Daily (2x) Leveraged (Acc),9.982,EUR,2026-07-10T20:55:04.000Z,CONSOLIDATED,2026-09-22T12:30:08.204Z
2026-07-13,FR0010342592,Amundi Nasdaq-100 Daily (2x) Leveraged (Acc),9.67,EUR,2026-07-13T20:59:00.000Z,CONSOLIDATED,2026-09-22T12:30:08.204Z
2026-07-14,FR0010342592,Amundi Nasdaq-100 Daily (2x) Leveraged (Acc),9.8485,EUR,2026-07-14T20:56:49.000Z,CONSOLIDATED,2026-09-22T12:30:08.204Z
2026-07-15,FR0010342592,Amundi Nasdaq-100 Daily (2x) Leveraged (Acc),9.7355,EUR,2026-07-15T20:25:22.000Z,CONSOLIDATED,2026-09-22T12:30:08.204Z
2026-07-16,FR0010342592,Amundi Nasdaq-100 Daily (2x) Leveraged (Acc),9.4335,EUR,2026-07-16T20:25:22.000Z,CONSOLIDATED,2026-09-22T12:30:08.204Z
2026-07-17,FR0010342592,Amundi Nasdaq-100 Daily (2x) Leveraged (Acc),9.1765,EUR,2026-07-17T20:59:05.000Z,CONSOLIDATED,2026-09-22T12:30:08.204Z
2026-07-20,FR0010342592,Amundi Nasdaq-100 Daily (2x) Leveraged (Acc),9.1885,EUR,2026-07-20T20:54:51.000Z,CONSOLIDATED,2026-09-22T12:30:08.204Z
2026-07-21,FR0010342592,Amundi Nasdaq-100 Daily (2x) Leveraged (Acc),9.5435,EUR,2026-07-21T20:59:34.000Z,CONSOLIDATED,2026-09-22T12:30:08.204Z
2026-07-22,FR0010342592,Amundi Nasdaq-100 Daily (2x) Leveraged (Acc),9.451,EUR,2026-07-22T20:59:28.000Z,CONSOLIDATED,2026-09-22T12:30:08.204Z
2026-07-23,FR0010342592,Amundi Nasdaq-100 Daily (2x) Leveraged (Acc),9.1395,EUR,2026-07-23T20:58:18.000Z,CONSOLIDATED,2026-09-22T12:30:08.204Z
2026-07-24,FR0010342592,Amundi Nasdaq-100 Daily (2x) Leveraged (Acc),8.8955,EUR,2026-07-24T20:58:53.000Z,CONSOLIDATED,2026-09-22T12:30:08.204Z
2026-07-27,FR0010342592,Amundi Nasdaq-100 Daily (2x) Leveraged (Acc),8.848,EUR,2026-07-27T20:59:57.000Z,CONSOLIDATED,2026-09-22T12:30:08.204Z
2026-07-28,FR0010342592,Amundi Nasdaq-100 Daily (2x) Leveraged (Acc),8.6755,EUR,2026-07-28T20:38:39.000Z,CONSOLIDATED,2026-09-22T12:30:08.204Z
2026-07-29,FR0010342592,Amundi Nasdaq-100 Daily (2x) Leveraged (Acc),8.234,EUR,2026-07-29T20:59:56.000Z,CONSOLIDATED,2026-09-22T12:30:08.204Z
2026-07-30,FR0010342592,Amundi Nasdaq-100 Daily (2x) Leveraged (Acc),8.772,EUR,2026-07-30T20:59:56.000Z,CONSOLIDATED,2026-09-22T12:30:08.204Z
2026-07-31,FR0010342592,Amundi Nasdaq-100 Daily (2x) Leveraged (Acc),8.849,EUR,2026-07-31T20:59:58.000Z,CONSOLIDATED,2026-09-22T12:30:08.204Z
2026-08-03,FR0010342592,Amundi Nasdaq-100 Daily (2x) Leveraged (Acc),9.1805,EUR,2026-08-03T20:59:30.000Z,CONSOLIDATED,2026-09-22T12:30:08.204Z
2026-08-04,FR0010342592,Amundi Nasdaq-100 Daily (2x) Leveraged (Acc),9.765,EUR,2026-08-04T20:59:38.000Z,CONSOLIDATED,2026-09-22T12:30:08.204Z
2026-08-05,FR0010342592,Amundi Nasdaq-100 Daily (2x) Leveraged (Acc),9.6055,EUR,2026-08-05T20:59:04.000Z,CONSOLIDATED,2026-09-22T12:30:08.204Z
2026-08-06,FR0010342592,Amundi Nasdaq-100 Daily (2x) Leveraged (Acc),9.557,EUR,2026-08-06T20:56:32.000Z,CONSOLIDATED,2026-09-22T12:30:08.204Z
2026-08-07,FR0010342592,Amundi Nasdaq-100 Daily (2x) Leveraged (Acc),9.73,EUR,2026-08-07T20:59:36.000Z,CONSOLIDATED,2026-09-22T12:30:08.204Z
2026-08-10,FR0010342592,Amundi Nasdaq-100 Daily (2x) Leveraged (Acc),9.682,EUR,2026-08-10T20:51:35.000Z,CONSOLIDATED,2026-09-22T12:30:08.204Z
2026-08-11,FR0010342592,Amundi Nasdaq-100 Daily (2x) Leveraged (Acc),9.6125,EUR,2026-08-11T20:53:19.000Z,CONSOLIDATED,2026-09-22T12:30:08.204Z
2026-08-12,FR0010342592,Amundi Nasdaq-100 Daily (2x) Leveraged (Acc),9.7615,EUR,2026-08-12T20:57:28.000Z,CONSOLIDATED,2026-09-22T12:30:08.204Z
2026-08-13,FR0010342592,Amundi Nasdaq-100 Daily (2x) Leveraged (Acc),9.989,EUR,2026-08-13T20:59:07.000Z,CONSOLIDATED,2026-09-22T12:30:08.204Z
2026-08-14,FR0010342592,Amundi Nasdaq-100 Daily (2x) Leveraged (Acc),9.9155,EUR,2026-08-14T20:59:38.000Z,CONSOLIDATED,2026-09-22T12:30:08.204Z
2026-08-17,FR0010342592,Amundi Nasdaq-100 Daily (2x) Leveraged (Acc),9.875,EUR,2026-08-17T20:59:51.000Z,CONSOLIDATED,2026-09-22T12:30:08.204Z
2026-08-18,FR0010342592,Amundi Nasdaq-100 Daily (2x) Leveraged (Acc),9.5405,EUR,2026-08-18T20:59:57.000Z,CONSOLIDATED,2026-09-22T12:30:08.204Z
2026-08-19,FR0010342592,Amundi Nasdaq-100 Daily (2x) Leveraged (Acc),9.43,EUR,2026-08-19T20:59:58.000Z,CONSOLIDATED,2026-09-22T12:30:08.204Z
2026-08-20,FR0010342592,Amundi Nasdaq-100 Daily (2x) Leveraged (Acc),9.29,EUR,2026-08-20T20:59:58.000Z,CONSOLIDATED,2026-09-22T12:30:08.204Z
2026-08-21,FR0010342592,Amundi Nasdaq-100 Daily (2x) Leveraged (Acc),9.3395,EUR,2026-08-21T20:59:58.000Z,CONSOLIDATED,2026-09-22T12:30:08.204Z
2026-08-24,FR0010342592,Amundi Nasdaq-100 Daily (2x) Leveraged (Acc),9.2,EUR,2026-08-24T20:59:56.000Z,CONSOLIDATED,2026-09-22T12:30:08.204Z
2026-08-25,FR0010342592,Amundi Nasdaq-100 Daily (2x) Leveraged (Acc),9.2645,EUR,2026-08-25T20:59:02.000Z,CONSOLIDATED,2026-09-22T12:30:08.204Z
2026-08-26,FR0010342592,Amundi Nasdaq-100 Daily (2x) Leveraged (Acc),9.3505,EUR,2026-08-26T20:59:56.000Z,CONSOLIDATED,2026-09-22T12:30:08.204Z
2026-08-27,FR0010342592,Amundi Nasdaq-100 Daily (2x) Leveraged (Acc),9.5325,EUR,2026-08-27T20:59:58.000Z,CONSOLIDATED,2026-09-22T12:30:08.204Z
2026-08-28,FR0010342592,Amundi Nasdaq-100 Daily (2x) Leveraged (Acc),9.497,EUR,2026-08-28T20:59:51.000Z,CONSOLIDATED,2026-09-22T12:30:08.204Z
2026-08-31,FR0010342592,Amundi Nasdaq-100 Daily (2x) Leveraged (Acc),9.4465,EUR,2026-08-31T20:59:55.000Z,CONSOLIDATED,2026-09-22T12:30:08.204Z
2026-09-01,FR0010342592,Amundi Nasdaq-100 Daily (2x) Leveraged (Acc),9.2705,EUR,2026-09-01T20:59:55.000Z,CONSOLIDATED,2026-09-22T12:30:08.204Z
2026-09-02,FR0010342592,Amundi Nasdaq-100 Daily (2x) Leveraged (Acc),9.2635,EUR,2026-09-02T20:59:58.000Z,CONSOLIDATED,2026-09-22T12:30:08.204Z
2026-09-03,FR0010342592,Amundi Nasdaq-100 Daily (2x) Leveraged (Acc),9.4495,EUR,2026-09-03T20:59:58.000Z,CONSOLIDATED,2026-09-22T12:30:08.204Z
2026-09-04,FR0010342592,Amundi Nasdaq-100 Daily (2x) Leveraged (Acc),9.484,EUR,2026-09-04T20:59:56.000Z,CONSOLIDATED,2026-09-22T12:30:08.204Z
2026-09-07,FR0010342592,Amundi Nasdaq-100 Daily (2x) Leveraged (Acc),9.531,EUR,2026-09-07T20:25:21.000Z,CONSOLIDATED,2026-09-22T12:30:08.204Z
2026-09-08,FR0010342592,Amundi Nasdaq-100 Daily (2x) Leveraged (Acc),9.4735,EUR,2026-09-08T20:59:58.000Z,CONSOLIDATED,2026-09-22T12:30:08.204Z
2026-09-09,FR0010342592,Amundi Nasdaq-100 Daily (2x) Leveraged (Acc),9.428,EUR,2026-09-09T20:59:56.000Z,CONSOLIDATED,2026-09-22T12:30:08.204Z
2026-09-10,FR0010342592,Amundi Nasdaq-100 Daily (2x) Leveraged (Acc),9.2475,EUR,2026-09-10T20:59:58.000Z,CONSOLIDATED,2026-09-22T12:30:08.204Z
2026-09-11,FR0010342592,Amundi Nasdaq-100 Daily (2x) Leveraged (Acc),9.422,EUR,2026-09-11T20:59:56.000Z,CONSOLIDATED,2026-09-22T12:30:08.204Z
2026-09-14,FR0010342592,Amundi Nasdaq-100 Daily (2x) Leveraged (Acc),9.334,EUR,2026-09-14T20:59:58.000Z,CONSOLIDATED,2026-09-22T12:30:08.204Z
2026-09-15,FR0010342592,Amundi Nasdaq-100 Daily (2x) Leveraged (Acc),9.2015,EUR,2026-09-15T20:59:53.000Z,CONSOLIDATED,2026-09-22T12:30:08.204Z
2026-09-16,FR0010342592,Amundi Nasdaq-100 Daily (2x) Leveraged (Acc),9.234,EUR,2026-09-16T20:58:50.000Z,CONSOLIDATED,2026-09-22T12:30:08.204Z
2026-09-17,FR0010342592,Amundi Nasdaq-100 Daily (2x) Leveraged (Acc),9.536,EUR,2026-09-17T20:59:58.000Z,CONSOLIDATED,2026-09-22T12:30:08.204Z
2026-09-18,FR0010342592,Amundi Nasdaq-100 Daily (2x) Leveraged (Acc),9.6745,EUR,2026-09-18T20:59:57.000Z,CONSOLIDATED,2026-09-22T12:30:08.204Z
2026-09-21,FR0010342592,Amundi Nasdaq-100 Daily (2x) Leveraged (Acc),10.222,EUR,2026-09-21T20:59:58.000Z,CONSOLIDATED,2026-09-22T12:30:08.204Z
2026-01-02,US0937121079,Bloom Energy A,84.305,EUR,2026-01-02T21:59:28.000Z,CONSOLIDATED,2026-09-22T12:30:09.383Z
2026-01-05,US0937121079,Bloom Energy A,88.71,EUR,2026-01-05T21:59:38.000Z,CONSOLIDATED,2026-09-22T12:30:09.383Z
2026-01-06,US0937121079,Bloom Energy A,88.32,EUR,2026-01-06T21:58:17.000Z,CONSOLIDATED,2026-09-22T12:30:09.383Z
2026-01-07,US0937121079,Bloom Energy A,92.505,EUR,2026-01-07T21:58:39.000Z,CONSOLIDATED,2026-09-22T12:30:09.383Z
2026-01-08,US0937121079,Bloom Energy A,104.7,EUR,2026-01-08T21:59:11.000Z,CONSOLIDATED,2026-09-22T12:30:09.383Z
2026-01-09,US0937121079,Bloom Energy A,114.86,EUR,2026-01-09T21:59:00.000Z,CONSOLIDATED,2026-09-22T12:30:09.383Z
2026-01-12,US0937121079,Bloom Energy A,117.28,EUR,2026-01-12T21:55:19.000Z,CONSOLIDATED,2026-09-22T12:30:09.383Z
2026-01-13,US0937121079,Bloom Energy A,120.66,EUR,2026-01-13T21:58:23.000Z,CONSOLIDATED,2026-09-22T12:30:09.383Z
2026-01-14,US0937121079,Bloom Energy A,114.5,EUR,2026-01-14T21:58:30.000Z,CONSOLIDATED,2026-09-22T12:30:09.383Z
2026-01-15,US0937121079,Bloom Energy A,120.56,EUR,2026-01-15T21:59:31.000Z,CONSOLIDATED,2026-09-22T12:30:09.383Z
2026-01-16,US0937121079,Bloom Energy A,129.14,EUR,2026-01-16T21:58:45.000Z,CONSOLIDATED,2026-09-22T12:30:09.383Z
2026-01-19,US0937121079,Bloom Energy A,125.01,EUR,2026-01-19T21:02:01.000Z,CONSOLIDATED,2026-09-22T12:30:09.383Z
2026-01-20,US0937121079,Bloom Energy A,129.45,EUR,2026-01-20T21:59:48.000Z,CONSOLIDATED,2026-09-22T12:30:09.383Z
2026-01-21,US0937121079,Bloom Energy A,129.22,EUR,2026-01-21T21:59:49.000Z,CONSOLIDATED,2026-09-22T12:30:09.383Z
2026-01-22,US0937121079,Bloom Energy A,123.11,EUR,2026-01-22T21:59:20.000Z,CONSOLIDATED,2026-09-22T12:30:09.383Z
2026-01-23,US0937121079,Bloom Energy A,122.16,EUR,2026-01-23T21:59:25.000Z,CONSOLIDATED,2026-09-22T12:30:09.383Z
2026-01-26,US0937121079,Bloom Energy A,116.84,EUR,2026-01-26T21:59:26.000Z,CONSOLIDATED,2026-09-22T12:30:09.383Z
2026-01-27,US0937121079,Bloom Energy A,126.83,EUR,2026-01-27T21:59:44.000Z,CONSOLIDATED,2026-09-22T12:30:09.383Z
2026-01-28,US0937121079,Bloom Energy A,139.31,EUR,2026-01-28T21:59:57.000Z,CONSOLIDATED,2026-09-22T12:30:09.383Z
2026-01-29,US0937121079,Bloom Energy A,130,EUR,2026-01-29T21:59:56.000Z,CONSOLIDATED,2026-09-22T12:30:09.383Z
2026-01-30,US0937121079,Bloom Energy A,127.49,EUR,2026-01-30T21:59:57.000Z,CONSOLIDATED,2026-09-22T12:30:09.383Z
2026-02-02,US0937121079,Bloom Energy A,133.31,EUR,2026-02-02T21:59:47.000Z,CONSOLIDATED,2026-09-22T12:30:09.383Z
2026-02-03,US0937121079,Bloom Energy A,141.92,EUR,2026-02-03T21:59:57.000Z,CONSOLIDATED,2026-09-22T12:30:09.383Z
2026-02-04,US0937121079,Bloom Energy A,129.22,EUR,2026-02-04T21:59:57.000Z,CONSOLIDATED,2026-09-22T12:30:09.383Z
2026-02-05,US0937121079,Bloom Energy A,128.42,EUR,2026-02-05T21:59:40.000Z,CONSOLIDATED,2026-09-22T12:30:09.383Z
2026-02-06,US0937121079,Bloom Energy A,121.53,EUR,2026-02-06T21:59:44.000Z,CONSOLIDATED,2026-09-22T12:30:09.383Z
2026-02-09,US0937121079,Bloom Energy A,131.02,EUR,2026-02-09T21:59:58.000Z,CONSOLIDATED,2026-09-22T12:30:09.383Z
2026-02-10,US0937121079,Bloom Energy A,124.55,EUR,2026-02-10T21:59:56.000Z,CONSOLIDATED,2026-09-22T12:30:09.383Z
2026-02-11,US0937121079,Bloom Energy A,130.61,EUR,2026-02-11T21:59:58.000Z,CONSOLIDATED,2026-09-22T12:30:09.383Z
2026-02-12,US0937121079,Bloom Energy A,117.68,EUR,2026-02-12T21:59:49.000Z,CONSOLIDATED,2026-09-22T12:30:09.383Z
2026-02-13,US0937121079,Bloom Energy A,116.76,EUR,2026-02-13T21:59:55.000Z,CONSOLIDATED,2026-09-22T12:30:09.383Z
2026-02-16,US0937121079,Bloom Energy A,120,EUR,2026-02-16T21:59:17.000Z,CONSOLIDATED,2026-09-22T12:30:09.383Z
2026-02-17,US0937121079,Bloom Energy A,122.08,EUR,2026-02-17T21:59:53.000Z,CONSOLIDATED,2026-09-22T12:30:09.383Z
2026-02-18,US0937121079,Bloom Energy A,133.06,EUR,2026-02-18T21:59:58.000Z,CONSOLIDATED,2026-09-22T12:30:09.383Z
2026-02-19,US0937121079,Bloom Energy A,134.98,EUR,2026-02-19T21:59:52.000Z,CONSOLIDATED,2026-09-22T12:30:09.383Z
2026-02-20,US0937121079,Bloom Energy A,125.53,EUR,2026-02-20T21:59:21.000Z,CONSOLIDATED,2026-09-22T12:30:09.383Z
2026-02-23,US0937121079,Bloom Energy A,135.4,EUR,2026-02-23T21:59:59.000Z,CONSOLIDATED,2026-09-22T12:30:09.383Z
2026-02-24,US0937121079,Bloom Energy A,141.13,EUR,2026-02-24T21:59:19.000Z,CONSOLIDATED,2026-09-22T12:30:09.383Z
2026-02-25,US0937121079,Bloom Energy A,150.03,EUR,2026-02-25T21:59:57.000Z,CONSOLIDATED,2026-09-22T12:30:09.383Z
2026-02-26,US0937121079,Bloom Energy A,141.97,EUR,2026-02-26T21:59:45.000Z,CONSOLIDATED,2026-09-22T12:30:09.383Z
2026-02-27,US0937121079,Bloom Energy A,131.45,EUR,2026-02-27T21:59:57.000Z,CONSOLIDATED,2026-09-22T12:30:09.383Z
2026-03-02,US0937121079,Bloom Energy A,141.59,EUR,2026-03-02T21:59:55.000Z,CONSOLIDATED,2026-09-22T12:30:09.383Z
2026-03-03,US0937121079,Bloom Energy A,130.9,EUR,2026-03-03T21:59:56.000Z,CONSOLIDATED,2026-09-22T12:30:09.383Z
2026-03-04,US0937121079,Bloom Energy A,141.34,EUR,2026-03-04T21:59:58.000Z,CONSOLIDATED,2026-09-22T12:30:09.383Z
2026-03-05,US0937121079,Bloom Energy A,136.68,EUR,2026-03-05T21:59:54.000Z,CONSOLIDATED,2026-09-22T12:30:09.383Z
2026-03-06,US0937121079,Bloom Energy A,118.47,EUR,2026-03-06T21:59:58.000Z,CONSOLIDATED,2026-09-22T12:30:09.383Z
2026-03-09,US0937121079,Bloom Energy A,129.69,EUR,2026-03-09T21:59:59.000Z,CONSOLIDATED,2026-09-22T12:30:09.383Z
2026-03-10,US0937121079,Bloom Energy A,134.27,EUR,2026-03-10T21:59:02.000Z,CONSOLIDATED,2026-09-22T12:30:09.383Z
2026-03-11,US0937121079,Bloom Energy A,137.44,EUR,2026-03-11T21:59:51.000Z,CONSOLIDATED,2026-09-22T12:30:09.383Z
2026-03-12,US0937121079,Bloom Energy A,136.47,EUR,2026-03-12T21:58:43.000Z,CONSOLIDATED,2026-09-22T12:30:09.383Z
2026-03-13,US0937121079,Bloom Energy A,134.76,EUR,2026-03-13T21:59:48.000Z,CONSOLIDATED,2026-09-22T12:30:09.383Z
2026-03-16,US0937121079,Bloom Energy A,133.54,EUR,2026-03-16T21:59:38.000Z,CONSOLIDATED,2026-09-22T12:30:09.383Z
2026-03-17,US0937121079,Bloom Energy A,138.42,EUR,2026-03-17T21:59:50.000Z,CONSOLIDATED,2026-09-22T12:30:09.383Z
2026-03-18,US0937121079,Bloom Energy A,136.41,EUR,2026-03-18T21:59:51.000Z,CONSOLIDATED,2026-09-22T12:30:09.383Z
2026-03-19,US0937121079,Bloom Energy A,144.41,EUR,2026-03-19T21:59:53.000Z,CONSOLIDATED,2026-09-22T12:30:09.383Z
2026-03-20,US0937121079,Bloom Energy A,131.46,EUR,2026-03-20T21:59:56.000Z,CONSOLIDATED,2026-09-22T12:30:09.383Z
2026-03-23,US0937121079,Bloom Energy A,122.44,EUR,2026-03-23T21:59:50.000Z,CONSOLIDATED,2026-09-22T12:30:09.383Z
2026-03-24,US0937121079,Bloom Energy A,126.69,EUR,2026-03-24T21:59:50.000Z,CONSOLIDATED,2026-09-22T12:30:09.383Z
2026-03-25,US0937121079,Bloom Energy A,129.42,EUR,2026-03-25T21:56:41.000Z,CONSOLIDATED,2026-09-22T12:30:09.383Z
2026-03-26,US0937121079,Bloom Energy A,117.47,EUR,2026-03-26T21:59:49.000Z,CONSOLIDATED,2026-09-22T12:30:09.383Z
2026-03-27,US0937121079,Bloom Energy A,115.22,EUR,2026-03-27T21:59:04.000Z,CONSOLIDATED,2026-09-22T12:30:09.383Z
2026-03-30,US0937121079,Bloom Energy A,102,EUR,2026-03-30T20:59:54.000Z,CONSOLIDATED,2026-09-22T12:30:09.383Z
2026-03-31,US0937121079,Bloom Energy A,117.1,EUR,2026-03-31T20:59:49.000Z,CONSOLIDATED,2026-09-22T12:30:09.383Z
2026-04-01,US0937121079,Bloom Energy A,114.6,EUR,2026-04-01T20:59:58.000Z,CONSOLIDATED,2026-09-22T12:30:09.383Z
2026-04-02,US0937121079,Bloom Energy A,117.89,EUR,2026-04-02T20:59:38.000Z,CONSOLIDATED,2026-09-22T12:30:09.383Z
2026-04-07,US0937121079,Bloom Energy A,117.6,EUR,2026-04-07T20:58:22.000Z,CONSOLIDATED,2026-09-22T12:30:09.383Z
2026-04-08,US0937121079,Bloom Energy A,125.1,EUR,2026-04-08T20:58:36.000Z,CONSOLIDATED,2026-09-22T12:30:09.383Z
2026-04-09,US0937121079,Bloom Energy A,136.84,EUR,2026-04-09T20:59:31.000Z,CONSOLIDATED,2026-09-22T12:30:09.383Z
2026-04-10,US0937121079,Bloom Energy A,142.14,EUR,2026-04-10T20:59:18.000Z,CONSOLIDATED,2026-09-22T12:30:09.383Z
2026-04-13,US0937121079,Bloom Energy A,150.32,EUR,2026-04-13T20:59:56.000Z,CONSOLIDATED,2026-09-22T12:30:09.383Z
2026-04-14,US0937121079,Bloom Energy A,185.16,EUR,2026-04-14T20:59:24.000Z,CONSOLIDATED,2026-09-22T12:30:09.383Z
2026-04-15,US0937121079,Bloom Energy A,181.17,EUR,2026-04-15T20:59:36.000Z,CONSOLIDATED,2026-09-22T12:30:09.383Z
2026-04-16,US0937121079,Bloom Energy A,178.16,EUR,2026-04-16T20:57:12.000Z,CONSOLIDATED,2026-09-22T12:30:09.383Z
2026-04-17,US0937121079,Bloom Energy A,176.5,EUR,2026-04-17T20:59:48.000Z,CONSOLIDATED,2026-09-22T12:30:09.383Z
2026-04-20,US0937121079,Bloom Energy A,185.2,EUR,2026-04-20T20:59:58.000Z,CONSOLIDATED,2026-09-22T12:30:09.383Z
2026-04-21,US0937121079,Bloom Energy A,191.3,EUR,2026-04-21T20:59:56.000Z,CONSOLIDATED,2026-09-22T12:30:09.383Z
2026-04-22,US0937121079,Bloom Energy A,195.7,EUR,2026-04-22T20:59:44.000Z,CONSOLIDATED,2026-09-22T12:30:09.383Z
2026-04-23,US0937121079,Bloom Energy A,203.05,EUR,2026-04-23T20:59:02.000Z,CONSOLIDATED,2026-09-22T12:30:09.383Z
2026-04-24,US0937121079,Bloom Energy A,198.08,EUR,2026-04-24T20:59:56.000Z,CONSOLIDATED,2026-09-22T12:30:09.383Z
2026-04-27,US0937121079,Bloom Energy A,205.775,EUR,2026-04-27T20:59:59.000Z,CONSOLIDATED,2026-09-22T12:30:09.383Z
2026-04-28,US0937121079,Bloom Energy A,217.4,EUR,2026-04-28T20:59:56.000Z,CONSOLIDATED,2026-09-22T12:30:09.383Z
2026-04-29,US0937121079,Bloom Energy A,245.325,EUR,2026-04-29T20:59:57.000Z,CONSOLIDATED,2026-09-22T12:30:09.383Z
2026-04-30,US0937121079,Bloom Energy A,238.6,EUR,2026-04-30T20:59:35.000Z,CONSOLIDATED,2026-09-22T12:30:09.383Z
2026-05-04,US0937121079,Bloom Energy A,245.8,EUR,2026-05-04T20:58:22.000Z,CONSOLIDATED,2026-09-22T12:30:09.383Z
2026-05-05,US0937121079,Bloom Energy A,251.5,EUR,2026-05-05T20:59:41.000Z,CONSOLIDATED,2026-09-22T12:30:09.383Z
2026-05-06,US0937121079,Bloom Energy A,242.9,EUR,2026-05-06T20:59:55.000Z,CONSOLIDATED,2026-09-22T12:30:09.383Z
2026-05-07,US0937121079,Bloom Energy A,221.775,EUR,2026-05-07T20:59:53.000Z,CONSOLIDATED,2026-09-22T12:30:09.383Z
2026-05-08,US0937121079,Bloom Energy A,222.425,EUR,2026-05-08T20:59:45.000Z,CONSOLIDATED,2026-09-22T12:30:09.383Z
2026-05-11,US0937121079,Bloom Energy A,242.75,EUR,2026-05-11T20:59:51.000Z,CONSOLIDATED,2026-09-22T12:30:09.383Z
2026-05-12,US0937121079,Bloom Energy A,237.75,EUR,2026-05-12T20:59:55.000Z,CONSOLIDATED,2026-09-22T12:30:09.383Z
2026-05-13,US0937121079,Bloom Energy A,248.7,EUR,2026-05-13T20:59:57.000Z,CONSOLIDATED,2026-09-22T12:30:09.383Z
2026-05-14,US0937121079,Bloom Energy A,257.7,EUR,2026-05-14T20:59:44.000Z,CONSOLIDATED,2026-09-22T12:30:09.383Z
2026-05-15,US0937121079,Bloom Energy A,238.225,EUR,2026-05-15T20:59:58.000Z,CONSOLIDATED,2026-09-22T12:30:09.383Z
2026-05-18,US0937121079,Bloom Energy A,222.025,EUR,2026-05-18T20:59:57.000Z,CONSOLIDATED,2026-09-22T12:30:09.383Z
2026-05-19,US0937121079,Bloom Energy A,225.225,EUR,2026-05-19T20:57:34.000Z,CONSOLIDATED,2026-09-22T12:30:09.383Z
2026-05-20,US0937121079,Bloom Energy A,243.875,EUR,2026-05-20T20:59:44.000Z,CONSOLIDATED,2026-09-22T12:30:09.383Z
2026-05-21,US0937121079,Bloom Energy A,266.4,EUR,2026-05-21T20:57:06.000Z,CONSOLIDATED,2026-09-22T12:30:09.383Z
2026-05-22,US0937121079,Bloom Energy A,259.075,EUR,2026-05-22T20:59:56.000Z,CONSOLIDATED,2026-09-22T12:30:09.383Z
2026-05-25,US0937121079,Bloom Energy A,272.75,EUR,2026-05-25T20:56:47.000Z,CONSOLIDATED,2026-09-22T12:30:09.383Z
2026-05-26,US0937121079,Bloom Energy A,259.875,EUR,2026-05-26T20:59:51.000Z,CONSOLIDATED,2026-09-22T12:30:09.383Z
2026-05-27,US0937121079,Bloom Energy A,253.525,EUR,2026-05-27T20:59:34.000Z,CONSOLIDATED,2026-09-22T12:30:09.383Z
2026-05-28,US0937121079,Bloom Energy A,243.9,EUR,2026-05-28T20:59:57.000Z,CONSOLIDATED,2026-09-22T12:30:09.383Z
2026-05-29,US0937121079,Bloom Energy A,243,EUR,2026-05-29T20:59:57.000Z,CONSOLIDATED,2026-09-22T12:30:09.383Z
2026-06-01,US0937121079,Bloom Energy A,235.5,EUR,2026-06-01T20:59:39.000Z,CONSOLIDATED,2026-09-22T12:30:09.383Z
2026-06-02,US0937121079,Bloom Energy A,260.75,EUR,2026-06-02T20:59:35.000Z,CONSOLIDATED,2026-09-22T12:30:09.383Z
2026-06-03,US0937121079,Bloom Energy A,244.5,EUR,2026-06-03T20:59:43.000Z,CONSOLIDATED,2026-09-22T12:30:09.383Z
2026-06-04,US0937121079,Bloom Energy A,249.225,EUR,2026-06-04T20:59:56.000Z,CONSOLIDATED,2026-09-22T12:30:09.383Z
2026-06-05,US0937121079,Bloom Energy A,227.775,EUR,2026-06-05T20:59:30.000Z,CONSOLIDATED,2026-09-22T12:30:09.383Z
2026-06-08,US0937121079,Bloom Energy A,219.8,EUR,2026-06-08T20:59:52.000Z,CONSOLIDATED,2026-09-22T12:30:09.383Z
2026-06-09,US0937121079,Bloom Energy A,225.75,EUR,2026-06-09T20:59:39.000Z,CONSOLIDATED,2026-09-22T12:30:09.383Z
2026-06-10,US0937121079,Bloom Energy A,200.9,EUR,2026-06-10T20:59:58.000Z,CONSOLIDATED,2026-09-22T12:30:09.383Z
2026-06-11,US0937121079,Bloom Energy A,216.75,EUR,2026-06-11T20:59:57.000Z,CONSOLIDATED,2026-09-22T12:30:09.383Z
2026-06-12,US0937121079,Bloom Energy A,224.9,EUR,2026-06-12T20:58:58.000Z,CONSOLIDATED,2026-09-22T12:30:09.383Z
2026-06-15,US0937121079,Bloom Energy A,237.3,EUR,2026-06-15T20:58:14.000Z,CONSOLIDATED,2026-09-22T12:30:09.383Z
2026-06-16,US0937121079,Bloom Energy A,242.8,EUR,2026-06-16T20:58:43.000Z,CONSOLIDATED,2026-09-22T12:30:09.383Z
2026-06-17,US0937121079,Bloom Energy A,249.875,EUR,2026-06-17T20:59:58.000Z,CONSOLIDATED,2026-09-22T12:30:09.383Z
2026-06-18,US0937121079,Bloom Energy A,285.825,EUR,2026-06-18T20:59:58.000Z,CONSOLIDATED,2026-09-22T12:30:09.383Z
2026-06-19,US0937121079,Bloom Energy A,281.675,EUR,2026-06-19T20:47:52.000Z,CONSOLIDATED,2026-09-22T12:30:09.383Z
2026-06-22,US0937121079,Bloom Energy A,302.7,EUR,2026-06-22T20:59:26.000Z,CONSOLIDATED,2026-09-22T12:30:09.383Z
2026-06-23,US0937121079,Bloom Energy A,283.6,EUR,2026-06-23T20:58:06.000Z,CONSOLIDATED,2026-09-22T12:30:09.383Z
2026-06-24,US0937121079,Bloom Energy A,298.575,EUR,2026-06-24T20:59:48.000Z,CONSOLIDATED,2026-09-22T12:30:09.383Z
2026-06-25,US0937121079,Bloom Energy A,272,EUR,2026-06-25T20:59:53.000Z,CONSOLIDATED,2026-09-22T12:30:09.383Z
2026-06-26,US0937121079,Bloom Energy A,226.1,EUR,2026-06-26T20:59:49.000Z,CONSOLIDATED,2026-09-22T12:30:09.383Z
2026-06-29,US0937121079,Bloom Energy A,241.65,EUR,2026-06-29T20:59:57.000Z,CONSOLIDATED,2026-09-22T12:30:09.383Z
2026-06-30,US0937121079,Bloom Energy A,295.6,EUR,2026-06-30T20:59:32.000Z,CONSOLIDATED,2026-09-22T12:30:09.383Z
2026-07-01,US0937121079,Bloom Energy A,256.8,EUR,2026-07-01T20:58:26.000Z,CONSOLIDATED,2026-09-22T12:30:09.383Z
2026-07-02,US0937121079,Bloom Energy A,236.575,EUR,2026-07-02T20:59:39.000Z,CONSOLIDATED,2026-09-22T12:30:09.383Z
2026-07-03,US0937121079,Bloom Energy A,246.05,EUR,2026-07-03T20:44:50.000Z,CONSOLIDATED,2026-09-22T12:30:09.383Z
2026-07-06,US0937121079,Bloom Energy A,257.6,EUR,2026-07-06T20:57:46.000Z,CONSOLIDATED,2026-09-22T12:30:09.383Z
2026-07-07,US0937121079,Bloom Energy A,237.1,EUR,2026-07-07T20:59:54.000Z,CONSOLIDATED,2026-09-22T12:30:09.383Z
2026-07-08,US0937121079,Bloom Energy A,221.35,EUR,2026-07-08T20:59:35.000Z,CONSOLIDATED,2026-09-22T12:30:09.383Z
2026-07-09,US0937121079,Bloom Energy A,224.75,EUR,2026-07-09T20:59:38.000Z,CONSOLIDATED,2026-09-22T12:30:09.383Z
2026-07-10,US0937121079,Bloom Energy A,214.5,EUR,2026-07-10T20:59:12.000Z,CONSOLIDATED,2026-09-22T12:30:09.383Z
2026-07-13,US0937121079,Bloom Energy A,203.75,EUR,2026-07-13T20:59:47.000Z,CONSOLIDATED,2026-09-22T12:30:09.383Z
2026-07-14,US0937121079,Bloom Energy A,214,EUR,2026-07-14T20:59:34.000Z,CONSOLIDATED,2026-09-22T12:30:09.383Z
2026-07-15,US0937121079,Bloom Energy A,207.25,EUR,2026-07-15T20:59:57.000Z,CONSOLIDATED,2026-09-22T12:30:09.383Z
2026-07-16,US0937121079,Bloom Energy A,182.05,EUR,2026-07-16T20:59:42.000Z,CONSOLIDATED,2026-09-22T12:30:09.383Z
2026-07-17,US0937121079,Bloom Energy A,187.65,EUR,2026-07-17T20:59:56.000Z,CONSOLIDATED,2026-09-22T12:30:09.383Z
2026-07-20,US0937121079,Bloom Energy A,174.5,EUR,2026-07-20T20:59:57.000Z,CONSOLIDATED,2026-09-22T12:30:09.383Z
2026-07-21,US0937121079,Bloom Energy A,199.48,EUR,2026-07-21T20:59:46.000Z,CONSOLIDATED,2026-09-22T12:30:09.383Z
2026-07-22,US0937121079,Bloom Energy A,192.36,EUR,2026-07-22T20:59:40.000Z,CONSOLIDATED,2026-09-22T12:30:09.383Z
2026-07-23,US0937121079,Bloom Energy A,193.35,EUR,2026-07-23T20:59:55.000Z,CONSOLIDATED,2026-09-22T12:30:09.383Z
2026-07-24,US0937121079,Bloom Energy A,165.45,EUR,2026-07-24T20:59:58.000Z,CONSOLIDATED,2026-09-22T12:30:09.383Z
2026-07-27,US0937121079,Bloom Energy A,166.1,EUR,2026-07-27T20:59:52.000Z,CONSOLIDATED,2026-09-22T12:30:09.383Z
2026-07-28,US0937121079,Bloom Energy A,161.8,EUR,2026-07-28T20:59:57.000Z,CONSOLIDATED,2026-09-22T12:30:09.383Z
2026-07-29,US0937121079,Bloom Energy A,139.9,EUR,2026-07-29T20:59:55.000Z,CONSOLIDATED,2026-09-22T12:30:09.383Z
2026-07-30,US0937121079,Bloom Energy A,189.54,EUR,2026-07-30T20:59:56.000Z,CONSOLIDATED,2026-09-22T12:30:09.383Z
2026-07-31,US0937121079,Bloom Energy A,179.31,EUR,2026-07-31T20:59:56.000Z,CONSOLIDATED,2026-09-22T12:30:09.383Z
2026-08-03,US0937121079,Bloom Energy A,190.35,EUR,2026-08-03T20:59:35.000Z,CONSOLIDATED,2026-09-22T12:30:09.383Z
2026-08-04,US0937121079,Bloom Energy A,195.44,EUR,2026-08-04T20:59:58.000Z,CONSOLIDATED,2026-09-22T12:30:09.383Z
2026-08-05,US0937121079,Bloom Energy A,200.9,EUR,2026-08-05T20:59:43.000Z,CONSOLIDATED,2026-09-22T12:30:09.383Z
2026-08-06,US0937121079,Bloom Energy A,200.625,EUR,2026-08-06T20:59:57.000Z,CONSOLIDATED,2026-09-22T12:30:09.383Z
2026-08-07,US0937121079,Bloom Energy A,189.45,EUR,2026-08-07T20:59:51.000Z,CONSOLIDATED,2026-09-22T12:30:09.383Z
2026-08-10,US0937121079,Bloom Energy A,183,EUR,2026-08-10T20:59:45.000Z,CONSOLIDATED,2026-09-22T12:30:09.383Z
2026-08-11,US0937121079,Bloom Energy A,183.76,EUR,2026-08-11T20:59:46.000Z,CONSOLIDATED,2026-09-22T12:30:09.383Z
2026-08-12,US0937121079,Bloom Energy A,206.025,EUR,2026-08-12T20:58:22.000Z,CONSOLIDATED,2026-09-22T12:30:09.383Z
2026-08-13,US0937121079,Bloom Energy A,206.175,EUR,2026-08-13T20:59:37.000Z,CONSOLIDATED,2026-09-22T12:30:09.383Z
2026-08-14,US0937121079,Bloom Energy A,198.43,EUR,2026-08-14T20:59:45.000Z,CONSOLIDATED,2026-09-22T12:30:09.383Z
2026-08-17,US0937121079,Bloom Energy A,201.225,EUR,2026-08-17T20:59:46.000Z,CONSOLIDATED,2026-09-22T12:30:09.383Z
2026-08-18,US0937121079,Bloom Energy A,180.58,EUR,2026-08-18T20:59:49.000Z,CONSOLIDATED,2026-09-22T12:30:09.383Z
2026-08-19,US0937121079,Bloom Energy A,177.03,EUR,2026-08-19T20:59:19.000Z,CONSOLIDATED,2026-09-22T12:30:09.383Z
2026-08-20,US0937121079,Bloom Energy A,173.27,EUR,2026-08-20T20:59:19.000Z,CONSOLIDATED,2026-09-22T12:30:09.383Z
2026-08-21,US0937121079,Bloom Energy A,172.17,EUR,2026-08-21T20:59:54.000Z,CONSOLIDATED,2026-09-22T12:30:09.383Z
2026-08-24,US0937121079,Bloom Energy A,175.14,EUR,2026-08-24T20:59:01.000Z,CONSOLIDATED,2026-09-22T12:30:09.383Z
2026-08-25,US0937121079,Bloom Energy A,186.2,EUR,2026-08-25T20:59:32.000Z,CONSOLIDATED,2026-09-22T12:30:09.383Z
2026-08-26,US0937121079,Bloom Energy A,190.15,EUR,2026-08-26T20:59:58.000Z,CONSOLIDATED,2026-09-22T12:30:09.383Z
2026-08-27,US0937121079,Bloom Energy A,186.63,EUR,2026-08-27T20:59:58.000Z,CONSOLIDATED,2026-09-22T12:30:09.383Z
2026-08-28,US0937121079,Bloom Energy A,182.23,EUR,2026-08-28T20:59:57.000Z,CONSOLIDATED,2026-09-22T12:30:09.383Z
2026-08-31,US0937121079,Bloom Energy A,177.5,EUR,2026-08-31T20:59:49.000Z,CONSOLIDATED,2026-09-22T12:30:09.383Z
2026-09-01,US0937121079,Bloom Energy A,183.26,EUR,2026-09-01T20:59:30.000Z,CONSOLIDATED,2026-09-22T12:30:09.383Z
2026-09-02,US0937121079,Bloom Energy A,186.55,EUR,2026-09-02T20:59:33.000Z,CONSOLIDATED,2026-09-22T12:30:09.383Z
2026-09-03,US0937121079,Bloom Energy A,201.725,EUR,2026-09-03T20:59:58.000Z,CONSOLIDATED,2026-09-22T12:30:09.383Z
2026-09-04,US0937121079,Bloom Energy A,215.575,EUR,2026-09-04T20:59:57.000Z,CONSOLIDATED,2026-09-22T12:30:09.383Z
2026-09-07,US0937121079,Bloom Energy A,235.075,EUR,2026-09-07T20:59:08.000Z,CONSOLIDATED,2026-09-22T12:30:09.383Z
2026-09-08,US0937121079,Bloom Energy A,237.625,EUR,2026-09-08T20:59:56.000Z,CONSOLIDATED,2026-09-22T12:30:09.383Z
2026-09-09,US0937121079,Bloom Energy A,230.825,EUR,2026-09-09T20:59:35.000Z,CONSOLIDATED,2026-09-22T12:30:09.383Z
2026-09-10,US0937121079,Bloom Energy A,222,EUR,2026-09-10T20:59:55.000Z,CONSOLIDATED,2026-09-22T12:30:09.383Z
2026-09-11,US0937121079,Bloom Energy A,237.525,EUR,2026-09-11T20:58:24.000Z,CONSOLIDATED,2026-09-22T12:30:09.383Z
2026-09-14,US0937121079,Bloom Energy A,223.325,EUR,2026-09-14T20:59:45.000Z,CONSOLIDATED,2026-09-22T12:30:09.383Z
2026-09-15,US0937121079,Bloom Energy A,225.075,EUR,2026-09-15T20:59:50.000Z,CONSOLIDATED,2026-09-22T12:30:09.383Z
2026-09-16,US0937121079,Bloom Energy A,236.05,EUR,2026-09-16T20:59:58.000Z,CONSOLIDATED,2026-09-22T12:30:09.383Z
2026-09-17,US0937121079,Bloom Energy A,244,EUR,2026-09-17T20:58:34.000Z,CONSOLIDATED,2026-09-22T12:30:09.383Z
2026-09-18,US0937121079,Bloom Energy A,232.425,EUR,2026-09-18T20:59:58.000Z,CONSOLIDATED,2026-09-22T12:30:09.383Z
2026-09-21,US0937121079,Bloom Energy A,237.175,EUR,2026-09-21T20:59:56.000Z,CONSOLIDATED,2026-09-22T12:30:09.383Z
2026-01-02,US11135F1012,Broadcom,296.5,EUR,2026-01-02T21:59:47.000Z,CONSOLIDATED,2026-09-22T12:30:08.546Z
2026-01-05,US11135F1012,Broadcom,292.475,EUR,2026-01-05T21:59:44.000Z,CONSOLIDATED,2026-09-22T12:30:08.546Z
2026-01-06,US11135F1012,Broadcom,294.65,EUR,2026-01-06T21:59:57.000Z,CONSOLIDATED,2026-09-22T12:30:08.546Z
2026-01-07,US11135F1012,Broadcom,294,EUR,2026-01-07T21:59:55.000Z,CONSOLIDATED,2026-09-22T12:30:08.546Z
2026-01-08,US11135F1012,Broadcom,285.125,EUR,2026-01-08T21:59:37.000Z,CONSOLIDATED,2026-09-22T12:30:08.546Z
2026-01-09,US11135F1012,Broadcom,296.075,EUR,2026-01-09T21:59:16.000Z,CONSOLIDATED,2026-09-22T12:30:08.546Z
2026-01-12,US11135F1012,Broadcom,301.825,EUR,2026-01-12T21:59:29.000Z,CONSOLIDATED,2026-09-22T12:30:08.546Z
2026-01-13,US11135F1012,Broadcom,304.375,EUR,2026-01-13T21:59:58.000Z,CONSOLIDATED,2026-09-22T12:30:08.546Z
2026-01-14,US11135F1012,Broadcom,290.5,EUR,2026-01-14T21:59:58.000Z,CONSOLIDATED,2026-09-22T12:30:08.546Z
2026-01-15,US11135F1012,Broadcom,294.425,EUR,2026-01-15T21:59:58.000Z,CONSOLIDATED,2026-09-22T12:30:08.546Z
2026-01-16,US11135F1012,Broadcom,302.8,EUR,2026-01-16T21:59:43.000Z,CONSOLIDATED,2026-09-22T12:30:08.546Z
2026-01-19,US11135F1012,Broadcom,295.975,EUR,2026-01-19T21:51:55.000Z,CONSOLIDATED,2026-09-22T12:30:08.546Z
2026-01-20,US11135F1012,Broadcom,285.125,EUR,2026-01-20T21:59:39.000Z,CONSOLIDATED,2026-09-22T12:30:08.546Z
2026-01-21,US11135F1012,Broadcom,282.05,EUR,2026-01-21T21:59:46.000Z,CONSOLIDATED,2026-09-22T12:30:08.546Z
2026-01-22,US11135F1012,Broadcom,277.175,EUR,2026-01-22T21:59:58.000Z,CONSOLIDATED,2026-09-22T12:30:08.546Z
2026-01-23,US11135F1012,Broadcom,270.5,EUR,2026-01-23T21:59:10.000Z,CONSOLIDATED,2026-09-22T12:30:08.546Z
2026-01-26,US11135F1012,Broadcom,273.5,EUR,2026-01-26T21:59:18.000Z,CONSOLIDATED,2026-09-22T12:30:08.546Z
2026-01-27,US11135F1012,Broadcom,277.075,EUR,2026-01-27T21:59:57.000Z,CONSOLIDATED,2026-09-22T12:30:08.546Z
2026-01-28,US11135F1012,Broadcom,279.9,EUR,2026-01-28T21:59:57.000Z,CONSOLIDATED,2026-09-22T12:30:08.546Z
2026-01-29,US11135F1012,Broadcom,275.675,EUR,2026-01-29T21:59:56.000Z,CONSOLIDATED,2026-09-22T12:30:08.546Z
2026-01-30,US11135F1012,Broadcom,279.45,EUR,2026-01-30T21:59:58.000Z,CONSOLIDATED,2026-09-22T12:30:08.546Z
2026-02-02,US11135F1012,Broadcom,283.1,EUR,2026-02-02T21:59:46.000Z,CONSOLIDATED,2026-09-22T12:30:08.546Z
2026-02-03,US11135F1012,Broadcom,268.35,EUR,2026-02-03T21:59:56.000Z,CONSOLIDATED,2026-09-22T12:30:08.546Z
2026-02-04,US11135F1012,Broadcom,275.275,EUR,2026-02-04T21:59:50.000Z,CONSOLIDATED,2026-09-22T12:30:08.546Z
2026-02-05,US11135F1012,Broadcom,258.9,EUR,2026-02-05T21:59:58.000Z,CONSOLIDATED,2026-09-22T12:30:08.546Z
2026-02-06,US11135F1012,Broadcom,281.35,EUR,2026-02-06T21:59:39.000Z,CONSOLIDATED,2026-09-22T12:30:08.546Z
2026-02-09,US11135F1012,Broadcom,289.75,EUR,2026-02-09T21:59:58.000Z,CONSOLIDATED,2026-09-22T12:30:08.546Z
2026-02-10,US11135F1012,Broadcom,286.6,EUR,2026-02-10T21:59:58.000Z,CONSOLIDATED,2026-09-22T12:30:08.546Z
2026-02-11,US11135F1012,Broadcom,288.75,EUR,2026-02-11T21:59:28.000Z,CONSOLIDATED,2026-09-22T12:30:08.546Z
2026-02-12,US11135F1012,Broadcom,279.9,EUR,2026-02-12T21:59:39.000Z,CONSOLIDATED,2026-09-22T12:30:08.546Z
2026-02-13,US11135F1012,Broadcom,274,EUR,2026-02-13T21:59:55.000Z,CONSOLIDATED,2026-09-22T12:30:08.546Z
2026-02-16,US11135F1012,Broadcom,275.2,EUR,2026-02-16T21:59:17.000Z,CONSOLIDATED,2026-09-22T12:30:08.546Z
2026-02-17,US11135F1012,Broadcom,277.875,EUR,2026-02-17T21:59:54.000Z,CONSOLIDATED,2026-09-22T12:30:08.546Z
2026-02-18,US11135F1012,Broadcom,282.4,EUR,2026-02-18T21:59:58.000Z,CONSOLIDATED,2026-09-22T12:30:08.546Z
2026-02-19,US11135F1012,Broadcom,283.125,EUR,2026-02-19T21:59:56.000Z,CONSOLIDATED,2026-09-22T12:30:08.546Z
2026-02-20,US11135F1012,Broadcom,282.325,EUR,2026-02-20T21:59:22.000Z,CONSOLIDATED,2026-09-22T12:30:08.546Z
2026-02-23,US11135F1012,Broadcom,279.925,EUR,2026-02-23T21:59:58.000Z,CONSOLIDATED,2026-09-22T12:30:08.546Z
2026-02-24,US11135F1012,Broadcom,275.725,EUR,2026-02-24T21:59:53.000Z,CONSOLIDATED,2026-09-22T12:30:08.546Z
2026-02-25,US11135F1012,Broadcom,282.825,EUR,2026-02-25T21:59:58.000Z,CONSOLIDATED,2026-09-22T12:30:08.546Z
2026-02-26,US11135F1012,Broadcom,269.1,EUR,2026-02-26T21:59:56.000Z,CONSOLIDATED,2026-09-22T12:30:08.546Z
2026-02-27,US11135F1012,Broadcom,269.95,EUR,2026-02-27T21:59:58.000Z,CONSOLIDATED,2026-09-22T12:30:08.546Z
2026-03-02,US11135F1012,Broadcom,271.475,EUR,2026-03-02T21:59:57.000Z,CONSOLIDATED,2026-09-22T12:30:08.546Z
2026-03-03,US11135F1012,Broadcom,269.625,EUR,2026-03-03T21:59:56.000Z,CONSOLIDATED,2026-09-22T12:30:08.546Z
2026-03-04,US11135F1012,Broadcom,274.075,EUR,2026-03-04T21:59:56.000Z,CONSOLIDATED,2026-09-22T12:30:08.546Z
2026-03-05,US11135F1012,Broadcom,285.175,EUR,2026-03-05T21:59:57.000Z,CONSOLIDATED,2026-09-22T12:30:08.546Z
2026-03-06,US11135F1012,Broadcom,285.3,EUR,2026-03-06T21:59:52.000Z,CONSOLIDATED,2026-09-22T12:30:08.546Z
2026-03-09,US11135F1012,Broadcom,296.275,EUR,2026-03-09T21:59:59.000Z,CONSOLIDATED,2026-09-22T12:30:08.546Z
2026-03-10,US11135F1012,Broadcom,296.1,EUR,2026-03-10T21:59:57.000Z,CONSOLIDATED,2026-09-22T12:30:08.546Z
2026-03-11,US11135F1012,Broadcom,294.55,EUR,2026-03-11T21:59:57.000Z,CONSOLIDATED,2026-09-22T12:30:08.546Z
2026-03-12,US11135F1012,Broadcom,291.525,EUR,2026-03-12T21:54:55.000Z,CONSOLIDATED,2026-09-22T12:30:08.546Z
2026-03-13,US11135F1012,Broadcom,281.9,EUR,2026-03-13T21:59:39.000Z,CONSOLIDATED,2026-09-22T12:30:08.546Z
2026-03-16,US11135F1012,Broadcom,282.275,EUR,2026-03-16T21:59:59.000Z,CONSOLIDATED,2026-09-22T12:30:08.546Z
2026-03-17,US11135F1012,Broadcom,278.075,EUR,2026-03-17T21:59:58.000Z,CONSOLIDATED,2026-09-22T12:30:08.546Z
2026-03-18,US11135F1012,Broadcom,275.2,EUR,2026-03-18T21:59:47.000Z,CONSOLIDATED,2026-09-22T12:30:08.546Z
2026-03-19,US11135F1012,Broadcom,276.775,EUR,2026-03-19T21:59:52.000Z,CONSOLIDATED,2026-09-22T12:30:08.546Z
2026-03-20,US11135F1012,Broadcom,270.425,EUR,2026-03-20T21:59:40.000Z,CONSOLIDATED,2026-09-22T12:30:08.546Z
2026-03-23,US11135F1012,Broadcom,277.7,EUR,2026-03-23T21:58:19.000Z,CONSOLIDATED,2026-09-22T12:30:08.546Z
2026-03-24,US11135F1012,Broadcom,276.1,EUR,2026-03-24T21:59:48.000Z,CONSOLIDATED,2026-09-22T12:30:08.546Z
2026-03-25,US11135F1012,Broadcom,275.625,EUR,2026-03-25T21:59:31.000Z,CONSOLIDATED,2026-09-22T12:30:08.546Z
2026-03-26,US11135F1012,Broadcom,269.275,EUR,2026-03-26T21:59:56.000Z,CONSOLIDATED,2026-09-22T12:30:08.546Z
2026-03-27,US11135F1012,Broadcom,260.6,EUR,2026-03-27T21:59:57.000Z,CONSOLIDATED,2026-09-22T12:30:08.546Z
2026-03-30,US11135F1012,Broadcom,255.7,EUR,2026-03-30T20:59:58.000Z,CONSOLIDATED,2026-09-22T12:30:08.546Z
2026-03-31,US11135F1012,Broadcom,267.5,EUR,2026-03-31T20:59:56.000Z,CONSOLIDATED,2026-09-22T12:30:08.546Z
2026-04-01,US11135F1012,Broadcom,269.55,EUR,2026-04-01T20:59:58.000Z,CONSOLIDATED,2026-09-22T12:30:08.546Z
2026-04-02,US11135F1012,Broadcom,272.525,EUR,2026-04-02T20:59:56.000Z,CONSOLIDATED,2026-09-22T12:30:08.546Z
2026-04-07,US11135F1012,Broadcom,289.65,EUR,2026-04-07T20:59:59.000Z,CONSOLIDATED,2026-09-22T12:30:08.546Z
2026-04-08,US11135F1012,Broadcom,300.45,EUR,2026-04-08T20:59:56.000Z,CONSOLIDATED,2026-09-22T12:30:08.546Z
2026-04-09,US11135F1012,Broadcom,303.225,EUR,2026-04-09T20:59:57.000Z,CONSOLIDATED,2026-09-22T12:30:08.546Z
2026-04-10,US11135F1012,Broadcom,317.35,EUR,2026-04-10T20:59:57.000Z,CONSOLIDATED,2026-09-22T12:30:08.546Z
2026-04-13,US11135F1012,Broadcom,322.85,EUR,2026-04-13T20:59:58.000Z,CONSOLIDATED,2026-09-22T12:30:08.546Z
2026-04-14,US11135F1012,Broadcom,322.8,EUR,2026-04-14T20:59:17.000Z,CONSOLIDATED,2026-09-22T12:30:08.546Z
2026-04-15,US11135F1012,Broadcom,333.925,EUR,2026-04-15T20:58:29.000Z,CONSOLIDATED,2026-09-22T12:30:08.546Z
2026-04-16,US11135F1012,Broadcom,338.05,EUR,2026-04-16T20:59:06.000Z,CONSOLIDATED,2026-09-22T12:30:08.546Z
2026-04-17,US11135F1012,Broadcom,345.375,EUR,2026-04-17T20:59:48.000Z,CONSOLIDATED,2026-09-22T12:30:08.546Z
2026-04-20,US11135F1012,Broadcom,339.25,EUR,2026-04-20T20:59:58.000Z,CONSOLIDATED,2026-09-22T12:30:08.546Z
2026-04-21,US11135F1012,Broadcom,343.325,EUR,2026-04-21T20:59:58.000Z,CONSOLIDATED,2026-09-22T12:30:08.546Z
2026-04-22,US11135F1012,Broadcom,360.55,EUR,2026-04-22T20:59:57.000Z,CONSOLIDATED,2026-09-22T12:30:08.546Z
2026-04-23,US11135F1012,Broadcom,360.425,EUR,2026-04-23T20:59:54.000Z,CONSOLIDATED,2026-09-22T12:30:08.546Z
2026-04-24,US11135F1012,Broadcom,360.175,EUR,2026-04-24T20:59:55.000Z,CONSOLIDATED,2026-09-22T12:30:08.546Z
2026-04-27,US11135F1012,Broadcom,356.25,EUR,2026-04-27T20:59:22.000Z,CONSOLIDATED,2026-09-22T12:30:08.546Z
2026-04-28,US11135F1012,Broadcom,341.65,EUR,2026-04-28T20:59:54.000Z,CONSOLIDATED,2026-09-22T12:30:08.546Z
2026-04-29,US11135F1012,Broadcom,349.85,EUR,2026-04-29T20:59:58.000Z,CONSOLIDATED,2026-09-22T12:30:08.546Z
2026-04-30,US11135F1012,Broadcom,352.675,EUR,2026-04-30T20:59:38.000Z,CONSOLIDATED,2026-09-22T12:30:08.546Z
2026-05-04,US11135F1012,Broadcom,354.2,EUR,2026-05-04T20:59:58.000Z,CONSOLIDATED,2026-09-22T12:30:08.546Z
2026-05-05,US11135F1012,Broadcom,372.575,EUR,2026-05-05T20:59:57.000Z,CONSOLIDATED,2026-09-22T12:30:08.546Z
2026-05-06,US11135F1012,Broadcom,361.9,EUR,2026-05-06T20:59:56.000Z,CONSOLIDATED,2026-09-22T12:30:08.546Z
2026-05-07,US11135F1012,Broadcom,351.725,EUR,2026-05-07T20:59:59.000Z,CONSOLIDATED,2026-09-22T12:30:08.546Z
2026-05-08,US11135F1012,Broadcom,364.4,EUR,2026-05-08T20:59:56.000Z,CONSOLIDATED,2026-09-22T12:30:08.546Z
2026-05-11,US11135F1012,Broadcom,362.575,EUR,2026-05-11T20:59:54.000Z,CONSOLIDATED,2026-09-22T12:30:08.546Z
2026-05-12,US11135F1012,Broadcom,355.725,EUR,2026-05-12T20:59:52.000Z,CONSOLIDATED,2026-09-22T12:30:08.546Z
2026-05-13,US11135F1012,Broadcom,356.175,EUR,2026-05-13T20:59:56.000Z,CONSOLIDATED,2026-09-22T12:30:08.546Z
2026-05-14,US11135F1012,Broadcom,377.075,EUR,2026-05-14T20:59:20.000Z,CONSOLIDATED,2026-09-22T12:30:08.546Z
2026-05-15,US11135F1012,Broadcom,365.625,EUR,2026-05-15T20:59:26.000Z,CONSOLIDATED,2026-09-22T12:30:08.546Z
2026-05-18,US11135F1012,Broadcom,360.375,EUR,2026-05-18T20:59:57.000Z,CONSOLIDATED,2026-09-22T12:30:08.546Z
2026-05-19,US11135F1012,Broadcom,353.4,EUR,2026-05-19T20:59:57.000Z,CONSOLIDATED,2026-09-22T12:30:08.546Z
2026-05-20,US11135F1012,Broadcom,358.675,EUR,2026-05-20T20:59:20.000Z,CONSOLIDATED,2026-09-22T12:30:08.546Z
2026-05-21,US11135F1012,Broadcom,356.675,EUR,2026-05-21T20:59:30.000Z,CONSOLIDATED,2026-09-22T12:30:08.546Z
2026-05-22,US11135F1012,Broadcom,356.075,EUR,2026-05-22T20:59:44.000Z,CONSOLIDATED,2026-09-22T12:30:08.546Z
2026-05-25,US11135F1012,Broadcom,360,EUR,2026-05-25T20:48:27.000Z,CONSOLIDATED,2026-09-22T12:30:08.546Z
2026-05-26,US11135F1012,Broadcom,363.25,EUR,2026-05-26T20:59:51.000Z,CONSOLIDATED,2026-09-22T12:30:08.546Z
2026-05-27,US11135F1012,Broadcom,364.275,EUR,2026-05-27T20:59:56.000Z,CONSOLIDATED,2026-09-22T12:30:08.546Z
2026-05-28,US11135F1012,Broadcom,370.5,EUR,2026-05-28T20:59:57.000Z,CONSOLIDATED,2026-09-22T12:30:08.546Z
2026-05-29,US11135F1012,Broadcom,382.225,EUR,2026-05-29T20:59:57.000Z,CONSOLIDATED,2026-09-22T12:30:08.546Z
2026-06-01,US11135F1012,Broadcom,401.9,EUR,2026-06-01T20:59:53.000Z,CONSOLIDATED,2026-09-22T12:30:08.546Z
2026-06-02,US11135F1012,Broadcom,417.175,EUR,2026-06-02T20:59:58.000Z,CONSOLIDATED,2026-09-22T12:30:08.546Z
2026-06-03,US11135F1012,Broadcom,392.7,EUR,2026-06-03T20:59:58.000Z,CONSOLIDATED,2026-09-22T12:30:08.546Z
2026-06-04,US11135F1012,Broadcom,360.225,EUR,2026-06-04T20:59:57.000Z,CONSOLIDATED,2026-09-22T12:30:08.546Z
2026-06-05,US11135F1012,Broadcom,334.775,EUR,2026-06-05T20:59:57.000Z,CONSOLIDATED,2026-09-22T12:30:08.546Z
2026-06-08,US11135F1012,Broadcom,343.725,EUR,2026-06-08T20:59:59.000Z,CONSOLIDATED,2026-09-22T12:30:08.546Z
2026-06-09,US11135F1012,Broadcom,338.875,EUR,2026-06-09T20:59:36.000Z,CONSOLIDATED,2026-09-22T12:30:08.546Z
2026-06-10,US11135F1012,Broadcom,322.275,EUR,2026-06-10T20:59:57.000Z,CONSOLIDATED,2026-09-22T12:30:08.546Z
2026-06-11,US11135F1012,Broadcom,331.7,EUR,2026-06-11T20:59:57.000Z,CONSOLIDATED,2026-09-22T12:30:08.546Z
2026-06-12,US11135F1012,Broadcom,329.95,EUR,2026-06-12T20:59:51.000Z,CONSOLIDATED,2026-09-22T12:30:08.546Z
2026-06-15,US11135F1012,Broadcom,340.425,EUR,2026-06-15T20:59:57.000Z,CONSOLIDATED,2026-09-22T12:30:08.546Z
2026-06-16,US11135F1012,Broadcom,324.375,EUR,2026-06-16T20:59:17.000Z,CONSOLIDATED,2026-09-22T12:30:08.546Z
2026-06-17,US11135F1012,Broadcom,343.625,EUR,2026-06-17T20:59:40.000Z,CONSOLIDATED,2026-09-22T12:30:08.546Z
2026-06-18,US11135F1012,Broadcom,359.025,EUR,2026-06-18T20:59:50.000Z,CONSOLIDATED,2026-09-22T12:30:08.546Z
2026-06-19,US11135F1012,Broadcom,358.325,EUR,2026-06-19T20:27:27.000Z,CONSOLIDATED,2026-09-22T12:30:08.546Z
2026-06-22,US11135F1012,Broadcom,344.25,EUR,2026-06-22T20:59:48.000Z,CONSOLIDATED,2026-09-22T12:30:08.546Z
2026-06-23,US11135F1012,Broadcom,335.775,EUR,2026-06-23T20:59:57.000Z,CONSOLIDATED,2026-09-22T12:30:08.546Z
2026-06-24,US11135F1012,Broadcom,343.925,EUR,2026-06-24T20:59:59.000Z,CONSOLIDATED,2026-09-22T12:30:08.546Z
2026-06-25,US11135F1012,Broadcom,334,EUR,2026-06-25T20:59:56.000Z,CONSOLIDATED,2026-09-22T12:30:08.546Z
2026-06-26,US11135F1012,Broadcom,320.575,EUR,2026-06-26T20:59:54.000Z,CONSOLIDATED,2026-09-22T12:30:08.546Z
2026-06-29,US11135F1012,Broadcom,325.7,EUR,2026-06-29T20:59:54.000Z,CONSOLIDATED,2026-09-22T12:30:08.546Z
2026-06-30,US11135F1012,Broadcom,329.75,EUR,2026-06-30T20:59:58.000Z,CONSOLIDATED,2026-09-22T12:30:08.546Z
2026-07-01,US11135F1012,Broadcom,324.05,EUR,2026-07-01T20:59:52.000Z,CONSOLIDATED,2026-09-22T12:30:08.546Z
2026-07-02,US11135F1012,Broadcom,314.775,EUR,2026-07-02T20:59:36.000Z,CONSOLIDATED,2026-09-22T12:30:08.546Z
2026-07-03,US11135F1012,Broadcom,324.775,EUR,2026-07-03T20:49:01.000Z,CONSOLIDATED,2026-09-22T12:30:08.546Z
2026-07-06,US11135F1012,Broadcom,327.1,EUR,2026-07-06T20:59:58.000Z,CONSOLIDATED,2026-09-22T12:30:08.546Z
2026-07-07,US11135F1012,Broadcom,324.975,EUR,2026-07-07T20:56:54.000Z,CONSOLIDATED,2026-09-22T12:30:08.546Z
2026-07-08,US11135F1012,Broadcom,339.35,EUR,2026-07-08T20:59:30.000Z,CONSOLIDATED,2026-09-22T12:30:08.546Z
2026-07-09,US11135F1012,Broadcom,352.325,EUR,2026-07-09T20:59:53.000Z,CONSOLIDATED,2026-09-22T12:30:08.546Z
2026-07-10,US11135F1012,Broadcom,350.475,EUR,2026-07-10T20:59:52.000Z,CONSOLIDATED,2026-09-22T12:30:08.546Z
2026-07-13,US11135F1012,Broadcom,337.575,EUR,2026-07-13T20:59:58.000Z,CONSOLIDATED,2026-09-22T12:30:08.546Z
2026-07-14,US11135F1012,Broadcom,341.2,EUR,2026-07-14T20:57:02.000Z,CONSOLIDATED,2026-09-22T12:30:08.546Z
2026-07-15,US11135F1012,Broadcom,343.85,EUR,2026-07-15T20:59:56.000Z,CONSOLIDATED,2026-09-22T12:30:08.546Z
2026-07-16,US11135F1012,Broadcom,329.95,EUR,2026-07-16T20:59:58.000Z,CONSOLIDATED,2026-09-22T12:30:08.546Z
2026-07-17,US11135F1012,Broadcom,324,EUR,2026-07-17T20:59:48.000Z,CONSOLIDATED,2026-09-22T12:30:08.546Z
2026-07-20,US11135F1012,Broadcom,331.225,EUR,2026-07-20T20:59:56.000Z,CONSOLIDATED,2026-09-22T12:30:08.546Z
2026-07-21,US11135F1012,Broadcom,338.6,EUR,2026-07-21T20:59:50.000Z,CONSOLIDATED,2026-09-22T12:30:08.546Z
2026-07-22,US11135F1012,Broadcom,349.275,EUR,2026-07-22T20:59:57.000Z,CONSOLIDATED,2026-09-22T12:30:08.546Z
2026-07-23,US11135F1012,Broadcom,345.925,EUR,2026-07-23T20:59:58.000Z,CONSOLIDATED,2026-09-22T12:30:08.546Z
2026-07-24,US11135F1012,Broadcom,335.85,EUR,2026-07-24T20:59:56.000Z,CONSOLIDATED,2026-09-22T12:30:08.546Z
2026-07-27,US11135F1012,Broadcom,337.1,EUR,2026-07-27T20:59:57.000Z,CONSOLIDATED,2026-09-22T12:30:08.546Z
2026-07-28,US11135F1012,Broadcom,334.3,EUR,2026-07-28T20:59:58.000Z,CONSOLIDATED,2026-09-22T12:30:08.546Z
2026-07-29,US11135F1012,Broadcom,320.4,EUR,2026-07-29T20:59:58.000Z,CONSOLIDATED,2026-09-22T12:30:08.546Z
2026-07-30,US11135F1012,Broadcom,336.5,EUR,2026-07-30T20:59:58.000Z,CONSOLIDATED,2026-09-22T12:30:08.546Z
2026-07-31,US11135F1012,Broadcom,336.825,EUR,2026-07-31T20:59:58.000Z,CONSOLIDATED,2026-09-22T12:30:08.546Z
2026-08-03,US11135F1012,Broadcom,340.825,EUR,2026-08-03T20:59:56.000Z,CONSOLIDATED,2026-09-22T12:30:08.546Z
2026-08-04,US11135F1012,Broadcom,360.75,EUR,2026-08-04T20:59:56.000Z,CONSOLIDATED,2026-09-22T12:30:08.546Z
2026-08-05,US11135F1012,Broadcom,363.7,EUR,2026-08-05T20:59:56.000Z,CONSOLIDATED,2026-09-22T12:30:08.546Z
2026-08-06,US11135F1012,Broadcom,364.825,EUR,2026-08-06T20:59:58.000Z,CONSOLIDATED,2026-09-22T12:30:08.546Z
2026-08-07,US11135F1012,Broadcom,369.7,EUR,2026-08-07T20:59:57.000Z,CONSOLIDATED,2026-09-22T12:30:08.546Z
2026-08-10,US11135F1012,Broadcom,365.925,EUR,2026-08-10T20:59:46.000Z,CONSOLIDATED,2026-09-22T12:30:08.546Z
2026-08-11,US11135F1012,Broadcom,360.45,EUR,2026-08-11T20:59:32.000Z,CONSOLIDATED,2026-09-22T12:30:08.546Z
2026-08-12,US11135F1012,Broadcom,360.275,EUR,2026-08-12T20:59:48.000Z,CONSOLIDATED,2026-09-22T12:30:08.546Z
2026-08-13,US11135F1012,Broadcom,363.525,EUR,2026-08-13T20:59:57.000Z,CONSOLIDATED,2026-09-22T12:30:08.546Z
2026-08-14,US11135F1012,Broadcom,339.975,EUR,2026-08-14T20:59:58.000Z,CONSOLIDATED,2026-09-22T12:30:08.546Z
2026-08-17,US11135F1012,Broadcom,338.9,EUR,2026-08-17T20:59:57.000Z,CONSOLIDATED,2026-09-22T12:30:08.546Z
2026-08-18,US11135F1012,Broadcom,328.35,EUR,2026-08-18T20:59:38.000Z,CONSOLIDATED,2026-09-22T12:30:08.546Z
2026-08-19,US11135F1012,Broadcom,311.85,EUR,2026-08-19T20:59:39.000Z,CONSOLIDATED,2026-09-22T12:30:08.546Z
2026-08-20,US11135F1012,Broadcom,312.525,EUR,2026-08-20T20:59:55.000Z,CONSOLIDATED,2026-09-22T12:30:08.546Z
2026-08-21,US11135F1012,Broadcom,314.775,EUR,2026-08-21T20:59:57.000Z,CONSOLIDATED,2026-09-22T12:30:08.546Z
2026-08-24,US11135F1012,Broadcom,307.575,EUR,2026-08-24T20:59:53.000Z,CONSOLIDATED,2026-09-22T12:30:08.546Z
2026-08-25,US11135F1012,Broadcom,306.225,EUR,2026-08-25T20:59:57.000Z,CONSOLIDATED,2026-09-22T12:30:08.546Z
2026-08-26,US11135F1012,Broadcom,305.775,EUR,2026-08-26T20:59:58.000Z,CONSOLIDATED,2026-09-22T12:30:08.546Z
2026-08-27,US11135F1012,Broadcom,317.675,EUR,2026-08-27T20:59:51.000Z,CONSOLIDATED,2026-09-22T12:30:08.546Z
2026-08-28,US11135F1012,Broadcom,317.825,EUR,2026-08-28T20:59:57.000Z,CONSOLIDATED,2026-09-22T12:30:08.546Z
2026-08-31,US11135F1012,Broadcom,318.975,EUR,2026-08-31T20:59:50.000Z,CONSOLIDATED,2026-09-22T12:30:08.546Z
2026-09-01,US11135F1012,Broadcom,319.75,EUR,2026-09-01T20:59:47.000Z,CONSOLIDATED,2026-09-22T12:30:08.546Z
2026-09-02,US11135F1012,Broadcom,305.65,EUR,2026-09-02T20:59:58.000Z,CONSOLIDATED,2026-09-22T12:30:08.546Z
2026-09-03,US11135F1012,Broadcom,306.85,EUR,2026-09-03T20:59:46.000Z,CONSOLIDATED,2026-09-22T12:30:08.546Z
2026-09-04,US11135F1012,Broadcom,307.6,EUR,2026-09-04T20:59:43.000Z,CONSOLIDATED,2026-09-22T12:30:08.546Z
2026-09-07,US11135F1012,Broadcom,310.425,EUR,2026-09-07T20:35:33.000Z,CONSOLIDATED,2026-09-22T12:30:08.546Z
2026-09-08,US11135F1012,Broadcom,316.55,EUR,2026-09-08T20:59:51.000Z,CONSOLIDATED,2026-09-22T12:30:08.546Z
2026-09-09,US11135F1012,Broadcom,313.65,EUR,2026-09-09T20:59:57.000Z,CONSOLIDATED,2026-09-22T12:30:08.546Z
2026-09-10,US11135F1012,Broadcom,310.75,EUR,2026-09-10T20:59:56.000Z,CONSOLIDATED,2026-09-22T12:30:08.546Z
2026-09-11,US11135F1012,Broadcom,311.65,EUR,2026-09-11T20:59:57.000Z,CONSOLIDATED,2026-09-22T12:30:08.546Z
2026-09-14,US11135F1012,Broadcom,299.15,EUR,2026-09-14T20:59:38.000Z,CONSOLIDATED,2026-09-22T12:30:08.546Z
2026-09-15,US11135F1012,Broadcom,294.35,EUR,2026-09-15T20:59:55.000Z,CONSOLIDATED,2026-09-22T12:30:08.546Z
2026-09-16,US11135F1012,Broadcom,296.125,EUR,2026-09-16T20:59:40.000Z,CONSOLIDATED,2026-09-22T12:30:08.546Z
2026-09-17,US11135F1012,Broadcom,303.2,EUR,2026-09-17T20:59:50.000Z,CONSOLIDATED,2026-09-22T12:30:08.546Z
2026-09-18,US11135F1012,Broadcom,311.3,EUR,2026-09-18T20:59:37.000Z,CONSOLIDATED,2026-09-22T12:30:08.546Z
2026-09-21,US11135F1012,Broadcom,316.275,EUR,2026-09-21T20:59:56.000Z,CONSOLIDATED,2026-09-22T12:30:08.546Z
2026-01-02,US26740W1099,D-Wave Quantum,23.945,EUR,2026-01-02T21:58:17.000Z,CONSOLIDATED,2026-09-22T12:30:10.168Z
2026-01-05,US26740W1099,D-Wave Quantum,26.145,EUR,2026-01-05T21:58:54.000Z,CONSOLIDATED,2026-09-22T12:30:10.168Z
2026-01-06,US26740W1099,D-Wave Quantum,26.73,EUR,2026-01-06T21:59:54.000Z,CONSOLIDATED,2026-09-22T12:30:10.168Z
2026-01-07,US26740W1099,D-Wave Quantum,25.945,EUR,2026-01-07T21:59:33.000Z,CONSOLIDATED,2026-09-22T12:30:10.168Z
2026-01-08,US26740W1099,D-Wave Quantum,25.135,EUR,2026-01-08T21:59:53.000Z,CONSOLIDATED,2026-09-22T12:30:10.168Z
2026-01-09,US26740W1099,D-Wave Quantum,24.38,EUR,2026-01-09T21:59:55.000Z,CONSOLIDATED,2026-09-22T12:30:10.168Z
2026-01-12,US26740W1099,D-Wave Quantum,24.605,EUR,2026-01-12T21:59:51.000Z,CONSOLIDATED,2026-09-22T12:30:10.168Z
2026-01-13,US26740W1099,D-Wave Quantum,24.805,EUR,2026-01-13T21:59:55.000Z,CONSOLIDATED,2026-09-22T12:30:10.168Z
2026-01-14,US26740W1099,D-Wave Quantum,25.795,EUR,2026-01-14T21:59:58.000Z,CONSOLIDATED,2026-09-22T12:30:10.168Z
2026-01-15,US26740W1099,D-Wave Quantum,25.01,EUR,2026-01-15T21:59:34.000Z,CONSOLIDATED,2026-09-22T12:30:10.168Z
2026-01-16,US26740W1099,D-Wave Quantum,24.955,EUR,2026-01-16T21:52:44.000Z,CONSOLIDATED,2026-09-22T12:30:10.168Z
2026-01-19,US26740W1099,D-Wave Quantum,24.18,EUR,2026-01-19T21:02:02.000Z,CONSOLIDATED,2026-09-22T12:30:10.168Z
2026-01-20,US26740W1099,D-Wave Quantum,23.03,EUR,2026-01-20T21:59:52.000Z,CONSOLIDATED,2026-09-22T12:30:10.168Z
2026-01-21,US26740W1099,D-Wave Quantum,22.51,EUR,2026-01-21T21:59:54.000Z,CONSOLIDATED,2026-09-22T12:30:10.168Z
2026-01-22,US26740W1099,D-Wave Quantum,23.25,EUR,2026-01-22T21:59:24.000Z,CONSOLIDATED,2026-09-22T12:30:10.168Z
2026-01-23,US26740W1099,D-Wave Quantum,21.735,EUR,2026-01-23T21:59:45.000Z,CONSOLIDATED,2026-09-22T12:30:10.168Z
2026-01-26,US26740W1099,D-Wave Quantum,20.23,EUR,2026-01-26T21:59:56.000Z,CONSOLIDATED,2026-09-22T12:30:10.168Z
2026-01-27,US26740W1099,D-Wave Quantum,20.535,EUR,2026-01-27T21:59:17.000Z,CONSOLIDATED,2026-09-22T12:30:10.168Z
2026-01-28,US26740W1099,D-Wave Quantum,20.915,EUR,2026-01-28T21:59:58.000Z,CONSOLIDATED,2026-09-22T12:30:10.168Z
2026-01-29,US26740W1099,D-Wave Quantum,19.3425,EUR,2026-01-29T21:59:56.000Z,CONSOLIDATED,2026-09-22T12:30:10.168Z
2026-01-30,US26740W1099,D-Wave Quantum,18.0125,EUR,2026-01-30T21:59:58.000Z,CONSOLIDATED,2026-09-22T12:30:10.168Z
2026-02-02,US26740W1099,D-Wave Quantum,17.9175,EUR,2026-02-02T21:59:58.000Z,CONSOLIDATED,2026-09-22T12:30:10.168Z
2026-02-03,US26740W1099,D-Wave Quantum,18.0125,EUR,2026-02-03T21:59:54.000Z,CONSOLIDATED,2026-09-22T12:30:10.168Z
2026-02-04,US26740W1099,D-Wave Quantum,16.7525,EUR,2026-02-04T21:59:37.000Z,CONSOLIDATED,2026-09-22T12:30:10.168Z
2026-02-05,US26740W1099,D-Wave Quantum,13.8075,EUR,2026-02-05T21:59:46.000Z,CONSOLIDATED,2026-09-22T12:30:10.168Z
2026-02-06,US26740W1099,D-Wave Quantum,17.5225,EUR,2026-02-06T21:59:55.000Z,CONSOLIDATED,2026-09-22T12:30:10.168Z
2026-02-09,US26740W1099,D-Wave Quantum,17.7975,EUR,2026-02-09T21:59:58.000Z,CONSOLIDATED,2026-09-22T12:30:10.168Z
2026-02-10,US26740W1099,D-Wave Quantum,17.195,EUR,2026-02-10T21:59:57.000Z,CONSOLIDATED,2026-09-22T12:30:10.168Z
2026-02-11,US26740W1099,D-Wave Quantum,16.48,EUR,2026-02-11T21:59:58.000Z,CONSOLIDATED,2026-09-22T12:30:10.168Z
2026-02-12,US26740W1099,D-Wave Quantum,15.9725,EUR,2026-02-12T21:59:58.000Z,CONSOLIDATED,2026-09-22T12:30:10.168Z
2026-02-13,US26740W1099,D-Wave Quantum,16.48,EUR,2026-02-13T21:59:54.000Z,CONSOLIDATED,2026-09-22T12:30:10.168Z
2026-02-16,US26740W1099,D-Wave Quantum,16.785,EUR,2026-02-16T21:02:00.000Z,CONSOLIDATED,2026-09-22T12:30:10.168Z
2026-02-17,US26740W1099,D-Wave Quantum,15.5,EUR,2026-02-17T21:59:56.000Z,CONSOLIDATED,2026-09-22T12:30:10.168Z
2026-02-18,US26740W1099,D-Wave Quantum,16.19,EUR,2026-02-18T21:59:57.000Z,CONSOLIDATED,2026-09-22T12:30:10.168Z
2026-02-19,US26740W1099,D-Wave Quantum,16.4625,EUR,2026-02-19T21:59:56.000Z,CONSOLIDATED,2026-09-22T12:30:10.168Z
2026-02-20,US26740W1099,D-Wave Quantum,15.275,EUR,2026-02-20T21:59:58.000Z,CONSOLIDATED,2026-09-22T12:30:10.168Z
2026-02-23,US26740W1099,D-Wave Quantum,15.2525,EUR,2026-02-23T21:59:21.000Z,CONSOLIDATED,2026-09-22T12:30:10.168Z
2026-02-24,US26740W1099,D-Wave Quantum,15.8525,EUR,2026-02-24T21:59:27.000Z,CONSOLIDATED,2026-09-22T12:30:10.168Z
2026-02-25,US26740W1099,D-Wave Quantum,17.105,EUR,2026-02-25T21:59:52.000Z,CONSOLIDATED,2026-09-22T12:30:10.168Z
2026-02-26,US26740W1099,D-Wave Quantum,16.96,EUR,2026-02-26T21:59:08.000Z,CONSOLIDATED,2026-09-22T12:30:10.168Z
2026-02-27,US26740W1099,D-Wave Quantum,15.765,EUR,2026-02-27T21:59:47.000Z,CONSOLIDATED,2026-09-22T12:30:10.168Z
2026-03-02,US26740W1099,D-Wave Quantum,16.0825,EUR,2026-03-02T21:59:54.000Z,CONSOLIDATED,2026-09-22T12:30:10.168Z
2026-03-03,US26740W1099,D-Wave Quantum,15.695,EUR,2026-03-03T21:59:41.000Z,CONSOLIDATED,2026-09-22T12:30:10.168Z
2026-03-04,US26740W1099,D-Wave Quantum,16.145,EUR,2026-03-04T21:59:58.000Z,CONSOLIDATED,2026-09-22T12:30:10.168Z
2026-03-05,US26740W1099,D-Wave Quantum,16.1,EUR,2026-03-05T21:59:56.000Z,CONSOLIDATED,2026-09-22T12:30:10.168Z
2026-03-06,US26740W1099,D-Wave Quantum,15.9775,EUR,2026-03-06T21:58:05.000Z,CONSOLIDATED,2026-09-22T12:30:10.168Z
2026-03-09,US26740W1099,D-Wave Quantum,16.275,EUR,2026-03-09T21:59:58.000Z,CONSOLIDATED,2026-09-22T12:30:10.168Z
2026-03-10,US26740W1099,D-Wave Quantum,16.22,EUR,2026-03-10T21:59:52.000Z,CONSOLIDATED,2026-09-22T12:30:10.168Z
2026-03-11,US26740W1099,D-Wave Quantum,16.3225,EUR,2026-03-11T21:59:40.000Z,CONSOLIDATED,2026-09-22T12:30:10.168Z
2026-03-12,US26740W1099,D-Wave Quantum,15.505,EUR,2026-03-12T21:59:51.000Z,CONSOLIDATED,2026-09-22T12:30:10.168Z
2026-03-13,US26740W1099,D-Wave Quantum,15.37,EUR,2026-03-13T21:59:42.000Z,CONSOLIDATED,2026-09-22T12:30:10.168Z
2026-03-16,US26740W1099,D-Wave Quantum,15.19,EUR,2026-03-16T21:59:50.000Z,CONSOLIDATED,2026-09-22T12:30:10.168Z
2026-03-17,US26740W1099,D-Wave Quantum,15.135,EUR,2026-03-17T21:59:22.000Z,CONSOLIDATED,2026-09-22T12:30:10.168Z
2026-03-18,US26740W1099,D-Wave Quantum,14.395,EUR,2026-03-18T21:58:45.000Z,CONSOLIDATED,2026-09-22T12:30:10.168Z
2026-03-19,US26740W1099,D-Wave Quantum,13.9525,EUR,2026-03-19T21:59:22.000Z,CONSOLIDATED,2026-09-22T12:30:10.168Z
2026-03-20,US26740W1099,D-Wave Quantum,13.6525,EUR,2026-03-20T21:59:58.000Z,CONSOLIDATED,2026-09-22T12:30:10.168Z
2026-03-23,US26740W1099,D-Wave Quantum,14.04,EUR,2026-03-23T21:58:31.000Z,CONSOLIDATED,2026-09-22T12:30:10.168Z
2026-03-24,US26740W1099,D-Wave Quantum,13.81,EUR,2026-03-24T21:59:50.000Z,CONSOLIDATED,2026-09-22T12:30:10.168Z
2026-03-25,US26740W1099,D-Wave Quantum,13.985,EUR,2026-03-25T21:59:58.000Z,CONSOLIDATED,2026-09-22T12:30:10.168Z
2026-03-26,US26740W1099,D-Wave Quantum,12.8725,EUR,2026-03-26T21:59:45.000Z,CONSOLIDATED,2026-09-22T12:30:10.168Z
2026-03-27,US26740W1099,D-Wave Quantum,12.01,EUR,2026-03-27T21:59:39.000Z,CONSOLIDATED,2026-09-22T12:30:10.168Z
2026-03-30,US26740W1099,D-Wave Quantum,11.3175,EUR,2026-03-30T20:59:45.000Z,CONSOLIDATED,2026-09-22T12:30:10.168Z
2026-03-31,US26740W1099,D-Wave Quantum,12.4875,EUR,2026-03-31T20:59:57.000Z,CONSOLIDATED,2026-09-22T12:30:10.168Z
2026-04-01,US26740W1099,D-Wave Quantum,11.9375,EUR,2026-04-01T20:59:38.000Z,CONSOLIDATED,2026-09-22T12:30:10.168Z
2026-04-02,US26740W1099,D-Wave Quantum,12.3875,EUR,2026-04-02T20:59:38.000Z,CONSOLIDATED,2026-09-22T12:30:10.168Z
2026-04-07,US26740W1099,D-Wave Quantum,11.8975,EUR,2026-04-07T20:59:41.000Z,CONSOLIDATED,2026-09-22T12:30:10.168Z
2026-04-08,US26740W1099,D-Wave Quantum,12.51,EUR,2026-04-08T20:59:41.000Z,CONSOLIDATED,2026-09-22T12:30:10.168Z
2026-04-09,US26740W1099,D-Wave Quantum,11.825,EUR,2026-04-09T20:59:56.000Z,CONSOLIDATED,2026-09-22T12:30:10.168Z
2026-04-10,US26740W1099,D-Wave Quantum,12.175,EUR,2026-04-10T20:59:57.000Z,CONSOLIDATED,2026-09-22T12:30:10.168Z
2026-04-13,US26740W1099,D-Wave Quantum,12.46,EUR,2026-04-13T20:59:59.000Z,CONSOLIDATED,2026-09-22T12:30:10.168Z
2026-04-14,US26740W1099,D-Wave Quantum,14.5775,EUR,2026-04-14T20:59:51.000Z,CONSOLIDATED,2026-09-22T12:30:10.168Z
2026-04-15,US26740W1099,D-Wave Quantum,18.2725,EUR,2026-04-15T20:59:53.000Z,CONSOLIDATED,2026-09-22T12:30:10.168Z
2026-04-16,US26740W1099,D-Wave Quantum,18.215,EUR,2026-04-16T20:59:44.000Z,CONSOLIDATED,2026-09-22T12:30:10.168Z
2026-04-17,US26740W1099,D-Wave Quantum,18.22,EUR,2026-04-17T20:59:58.000Z,CONSOLIDATED,2026-09-22T12:30:10.168Z
2026-04-20,US26740W1099,D-Wave Quantum,18.375,EUR,2026-04-20T20:59:39.000Z,CONSOLIDATED,2026-09-22T12:30:10.168Z
2026-04-21,US26740W1099,D-Wave Quantum,17.59,EUR,2026-04-21T20:59:45.000Z,CONSOLIDATED,2026-09-22T12:30:10.168Z
2026-04-22,US26740W1099,D-Wave Quantum,18.0425,EUR,2026-04-22T20:59:57.000Z,CONSOLIDATED,2026-09-22T12:30:10.168Z
2026-04-23,US26740W1099,D-Wave Quantum,16.63,EUR,2026-04-23T20:59:11.000Z,CONSOLIDATED,2026-09-22T12:30:10.168Z
2026-04-24,US26740W1099,D-Wave Quantum,15.8225,EUR,2026-04-24T20:59:51.000Z,CONSOLIDATED,2026-09-22T12:30:10.168Z
2026-04-27,US26740W1099,D-Wave Quantum,16.0075,EUR,2026-04-27T20:59:57.000Z,CONSOLIDATED,2026-09-22T12:30:10.168Z
2026-04-28,US26740W1099,D-Wave Quantum,15.4875,EUR,2026-04-28T20:59:50.000Z,CONSOLIDATED,2026-09-22T12:30:10.168Z
2026-04-29,US26740W1099,D-Wave Quantum,15.4925,EUR,2026-04-29T20:59:43.000Z,CONSOLIDATED,2026-09-22T12:30:10.168Z
2026-04-30,US26740W1099,D-Wave Quantum,17.07,EUR,2026-04-30T20:59:40.000Z,CONSOLIDATED,2026-09-22T12:30:10.168Z
2026-05-04,US26740W1099,D-Wave Quantum,18.0025,EUR,2026-05-04T20:59:33.000Z,CONSOLIDATED,2026-09-22T12:30:10.168Z
2026-05-05,US26740W1099,D-Wave Quantum,18.35,EUR,2026-05-05T20:59:43.000Z,CONSOLIDATED,2026-09-22T12:30:10.168Z
2026-05-06,US26740W1099,D-Wave Quantum,19.5875,EUR,2026-05-06T20:59:52.000Z,CONSOLIDATED,2026-09-22T12:30:10.168Z
2026-05-07,US26740W1099,D-Wave Quantum,18.7375,EUR,2026-05-07T20:59:57.000Z,CONSOLIDATED,2026-09-22T12:30:10.168Z
2026-05-08,US26740W1099,D-Wave Quantum,19.1575,EUR,2026-05-08T20:59:31.000Z,CONSOLIDATED,2026-09-22T12:30:10.168Z
2026-05-11,US26740W1099,D-Wave Quantum,21.035,EUR,2026-05-11T20:59:48.000Z,CONSOLIDATED,2026-09-22T12:30:10.168Z
2026-05-12,US26740W1099,D-Wave Quantum,18.9425,EUR,2026-05-12T20:59:38.000Z,CONSOLIDATED,2026-09-22T12:30:10.168Z
2026-05-13,US26740W1099,D-Wave Quantum,18.3375,EUR,2026-05-13T20:59:57.000Z,CONSOLIDATED,2026-09-22T12:30:10.168Z
2026-05-14,US26740W1099,D-Wave Quantum,18.98,EUR,2026-05-14T20:59:22.000Z,CONSOLIDATED,2026-09-22T12:30:10.168Z
2026-05-15,US26740W1099,D-Wave Quantum,17.515,EUR,2026-05-15T20:59:23.000Z,CONSOLIDATED,2026-09-22T12:30:10.168Z
2026-05-18,US26740W1099,D-Wave Quantum,16.26,EUR,2026-05-18T20:59:32.000Z,CONSOLIDATED,2026-09-22T12:30:10.168Z
2026-05-19,US26740W1099,D-Wave Quantum,15.71,EUR,2026-05-19T20:59:40.000Z,CONSOLIDATED,2026-09-22T12:30:10.168Z
2026-05-20,US26740W1099,D-Wave Quantum,16.56,EUR,2026-05-20T20:59:56.000Z,CONSOLIDATED,2026-09-22T12:30:10.168Z
2026-05-21,US26740W1099,D-Wave Quantum,22.6,EUR,2026-05-21T20:59:58.000Z,CONSOLIDATED,2026-09-22T12:30:10.168Z
2026-05-22,US26740W1099,D-Wave Quantum,25.305,EUR,2026-05-22T20:59:53.000Z,CONSOLIDATED,2026-09-22T12:30:10.168Z
2026-05-25,US26740W1099,D-Wave Quantum,25.87,EUR,2026-05-25T20:59:58.000Z,CONSOLIDATED,2026-09-22T12:30:10.168Z
2026-05-26,US26740W1099,D-Wave Quantum,23.78,EUR,2026-05-26T20:58:54.000Z,CONSOLIDATED,2026-09-22T12:30:10.168Z
2026-05-27,US26740W1099,D-Wave Quantum,23.385,EUR,2026-05-27T20:59:53.000Z,CONSOLIDATED,2026-09-22T12:30:10.168Z
2026-05-28,US26740W1099,D-Wave Quantum,25.33,EUR,2026-05-28T20:59:53.000Z,CONSOLIDATED,2026-09-22T12:30:10.168Z
2026-05-29,US26740W1099,D-Wave Quantum,25.49,EUR,2026-05-29T20:59:51.000Z,CONSOLIDATED,2026-09-22T12:30:10.168Z
2026-06-01,US26740W1099,D-Wave Quantum,24.855,EUR,2026-06-01T20:59:57.000Z,CONSOLIDATED,2026-09-22T12:30:10.168Z
2026-06-02,US26740W1099,D-Wave Quantum,25.58,EUR,2026-06-02T20:59:56.000Z,CONSOLIDATED,2026-09-22T12:30:10.168Z
2026-06-03,US26740W1099,D-Wave Quantum,23.455,EUR,2026-06-03T20:59:58.000Z,CONSOLIDATED,2026-09-22T12:30:10.168Z
2026-06-04,US26740W1099,D-Wave Quantum,23.605,EUR,2026-06-04T20:59:54.000Z,CONSOLIDATED,2026-09-22T12:30:10.168Z
2026-06-05,US26740W1099,D-Wave Quantum,20.465,EUR,2026-06-05T20:59:47.000Z,CONSOLIDATED,2026-09-22T12:30:10.168Z
2026-06-08,US26740W1099,D-Wave Quantum,22.395,EUR,2026-06-08T20:59:51.000Z,CONSOLIDATED,2026-09-22T12:30:10.168Z
2026-06-09,US26740W1099,D-Wave Quantum,20.435,EUR,2026-06-09T20:59:31.000Z,CONSOLIDATED,2026-09-22T12:30:10.168Z
2026-06-10,US26740W1099,D-Wave Quantum,19.9525,EUR,2026-06-10T20:59:33.000Z,CONSOLIDATED,2026-09-22T12:30:10.168Z
2026-06-11,US26740W1099,D-Wave Quantum,20.61,EUR,2026-06-11T20:59:56.000Z,CONSOLIDATED,2026-09-22T12:30:10.168Z
2026-06-12,US26740W1099,D-Wave Quantum,20.195,EUR,2026-06-12T20:59:51.000Z,CONSOLIDATED,2026-09-22T12:30:10.168Z
2026-06-15,US26740W1099,D-Wave Quantum,22.795,EUR,2026-06-15T20:59:57.000Z,CONSOLIDATED,2026-09-22T12:30:10.168Z
2026-06-16,US26740W1099,D-Wave Quantum,20.84,EUR,2026-06-16T20:59:11.000Z,CONSOLIDATED,2026-09-22T12:30:10.168Z
2026-06-17,US26740W1099,D-Wave Quantum,20.145,EUR,2026-06-17T20:59:07.000Z,CONSOLIDATED,2026-09-22T12:30:10.168Z
2026-06-18,US26740W1099,D-Wave Quantum,21.39,EUR,2026-06-18T20:59:57.000Z,CONSOLIDATED,2026-09-22T12:30:10.168Z
2026-06-19,US26740W1099,D-Wave Quantum,21.235,EUR,2026-06-19T20:58:00.000Z,CONSOLIDATED,2026-09-22T12:30:10.168Z
2026-06-22,US26740W1099,D-Wave Quantum,21.66,EUR,2026-06-22T20:59:13.000Z,CONSOLIDATED,2026-09-22T12:30:10.168Z
2026-06-23,US26740W1099,D-Wave Quantum,22,EUR,2026-06-23T20:59:55.000Z,CONSOLIDATED,2026-09-22T12:30:10.168Z
2026-06-24,US26740W1099,D-Wave Quantum,20.43,EUR,2026-06-24T20:59:56.000Z,CONSOLIDATED,2026-09-22T12:30:10.168Z
2026-06-25,US26740W1099,D-Wave Quantum,19.4225,EUR,2026-06-25T20:59:40.000Z,CONSOLIDATED,2026-09-22T12:30:10.168Z
2026-06-26,US26740W1099,D-Wave Quantum,19.9625,EUR,2026-06-26T20:59:20.000Z,CONSOLIDATED,2026-09-22T12:30:10.168Z
2026-06-29,US26740W1099,D-Wave Quantum,20.88,EUR,2026-06-29T20:59:57.000Z,CONSOLIDATED,2026-09-22T12:30:10.168Z
2026-06-30,US26740W1099,D-Wave Quantum,20.94,EUR,2026-06-30T20:59:46.000Z,CONSOLIDATED,2026-09-22T12:30:10.168Z
2026-07-01,US26740W1099,D-Wave Quantum,20.67,EUR,2026-07-01T20:59:26.000Z,CONSOLIDATED,2026-09-22T12:30:10.168Z
2026-07-02,US26740W1099,D-Wave Quantum,19.74,EUR,2026-07-02T20:59:55.000Z,CONSOLIDATED,2026-09-22T12:30:10.168Z
2026-07-03,US26740W1099,D-Wave Quantum,20.11,EUR,2026-07-03T20:45:06.000Z,CONSOLIDATED,2026-09-22T12:30:10.168Z
2026-07-06,US26740W1099,D-Wave Quantum,19.77,EUR,2026-07-06T20:59:52.000Z,CONSOLIDATED,2026-09-22T12:30:10.168Z
2026-07-07,US26740W1099,D-Wave Quantum,18.5425,EUR,2026-07-07T20:59:51.000Z,CONSOLIDATED,2026-09-22T12:30:10.168Z
2026-07-08,US26740W1099,D-Wave Quantum,18.085,EUR,2026-07-08T20:59:08.000Z,CONSOLIDATED,2026-09-22T12:30:10.168Z
2026-07-09,US26740W1099,D-Wave Quantum,18.545,EUR,2026-07-09T20:59:46.000Z,CONSOLIDATED,2026-09-22T12:30:10.168Z
2026-07-10,US26740W1099,D-Wave Quantum,17.6175,EUR,2026-07-10T20:59:58.000Z,CONSOLIDATED,2026-09-22T12:30:10.168Z
2026-07-13,US26740W1099,D-Wave Quantum,16.365,EUR,2026-07-13T20:59:15.000Z,CONSOLIDATED,2026-09-22T12:30:10.168Z
2026-07-14,US26740W1099,D-Wave Quantum,16.6125,EUR,2026-07-14T20:59:01.000Z,CONSOLIDATED,2026-09-22T12:30:10.168Z
2026-07-15,US26740W1099,D-Wave Quantum,15.9575,EUR,2026-07-15T20:58:54.000Z,CONSOLIDATED,2026-09-22T12:30:10.168Z
2026-07-16,US26740W1099,D-Wave Quantum,14.8225,EUR,2026-07-16T20:58:31.000Z,CONSOLIDATED,2026-09-22T12:30:10.168Z
2026-07-17,US26740W1099,D-Wave Quantum,14.6225,EUR,2026-07-17T20:54:26.000Z,CONSOLIDATED,2026-09-22T12:30:10.168Z
2026-07-20,US26740W1099,D-Wave Quantum,14.665,EUR,2026-07-20T20:57:44.000Z,CONSOLIDATED,2026-09-22T12:30:10.168Z
2026-07-21,US26740W1099,D-Wave Quantum,15.6575,EUR,2026-07-21T20:59:48.000Z,CONSOLIDATED,2026-09-22T12:30:10.168Z
2026-07-22,US26740W1099,D-Wave Quantum,15.3125,EUR,2026-07-22T20:57:36.000Z,CONSOLIDATED,2026-09-22T12:30:10.168Z
2026-07-23,US26740W1099,D-Wave Quantum,15.0925,EUR,2026-07-23T20:59:57.000Z,CONSOLIDATED,2026-09-22T12:30:10.168Z
2026-07-24,US26740W1099,D-Wave Quantum,14.305,EUR,2026-07-24T20:59:42.000Z,CONSOLIDATED,2026-09-22T12:30:10.168Z
2026-07-27,US26740W1099,D-Wave Quantum,17.13,EUR,2026-07-27T20:59:44.000Z,CONSOLIDATED,2026-09-22T12:30:10.168Z
2026-07-28,US26740W1099,D-Wave Quantum,15.375,EUR,2026-07-28T20:59:04.000Z,CONSOLIDATED,2026-09-22T12:30:10.168Z
2026-07-29,US26740W1099,D-Wave Quantum,14.15,EUR,2026-07-29T20:59:58.000Z,CONSOLIDATED,2026-09-22T12:30:10.168Z
2026-07-30,US26740W1099,D-Wave Quantum,15.555,EUR,2026-07-30T20:59:50.000Z,CONSOLIDATED,2026-09-22T12:30:10.168Z
2026-07-31,US26740W1099,D-Wave Quantum,15.6575,EUR,2026-07-31T20:59:58.000Z,CONSOLIDATED,2026-09-22T12:30:10.168Z
2026-08-03,US26740W1099,D-Wave Quantum,17.37,EUR,2026-08-03T20:59:45.000Z,CONSOLIDATED,2026-09-22T12:30:10.168Z
2026-08-04,US26740W1099,D-Wave Quantum,18.8275,EUR,2026-08-04T20:58:37.000Z,CONSOLIDATED,2026-09-22T12:30:10.168Z
2026-08-05,US26740W1099,D-Wave Quantum,18.57,EUR,2026-08-05T20:59:26.000Z,CONSOLIDATED,2026-09-22T12:30:10.168Z
2026-08-06,US26740W1099,D-Wave Quantum,16.81,EUR,2026-08-06T20:59:57.000Z,CONSOLIDATED,2026-09-22T12:30:10.168Z
2026-08-07,US26740W1099,D-Wave Quantum,17.94,EUR,2026-08-07T20:59:55.000Z,CONSOLIDATED,2026-09-22T12:30:10.168Z
2026-08-10,US26740W1099,D-Wave Quantum,17.47,EUR,2026-08-10T20:59:50.000Z,CONSOLIDATED,2026-09-22T12:30:10.168Z
2026-08-11,US26740W1099,D-Wave Quantum,17.5275,EUR,2026-08-11T20:59:58.000Z,CONSOLIDATED,2026-09-22T12:30:10.168Z
2026-08-12,US26740W1099,D-Wave Quantum,17.9375,EUR,2026-08-12T20:58:42.000Z,CONSOLIDATED,2026-09-22T12:30:10.168Z
2026-08-13,US26740W1099,D-Wave Quantum,18.1475,EUR,2026-08-13T20:59:50.000Z,CONSOLIDATED,2026-09-22T12:30:10.168Z
2026-08-14,US26740W1099,D-Wave Quantum,18.2125,EUR,2026-08-14T20:59:58.000Z,CONSOLIDATED,2026-09-22T12:30:10.168Z
2026-08-17,US26740W1099,D-Wave Quantum,17.985,EUR,2026-08-17T20:59:53.000Z,CONSOLIDATED,2026-09-22T12:30:10.168Z
2026-08-18,US26740W1099,D-Wave Quantum,16.815,EUR,2026-08-18T20:59:58.000Z,CONSOLIDATED,2026-09-22T12:30:10.168Z
2026-08-19,US26740W1099,D-Wave Quantum,16.59,EUR,2026-08-19T20:59:26.000Z,CONSOLIDATED,2026-09-22T12:30:10.168Z
2026-08-20,US26740W1099,D-Wave Quantum,16.1,EUR,2026-08-20T20:59:44.000Z,CONSOLIDATED,2026-09-22T12:30:10.168Z
2026-08-21,US26740W1099,D-Wave Quantum,17.44,EUR,2026-08-21T20:59:52.000Z,CONSOLIDATED,2026-09-22T12:30:10.168Z
2026-08-24,US26740W1099,D-Wave Quantum,16.105,EUR,2026-08-24T20:59:53.000Z,CONSOLIDATED,2026-09-22T12:30:10.168Z
2026-08-25,US26740W1099,D-Wave Quantum,16.58,EUR,2026-08-25T20:59:57.000Z,CONSOLIDATED,2026-09-22T12:30:10.168Z
2026-08-26,US26740W1099,D-Wave Quantum,15.24,EUR,2026-08-26T20:59:38.000Z,CONSOLIDATED,2026-09-22T12:30:10.168Z
2026-08-27,US26740W1099,D-Wave Quantum,15.3925,EUR,2026-08-27T20:59:37.000Z,CONSOLIDATED,2026-09-22T12:30:10.168Z
2026-08-28,US26740W1099,D-Wave Quantum,14.715,EUR,2026-08-28T20:59:52.000Z,CONSOLIDATED,2026-09-22T12:30:10.168Z
2026-08-31,US26740W1099,D-Wave Quantum,14.7725,EUR,2026-08-31T20:59:56.000Z,CONSOLIDATED,2026-09-22T12:30:10.168Z
2026-09-01,US26740W1099,D-Wave Quantum,14.2675,EUR,2026-09-01T20:59:38.000Z,CONSOLIDATED,2026-09-22T12:30:10.168Z
2026-09-02,US26740W1099,D-Wave Quantum,14.19,EUR,2026-09-02T20:59:23.000Z,CONSOLIDATED,2026-09-22T12:30:10.168Z
2026-09-03,US26740W1099,D-Wave Quantum,14.49,EUR,2026-09-03T20:59:50.000Z,CONSOLIDATED,2026-09-22T12:30:10.168Z
2026-09-04,US26740W1099,D-Wave Quantum,14.315,EUR,2026-09-04T20:59:00.000Z,CONSOLIDATED,2026-09-22T12:30:10.168Z
2026-09-07,US26740W1099,D-Wave Quantum,14.4125,EUR,2026-09-07T20:59:19.000Z,CONSOLIDATED,2026-09-22T12:30:10.168Z
2026-09-08,US26740W1099,D-Wave Quantum,15.1675,EUR,2026-09-08T20:58:17.000Z,CONSOLIDATED,2026-09-22T12:30:10.168Z
2026-09-09,US26740W1099,D-Wave Quantum,14.765,EUR,2026-09-09T20:59:31.000Z,CONSOLIDATED,2026-09-22T12:30:10.168Z
2026-09-10,US26740W1099,D-Wave Quantum,14.38,EUR,2026-09-10T20:59:18.000Z,CONSOLIDATED,2026-09-22T12:30:10.168Z
2026-09-11,US26740W1099,D-Wave Quantum,14.5,EUR,2026-09-11T20:58:54.000Z,CONSOLIDATED,2026-09-22T12:30:10.168Z
2026-09-14,US26740W1099,D-Wave Quantum,14.575,EUR,2026-09-14T20:59:51.000Z,CONSOLIDATED,2026-09-22T12:30:10.168Z
2026-09-15,US26740W1099,D-Wave Quantum,14.28,EUR,2026-09-15T20:59:11.000Z,CONSOLIDATED,2026-09-22T12:30:10.168Z
2026-09-16,US26740W1099,D-Wave Quantum,14.2275,EUR,2026-09-16T20:59:53.000Z,CONSOLIDATED,2026-09-22T12:30:10.168Z
2026-09-17,US26740W1099,D-Wave Quantum,15.4025,EUR,2026-09-17T20:59:36.000Z,CONSOLIDATED,2026-09-22T12:30:10.168Z
2026-09-18,US26740W1099,D-Wave Quantum,14.86,EUR,2026-09-18T20:59:00.000Z,CONSOLIDATED,2026-09-22T12:30:10.168Z
2026-09-21,US26740W1099,D-Wave Quantum,15.415,EUR,2026-09-21T20:57:52.000Z,CONSOLIDATED,2026-09-22T12:30:10.168Z
2026-01-02,IE00B8KQN827,Eaton,279.25,EUR,2026-01-02T21:59:30.000Z,CONSOLIDATED,2026-09-22T12:30:10.168Z
2026-01-05,IE00B8KQN827,Eaton,274.925,EUR,2026-01-05T21:45:22.000Z,CONSOLIDATED,2026-09-22T12:30:10.168Z
2026-01-06,IE00B8KQN827,Eaton,285.05,EUR,2026-01-06T21:59:42.000Z,CONSOLIDATED,2026-09-22T12:30:10.168Z
2026-01-07,IE00B8KQN827,Eaton,276.5,EUR,2026-01-07T21:55:52.000Z,CONSOLIDATED,2026-09-22T12:30:10.168Z
2026-01-08,IE00B8KQN827,Eaton,275.525,EUR,2026-01-08T21:58:44.000Z,CONSOLIDATED,2026-09-22T12:30:10.168Z
2026-01-09,IE00B8KQN827,Eaton,278.85,EUR,2026-01-09T21:59:00.000Z,CONSOLIDATED,2026-09-22T12:30:10.168Z
2026-01-12,IE00B8KQN827,Eaton,281.725,EUR,2026-01-12T21:50:55.000Z,CONSOLIDATED,2026-09-22T12:30:10.168Z
2026-01-13,IE00B8KQN827,Eaton,285.375,EUR,2026-01-13T21:59:31.000Z,CONSOLIDATED,2026-09-22T12:30:10.168Z
2026-01-14,IE00B8KQN827,Eaton,283.95,EUR,2026-01-14T21:59:55.000Z,CONSOLIDATED,2026-09-22T12:30:10.168Z
2026-01-15,IE00B8KQN827,Eaton,287.225,EUR,2026-01-15T21:41:54.000Z,CONSOLIDATED,2026-09-22T12:30:10.168Z
2026-01-16,IE00B8KQN827,Eaton,296.525,EUR,2026-01-16T21:59:01.000Z,CONSOLIDATED,2026-09-22T12:30:10.168Z
2026-01-19,IE00B8KQN827,Eaton,297.425,EUR,2026-01-19T21:20:41.000Z,CONSOLIDATED,2026-09-22T12:30:10.168Z
2026-01-20,IE00B8KQN827,Eaton,288.2,EUR,2026-01-20T21:59:33.000Z,CONSOLIDATED,2026-09-22T12:30:10.168Z
2026-01-21,IE00B8KQN827,Eaton,289.45,EUR,2026-01-21T21:58:47.000Z,CONSOLIDATED,2026-09-22T12:30:10.168Z
2026-01-22,IE00B8KQN827,Eaton,283.725,EUR,2026-01-22T21:58:56.000Z,CONSOLIDATED,2026-09-22T12:30:10.168Z
2026-01-23,IE00B8KQN827,Eaton,279.25,EUR,2026-01-23T21:58:11.000Z,CONSOLIDATED,2026-09-22T12:30:10.168Z
2026-01-26,IE00B8KQN827,Eaton,279.4,EUR,2026-01-26T21:59:32.000Z,CONSOLIDATED,2026-09-22T12:30:10.168Z
2026-01-27,IE00B8KQN827,Eaton,283.45,EUR,2026-01-27T21:59:01.000Z,CONSOLIDATED,2026-09-22T12:30:10.168Z
2026-01-28,IE00B8KQN827,Eaton,291.1,EUR,2026-01-28T21:59:56.000Z,CONSOLIDATED,2026-09-22T12:30:10.168Z
2026-01-29,IE00B8KQN827,Eaton,295.975,EUR,2026-01-29T21:59:48.000Z,CONSOLIDATED,2026-09-22T12:30:10.168Z
2026-01-30,IE00B8KQN827,Eaton,296.2,EUR,2026-01-30T21:59:46.000Z,CONSOLIDATED,2026-09-22T12:30:10.168Z
2026-02-02,IE00B8KQN827,Eaton,304.875,EUR,2026-02-02T21:59:49.000Z,CONSOLIDATED,2026-09-22T12:30:10.168Z
2026-02-03,IE00B8KQN827,Eaton,306.475,EUR,2026-02-03T21:59:18.000Z,CONSOLIDATED,2026-09-22T12:30:10.168Z
2026-02-04,IE00B8KQN827,Eaton,314.9,EUR,2026-02-04T21:59:57.000Z,CONSOLIDATED,2026-09-22T12:30:10.168Z
2026-02-05,IE00B8KQN827,Eaton,299.35,EUR,2026-02-05T21:59:40.000Z,CONSOLIDATED,2026-09-22T12:30:10.168Z
2026-02-06,IE00B8KQN827,Eaton,316.05,EUR,2026-02-06T21:56:42.000Z,CONSOLIDATED,2026-09-22T12:30:10.168Z
2026-02-09,IE00B8KQN827,Eaton,316.55,EUR,2026-02-09T21:59:36.000Z,CONSOLIDATED,2026-09-22T12:30:10.168Z
2026-02-10,IE00B8KQN827,Eaton,317.95,EUR,2026-02-10T21:53:39.000Z,CONSOLIDATED,2026-09-22T12:30:10.168Z
2026-02-11,IE00B8KQN827,Eaton,333.975,EUR,2026-02-11T21:59:49.000Z,CONSOLIDATED,2026-09-22T12:30:10.168Z
2026-02-12,IE00B8KQN827,Eaton,329.725,EUR,2026-02-12T21:56:00.000Z,CONSOLIDATED,2026-09-22T12:30:10.168Z
2026-02-13,IE00B8KQN827,Eaton,327.55,EUR,2026-02-13T21:59:45.000Z,CONSOLIDATED,2026-09-22T12:30:10.168Z
2026-02-16,IE00B8KQN827,Eaton,330.5,EUR,2026-02-16T21:59:19.000Z,CONSOLIDATED,2026-09-22T12:30:10.168Z
2026-02-17,IE00B8KQN827,Eaton,330.3,EUR,2026-02-17T21:59:47.000Z,CONSOLIDATED,2026-09-22T12:30:10.168Z
2026-02-18,IE00B8KQN827,Eaton,322.575,EUR,2026-02-18T21:58:04.000Z,CONSOLIDATED,2026-09-22T12:30:10.168Z
2026-02-19,IE00B8KQN827,Eaton,320.525,EUR,2026-02-19T21:59:55.000Z,CONSOLIDATED,2026-09-22T12:30:10.168Z
2026-02-20,IE00B8KQN827,Eaton,317.05,EUR,2026-02-20T21:57:38.000Z,CONSOLIDATED,2026-09-22T12:30:10.168Z
2026-02-23,IE00B8KQN827,Eaton,307.6,EUR,2026-02-23T21:54:59.000Z,CONSOLIDATED,2026-09-22T12:30:10.168Z
2026-02-24,IE00B8KQN827,Eaton,317.875,EUR,2026-02-24T21:58:44.000Z,CONSOLIDATED,2026-09-22T12:30:10.168Z
2026-02-25,IE00B8KQN827,Eaton,317.4,EUR,2026-02-25T21:59:29.000Z,CONSOLIDATED,2026-09-22T12:30:10.168Z
2026-02-26,IE00B8KQN827,Eaton,316.6,EUR,2026-02-26T21:57:22.000Z,CONSOLIDATED,2026-09-22T12:30:10.168Z
2026-02-27,IE00B8KQN827,Eaton,317.35,EUR,2026-02-27T21:59:42.000Z,CONSOLIDATED,2026-09-22T12:30:10.168Z
2026-03-02,IE00B8KQN827,Eaton,322.675,EUR,2026-03-02T21:59:18.000Z,CONSOLIDATED,2026-09-22T12:30:10.168Z
2026-03-03,IE00B8KQN827,Eaton,305.3,EUR,2026-03-03T21:59:39.000Z,CONSOLIDATED,2026-09-22T12:30:10.168Z
2026-03-04,IE00B8KQN827,Eaton,305.025,EUR,2026-03-04T21:59:58.000Z,CONSOLIDATED,2026-09-22T12:30:10.168Z
2026-03-05,IE00B8KQN827,Eaton,305.6,EUR,2026-03-05T21:57:40.000Z,CONSOLIDATED,2026-09-22T12:30:10.168Z
2026-03-06,IE00B8KQN827,Eaton,299.175,EUR,2026-03-06T21:59:57.000Z,CONSOLIDATED,2026-09-22T12:30:10.168Z
2026-03-09,IE00B8KQN827,Eaton,304.175,EUR,2026-03-09T21:58:35.000Z,CONSOLIDATED,2026-09-22T12:30:10.168Z
2026-03-10,IE00B8KQN827,Eaton,311.775,EUR,2026-03-10T21:55:28.000Z,CONSOLIDATED,2026-09-22T12:30:10.168Z
2026-03-11,IE00B8KQN827,Eaton,306.75,EUR,2026-03-11T21:56:53.000Z,CONSOLIDATED,2026-09-22T12:30:10.168Z
2026-03-12,IE00B8KQN827,Eaton,303.475,EUR,2026-03-12T21:59:54.000Z,CONSOLIDATED,2026-09-22T12:30:10.168Z
2026-03-13,IE00B8KQN827,Eaton,310.475,EUR,2026-03-13T21:58:09.000Z,CONSOLIDATED,2026-09-22T12:30:10.168Z
2026-03-16,IE00B8KQN827,Eaton,314.8,EUR,2026-03-16T21:53:55.000Z,CONSOLIDATED,2026-09-22T12:30:10.168Z
2026-03-17,IE00B8KQN827,Eaton,315.875,EUR,2026-03-17T21:57:24.000Z,CONSOLIDATED,2026-09-22T12:30:10.168Z
2026-03-18,IE00B8KQN827,Eaton,314.175,EUR,2026-03-18T21:55:46.000Z,CONSOLIDATED,2026-09-22T12:30:10.168Z
2026-03-19,IE00B8KQN827,Eaton,312.125,EUR,2026-03-19T21:59:58.000Z,CONSOLIDATED,2026-09-22T12:30:10.168Z
2026-03-20,IE00B8KQN827,Eaton,311.025,EUR,2026-03-20T21:59:52.000Z,CONSOLIDATED,2026-09-22T12:30:10.168Z
2026-03-23,IE00B8KQN827,Eaton,311.575,EUR,2026-03-23T21:55:21.000Z,CONSOLIDATED,2026-09-22T12:30:10.168Z
2026-03-24,IE00B8KQN827,Eaton,324.725,EUR,2026-03-24T21:59:51.000Z,CONSOLIDATED,2026-09-22T12:30:10.168Z
2026-03-25,IE00B8KQN827,Eaton,324.4,EUR,2026-03-25T21:58:28.000Z,CONSOLIDATED,2026-09-22T12:30:10.168Z
2026-03-26,IE00B8KQN827,Eaton,311.175,EUR,2026-03-26T21:59:22.000Z,CONSOLIDATED,2026-09-22T12:30:10.168Z
2026-03-27,IE00B8KQN827,Eaton,309.7,EUR,2026-03-27T21:54:55.000Z,CONSOLIDATED,2026-09-22T12:30:10.168Z
2026-03-30,IE00B8KQN827,Eaton,299.825,EUR,2026-03-30T20:57:54.000Z,CONSOLIDATED,2026-09-22T12:30:10.168Z
2026-03-31,IE00B8KQN827,Eaton,309.65,EUR,2026-03-31T20:59:37.000Z,CONSOLIDATED,2026-09-22T12:30:10.168Z
2026-04-01,IE00B8KQN827,Eaton,315.7,EUR,2026-04-01T20:59:53.000Z,CONSOLIDATED,2026-09-22T12:30:10.168Z
2026-04-02,IE00B8KQN827,Eaton,313.2,EUR,2026-04-02T20:54:53.000Z,CONSOLIDATED,2026-09-22T12:30:10.168Z
2026-04-07,IE00B8KQN827,Eaton,318.05,EUR,2026-04-07T20:59:46.000Z,CONSOLIDATED,2026-09-22T12:30:10.168Z
2026-04-08,IE00B8KQN827,Eaton,330.2,EUR,2026-04-08T20:45:05.000Z,CONSOLIDATED,2026-09-22T12:30:10.168Z
2026-04-09,IE00B8KQN827,Eaton,342.5,EUR,2026-04-09T20:59:32.000Z,CONSOLIDATED,2026-09-22T12:30:10.168Z
2026-04-10,IE00B8KQN827,Eaton,344.2,EUR,2026-04-10T20:59:54.000Z,CONSOLIDATED,2026-09-22T12:30:10.168Z
2026-04-13,IE00B8KQN827,Eaton,343.5,EUR,2026-04-13T20:59:59.000Z,CONSOLIDATED,2026-09-22T12:30:10.168Z
2026-04-14,IE00B8KQN827,Eaton,340.65,EUR,2026-04-14T20:59:02.000Z,CONSOLIDATED,2026-09-22T12:30:10.168Z
2026-04-15,IE00B8KQN827,Eaton,334.85,EUR,2026-04-15T20:59:38.000Z,CONSOLIDATED,2026-09-22T12:30:10.168Z
2026-04-16,IE00B8KQN827,Eaton,333.1,EUR,2026-04-16T20:59:51.000Z,CONSOLIDATED,2026-09-22T12:30:10.168Z
2026-04-17,IE00B8KQN827,Eaton,345.55,EUR,2026-04-17T20:59:49.000Z,CONSOLIDATED,2026-09-22T12:30:10.168Z
2026-04-20,IE00B8KQN827,Eaton,346.2,EUR,2026-04-20T20:59:52.000Z,CONSOLIDATED,2026-09-22T12:30:10.168Z
2026-04-21,IE00B8KQN827,Eaton,350.1,EUR,2026-04-21T20:59:49.000Z,CONSOLIDATED,2026-09-22T12:30:10.168Z
2026-04-22,IE00B8KQN827,Eaton,353.9,EUR,2026-04-22T20:59:26.000Z,CONSOLIDATED,2026-09-22T12:30:10.168Z
2026-04-23,IE00B8KQN827,Eaton,362.8,EUR,2026-04-23T20:59:58.000Z,CONSOLIDATED,2026-09-22T12:30:10.168Z
2026-04-24,IE00B8KQN827,Eaton,361.65,EUR,2026-04-24T20:59:58.000Z,CONSOLIDATED,2026-09-22T12:30:10.168Z
2026-04-27,IE00B8KQN827,Eaton,355.6,EUR,2026-04-27T20:59:01.000Z,CONSOLIDATED,2026-09-22T12:30:10.168Z
2026-04-28,IE00B8KQN827,Eaton,353.55,EUR,2026-04-28T20:56:19.000Z,CONSOLIDATED,2026-09-22T12:30:10.168Z
2026-04-29,IE00B8KQN827,Eaton,351.45,EUR,2026-04-29T20:59:51.000Z,CONSOLIDATED,2026-09-22T12:30:10.168Z
2026-04-30,IE00B8KQN827,Eaton,369.6,EUR,2026-04-30T20:56:47.000Z,CONSOLIDATED,2026-09-22T12:30:10.168Z
2026-05-04,IE00B8KQN827,Eaton,360.8,EUR,2026-05-04T20:59:38.000Z,CONSOLIDATED,2026-09-22T12:30:10.168Z
2026-05-05,IE00B8KQN827,Eaton,352,EUR,2026-05-05T20:59:53.000Z,CONSOLIDATED,2026-09-22T12:30:10.168Z
2026-05-06,IE00B8KQN827,Eaton,358.4,EUR,2026-05-06T20:59:07.000Z,CONSOLIDATED,2026-09-22T12:30:10.168Z
2026-05-07,IE00B8KQN827,Eaton,340.8,EUR,2026-05-07T20:59:56.000Z,CONSOLIDATED,2026-09-22T12:30:10.168Z
2026-05-08,IE00B8KQN827,Eaton,341.1,EUR,2026-05-08T20:59:43.000Z,CONSOLIDATED,2026-09-22T12:30:10.168Z
2026-05-11,IE00B8KQN827,Eaton,355.45,EUR,2026-05-11T20:59:40.000Z,CONSOLIDATED,2026-09-22T12:30:10.168Z
2026-05-12,IE00B8KQN827,Eaton,342.5,EUR,2026-05-12T20:59:59.000Z,CONSOLIDATED,2026-09-22T12:30:10.168Z
2026-05-13,IE00B8KQN827,Eaton,347.45,EUR,2026-05-13T20:59:59.000Z,CONSOLIDATED,2026-09-22T12:30:10.168Z
2026-05-14,IE00B8KQN827,Eaton,349.6,EUR,2026-05-14T20:59:31.000Z,CONSOLIDATED,2026-09-22T12:30:10.168Z
2026-05-15,IE00B8KQN827,Eaton,343.6,EUR,2026-05-15T20:59:39.000Z,CONSOLIDATED,2026-09-22T12:30:10.168Z
2026-05-18,IE00B8KQN827,Eaton,328.3,EUR,2026-05-18T20:58:19.000Z,CONSOLIDATED,2026-09-22T12:30:10.168Z
2026-05-19,IE00B8KQN827,Eaton,320.9,EUR,2026-05-19T20:59:54.000Z,CONSOLIDATED,2026-09-22T12:30:10.168Z
2026-05-20,IE00B8KQN827,Eaton,326.5,EUR,2026-05-20T20:59:51.000Z,CONSOLIDATED,2026-09-22T12:30:10.168Z
2026-05-21,IE00B8KQN827,Eaton,328.6,EUR,2026-05-21T20:59:26.000Z,CONSOLIDATED,2026-09-22T12:30:10.168Z
2026-05-22,IE00B8KQN827,Eaton,337.35,EUR,2026-05-22T20:55:15.000Z,CONSOLIDATED,2026-09-22T12:30:10.168Z
2026-05-25,IE00B8KQN827,Eaton,346.35,EUR,2026-05-25T20:00:01.000Z,CONSOLIDATED,2026-09-22T12:30:10.168Z
2026-05-26,IE00B8KQN827,Eaton,346.7,EUR,2026-05-26T20:59:23.000Z,CONSOLIDATED,2026-09-22T12:30:10.168Z
2026-05-27,IE00B8KQN827,Eaton,349.75,EUR,2026-05-27T20:58:32.000Z,CONSOLIDATED,2026-09-22T12:30:10.168Z
2026-05-28,IE00B8KQN827,Eaton,345.2,EUR,2026-05-28T20:59:59.000Z,CONSOLIDATED,2026-09-22T12:30:10.168Z
2026-05-29,IE00B8KQN827,Eaton,343.7,EUR,2026-05-29T20:59:22.000Z,CONSOLIDATED,2026-09-22T12:30:10.168Z
2026-06-01,IE00B8KQN827,Eaton,343.8,EUR,2026-06-01T20:59:37.000Z,CONSOLIDATED,2026-09-22T12:30:10.168Z
2026-06-02,IE00B8KQN827,Eaton,359.5,EUR,2026-06-02T20:59:03.000Z,CONSOLIDATED,2026-09-22T12:30:10.168Z
2026-06-03,IE00B8KQN827,Eaton,363.05,EUR,2026-06-03T20:59:53.000Z,CONSOLIDATED,2026-09-22T12:30:10.168Z
2026-06-04,IE00B8KQN827,Eaton,360.7,EUR,2026-06-04T20:59:29.000Z,CONSOLIDATED,2026-09-22T12:30:10.168Z
2026-06-05,IE00B8KQN827,Eaton,342.85,EUR,2026-06-05T20:59:30.000Z,CONSOLIDATED,2026-09-22T12:30:10.168Z
2026-06-08,IE00B8KQN827,Eaton,349.8,EUR,2026-06-08T20:57:49.000Z,CONSOLIDATED,2026-09-22T12:30:10.168Z
2026-06-09,IE00B8KQN827,Eaton,347.75,EUR,2026-06-09T20:59:57.000Z,CONSOLIDATED,2026-09-22T12:30:10.168Z
2026-06-10,IE00B8KQN827,Eaton,325.8,EUR,2026-06-10T20:59:40.000Z,CONSOLIDATED,2026-09-22T12:30:10.168Z
2026-06-11,IE00B8KQN827,Eaton,340.3,EUR,2026-06-11T20:59:56.000Z,CONSOLIDATED,2026-09-22T12:30:10.168Z
2026-06-12,IE00B8KQN827,Eaton,338.35,EUR,2026-06-12T20:59:51.000Z,CONSOLIDATED,2026-09-22T12:30:10.168Z
2026-06-15,IE00B8KQN827,Eaton,351.6,EUR,2026-06-15T20:55:53.000Z,CONSOLIDATED,2026-09-22T12:30:10.168Z
2026-06-16,IE00B8KQN827,Eaton,351,EUR,2026-06-16T20:54:41.000Z,CONSOLIDATED,2026-09-22T12:30:10.168Z
2026-06-17,IE00B8KQN827,Eaton,357.65,EUR,2026-06-17T20:59:15.000Z,CONSOLIDATED,2026-09-22T12:30:10.168Z
2026-06-18,IE00B8KQN827,Eaton,368.4,EUR,2026-06-18T20:59:55.000Z,CONSOLIDATED,2026-09-22T12:30:10.168Z
2026-06-19,IE00B8KQN827,Eaton,368,EUR,2026-06-19T20:05:36.000Z,CONSOLIDATED,2026-09-22T12:30:10.168Z
2026-06-22,IE00B8KQN827,Eaton,381.45,EUR,2026-06-22T20:59:52.000Z,CONSOLIDATED,2026-09-22T12:30:10.168Z
2026-06-23,IE00B8KQN827,Eaton,358.55,EUR,2026-06-23T20:59:54.000Z,CONSOLIDATED,2026-09-22T12:30:10.168Z
2026-06-24,IE00B8KQN827,Eaton,361.2,EUR,2026-06-24T20:59:38.000Z,CONSOLIDATED,2026-09-22T12:30:10.168Z
2026-06-25,IE00B8KQN827,Eaton,369.1,EUR,2026-06-25T20:50:56.000Z,CONSOLIDATED,2026-09-22T12:30:10.168Z
2026-06-26,IE00B8KQN827,Eaton,353.8,EUR,2026-06-26T20:59:54.000Z,CONSOLIDATED,2026-09-22T12:30:10.168Z
2026-06-29,IE00B8KQN827,Eaton,357.5,EUR,2026-06-29T20:59:30.000Z,CONSOLIDATED,2026-09-22T12:30:10.168Z
2026-06-30,IE00B8KQN827,Eaton,373,EUR,2026-06-30T20:59:38.000Z,CONSOLIDATED,2026-09-22T12:30:10.168Z
2026-07-01,IE00B8KQN827,Eaton,362.75,EUR,2026-07-01T20:59:48.000Z,CONSOLIDATED,2026-09-22T12:30:10.168Z
2026-07-02,IE00B8KQN827,Eaton,348.7,EUR,2026-07-02T20:59:43.000Z,CONSOLIDATED,2026-09-22T12:30:10.168Z
2026-07-03,IE00B8KQN827,Eaton,351.55,EUR,2026-07-03T20:24:03.000Z,CONSOLIDATED,2026-09-22T12:30:10.168Z
2026-07-06,IE00B8KQN827,Eaton,361.3,EUR,2026-07-06T20:59:09.000Z,CONSOLIDATED,2026-09-22T12:30:10.168Z
2026-07-07,IE00B8KQN827,Eaton,347,EUR,2026-07-07T20:59:15.000Z,CONSOLIDATED,2026-09-22T12:30:10.168Z
2026-07-08,IE00B8KQN827,Eaton,349.75,EUR,2026-07-08T20:44:04.000Z,CONSOLIDATED,2026-09-22T12:30:10.168Z
2026-07-09,IE00B8KQN827,Eaton,354.65,EUR,2026-07-09T20:59:30.000Z,CONSOLIDATED,2026-09-22T12:30:10.168Z
2026-07-10,IE00B8KQN827,Eaton,356.7,EUR,2026-07-10T20:52:45.000Z,CONSOLIDATED,2026-09-22T12:30:10.168Z
2026-07-13,IE00B8KQN827,Eaton,353.8,EUR,2026-07-13T20:59:58.000Z,CONSOLIDATED,2026-09-22T12:30:10.168Z
2026-07-14,IE00B8KQN827,Eaton,364.15,EUR,2026-07-14T20:59:56.000Z,CONSOLIDATED,2026-09-22T12:30:10.168Z
2026-07-15,IE00B8KQN827,Eaton,360.1,EUR,2026-07-15T20:56:17.000Z,CONSOLIDATED,2026-09-22T12:30:10.168Z
2026-07-16,IE00B8KQN827,Eaton,346.4,EUR,2026-07-16T20:59:58.000Z,CONSOLIDATED,2026-09-22T12:30:10.168Z
2026-07-17,IE00B8KQN827,Eaton,349.5,EUR,2026-07-17T20:59:38.000Z,CONSOLIDATED,2026-09-22T12:30:10.168Z
2026-07-20,IE00B8KQN827,Eaton,351.4,EUR,2026-07-20T20:43:04.000Z,CONSOLIDATED,2026-09-22T12:30:10.168Z
2026-07-21,IE00B8KQN827,Eaton,353.55,EUR,2026-07-21T20:53:43.000Z,CONSOLIDATED,2026-09-22T12:30:10.168Z
2026-07-22,IE00B8KQN827,Eaton,356.8,EUR,2026-07-22T20:58:40.000Z,CONSOLIDATED,2026-09-22T12:30:10.168Z
2026-07-23,IE00B8KQN827,Eaton,364.75,EUR,2026-07-23T20:59:57.000Z,CONSOLIDATED,2026-09-22T12:30:10.168Z
2026-07-24,IE00B8KQN827,Eaton,355.45,EUR,2026-07-24T20:59:56.000Z,CONSOLIDATED,2026-09-22T12:30:10.168Z
2026-07-27,IE00B8KQN827,Eaton,350.5,EUR,2026-07-27T20:56:35.000Z,CONSOLIDATED,2026-09-22T12:30:10.168Z
2026-07-28,IE00B8KQN827,Eaton,339.55,EUR,2026-07-28T20:59:58.000Z,CONSOLIDATED,2026-09-22T12:30:10.168Z
2026-07-29,IE00B8KQN827,Eaton,316.05,EUR,2026-07-29T20:58:58.000Z,CONSOLIDATED,2026-09-22T12:30:10.168Z
2026-07-30,IE00B8KQN827,Eaton,336.2,EUR,2026-07-30T20:59:43.000Z,CONSOLIDATED,2026-09-22T12:30:10.168Z
2026-07-31,IE00B8KQN827,Eaton,360.05,EUR,2026-07-31T20:59:58.000Z,CONSOLIDATED,2026-09-22T12:30:10.168Z
2026-08-03,IE00B8KQN827,Eaton,380.35,EUR,2026-08-03T20:58:46.000Z,CONSOLIDATED,2026-09-22T12:30:10.168Z
2026-08-04,IE00B8KQN827,Eaton,385.35,EUR,2026-08-04T20:58:11.000Z,CONSOLIDATED,2026-09-22T12:30:10.168Z
2026-08-05,IE00B8KQN827,Eaton,388,EUR,2026-08-05T20:59:13.000Z,CONSOLIDATED,2026-09-22T12:30:10.168Z
2026-08-06,IE00B8KQN827,Eaton,389.1,EUR,2026-08-06T20:24:01.000Z,CONSOLIDATED,2026-09-22T12:30:10.168Z
2026-08-07,IE00B8KQN827,Eaton,388,EUR,2026-08-07T20:55:09.000Z,CONSOLIDATED,2026-09-22T12:30:10.168Z
2026-08-10,IE00B8KQN827,Eaton,385.65,EUR,2026-08-10T20:56:21.000Z,CONSOLIDATED,2026-09-22T12:30:10.168Z
2026-08-11,IE00B8KQN827,Eaton,397.95,EUR,2026-08-11T20:59:56.000Z,CONSOLIDATED,2026-09-22T12:30:10.168Z
2026-08-12,IE00B8KQN827,Eaton,398.75,EUR,2026-08-12T20:59:06.000Z,CONSOLIDATED,2026-09-22T12:30:10.168Z
2026-08-13,IE00B8KQN827,Eaton,393.35,EUR,2026-08-13T20:57:03.000Z,CONSOLIDATED,2026-09-22T12:30:10.168Z
2026-08-14,IE00B8KQN827,Eaton,390.5,EUR,2026-08-14T20:53:08.000Z,CONSOLIDATED,2026-09-22T12:30:10.168Z
2026-08-17,IE00B8KQN827,Eaton,393.55,EUR,2026-08-17T20:30:23.000Z,CONSOLIDATED,2026-09-22T12:30:10.168Z
2026-08-18,IE00B8KQN827,Eaton,372.85,EUR,2026-08-18T20:53:01.000Z,CONSOLIDATED,2026-09-22T12:30:10.168Z
2026-08-19,IE00B8KQN827,Eaton,363.75,EUR,2026-08-19T20:34:24.000Z,CONSOLIDATED,2026-09-22T12:30:10.168Z
2026-08-20,IE00B8KQN827,Eaton,356.4,EUR,2026-08-20T20:54:41.000Z,CONSOLIDATED,2026-09-22T12:30:10.168Z
2026-08-21,IE00B8KQN827,Eaton,359.15,EUR,2026-08-21T20:59:54.000Z,CONSOLIDATED,2026-09-22T12:30:10.168Z
2026-08-24,IE00B8KQN827,Eaton,350.5,EUR,2026-08-24T20:50:57.000Z,CONSOLIDATED,2026-09-22T12:30:10.168Z
2026-08-25,IE00B8KQN827,Eaton,350.45,EUR,2026-08-25T20:59:26.000Z,CONSOLIDATED,2026-09-22T12:30:10.168Z
2026-08-26,IE00B8KQN827,Eaton,360.05,EUR,2026-08-26T20:48:35.000Z,CONSOLIDATED,2026-09-22T12:30:10.168Z
2026-08-27,IE00B8KQN827,Eaton,357.25,EUR,2026-08-27T20:52:55.000Z,CONSOLIDATED,2026-09-22T12:30:10.168Z
2026-08-28,IE00B8KQN827,Eaton,347.8,EUR,2026-08-28T20:59:57.000Z,CONSOLIDATED,2026-09-22T12:30:10.168Z
2026-08-31,IE00B8KQN827,Eaton,346.075,EUR,2026-08-31T20:59:30.000Z,CONSOLIDATED,2026-09-22T12:30:10.168Z
2026-09-01,IE00B8KQN827,Eaton,336.825,EUR,2026-09-01T20:51:48.000Z,CONSOLIDATED,2026-09-22T12:30:10.168Z
2026-09-02,IE00B8KQN827,Eaton,337.125,EUR,2026-09-02T20:58:30.000Z,CONSOLIDATED,2026-09-22T12:30:10.168Z
2026-09-03,IE00B8KQN827,Eaton,341.375,EUR,2026-09-03T20:45:31.000Z,CONSOLIDATED,2026-09-22T12:30:10.168Z
2026-09-04,IE00B8KQN827,Eaton,353.875,EUR,2026-09-04T20:38:14.000Z,CONSOLIDATED,2026-09-22T12:30:10.168Z
2026-09-07,IE00B8KQN827,Eaton,357.475,EUR,2026-09-07T20:15:44.000Z,CONSOLIDATED,2026-09-22T12:30:10.168Z
2026-09-08,IE00B8KQN827,Eaton,363.325,EUR,2026-09-08T20:37:54.000Z,CONSOLIDATED,2026-09-22T12:30:10.168Z
2026-09-09,IE00B8KQN827,Eaton,357.075,EUR,2026-09-09T20:59:00.000Z,CONSOLIDATED,2026-09-22T12:30:10.168Z
2026-09-10,IE00B8KQN827,Eaton,352.325,EUR,2026-09-10T20:47:57.000Z,CONSOLIDATED,2026-09-22T12:30:10.168Z
2026-09-11,IE00B8KQN827,Eaton,366.45,EUR,2026-09-11T20:58:45.000Z,CONSOLIDATED,2026-09-22T12:30:10.168Z
2026-09-14,IE00B8KQN827,Eaton,341.025,EUR,2026-09-14T20:48:49.000Z,CONSOLIDATED,2026-09-22T12:30:10.168Z
2026-09-15,IE00B8KQN827,Eaton,340.375,EUR,2026-09-15T20:50:06.000Z,CONSOLIDATED,2026-09-22T12:30:10.168Z
2026-09-16,IE00B8KQN827,Eaton,347.45,EUR,2026-09-16T20:59:55.000Z,CONSOLIDATED,2026-09-22T12:30:10.168Z
2026-09-17,IE00B8KQN827,Eaton,356.675,EUR,2026-09-17T20:59:50.000Z,CONSOLIDATED,2026-09-22T12:30:10.168Z
2026-09-18,IE00B8KQN827,Eaton,369.825,EUR,2026-09-18T20:52:36.000Z,CONSOLIDATED,2026-09-22T12:30:10.168Z
2026-09-21,IE00B8KQN827,Eaton,379.725,EUR,2026-09-21T20:16:43.000Z,CONSOLIDATED,2026-09-22T12:30:10.168Z
2026-01-02,US5324571083,Eli Lilly & Co,921.55,EUR,2026-01-02T21:50:44.000Z,CONSOLIDATED,2026-09-22T12:30:10.394Z
2026-01-05,US5324571083,Eli Lilly & Co,887.75,EUR,2026-01-05T21:59:31.000Z,CONSOLIDATED,2026-09-22T12:30:10.394Z
2026-01-06,US5324571083,Eli Lilly & Co,911.15,EUR,2026-01-06T21:59:53.000Z,CONSOLIDATED,2026-09-22T12:30:10.394Z
2026-01-07,US5324571083,Eli Lilly & Co,948.2,EUR,2026-01-07T21:56:44.000Z,CONSOLIDATED,2026-09-22T12:30:10.394Z
2026-01-08,US5324571083,Eli Lilly & Co,930.95,EUR,2026-01-08T21:59:17.000Z,CONSOLIDATED,2026-09-22T12:30:10.394Z
2026-01-09,US5324571083,Eli Lilly & Co,915.05,EUR,2026-01-09T21:59:57.000Z,CONSOLIDATED,2026-09-22T12:30:10.394Z
2026-01-12,US5324571083,Eli Lilly & Co,927.1,EUR,2026-01-12T21:59:45.000Z,CONSOLIDATED,2026-09-22T12:30:10.394Z
2026-01-13,US5324571083,Eli Lilly & Co,925.8,EUR,2026-01-13T21:50:34.000Z,CONSOLIDATED,2026-09-22T12:30:10.394Z
2026-01-14,US5324571083,Eli Lilly & Co,921.75,EUR,2026-01-14T21:59:39.000Z,CONSOLIDATED,2026-09-22T12:30:10.394Z
2026-01-15,US5324571083,Eli Lilly & Co,889.1,EUR,2026-01-15T21:59:48.000Z,CONSOLIDATED,2026-09-22T12:30:10.394Z
2026-01-16,US5324571083,Eli Lilly & Co,895.85,EUR,2026-01-16T21:57:39.000Z,CONSOLIDATED,2026-09-22T12:30:10.394Z
2026-01-19,US5324571083,Eli Lilly & Co,879.45,EUR,2026-01-19T21:55:15.000Z,CONSOLIDATED,2026-09-22T12:30:10.394Z
2026-01-20,US5324571083,Eli Lilly & Co,888.8,EUR,2026-01-20T21:59:46.000Z,CONSOLIDATED,2026-09-22T12:30:10.394Z
2026-01-21,US5324571083,Eli Lilly & Co,923.4,EUR,2026-01-21T21:59:58.000Z,CONSOLIDATED,2026-09-22T12:30:10.394Z
2026-01-22,US5324571083,Eli Lilly & Co,924.7,EUR,2026-01-22T21:58:56.000Z,CONSOLIDATED,2026-09-22T12:30:10.394Z
2026-01-23,US5324571083,Eli Lilly & Co,900.2,EUR,2026-01-23T21:59:56.000Z,CONSOLIDATED,2026-09-22T12:30:10.394Z
2026-01-26,US5324571083,Eli Lilly & Co,894.4,EUR,2026-01-26T21:57:38.000Z,CONSOLIDATED,2026-09-22T12:30:10.394Z
2026-01-27,US5324571083,Eli Lilly & Co,866.6,EUR,2026-01-27T21:59:49.000Z,CONSOLIDATED,2026-09-22T12:30:10.394Z
2026-01-28,US5324571083,Eli Lilly & Co,850.8,EUR,2026-01-28T21:59:56.000Z,CONSOLIDATED,2026-09-22T12:30:10.394Z
2026-01-29,US5324571083,Eli Lilly & Co,854.1,EUR,2026-01-29T21:58:45.000Z,CONSOLIDATED,2026-09-22T12:30:10.394Z
2026-01-30,US5324571083,Eli Lilly & Co,874.8,EUR,2026-01-30T21:59:57.000Z,CONSOLIDATED,2026-09-22T12:30:10.394Z
2026-02-02,US5324571083,Eli Lilly & Co,886,EUR,2026-02-02T21:59:45.000Z,CONSOLIDATED,2026-09-22T12:30:10.394Z
2026-02-03,US5324571083,Eli Lilly & Co,851.95,EUR,2026-02-03T21:59:56.000Z,CONSOLIDATED,2026-09-22T12:30:10.394Z
2026-02-04,US5324571083,Eli Lilly & Co,933.8,EUR,2026-02-04T21:59:58.000Z,CONSOLIDATED,2026-09-22T12:30:10.394Z
2026-02-05,US5324571083,Eli Lilly & Co,864.65,EUR,2026-02-05T21:59:54.000Z,CONSOLIDATED,2026-09-22T12:30:10.394Z
2026-02-06,US5324571083,Eli Lilly & Co,904.1,EUR,2026-02-06T21:59:50.000Z,CONSOLIDATED,2026-09-22T12:30:10.394Z
2026-02-09,US5324571083,Eli Lilly & Co,877.95,EUR,2026-02-09T21:59:57.000Z,CONSOLIDATED,2026-09-22T12:30:10.394Z
2026-02-10,US5324571083,Eli Lilly & Co,863.75,EUR,2026-02-10T21:59:58.000Z,CONSOLIDATED,2026-09-22T12:30:10.394Z
2026-02-11,US5324571083,Eli Lilly & Co,854.4,EUR,2026-02-11T21:59:17.000Z,CONSOLIDATED,2026-09-22T12:30:10.394Z
2026-02-12,US5324571083,Eli Lilly & Co,876.9,EUR,2026-02-12T21:58:40.000Z,CONSOLIDATED,2026-09-22T12:30:10.394Z
2026-02-13,US5324571083,Eli Lilly & Co,876.7,EUR,2026-02-13T21:59:50.000Z,CONSOLIDATED,2026-09-22T12:30:10.394Z
2026-02-16,US5324571083,Eli Lilly & Co,884.35,EUR,2026-02-16T21:05:17.000Z,CONSOLIDATED,2026-09-22T12:30:10.394Z
2026-02-17,US5324571083,Eli Lilly & Co,876.05,EUR,2026-02-17T21:59:50.000Z,CONSOLIDATED,2026-09-22T12:30:10.394Z
2026-02-18,US5324571083,Eli Lilly & Co,864.8,EUR,2026-02-18T21:59:51.000Z,CONSOLIDATED,2026-09-22T12:30:10.394Z
2026-02-19,US5324571083,Eli Lilly & Co,868.1,EUR,2026-02-19T21:59:47.000Z,CONSOLIDATED,2026-09-22T12:30:10.394Z
2026-02-20,US5324571083,Eli Lilly & Co,858,EUR,2026-02-20T21:59:21.000Z,CONSOLIDATED,2026-09-22T12:30:10.394Z
2026-02-23,US5324571083,Eli Lilly & Co,895.45,EUR,2026-02-23T21:59:17.000Z,CONSOLIDATED,2026-09-22T12:30:10.394Z
2026-02-24,US5324571083,Eli Lilly & Co,887.1,EUR,2026-02-24T21:59:38.000Z,CONSOLIDATED,2026-09-22T12:30:10.394Z
2026-02-25,US5324571083,Eli Lilly & Co,872.3,EUR,2026-02-25T21:59:17.000Z,CONSOLIDATED,2026-09-22T12:30:10.394Z
2026-02-26,US5324571083,Eli Lilly & Co,865.35,EUR,2026-02-26T21:57:01.000Z,CONSOLIDATED,2026-09-22T12:30:10.394Z
2026-02-27,US5324571083,Eli Lilly & Co,888.2,EUR,2026-02-27T21:59:57.000Z,CONSOLIDATED,2026-09-22T12:30:10.394Z
2026-03-02,US5324571083,Eli Lilly & Co,872.5,EUR,2026-03-02T21:59:53.000Z,CONSOLIDATED,2026-09-22T12:30:10.394Z
2026-03-03,US5324571083,Eli Lilly & Co,866.9,EUR,2026-03-03T21:58:34.000Z,CONSOLIDATED,2026-09-22T12:30:10.394Z
2026-03-04,US5324571083,Eli Lilly & Co,860.1,EUR,2026-03-04T21:59:57.000Z,CONSOLIDATED,2026-09-22T12:30:10.394Z
2026-03-05,US5324571083,Eli Lilly & Co,844.5,EUR,2026-03-05T21:59:54.000Z,CONSOLIDATED,2026-09-22T12:30:10.394Z
2026-03-06,US5324571083,Eli Lilly & Co,850,EUR,2026-03-06T21:59:55.000Z,CONSOLIDATED,2026-09-22T12:30:10.394Z
2026-03-09,US5324571083,Eli Lilly & Co,864.5,EUR,2026-03-09T21:59:52.000Z,CONSOLIDATED,2026-09-22T12:30:10.394Z
2026-03-10,US5324571083,Eli Lilly & Co,862.1,EUR,2026-03-10T21:58:50.000Z,CONSOLIDATED,2026-09-22T12:30:10.394Z
2026-03-11,US5324571083,Eli Lilly & Co,862.45,EUR,2026-03-11T21:59:47.000Z,CONSOLIDATED,2026-09-22T12:30:10.394Z
2026-03-12,US5324571083,Eli Lilly & Co,848.85,EUR,2026-03-12T21:58:32.000Z,CONSOLIDATED,2026-09-22T12:30:10.394Z
2026-03-13,US5324571083,Eli Lilly & Co,862.55,EUR,2026-03-13T21:59:56.000Z,CONSOLIDATED,2026-09-22T12:30:10.394Z
2026-03-16,US5324571083,Eli Lilly & Co,858.95,EUR,2026-03-16T21:59:53.000Z,CONSOLIDATED,2026-09-22T12:30:10.394Z
2026-03-17,US5324571083,Eli Lilly & Co,806.4,EUR,2026-03-17T21:59:04.000Z,CONSOLIDATED,2026-09-22T12:30:10.394Z
2026-03-18,US5324571083,Eli Lilly & Co,799.35,EUR,2026-03-18T21:59:30.000Z,CONSOLIDATED,2026-09-22T12:30:10.394Z
2026-03-19,US5324571083,Eli Lilly & Co,792.7,EUR,2026-03-19T21:59:39.000Z,CONSOLIDATED,2026-09-22T12:30:10.394Z
2026-03-20,US5324571083,Eli Lilly & Co,786.25,EUR,2026-03-20T21:59:48.000Z,CONSOLIDATED,2026-09-22T12:30:10.394Z
2026-03-23,US5324571083,Eli Lilly & Co,784.2,EUR,2026-03-23T21:59:48.000Z,CONSOLIDATED,2026-09-22T12:30:10.394Z
2026-03-24,US5324571083,Eli Lilly & Co,777.55,EUR,2026-03-24T21:59:50.000Z,CONSOLIDATED,2026-09-22T12:30:10.394Z
2026-03-25,US5324571083,Eli Lilly & Co,791.45,EUR,2026-03-25T21:59:53.000Z,CONSOLIDATED,2026-09-22T12:30:10.394Z
2026-03-26,US5324571083,Eli Lilly & Co,779.2,EUR,2026-03-26T21:59:49.000Z,CONSOLIDATED,2026-09-22T12:30:10.394Z
2026-03-27,US5324571083,Eli Lilly & Co,762,EUR,2026-03-27T21:53:09.000Z,CONSOLIDATED,2026-09-22T12:30:10.394Z
2026-03-30,US5324571083,Eli Lilly & Co,773.25,EUR,2026-03-30T20:59:59.000Z,CONSOLIDATED,2026-09-22T12:30:10.394Z
2026-03-31,US5324571083,Eli Lilly & Co,795.8,EUR,2026-03-31T20:59:56.000Z,CONSOLIDATED,2026-09-22T12:30:10.394Z
2026-04-01,US5324571083,Eli Lilly & Co,824.7,EUR,2026-04-01T20:59:57.000Z,CONSOLIDATED,2026-09-22T12:30:10.394Z
2026-04-02,US5324571083,Eli Lilly & Co,810.9,EUR,2026-04-02T20:59:09.000Z,CONSOLIDATED,2026-09-22T12:30:10.394Z
2026-04-07,US5324571083,Eli Lilly & Co,803.1,EUR,2026-04-07T20:59:59.000Z,CONSOLIDATED,2026-09-22T12:30:10.394Z
2026-04-08,US5324571083,Eli Lilly & Co,816.75,EUR,2026-04-08T20:58:38.000Z,CONSOLIDATED,2026-09-22T12:30:10.394Z
2026-04-09,US5324571083,Eli Lilly & Co,816.15,EUR,2026-04-09T20:59:57.000Z,CONSOLIDATED,2026-09-22T12:30:10.394Z
2026-04-10,US5324571083,Eli Lilly & Co,801.7,EUR,2026-04-10T20:59:57.000Z,CONSOLIDATED,2026-09-22T12:30:10.394Z
2026-04-13,US5324571083,Eli Lilly & Co,791.2,EUR,2026-04-13T20:59:44.000Z,CONSOLIDATED,2026-09-22T12:30:10.394Z
2026-04-14,US5324571083,Eli Lilly & Co,782.05,EUR,2026-04-14T20:59:04.000Z,CONSOLIDATED,2026-09-22T12:30:10.394Z
2026-04-15,US5324571083,Eli Lilly & Co,767.5,EUR,2026-04-15T20:59:45.000Z,CONSOLIDATED,2026-09-22T12:30:10.394Z
2026-04-16,US5324571083,Eli Lilly & Co,767.35,EUR,2026-04-16T20:59:06.000Z,CONSOLIDATED,2026-09-22T12:30:10.394Z
2026-04-17,US5324571083,Eli Lilly & Co,786.3,EUR,2026-04-17T20:59:48.000Z,CONSOLIDATED,2026-09-22T12:30:10.394Z
2026-04-20,US5324571083,Eli Lilly & Co,781.1,EUR,2026-04-20T20:59:57.000Z,CONSOLIDATED,2026-09-22T12:30:10.394Z
2026-04-21,US5324571083,Eli Lilly & Co,777.6,EUR,2026-04-21T20:59:46.000Z,CONSOLIDATED,2026-09-22T12:30:10.394Z
2026-04-22,US5324571083,Eli Lilly & Co,785.75,EUR,2026-04-22T20:59:47.000Z,CONSOLIDATED,2026-09-22T12:30:10.394Z
2026-04-23,US5324571083,Eli Lilly & Co,785.45,EUR,2026-04-23T20:56:49.000Z,CONSOLIDATED,2026-09-22T12:30:10.394Z
2026-04-24,US5324571083,Eli Lilly & Co,754.35,EUR,2026-04-24T20:59:55.000Z,CONSOLIDATED,2026-09-22T12:30:10.394Z
2026-04-27,US5324571083,Eli Lilly & Co,742.25,EUR,2026-04-27T20:59:54.000Z,CONSOLIDATED,2026-09-22T12:30:10.394Z
2026-04-28,US5324571083,Eli Lilly & Co,746.3,EUR,2026-04-28T20:59:41.000Z,CONSOLIDATED,2026-09-22T12:30:10.394Z
2026-04-29,US5324571083,Eli Lilly & Co,731.95,EUR,2026-04-29T20:59:58.000Z,CONSOLIDATED,2026-09-22T12:30:10.394Z
2026-04-30,US5324571083,Eli Lilly & Co,797.15,EUR,2026-04-30T20:59:53.000Z,CONSOLIDATED,2026-09-22T12:30:10.394Z
2026-05-04,US5324571083,Eli Lilly & Co,827,EUR,2026-05-04T20:59:39.000Z,CONSOLIDATED,2026-09-22T12:30:10.394Z
2026-05-05,US5324571083,Eli Lilly & Co,845,EUR,2026-05-05T20:59:19.000Z,CONSOLIDATED,2026-09-22T12:30:10.394Z
2026-05-06,US5324571083,Eli Lilly & Co,837.95,EUR,2026-05-06T20:59:59.000Z,CONSOLIDATED,2026-09-22T12:30:10.394Z
2026-05-07,US5324571083,Eli Lilly & Co,829.55,EUR,2026-05-07T20:59:58.000Z,CONSOLIDATED,2026-09-22T12:30:10.394Z
2026-05-08,US5324571083,Eli Lilly & Co,805.3,EUR,2026-05-08T20:59:58.000Z,CONSOLIDATED,2026-09-22T12:30:10.394Z
2026-05-11,US5324571083,Eli Lilly & Co,819.95,EUR,2026-05-11T20:58:21.000Z,CONSOLIDATED,2026-09-22T12:30:10.394Z
2026-05-12,US5324571083,Eli Lilly & Co,843.65,EUR,2026-05-12T20:59:02.000Z,CONSOLIDATED,2026-09-22T12:30:10.394Z
2026-05-13,US5324571083,Eli Lilly & Co,866.15,EUR,2026-05-13T20:59:59.000Z,CONSOLIDATED,2026-09-22T12:30:10.394Z
2026-05-14,US5324571083,Eli Lilly & Co,862.15,EUR,2026-05-14T20:59:54.000Z,CONSOLIDATED,2026-09-22T12:30:10.394Z
2026-05-15,US5324571083,Eli Lilly & Co,863.5,EUR,2026-05-15T20:58:30.000Z,CONSOLIDATED,2026-09-22T12:30:10.394Z
2026-05-18,US5324571083,Eli Lilly & Co,847.4,EUR,2026-05-18T20:58:21.000Z,CONSOLIDATED,2026-09-22T12:30:10.394Z
2026-05-19,US5324571083,Eli Lilly & Co,874.75,EUR,2026-05-19T20:58:27.000Z,CONSOLIDATED,2026-09-22T12:30:10.394Z
2026-05-20,US5324571083,Eli Lilly & Co,875.9,EUR,2026-05-20T20:57:19.000Z,CONSOLIDATED,2026-09-22T12:30:10.394Z
2026-05-21,US5324571083,Eli Lilly & Co,896.95,EUR,2026-05-21T20:59:01.000Z,CONSOLIDATED,2026-09-22T12:30:10.394Z
2026-05-22,US5324571083,Eli Lilly & Co,917.75,EUR,2026-05-22T20:59:34.000Z,CONSOLIDATED,2026-09-22T12:30:10.394Z
2026-05-25,US5324571083,Eli Lilly & Co,923.6,EUR,2026-05-25T20:47:06.000Z,CONSOLIDATED,2026-09-22T12:30:10.394Z
2026-05-26,US5324571083,Eli Lilly & Co,918.95,EUR,2026-05-26T20:59:31.000Z,CONSOLIDATED,2026-09-22T12:30:10.394Z
2026-05-27,US5324571083,Eli Lilly & Co,932,EUR,2026-05-27T20:59:01.000Z,CONSOLIDATED,2026-09-22T12:30:10.394Z
2026-05-28,US5324571083,Eli Lilly & Co,969.15,EUR,2026-05-28T20:58:18.000Z,CONSOLIDATED,2026-09-22T12:30:10.394Z
2026-05-29,US5324571083,Eli Lilly & Co,947.3,EUR,2026-05-29T20:59:38.000Z,CONSOLIDATED,2026-09-22T12:30:10.394Z
2026-06-01,US5324571083,Eli Lilly & Co,929.2,EUR,2026-06-01T20:59:59.000Z,CONSOLIDATED,2026-09-22T12:30:10.394Z
2026-06-02,US5324571083,Eli Lilly & Co,915.15,EUR,2026-06-02T20:58:54.000Z,CONSOLIDATED,2026-09-22T12:30:10.394Z
2026-06-03,US5324571083,Eli Lilly & Co,929.7,EUR,2026-06-03T20:59:57.000Z,CONSOLIDATED,2026-09-22T12:30:10.394Z
2026-06-04,US5324571083,Eli Lilly & Co,968.45,EUR,2026-06-04T20:59:36.000Z,CONSOLIDATED,2026-09-22T12:30:10.394Z
2026-06-05,US5324571083,Eli Lilly & Co,977.7,EUR,2026-06-05T20:59:39.000Z,CONSOLIDATED,2026-09-22T12:30:10.394Z
2026-06-08,US5324571083,Eli Lilly & Co,1000.4,EUR,2026-06-08T20:59:58.000Z,CONSOLIDATED,2026-09-22T12:30:10.394Z
2026-06-09,US5324571083,Eli Lilly & Co,990.6,EUR,2026-06-09T20:59:57.000Z,CONSOLIDATED,2026-09-22T12:30:10.394Z
2026-06-10,US5324571083,Eli Lilly & Co,984.7,EUR,2026-06-10T20:59:36.000Z,CONSOLIDATED,2026-09-22T12:30:10.394Z
2026-06-11,US5324571083,Eli Lilly & Co,1002.2,EUR,2026-06-11T20:59:54.000Z,CONSOLIDATED,2026-09-22T12:30:10.394Z
2026-06-12,US5324571083,Eli Lilly & Co,978.9,EUR,2026-06-12T20:59:51.000Z,CONSOLIDATED,2026-09-22T12:30:10.394Z
2026-06-15,US5324571083,Eli Lilly & Co,974.5,EUR,2026-06-15T20:59:02.000Z,CONSOLIDATED,2026-09-22T12:30:10.394Z
2026-06-16,US5324571083,Eli Lilly & Co,966.7,EUR,2026-06-16T20:58:37.000Z,CONSOLIDATED,2026-09-22T12:30:10.394Z
2026-06-17,US5324571083,Eli Lilly & Co,967.05,EUR,2026-06-17T20:59:57.000Z,CONSOLIDATED,2026-09-22T12:30:10.394Z
2026-06-18,US5324571083,Eli Lilly & Co,959.5,EUR,2026-06-18T20:59:03.000Z,CONSOLIDATED,2026-09-22T12:30:10.394Z
2026-06-19,US5324571083,Eli Lilly & Co,959.75,EUR,2026-06-19T20:05:20.000Z,CONSOLIDATED,2026-09-22T12:30:10.394Z
2026-06-22,US5324571083,Eli Lilly & Co,966.45,EUR,2026-06-22T20:59:59.000Z,CONSOLIDATED,2026-09-22T12:30:10.394Z
2026-06-23,US5324571083,Eli Lilly & Co,972.45,EUR,2026-06-23T20:50:59.000Z,CONSOLIDATED,2026-09-22T12:30:10.394Z
2026-06-24,US5324571083,Eli Lilly & Co,978.8,EUR,2026-06-24T20:59:05.000Z,CONSOLIDATED,2026-09-22T12:30:10.394Z
2026-06-25,US5324571083,Eli Lilly & Co,993.95,EUR,2026-06-25T20:59:56.000Z,CONSOLIDATED,2026-09-22T12:30:10.394Z
2026-06-26,US5324571083,Eli Lilly & Co,1065.4,EUR,2026-06-26T20:59:53.000Z,CONSOLIDATED,2026-09-22T12:30:10.394Z
2026-06-29,US5324571083,Eli Lilly & Co,1074.3,EUR,2026-06-29T20:59:46.000Z,CONSOLIDATED,2026-09-22T12:30:10.394Z
2026-06-30,US5324571083,Eli Lilly & Co,1050.5,EUR,2026-06-30T20:59:31.000Z,CONSOLIDATED,2026-09-22T12:30:10.394Z
2026-07-01,US5324571083,Eli Lilly & Co,1045.9,EUR,2026-07-01T20:59:48.000Z,CONSOLIDATED,2026-09-22T12:30:10.394Z
2026-07-02,US5324571083,Eli Lilly & Co,1061,EUR,2026-07-02T20:59:41.000Z,CONSOLIDATED,2026-09-22T12:30:10.394Z
2026-07-03,US5324571083,Eli Lilly & Co,1054.9,EUR,2026-07-03T20:44:55.000Z,CONSOLIDATED,2026-09-22T12:30:10.394Z
2026-07-06,US5324571083,Eli Lilly & Co,1051.2,EUR,2026-07-06T20:59:58.000Z,CONSOLIDATED,2026-09-22T12:30:10.394Z
2026-07-07,US5324571083,Eli Lilly & Co,1083,EUR,2026-07-07T20:57:19.000Z,CONSOLIDATED,2026-09-22T12:30:10.394Z
2026-07-08,US5324571083,Eli Lilly & Co,1064.2,EUR,2026-07-08T20:59:52.000Z,CONSOLIDATED,2026-09-22T12:30:10.394Z
2026-07-09,US5324571083,Eli Lilly & Co,1065.1,EUR,2026-07-09T20:59:14.000Z,CONSOLIDATED,2026-09-22T12:30:10.394Z
2026-07-10,US5324571083,Eli Lilly & Co,1041.2,EUR,2026-07-10T20:59:58.000Z,CONSOLIDATED,2026-09-22T12:30:10.394Z
2026-07-13,US5324571083,Eli Lilly & Co,1038.9,EUR,2026-07-13T20:59:58.000Z,CONSOLIDATED,2026-09-22T12:30:10.394Z
2026-07-14,US5324571083,Eli Lilly & Co,1011.8,EUR,2026-07-14T20:59:01.000Z,CONSOLIDATED,2026-09-22T12:30:10.394Z
2026-07-15,US5324571083,Eli Lilly & Co,1007.9,EUR,2026-07-15T20:59:52.000Z,CONSOLIDATED,2026-09-22T12:30:10.394Z
2026-07-16,US5324571083,Eli Lilly & Co,1022.4,EUR,2026-07-16T20:59:56.000Z,CONSOLIDATED,2026-09-22T12:30:10.394Z
2026-07-17,US5324571083,Eli Lilly & Co,1029,EUR,2026-07-17T20:59:48.000Z,CONSOLIDATED,2026-09-22T12:30:10.394Z
2026-07-20,US5324571083,Eli Lilly & Co,1003.2,EUR,2026-07-20T20:59:47.000Z,CONSOLIDATED,2026-09-22T12:30:10.394Z
2026-07-21,US5324571083,Eli Lilly & Co,1031.3,EUR,2026-07-21T20:59:58.000Z,CONSOLIDATED,2026-09-22T12:30:10.394Z
2026-07-22,US5324571083,Eli Lilly & Co,1019.6,EUR,2026-07-22T20:59:28.000Z,CONSOLIDATED,2026-09-22T12:30:10.394Z
2026-07-23,US5324571083,Eli Lilly & Co,1039.8,EUR,2026-07-23T20:59:57.000Z,CONSOLIDATED,2026-09-22T12:30:10.394Z
2026-07-24,US5324571083,Eli Lilly & Co,1051.7,EUR,2026-07-24T20:59:44.000Z,CONSOLIDATED,2026-09-22T12:30:10.394Z
2026-07-27,US5324571083,Eli Lilly & Co,1054,EUR,2026-07-27T20:59:36.000Z,CONSOLIDATED,2026-09-22T12:30:10.394Z
2026-07-28,US5324571083,Eli Lilly & Co,1071.5,EUR,2026-07-28T20:57:43.000Z,CONSOLIDATED,2026-09-22T12:30:10.394Z
2026-07-29,US5324571083,Eli Lilly & Co,1055.7,EUR,2026-07-29T20:59:53.000Z,CONSOLIDATED,2026-09-22T12:30:10.394Z
2026-07-30,US5324571083,Eli Lilly & Co,1002.3,EUR,2026-07-30T20:59:41.000Z,CONSOLIDATED,2026-09-22T12:30:10.394Z
2026-07-31,US5324571083,Eli Lilly & Co,999.15,EUR,2026-07-31T20:59:36.000Z,CONSOLIDATED,2026-09-22T12:30:10.394Z
2026-08-03,US5324571083,Eli Lilly & Co,974.8,EUR,2026-08-03T20:59:56.000Z,CONSOLIDATED,2026-09-22T12:30:10.394Z
2026-08-04,US5324571083,Eli Lilly & Co,974.45,EUR,2026-08-04T20:59:57.000Z,CONSOLIDATED,2026-09-22T12:30:10.394Z
2026-08-05,US5324571083,Eli Lilly & Co,1008.6,EUR,2026-08-05T20:59:56.000Z,CONSOLIDATED,2026-09-22T12:30:10.394Z
2026-08-06,US5324571083,Eli Lilly & Co,1033.7,EUR,2026-08-06T20:59:20.000Z,CONSOLIDATED,2026-09-22T12:30:10.394Z
2026-08-07,US5324571083,Eli Lilly & Co,1024.5,EUR,2026-08-07T20:59:56.000Z,CONSOLIDATED,2026-09-22T12:30:10.394Z
2026-08-10,US5324571083,Eli Lilly & Co,1066.3,EUR,2026-08-10T20:59:40.000Z,CONSOLIDATED,2026-09-22T12:30:10.394Z
2026-08-11,US5324571083,Eli Lilly & Co,1052.1,EUR,2026-08-11T20:59:58.000Z,CONSOLIDATED,2026-09-22T12:30:10.394Z
2026-08-12,US5324571083,Eli Lilly & Co,1059.3,EUR,2026-08-12T20:57:57.000Z,CONSOLIDATED,2026-09-22T12:30:10.394Z
2026-08-13,US5324571083,Eli Lilly & Co,1049.8,EUR,2026-08-13T20:59:55.000Z,CONSOLIDATED,2026-09-22T12:30:10.394Z
2026-08-14,US5324571083,Eli Lilly & Co,1019.7,EUR,2026-08-14T20:57:40.000Z,CONSOLIDATED,2026-09-22T12:30:10.394Z
2026-08-17,US5324571083,Eli Lilly & Co,1021.7,EUR,2026-08-17T20:59:43.000Z,CONSOLIDATED,2026-09-22T12:30:10.394Z
2026-08-18,US5324571083,Eli Lilly & Co,1058.6,EUR,2026-08-18T20:59:51.000Z,CONSOLIDATED,2026-09-22T12:30:10.394Z
2026-08-19,US5324571083,Eli Lilly & Co,1096.2,EUR,2026-08-19T20:59:45.000Z,CONSOLIDATED,2026-09-22T12:30:10.394Z
2026-08-20,US5324571083,Eli Lilly & Co,1067.5,EUR,2026-08-20T20:59:54.000Z,CONSOLIDATED,2026-09-22T12:30:10.394Z
2026-08-21,US5324571083,Eli Lilly & Co,1074.6,EUR,2026-08-21T20:59:52.000Z,CONSOLIDATED,2026-09-22T12:30:10.394Z
2026-08-24,US5324571083,Eli Lilly & Co,1070,EUR,2026-08-24T20:58:02.000Z,CONSOLIDATED,2026-09-22T12:30:10.394Z
2026-08-25,US5324571083,Eli Lilly & Co,1055.8,EUR,2026-08-25T20:59:30.000Z,CONSOLIDATED,2026-09-22T12:30:10.394Z
2026-08-26,US5324571083,Eli Lilly & Co,1021.7,EUR,2026-08-26T20:59:36.000Z,CONSOLIDATED,2026-09-22T12:30:10.394Z
2026-08-27,US5324571083,Eli Lilly & Co,1008.8,EUR,2026-08-27T20:58:09.000Z,CONSOLIDATED,2026-09-22T12:30:10.394Z
2026-08-28,US5324571083,Eli Lilly & Co,1011.9,EUR,2026-08-28T20:59:57.000Z,CONSOLIDATED,2026-09-22T12:30:10.394Z
2026-08-31,US5324571083,Eli Lilly & Co,997.25,EUR,2026-08-31T20:59:57.000Z,CONSOLIDATED,2026-09-22T12:30:10.394Z
2026-09-01,US5324571083,Eli Lilly & Co,1000.75,EUR,2026-09-01T20:59:41.000Z,CONSOLIDATED,2026-09-22T12:30:10.394Z
2026-09-02,US5324571083,Eli Lilly & Co,1002.2,EUR,2026-09-02T20:58:55.000Z,CONSOLIDATED,2026-09-22T12:30:10.394Z
2026-09-03,US5324571083,Eli Lilly & Co,997.15,EUR,2026-09-03T20:58:38.000Z,CONSOLIDATED,2026-09-22T12:30:10.394Z
2026-09-04,US5324571083,Eli Lilly & Co,988.75,EUR,2026-09-04T20:58:49.000Z,CONSOLIDATED,2026-09-22T12:30:10.394Z
2026-09-07,US5324571083,Eli Lilly & Co,988.2,EUR,2026-09-07T20:59:37.000Z,CONSOLIDATED,2026-09-22T12:30:10.394Z
2026-09-08,US5324571083,Eli Lilly & Co,967.75,EUR,2026-09-08T20:57:03.000Z,CONSOLIDATED,2026-09-22T12:30:10.394Z
2026-09-09,US5324571083,Eli Lilly & Co,967.45,EUR,2026-09-09T20:59:31.000Z,CONSOLIDATED,2026-09-22T12:30:10.394Z
2026-09-10,US5324571083,Eli Lilly & Co,967.3,EUR,2026-09-10T20:59:21.000Z,CONSOLIDATED,2026-09-22T12:30:10.394Z
2026-09-11,US5324571083,Eli Lilly & Co,961.95,EUR,2026-09-11T20:59:58.000Z,CONSOLIDATED,2026-09-22T12:30:10.394Z
2026-09-14,US5324571083,Eli Lilly & Co,984.9,EUR,2026-09-14T20:59:51.000Z,CONSOLIDATED,2026-09-22T12:30:10.394Z
2026-09-15,US5324571083,Eli Lilly & Co,984.65,EUR,2026-09-15T20:59:52.000Z,CONSOLIDATED,2026-09-22T12:30:10.394Z
2026-09-16,US5324571083,Eli Lilly & Co,992.05,EUR,2026-09-16T20:59:53.000Z,CONSOLIDATED,2026-09-22T12:30:10.394Z
2026-09-17,US5324571083,Eli Lilly & Co,1003.3,EUR,2026-09-17T20:59:34.000Z,CONSOLIDATED,2026-09-22T12:30:10.394Z
2026-09-18,US5324571083,Eli Lilly & Co,1004.4,EUR,2026-09-18T20:59:58.000Z,CONSOLIDATED,2026-09-22T12:30:10.394Z
2026-09-21,US5324571083,Eli Lilly & Co,1016.2,EUR,2026-09-21T20:59:21.000Z,CONSOLIDATED,2026-09-22T12:30:10.394Z
2026-01-02,AT0000652011,Erste Group Bank,104,EUR,2026-01-02T21:42:16.000Z,CONSOLIDATED,2026-09-22T12:30:10.394Z
2026-01-05,AT0000652011,Erste Group Bank,104.95,EUR,2026-01-05T21:37:11.000Z,CONSOLIDATED,2026-09-22T12:30:10.394Z
2026-01-06,AT0000652011,Erste Group Bank,104.7,EUR,2026-01-06T21:49:03.000Z,CONSOLIDATED,2026-09-22T12:30:10.394Z
2026-01-07,AT0000652011,Erste Group Bank,103.85,EUR,2026-01-07T21:38:54.000Z,CONSOLIDATED,2026-09-22T12:30:10.394Z
2026-01-08,AT0000652011,Erste Group Bank,104.55,EUR,2026-01-08T21:59:13.000Z,CONSOLIDATED,2026-09-22T12:30:10.394Z
2026-01-09,AT0000652011,Erste Group Bank,103.45,EUR,2026-01-09T21:58:55.000Z,CONSOLIDATED,2026-09-22T12:30:10.394Z
2026-01-12,AT0000652011,Erste Group Bank,104.05,EUR,2026-01-12T21:00:03.000Z,CONSOLIDATED,2026-09-22T12:30:10.394Z
2026-01-13,AT0000652011,Erste Group Bank,104.6,EUR,2026-01-13T21:00:03.000Z,CONSOLIDATED,2026-09-22T12:30:10.394Z
2026-01-14,AT0000652011,Erste Group Bank,104.85,EUR,2026-01-14T21:59:59.000Z,CONSOLIDATED,2026-09-22T12:30:10.394Z
2026-01-15,AT0000652011,Erste Group Bank,105.25,EUR,2026-01-15T21:24:54.000Z,CONSOLIDATED,2026-09-22T12:30:10.394Z
2026-01-16,AT0000652011,Erste Group Bank,105,EUR,2026-01-16T21:52:44.000Z,CONSOLIDATED,2026-09-22T12:30:10.394Z
2026-01-19,AT0000652011,Erste Group Bank,104.25,EUR,2026-01-19T21:00:00.000Z,CONSOLIDATED,2026-09-22T12:30:10.394Z
2026-01-20,AT0000652011,Erste Group Bank,103.45,EUR,2026-01-20T21:56:05.000Z,CONSOLIDATED,2026-09-22T12:30:10.394Z
2026-01-21,AT0000652011,Erste Group Bank,105,EUR,2026-01-21T21:00:06.000Z,CONSOLIDATED,2026-09-22T12:30:10.394Z
2026-01-22,AT0000652011,Erste Group Bank,107.4,EUR,2026-01-22T21:09:30.000Z,CONSOLIDATED,2026-09-22T12:30:10.394Z
2026-01-23,AT0000652011,Erste Group Bank,108.3,EUR,2026-01-23T21:12:07.000Z,CONSOLIDATED,2026-09-22T12:30:10.394Z
2026-01-26,AT0000652011,Erste Group Bank,107.95,EUR,2026-01-26T21:29:42.000Z,CONSOLIDATED,2026-09-22T12:30:10.394Z
2026-01-27,AT0000652011,Erste Group Bank,109.45,EUR,2026-01-27T21:58:09.000Z,CONSOLIDATED,2026-09-22T12:30:10.394Z
2026-01-28,AT0000652011,Erste Group Bank,110.05,EUR,2026-01-28T21:25:06.000Z,CONSOLIDATED,2026-09-22T12:30:10.394Z
2026-01-29,AT0000652011,Erste Group Bank,108.75,EUR,2026-01-29T21:10:23.000Z,CONSOLIDATED,2026-09-22T12:30:10.394Z
2026-01-30,AT0000652011,Erste Group Bank,109.85,EUR,2026-01-30T21:45:53.000Z,CONSOLIDATED,2026-09-22T12:30:10.394Z
2026-02-02,AT0000652011,Erste Group Bank,109.75,EUR,2026-02-02T21:02:57.000Z,CONSOLIDATED,2026-09-22T12:30:10.394Z
2026-02-03,AT0000652011,Erste Group Bank,110.75,EUR,2026-02-03T21:56:09.000Z,CONSOLIDATED,2026-09-22T12:30:10.394Z
2026-02-04,AT0000652011,Erste Group Bank,109.3,EUR,2026-02-04T21:03:10.000Z,CONSOLIDATED,2026-09-22T12:30:10.394Z
2026-02-05,AT0000652011,Erste Group Bank,105.8,EUR,2026-02-05T21:59:27.000Z,CONSOLIDATED,2026-09-22T12:30:10.394Z
2026-02-06,AT0000652011,Erste Group Bank,107.35,EUR,2026-02-06T21:57:05.000Z,CONSOLIDATED,2026-09-22T12:30:10.394Z
2026-02-09,AT0000652011,Erste Group Bank,109.2,EUR,2026-02-09T21:02:55.000Z,CONSOLIDATED,2026-09-22T12:30:10.394Z
2026-02-10,AT0000652011,Erste Group Bank,107.65,EUR,2026-02-10T21:55:00.000Z,CONSOLIDATED,2026-09-22T12:30:10.394Z
2026-02-11,AT0000652011,Erste Group Bank,107.95,EUR,2026-02-11T21:24:10.000Z,CONSOLIDATED,2026-09-22T12:30:10.394Z
2026-02-12,AT0000652011,Erste Group Bank,106.5,EUR,2026-02-12T21:02:51.000Z,CONSOLIDATED,2026-09-22T12:30:10.394Z
2026-02-13,AT0000652011,Erste Group Bank,101.75,EUR,2026-02-13T21:38:26.000Z,CONSOLIDATED,2026-09-22T12:30:10.394Z
2026-02-16,AT0000652011,Erste Group Bank,103.05,EUR,2026-02-16T21:02:39.000Z,CONSOLIDATED,2026-09-22T12:30:10.394Z
2026-02-17,AT0000652011,Erste Group Bank,104.55,EUR,2026-02-17T21:54:43.000Z,CONSOLIDATED,2026-09-22T12:30:10.394Z
2026-02-18,AT0000652011,Erste Group Bank,107.2,EUR,2026-02-18T21:46:53.000Z,CONSOLIDATED,2026-09-22T12:30:10.394Z
2026-02-19,AT0000652011,Erste Group Bank,106.85,EUR,2026-02-19T21:54:27.000Z,CONSOLIDATED,2026-09-22T12:30:10.394Z
2026-02-20,AT0000652011,Erste Group Bank,106.25,EUR,2026-02-20T21:59:01.000Z,CONSOLIDATED,2026-09-22T12:30:10.394Z
2026-02-23,AT0000652011,Erste Group Bank,107.55,EUR,2026-02-23T21:59:29.000Z,CONSOLIDATED,2026-09-22T12:30:10.394Z
2026-02-24,AT0000652011,Erste Group Bank,103.25,EUR,2026-02-24T21:02:46.000Z,CONSOLIDATED,2026-09-22T12:30:10.394Z
2026-02-25,AT0000652011,Erste Group Bank,104.9,EUR,2026-02-25T21:42:32.000Z,CONSOLIDATED,2026-09-22T12:30:10.394Z
2026-02-26,AT0000652011,Erste Group Bank,102.25,EUR,2026-02-26T21:42:13.000Z,CONSOLIDATED,2026-09-22T12:30:10.394Z
2026-02-27,AT0000652011,Erste Group Bank,99.325,EUR,2026-02-27T21:06:59.000Z,CONSOLIDATED,2026-09-22T12:30:10.394Z
2026-03-02,AT0000652011,Erste Group Bank,98.7,EUR,2026-03-02T21:55:47.000Z,CONSOLIDATED,2026-09-22T12:30:10.394Z
2026-03-03,AT0000652011,Erste Group Bank,95.575,EUR,2026-03-03T21:09:30.000Z,CONSOLIDATED,2026-09-22T12:30:10.394Z
2026-03-04,AT0000652011,Erste Group Bank,99.4,EUR,2026-03-04T21:04:41.000Z,CONSOLIDATED,2026-09-22T12:30:10.394Z
2026-03-05,AT0000652011,Erste Group Bank,96.575,EUR,2026-03-05T21:07:19.000Z,CONSOLIDATED,2026-09-22T12:30:10.394Z
2026-03-06,AT0000652011,Erste Group Bank,94.85,EUR,2026-03-06T21:59:46.000Z,CONSOLIDATED,2026-09-22T12:30:10.394Z
2026-03-09,AT0000652011,Erste Group Bank,95.45,EUR,2026-03-09T21:56:05.000Z,CONSOLIDATED,2026-09-22T12:30:10.394Z
2026-03-10,AT0000652011,Erste Group Bank,98,EUR,2026-03-10T21:56:34.000Z,CONSOLIDATED,2026-09-22T12:30:10.394Z
2026-03-11,AT0000652011,Erste Group Bank,96.4,EUR,2026-03-11T21:02:58.000Z,CONSOLIDATED,2026-09-22T12:30:10.394Z
2026-03-12,AT0000652011,Erste Group Bank,93.45,EUR,2026-03-12T21:59:36.000Z,CONSOLIDATED,2026-09-22T12:30:10.394Z
2026-03-13,AT0000652011,Erste Group Bank,90.65,EUR,2026-03-13T21:15:39.000Z,CONSOLIDATED,2026-09-22T12:30:10.394Z
2026-03-16,AT0000652011,Erste Group Bank,91.55,EUR,2026-03-16T21:05:15.000Z,CONSOLIDATED,2026-09-22T12:30:10.394Z
2026-03-17,AT0000652011,Erste Group Bank,92.95,EUR,2026-03-17T21:03:42.000Z,CONSOLIDATED,2026-09-22T12:30:10.394Z
2026-03-18,AT0000652011,Erste Group Bank,92.25,EUR,2026-03-18T21:52:12.000Z,CONSOLIDATED,2026-09-22T12:30:10.394Z
2026-03-19,AT0000652011,Erste Group Bank,92.225,EUR,2026-03-19T21:20:41.000Z,CONSOLIDATED,2026-09-22T12:30:10.394Z
2026-03-20,AT0000652011,Erste Group Bank,88.85,EUR,2026-03-20T21:11:33.000Z,CONSOLIDATED,2026-09-22T12:30:10.394Z
2026-03-23,AT0000652011,Erste Group Bank,92.025,EUR,2026-03-23T21:04:09.000Z,CONSOLIDATED,2026-09-22T12:30:10.394Z
2026-03-24,AT0000652011,Erste Group Bank,91.575,EUR,2026-03-24T21:54:15.000Z,CONSOLIDATED,2026-09-22T12:30:10.394Z
2026-03-25,AT0000652011,Erste Group Bank,93.9,EUR,2026-03-25T21:03:04.000Z,CONSOLIDATED,2026-09-22T12:30:10.394Z
2026-03-26,AT0000652011,Erste Group Bank,93.875,EUR,2026-03-26T21:59:25.000Z,CONSOLIDATED,2026-09-22T12:30:10.394Z
2026-03-27,AT0000652011,Erste Group Bank,90.975,EUR,2026-03-27T21:08:01.000Z,CONSOLIDATED,2026-09-22T12:30:10.394Z
2026-03-30,AT0000652011,Erste Group Bank,91.325,EUR,2026-03-30T20:58:26.000Z,CONSOLIDATED,2026-09-22T12:30:10.394Z
2026-03-31,AT0000652011,Erste Group Bank,94.25,EUR,2026-03-31T20:43:56.000Z,CONSOLIDATED,2026-09-22T12:30:10.394Z
2026-04-01,AT0000652011,Erste Group Bank,95.75,EUR,2026-04-01T20:28:35.000Z,CONSOLIDATED,2026-09-22T12:30:10.394Z
2026-04-02,AT0000652011,Erste Group Bank,94.3,EUR,2026-04-02T20:56:45.000Z,CONSOLIDATED,2026-09-22T12:30:10.394Z
2026-04-07,AT0000652011,Erste Group Bank,95.125,EUR,2026-04-07T20:33:17.000Z,CONSOLIDATED,2026-09-22T12:30:10.394Z
2026-04-08,AT0000652011,Erste Group Bank,99.225,EUR,2026-04-08T20:12:52.000Z,CONSOLIDATED,2026-09-22T12:30:10.394Z
2026-04-09,AT0000652011,Erste Group Bank,100.05,EUR,2026-04-09T20:07:31.000Z,CONSOLIDATED,2026-09-22T12:30:10.394Z
2026-04-10,AT0000652011,Erste Group Bank,103.45,EUR,2026-04-10T20:59:57.000Z,CONSOLIDATED,2026-09-22T12:30:10.394Z
2026-04-13,AT0000652011,Erste Group Bank,105.55,EUR,2026-04-13T20:59:52.000Z,CONSOLIDATED,2026-09-22T12:30:10.394Z
2026-04-14,AT0000652011,Erste Group Bank,106.2,EUR,2026-04-14T20:58:55.000Z,CONSOLIDATED,2026-09-22T12:30:10.394Z
2026-04-15,AT0000652011,Erste Group Bank,105.7,EUR,2026-04-15T20:12:31.000Z,CONSOLIDATED,2026-09-22T12:30:10.394Z
2026-04-16,AT0000652011,Erste Group Bank,104.7,EUR,2026-04-16T20:03:01.000Z,CONSOLIDATED,2026-09-22T12:30:10.394Z
2026-04-17,AT0000652011,Erste Group Bank,107.75,EUR,2026-04-17T20:59:57.000Z,CONSOLIDATED,2026-09-22T12:30:10.394Z
2026-04-20,AT0000652011,Erste Group Bank,105.15,EUR,2026-04-20T20:59:17.000Z,CONSOLIDATED,2026-09-22T12:30:10.394Z
2026-04-21,AT0000652011,Erste Group Bank,102.8,EUR,2026-04-21T20:51:01.000Z,CONSOLIDATED,2026-09-22T12:30:10.394Z
2026-04-22,AT0000652011,Erste Group Bank,100.8,EUR,2026-04-22T20:53:33.000Z,CONSOLIDATED,2026-09-22T12:30:10.394Z
2026-04-23,AT0000652011,Erste Group Bank,100.075,EUR,2026-04-23T20:27:43.000Z,CONSOLIDATED,2026-09-22T12:30:10.394Z
2026-04-24,AT0000652011,Erste Group Bank,99.95,EUR,2026-04-24T20:59:53.000Z,CONSOLIDATED,2026-09-22T12:30:10.394Z
2026-04-27,AT0000652011,Erste Group Bank,99.475,EUR,2026-04-27T20:59:55.000Z,CONSOLIDATED,2026-09-22T12:30:10.394Z
2026-04-28,AT0000652011,Erste Group Bank,100.8,EUR,2026-04-28T20:06:17.000Z,CONSOLIDATED,2026-09-22T12:30:10.394Z
2026-04-29,AT0000652011,Erste Group Bank,99.525,EUR,2026-04-29T20:42:59.000Z,CONSOLIDATED,2026-09-22T12:30:10.394Z
2026-04-30,AT0000652011,Erste Group Bank,96.1,EUR,2026-04-30T20:02:57.000Z,CONSOLIDATED,2026-09-22T12:30:10.394Z
2026-05-04,AT0000652011,Erste Group Bank,92.5,EUR,2026-05-04T20:06:30.000Z,CONSOLIDATED,2026-09-22T12:30:10.394Z
2026-05-05,AT0000652011,Erste Group Bank,95.225,EUR,2026-05-05T20:57:21.000Z,CONSOLIDATED,2026-09-22T12:30:10.394Z
2026-05-06,AT0000652011,Erste Group Bank,99.1,EUR,2026-05-06T20:55:26.000Z,CONSOLIDATED,2026-09-22T12:30:10.394Z
2026-05-07,AT0000652011,Erste Group Bank,97.9,EUR,2026-05-07T20:51:00.000Z,CONSOLIDATED,2026-09-22T12:30:10.394Z
2026-05-08,AT0000652011,Erste Group Bank,99.225,EUR,2026-05-08T20:02:49.000Z,CONSOLIDATED,2026-09-22T12:30:10.394Z
2026-05-11,AT0000652011,Erste Group Bank,100.15,EUR,2026-05-11T20:36:36.000Z,CONSOLIDATED,2026-09-22T12:30:10.394Z
2026-05-12,AT0000652011,Erste Group Bank,97.675,EUR,2026-05-12T20:49:39.000Z,CONSOLIDATED,2026-09-22T12:30:10.394Z
2026-05-13,AT0000652011,Erste Group Bank,97.675,EUR,2026-05-13T20:02:47.000Z,CONSOLIDATED,2026-09-22T12:30:10.394Z
2026-05-14,AT0000652011,Erste Group Bank,96.475,EUR,2026-05-14T20:59:01.000Z,CONSOLIDATED,2026-09-22T12:30:10.394Z
2026-05-15,AT0000652011,Erste Group Bank,96.325,EUR,2026-05-15T20:58:31.000Z,CONSOLIDATED,2026-09-22T12:30:10.394Z
2026-05-18,AT0000652011,Erste Group Bank,96.65,EUR,2026-05-18T20:12:08.000Z,CONSOLIDATED,2026-09-22T12:30:10.394Z
2026-05-19,AT0000652011,Erste Group Bank,96.75,EUR,2026-05-19T20:43:57.000Z,CONSOLIDATED,2026-09-22T12:30:10.394Z
2026-05-20,AT0000652011,Erste Group Bank,98.675,EUR,2026-05-20T20:59:56.000Z,CONSOLIDATED,2026-09-22T12:30:10.394Z
2026-05-21,AT0000652011,Erste Group Bank,99.3,EUR,2026-05-21T20:05:00.000Z,CONSOLIDATED,2026-09-22T12:30:10.394Z
2026-05-22,AT0000652011,Erste Group Bank,97.625,EUR,2026-05-22T20:59:00.000Z,CONSOLIDATED,2026-09-22T12:30:10.394Z
2026-05-25,AT0000652011,Erste Group Bank,102.2,EUR,2026-05-25T20:21:21.000Z,CONSOLIDATED,2026-09-22T12:30:10.394Z
2026-05-26,AT0000652011,Erste Group Bank,102.7,EUR,2026-05-26T20:52:28.000Z,CONSOLIDATED,2026-09-22T12:30:10.394Z
2026-05-27,AT0000652011,Erste Group Bank,101.75,EUR,2026-05-27T20:02:56.000Z,CONSOLIDATED,2026-09-22T12:30:10.394Z
2026-05-28,AT0000652011,Erste Group Bank,101.35,EUR,2026-05-28T20:59:32.000Z,CONSOLIDATED,2026-09-22T12:30:10.394Z
2026-05-29,AT0000652011,Erste Group Bank,102,EUR,2026-05-29T20:25:02.000Z,CONSOLIDATED,2026-09-22T12:30:10.394Z
2026-06-01,AT0000652011,Erste Group Bank,101.9,EUR,2026-06-01T20:12:06.000Z,CONSOLIDATED,2026-09-22T12:30:10.394Z
2026-06-02,AT0000652011,Erste Group Bank,102.6,EUR,2026-06-02T20:35:16.000Z,CONSOLIDATED,2026-09-22T12:30:10.394Z
2026-06-03,AT0000652011,Erste Group Bank,100.15,EUR,2026-06-03T20:29:32.000Z,CONSOLIDATED,2026-09-22T12:30:10.394Z
2026-06-04,AT0000652011,Erste Group Bank,101.25,EUR,2026-06-04T20:57:48.000Z,CONSOLIDATED,2026-09-22T12:30:10.394Z
2026-06-05,AT0000652011,Erste Group Bank,101.85,EUR,2026-06-05T20:59:58.000Z,CONSOLIDATED,2026-09-22T12:30:10.394Z
2026-06-08,AT0000652011,Erste Group Bank,100.65,EUR,2026-06-08T20:02:56.000Z,CONSOLIDATED,2026-09-22T12:30:10.394Z
2026-06-09,AT0000652011,Erste Group Bank,103.35,EUR,2026-06-09T20:09:03.000Z,CONSOLIDATED,2026-09-22T12:30:10.394Z
2026-06-10,AT0000652011,Erste Group Bank,100.8,EUR,2026-06-10T20:58:31.000Z,CONSOLIDATED,2026-09-22T12:30:10.394Z
2026-06-11,AT0000652011,Erste Group Bank,106.1,EUR,2026-06-11T20:57:54.000Z,CONSOLIDATED,2026-09-22T12:30:10.394Z
2026-06-12,AT0000652011,Erste Group Bank,107.65,EUR,2026-06-12T20:11:01.000Z,CONSOLIDATED,2026-09-22T12:30:10.394Z
2026-06-15,AT0000652011,Erste Group Bank,111.15,EUR,2026-06-15T20:59:57.000Z,CONSOLIDATED,2026-09-22T12:30:10.394Z
2026-06-16,AT0000652011,Erste Group Bank,112.9,EUR,2026-06-16T20:02:54.000Z,CONSOLIDATED,2026-09-22T12:30:10.394Z
2026-06-17,AT0000652011,Erste Group Bank,114.55,EUR,2026-06-17T20:59:40.000Z,CONSOLIDATED,2026-09-22T12:30:10.394Z
2026-06-18,AT0000652011,Erste Group Bank,115.9,EUR,2026-06-18T20:05:46.000Z,CONSOLIDATED,2026-09-22T12:30:10.394Z
2026-06-19,AT0000652011,Erste Group Bank,115.8,EUR,2026-06-19T20:56:41.000Z,CONSOLIDATED,2026-09-22T12:30:10.394Z
2026-06-22,AT0000652011,Erste Group Bank,116.5,EUR,2026-06-22T20:56:56.000Z,CONSOLIDATED,2026-09-22T12:30:10.394Z
2026-06-23,AT0000652011,Erste Group Bank,116.05,EUR,2026-06-23T20:56:52.000Z,CONSOLIDATED,2026-09-22T12:30:10.394Z
2026-06-24,AT0000652011,Erste Group Bank,115.85,EUR,2026-06-24T20:48:05.000Z,CONSOLIDATED,2026-09-22T12:30:10.394Z
2026-06-25,AT0000652011,Erste Group Bank,116.6,EUR,2026-06-25T20:59:40.000Z,CONSOLIDATED,2026-09-22T12:30:10.394Z
2026-06-26,AT0000652011,Erste Group Bank,115.4,EUR,2026-06-26T20:43:29.000Z,CONSOLIDATED,2026-09-22T12:30:10.394Z
2026-06-29,AT0000652011,Erste Group Bank,115.45,EUR,2026-06-29T20:53:40.000Z,CONSOLIDATED,2026-09-22T12:30:10.394Z
2026-06-30,AT0000652011,Erste Group Bank,116.65,EUR,2026-06-30T20:58:05.000Z,CONSOLIDATED,2026-09-22T12:30:10.394Z
2026-07-01,AT0000652011,Erste Group Bank,115.65,EUR,2026-07-01T20:02:44.000Z,CONSOLIDATED,2026-09-22T12:30:10.394Z
2026-07-02,AT0000652011,Erste Group Bank,118.95,EUR,2026-07-02T20:04:02.000Z,CONSOLIDATED,2026-09-22T12:30:10.394Z
2026-07-03,AT0000652011,Erste Group Bank,119,EUR,2026-07-03T20:02:41.000Z,CONSOLIDATED,2026-09-22T12:30:10.394Z
2026-07-06,AT0000652011,Erste Group Bank,119.05,EUR,2026-07-06T20:02:41.000Z,CONSOLIDATED,2026-09-22T12:30:10.394Z
2026-07-07,AT0000652011,Erste Group Bank,118.1,EUR,2026-07-07T20:56:54.000Z,CONSOLIDATED,2026-09-22T12:30:10.394Z
2026-07-08,AT0000652011,Erste Group Bank,114.05,EUR,2026-07-08T20:59:50.000Z,CONSOLIDATED,2026-09-22T12:30:10.394Z
2026-07-09,AT0000652011,Erste Group Bank,117.55,EUR,2026-07-09T20:59:48.000Z,CONSOLIDATED,2026-09-22T12:30:10.394Z
2026-07-10,AT0000652011,Erste Group Bank,117.85,EUR,2026-07-10T20:44:09.000Z,CONSOLIDATED,2026-09-22T12:30:10.394Z
2026-07-13,AT0000652011,Erste Group Bank,115.75,EUR,2026-07-13T20:55:44.000Z,CONSOLIDATED,2026-09-22T12:30:10.394Z
2026-07-14,AT0000652011,Erste Group Bank,116.25,EUR,2026-07-14T20:21:48.000Z,CONSOLIDATED,2026-09-22T12:30:10.394Z
2026-07-15,AT0000652011,Erste Group Bank,114.95,EUR,2026-07-15T20:58:02.000Z,CONSOLIDATED,2026-09-22T12:30:10.394Z
2026-07-16,AT0000652011,Erste Group Bank,113.9,EUR,2026-07-16T20:59:58.000Z,CONSOLIDATED,2026-09-22T12:30:10.394Z
2026-07-17,AT0000652011,Erste Group Bank,111.95,EUR,2026-07-17T20:59:09.000Z,CONSOLIDATED,2026-09-22T12:30:10.394Z
2026-07-20,AT0000652011,Erste Group Bank,112,EUR,2026-07-20T20:25:17.000Z,CONSOLIDATED,2026-09-22T12:30:10.394Z
2026-07-21,AT0000652011,Erste Group Bank,116.35,EUR,2026-07-21T20:59:48.000Z,CONSOLIDATED,2026-09-22T12:30:10.394Z
2026-07-22,AT0000652011,Erste Group Bank,115.75,EUR,2026-07-22T20:14:57.000Z,CONSOLIDATED,2026-09-22T12:30:10.394Z
2026-07-23,AT0000652011,Erste Group Bank,112.65,EUR,2026-07-23T20:03:33.000Z,CONSOLIDATED,2026-09-22T12:30:10.394Z
2026-07-24,AT0000652011,Erste Group Bank,115.25,EUR,2026-07-24T20:58:26.000Z,CONSOLIDATED,2026-09-22T12:30:10.394Z
2026-07-27,AT0000652011,Erste Group Bank,115,EUR,2026-07-27T20:59:58.000Z,CONSOLIDATED,2026-09-22T12:30:10.394Z
2026-07-28,AT0000652011,Erste Group Bank,114.05,EUR,2026-07-28T20:16:22.000Z,CONSOLIDATED,2026-09-22T12:30:10.394Z
2026-07-29,AT0000652011,Erste Group Bank,114.1,EUR,2026-07-29T20:05:04.000Z,CONSOLIDATED,2026-09-22T12:30:10.394Z
2026-07-30,AT0000652011,Erste Group Bank,114.15,EUR,2026-07-30T20:59:58.000Z,CONSOLIDATED,2026-09-22T12:30:10.394Z
2026-07-31,AT0000652011,Erste Group Bank,113.95,EUR,2026-07-31T20:57:06.000Z,CONSOLIDATED,2026-09-22T12:30:10.394Z
2026-08-03,AT0000652011,Erste Group Bank,115.25,EUR,2026-08-03T20:58:59.000Z,CONSOLIDATED,2026-09-22T12:30:10.394Z
2026-08-04,AT0000652011,Erste Group Bank,117.05,EUR,2026-08-04T20:46:54.000Z,CONSOLIDATED,2026-09-22T12:30:10.394Z
2026-08-05,AT0000652011,Erste Group Bank,120.6,EUR,2026-08-05T20:58:19.000Z,CONSOLIDATED,2026-09-22T12:30:10.394Z
2026-08-06,AT0000652011,Erste Group Bank,121.8,EUR,2026-08-06T20:54:49.000Z,CONSOLIDATED,2026-09-22T12:30:10.394Z
2026-08-07,AT0000652011,Erste Group Bank,120.65,EUR,2026-08-07T20:50:01.000Z,CONSOLIDATED,2026-09-22T12:30:10.394Z
2026-08-10,AT0000652011,Erste Group Bank,120.2,EUR,2026-08-10T20:52:45.000Z,CONSOLIDATED,2026-09-22T12:30:10.394Z
2026-08-11,AT0000652011,Erste Group Bank,120.05,EUR,2026-08-11T20:48:21.000Z,CONSOLIDATED,2026-09-22T12:30:10.394Z
2026-08-12,AT0000652011,Erste Group Bank,122.05,EUR,2026-08-12T20:59:46.000Z,CONSOLIDATED,2026-09-22T12:30:10.394Z
2026-08-13,AT0000652011,Erste Group Bank,123.5,EUR,2026-08-13T20:47:21.000Z,CONSOLIDATED,2026-09-22T12:30:10.394Z
2026-08-14,AT0000652011,Erste Group Bank,122.65,EUR,2026-08-14T20:59:58.000Z,CONSOLIDATED,2026-09-22T12:30:10.394Z
2026-08-17,AT0000652011,Erste Group Bank,122.1,EUR,2026-08-17T20:03:50.000Z,CONSOLIDATED,2026-09-22T12:30:10.394Z
2026-08-18,AT0000652011,Erste Group Bank,121.25,EUR,2026-08-18T20:58:57.000Z,CONSOLIDATED,2026-09-22T12:30:10.394Z
2026-08-19,AT0000652011,Erste Group Bank,119.45,EUR,2026-08-19T20:02:52.000Z,CONSOLIDATED,2026-09-22T12:30:10.394Z
2026-08-20,AT0000652011,Erste Group Bank,120.05,EUR,2026-08-20T20:02:54.000Z,CONSOLIDATED,2026-09-22T12:30:10.394Z
2026-08-21,AT0000652011,Erste Group Bank,121.45,EUR,2026-08-21T20:59:52.000Z,CONSOLIDATED,2026-09-22T12:30:10.394Z
2026-08-24,AT0000652011,Erste Group Bank,122.4,EUR,2026-08-24T20:58:02.000Z,CONSOLIDATED,2026-09-22T12:30:10.394Z
2026-08-25,AT0000652011,Erste Group Bank,123.55,EUR,2026-08-25T20:59:32.000Z,CONSOLIDATED,2026-09-22T12:30:10.394Z
2026-08-26,AT0000652011,Erste Group Bank,125.5,EUR,2026-08-26T20:41:34.000Z,CONSOLIDATED,2026-09-22T12:30:10.394Z
2026-08-27,AT0000652011,Erste Group Bank,122.15,EUR,2026-08-27T20:03:28.000Z,CONSOLIDATED,2026-09-22T12:30:10.394Z
2026-08-28,AT0000652011,Erste Group Bank,123.55,EUR,2026-08-28T20:43:11.000Z,CONSOLIDATED,2026-09-22T12:30:10.394Z
2026-08-31,AT0000652011,Erste Group Bank,121.55,EUR,2026-08-31T20:04:31.000Z,CONSOLIDATED,2026-09-22T12:30:10.394Z
2026-09-01,AT0000652011,Erste Group Bank,122.65,EUR,2026-09-01T20:42:30.000Z,CONSOLIDATED,2026-09-22T12:30:10.394Z
2026-09-02,AT0000652011,Erste Group Bank,121.95,EUR,2026-09-02T20:59:57.000Z,CONSOLIDATED,2026-09-22T12:30:10.394Z
2026-09-03,AT0000652011,Erste Group Bank,123.75,EUR,2026-09-03T20:02:49.000Z,CONSOLIDATED,2026-09-22T12:30:10.394Z
2026-09-04,AT0000652011,Erste Group Bank,124.1,EUR,2026-09-04T20:55:12.000Z,CONSOLIDATED,2026-09-22T12:30:10.394Z
2026-09-07,AT0000652011,Erste Group Bank,124.55,EUR,2026-09-07T20:04:07.000Z,CONSOLIDATED,2026-09-22T12:30:10.394Z
2026-09-08,AT0000652011,Erste Group Bank,122.95,EUR,2026-09-08T20:59:51.000Z,CONSOLIDATED,2026-09-22T12:30:10.394Z
2026-09-09,AT0000652011,Erste Group Bank,121.55,EUR,2026-09-09T20:59:04.000Z,CONSOLIDATED,2026-09-22T12:30:10.394Z
2026-09-10,AT0000652011,Erste Group Bank,121.85,EUR,2026-09-10T20:59:51.000Z,CONSOLIDATED,2026-09-22T12:30:10.394Z
2026-09-11,AT0000652011,Erste Group Bank,121.85,EUR,2026-09-11T20:59:52.000Z,CONSOLIDATED,2026-09-22T12:30:10.394Z
2026-09-14,AT0000652011,Erste Group Bank,119.85,EUR,2026-09-14T20:29:16.000Z,CONSOLIDATED,2026-09-22T12:30:10.394Z
2026-09-15,AT0000652011,Erste Group Bank,118.7,EUR,2026-09-15T20:07:25.000Z,CONSOLIDATED,2026-09-22T12:30:10.394Z
2026-09-16,AT0000652011,Erste Group Bank,117.85,EUR,2026-09-16T20:59:56.000Z,CONSOLIDATED,2026-09-22T12:30:10.394Z
2026-09-17,AT0000652011,Erste Group Bank,122.35,EUR,2026-09-17T20:55:38.000Z,CONSOLIDATED,2026-09-22T12:30:10.394Z
2026-09-18,AT0000652011,Erste Group Bank,118.7,EUR,2026-09-18T20:59:41.000Z,CONSOLIDATED,2026-09-22T12:30:10.394Z
2026-09-21,AT0000652011,Erste Group Bank,121.55,EUR,2026-09-21T20:30:03.000Z,CONSOLIDATED,2026-09-22T12:30:10.394Z
2026-01-02,CH0114405324,Garmin,173,EUR,2026-01-02T21:00:15.000Z,CONSOLIDATED,2026-09-22T12:30:10.536Z
2026-01-05,CH0114405324,Garmin,174,EUR,2026-01-05T21:00:05.000Z,CONSOLIDATED,2026-09-22T12:30:10.536Z
2026-01-06,CH0114405324,Garmin,179,EUR,2026-01-06T21:05:45.000Z,CONSOLIDATED,2026-09-22T12:30:10.536Z
2026-01-07,CH0114405324,Garmin,180,EUR,2026-01-07T21:04:25.000Z,CONSOLIDATED,2026-09-22T12:30:10.536Z
2026-01-08,CH0114405324,Garmin,183,EUR,2026-01-08T21:29:13.000Z,CONSOLIDATED,2026-09-22T12:30:10.536Z
2026-01-09,CH0114405324,Garmin,182.5,EUR,2026-01-09T21:47:07.000Z,CONSOLIDATED,2026-09-22T12:30:10.536Z
2026-01-12,CH0114405324,Garmin,181,EUR,2026-01-12T21:00:21.000Z,CONSOLIDATED,2026-09-22T12:30:10.536Z
2026-01-13,CH0114405324,Garmin,184,EUR,2026-01-13T21:59:56.000Z,CONSOLIDATED,2026-09-22T12:30:10.536Z
2026-01-14,CH0114405324,Garmin,182,EUR,2026-01-14T21:54:25.000Z,CONSOLIDATED,2026-09-22T12:30:10.536Z
2026-01-15,CH0114405324,Garmin,183,EUR,2026-01-15T21:00:07.000Z,CONSOLIDATED,2026-09-22T12:30:10.536Z
2026-01-16,CH0114405324,Garmin,183,EUR,2026-01-16T21:55:56.000Z,CONSOLIDATED,2026-09-22T12:30:10.536Z
2026-01-19,CH0114405324,Garmin,181.5,EUR,2026-01-19T21:00:00.000Z,CONSOLIDATED,2026-09-22T12:30:10.536Z
2026-01-20,CH0114405324,Garmin,171.5,EUR,2026-01-20T21:59:25.000Z,CONSOLIDATED,2026-09-22T12:30:10.536Z
2026-01-21,CH0114405324,Garmin,175,EUR,2026-01-21T21:59:57.000Z,CONSOLIDATED,2026-09-22T12:30:10.536Z
2026-01-22,CH0114405324,Garmin,175,EUR,2026-01-22T21:00:10.000Z,CONSOLIDATED,2026-09-22T12:30:10.536Z
2026-01-23,CH0114405324,Garmin,174,EUR,2026-01-23T21:59:44.000Z,CONSOLIDATED,2026-09-22T12:30:10.536Z
2026-01-26,CH0114405324,Garmin,174,EUR,2026-01-26T21:00:09.000Z,CONSOLIDATED,2026-09-22T12:30:10.536Z
2026-01-27,CH0114405324,Garmin,168.5,EUR,2026-01-27T21:58:39.000Z,CONSOLIDATED,2026-09-22T12:30:10.536Z
2026-01-28,CH0114405324,Garmin,171,EUR,2026-01-28T21:51:36.000Z,CONSOLIDATED,2026-09-22T12:30:10.536Z
2026-01-29,CH0114405324,Garmin,171,EUR,2026-01-29T21:59:35.000Z,CONSOLIDATED,2026-09-22T12:30:10.536Z
2026-01-30,CH0114405324,Garmin,170,EUR,2026-01-30T21:57:30.000Z,CONSOLIDATED,2026-09-22T12:30:10.536Z
2026-02-02,CH0114405324,Garmin,175,EUR,2026-02-02T21:59:31.000Z,CONSOLIDATED,2026-09-22T12:30:10.536Z
2026-02-03,CH0114405324,Garmin,170.5,EUR,2026-02-03T21:47:01.000Z,CONSOLIDATED,2026-09-22T12:30:10.536Z
2026-02-04,CH0114405324,Garmin,173.5,EUR,2026-02-04T21:03:10.000Z,CONSOLIDATED,2026-09-22T12:30:10.536Z
2026-02-05,CH0114405324,Garmin,169.5,EUR,2026-02-05T21:56:16.000Z,CONSOLIDATED,2026-09-22T12:30:10.536Z
2026-02-06,CH0114405324,Garmin,171,EUR,2026-02-06T21:59:44.000Z,CONSOLIDATED,2026-09-22T12:30:10.536Z
2026-02-09,CH0114405324,Garmin,173,EUR,2026-02-09T21:00:38.000Z,CONSOLIDATED,2026-09-22T12:30:10.536Z
2026-02-10,CH0114405324,Garmin,175.5,EUR,2026-02-10T21:55:00.000Z,CONSOLIDATED,2026-09-22T12:30:10.536Z
2026-02-11,CH0114405324,Garmin,173.5,EUR,2026-02-11T21:59:17.000Z,CONSOLIDATED,2026-09-22T12:30:10.536Z
2026-02-12,CH0114405324,Garmin,171.5,EUR,2026-02-12T21:59:18.000Z,CONSOLIDATED,2026-09-22T12:30:10.536Z
2026-02-13,CH0114405324,Garmin,181,EUR,2026-02-13T21:59:17.000Z,CONSOLIDATED,2026-09-22T12:30:10.536Z
2026-02-16,CH0114405324,Garmin,181.5,EUR,2026-02-16T21:59:16.000Z,CONSOLIDATED,2026-09-22T12:30:10.536Z
2026-02-17,CH0114405324,Garmin,184.5,EUR,2026-02-17T21:59:18.000Z,CONSOLIDATED,2026-09-22T12:30:10.536Z
2026-02-18,CH0114405324,Garmin,201,EUR,2026-02-18T21:59:16.000Z,CONSOLIDATED,2026-09-22T12:30:10.536Z
2026-02-19,CH0114405324,Garmin,204,EUR,2026-02-19T21:59:17.000Z,CONSOLIDATED,2026-09-22T12:30:10.536Z
2026-02-20,CH0114405324,Garmin,211,EUR,2026-02-20T21:59:18.000Z,CONSOLIDATED,2026-09-22T12:30:10.536Z
2026-02-23,CH0114405324,Garmin,209.675,EUR,2026-02-23T21:59:42.000Z,CONSOLIDATED,2026-09-22T12:30:10.536Z
2026-02-24,CH0114405324,Garmin,214,EUR,2026-02-24T21:59:17.000Z,CONSOLIDATED,2026-09-22T12:30:10.536Z
2026-02-25,CH0114405324,Garmin,213,EUR,2026-02-25T21:59:17.000Z,CONSOLIDATED,2026-09-22T12:30:10.536Z
2026-02-26,CH0114405324,Garmin,215.4,EUR,2026-02-26T21:43:28.000Z,CONSOLIDATED,2026-09-22T12:30:10.536Z
2026-02-27,CH0114405324,Garmin,213.95,EUR,2026-02-27T21:57:17.000Z,CONSOLIDATED,2026-09-22T12:30:10.536Z
2026-03-02,CH0114405324,Garmin,218.275,EUR,2026-03-02T21:33:29.000Z,CONSOLIDATED,2026-09-22T12:30:10.536Z
2026-03-03,CH0114405324,Garmin,215.875,EUR,2026-03-03T21:10:55.000Z,CONSOLIDATED,2026-09-22T12:30:10.536Z
2026-03-04,CH0114405324,Garmin,215,EUR,2026-03-04T21:56:01.000Z,CONSOLIDATED,2026-09-22T12:30:10.536Z
2026-03-05,CH0114405324,Garmin,206.85,EUR,2026-03-05T21:59:35.000Z,CONSOLIDATED,2026-09-22T12:30:10.536Z
2026-03-06,CH0114405324,Garmin,209.575,EUR,2026-03-06T21:56:13.000Z,CONSOLIDATED,2026-09-22T12:30:10.536Z
2026-03-09,CH0114405324,Garmin,207,EUR,2026-03-09T21:59:39.000Z,CONSOLIDATED,2026-09-22T12:30:10.536Z
2026-03-10,CH0114405324,Garmin,207,EUR,2026-03-10T21:40:55.000Z,CONSOLIDATED,2026-09-22T12:30:10.536Z
2026-03-11,CH0114405324,Garmin,204.05,EUR,2026-03-11T21:56:13.000Z,CONSOLIDATED,2026-09-22T12:30:10.536Z
2026-03-12,CH0114405324,Garmin,204.775,EUR,2026-03-12T21:59:53.000Z,CONSOLIDATED,2026-09-22T12:30:10.536Z
2026-03-13,CH0114405324,Garmin,205,EUR,2026-03-13T21:40:08.000Z,CONSOLIDATED,2026-09-22T12:30:10.536Z
2026-03-16,CH0114405324,Garmin,205.2,EUR,2026-03-16T21:57:43.000Z,CONSOLIDATED,2026-09-22T12:30:10.536Z
2026-03-17,CH0114405324,Garmin,204,EUR,2026-03-17T21:26:51.000Z,CONSOLIDATED,2026-09-22T12:30:10.536Z
2026-03-18,CH0114405324,Garmin,202,EUR,2026-03-18T21:53:24.000Z,CONSOLIDATED,2026-09-22T12:30:10.536Z
2026-03-19,CH0114405324,Garmin,203.225,EUR,2026-03-19T21:51:48.000Z,CONSOLIDATED,2026-09-22T12:30:10.536Z
2026-03-20,CH0114405324,Garmin,200.825,EUR,2026-03-20T21:52:27.000Z,CONSOLIDATED,2026-09-22T12:30:10.536Z
2026-03-23,CH0114405324,Garmin,205.225,EUR,2026-03-23T21:43:47.000Z,CONSOLIDATED,2026-09-22T12:30:10.536Z
2026-03-24,CH0114405324,Garmin,207,EUR,2026-03-24T21:59:30.000Z,CONSOLIDATED,2026-09-22T12:30:10.536Z
2026-03-25,CH0114405324,Garmin,212,EUR,2026-03-25T21:43:02.000Z,CONSOLIDATED,2026-09-22T12:30:10.536Z
2026-03-26,CH0114405324,Garmin,204.975,EUR,2026-03-26T21:59:49.000Z,CONSOLIDATED,2026-09-22T12:30:10.536Z
2026-03-27,CH0114405324,Garmin,200.5,EUR,2026-03-27T21:57:04.000Z,CONSOLIDATED,2026-09-22T12:30:10.536Z
2026-03-30,CH0114405324,Garmin,196.5,EUR,2026-03-30T20:59:30.000Z,CONSOLIDATED,2026-09-22T12:30:10.536Z
2026-03-31,CH0114405324,Garmin,200.82,EUR,2026-03-31T20:51:15.000Z,CONSOLIDATED,2026-09-22T12:30:10.536Z
2026-04-01,CH0114405324,Garmin,205,EUR,2026-04-01T20:01:52.000Z,CONSOLIDATED,2026-09-22T12:30:10.536Z
2026-04-02,CH0114405324,Garmin,207,EUR,2026-04-02T20:54:25.000Z,CONSOLIDATED,2026-09-22T12:30:10.536Z
2026-04-07,CH0114405324,Garmin,207.8,EUR,2026-04-07T20:57:21.000Z,CONSOLIDATED,2026-09-22T12:30:10.536Z
2026-04-08,CH0114405324,Garmin,216.8,EUR,2026-04-08T20:59:30.000Z,CONSOLIDATED,2026-09-22T12:30:10.536Z
2026-04-09,CH0114405324,Garmin,221,EUR,2026-04-09T20:38:57.000Z,CONSOLIDATED,2026-09-22T12:30:10.536Z
2026-04-10,CH0114405324,Garmin,219.125,EUR,2026-04-10T20:01:23.000Z,CONSOLIDATED,2026-09-22T12:30:10.536Z
2026-04-13,CH0114405324,Garmin,222.475,EUR,2026-04-13T20:52:41.000Z,CONSOLIDATED,2026-09-22T12:30:10.536Z
2026-04-14,CH0114405324,Garmin,224,EUR,2026-04-14T20:59:30.000Z,CONSOLIDATED,2026-09-22T12:30:10.536Z
2026-04-15,CH0114405324,Garmin,225.15,EUR,2026-04-15T20:59:31.000Z,CONSOLIDATED,2026-09-22T12:30:10.536Z
2026-04-16,CH0114405324,Garmin,224.85,EUR,2026-04-16T20:52:56.000Z,CONSOLIDATED,2026-09-22T12:30:10.536Z
2026-04-17,CH0114405324,Garmin,227.325,EUR,2026-04-17T20:59:48.000Z,CONSOLIDATED,2026-09-22T12:30:10.536Z
2026-04-20,CH0114405324,Garmin,226.95,EUR,2026-04-20T20:59:30.000Z,CONSOLIDATED,2026-09-22T12:30:10.536Z
2026-04-21,CH0114405324,Garmin,225.95,EUR,2026-04-21T20:59:30.000Z,CONSOLIDATED,2026-09-22T12:30:10.536Z
2026-04-22,CH0114405324,Garmin,227.75,EUR,2026-04-22T20:59:30.000Z,CONSOLIDATED,2026-09-22T12:30:10.536Z
2026-04-23,CH0114405324,Garmin,223.25,EUR,2026-04-23T20:59:30.000Z,CONSOLIDATED,2026-09-22T12:30:10.536Z
2026-04-24,CH0114405324,Garmin,220.65,EUR,2026-04-24T20:59:38.000Z,CONSOLIDATED,2026-09-22T12:30:10.536Z
2026-04-27,CH0114405324,Garmin,219.6,EUR,2026-04-27T20:59:30.000Z,CONSOLIDATED,2026-09-22T12:30:10.536Z
2026-04-28,CH0114405324,Garmin,214.05,EUR,2026-04-28T20:59:40.000Z,CONSOLIDATED,2026-09-22T12:30:10.536Z
2026-04-29,CH0114405324,Garmin,216.8,EUR,2026-04-29T20:59:41.000Z,CONSOLIDATED,2026-09-22T12:30:10.536Z
2026-04-30,CH0114405324,Garmin,214.1,EUR,2026-04-30T20:59:30.000Z,CONSOLIDATED,2026-09-22T12:30:10.536Z
2026-05-04,CH0114405324,Garmin,204.025,EUR,2026-05-04T20:59:31.000Z,CONSOLIDATED,2026-09-22T12:30:10.536Z
2026-05-05,CH0114405324,Garmin,200.7,EUR,2026-05-05T20:59:31.000Z,CONSOLIDATED,2026-09-22T12:30:10.536Z
2026-05-06,CH0114405324,Garmin,206.7,EUR,2026-05-06T20:59:30.000Z,CONSOLIDATED,2026-09-22T12:30:10.536Z
2026-05-07,CH0114405324,Garmin,206.35,EUR,2026-05-07T20:59:30.000Z,CONSOLIDATED,2026-09-22T12:30:10.536Z
2026-05-08,CH0114405324,Garmin,203.75,EUR,2026-05-08T20:59:30.000Z,CONSOLIDATED,2026-09-22T12:30:10.536Z
2026-05-11,CH0114405324,Garmin,205.7,EUR,2026-05-11T20:59:30.000Z,CONSOLIDATED,2026-09-22T12:30:10.536Z
2026-05-12,CH0114405324,Garmin,202.1,EUR,2026-05-12T20:59:30.000Z,CONSOLIDATED,2026-09-22T12:30:10.536Z
2026-05-13,CH0114405324,Garmin,199.625,EUR,2026-05-13T20:59:59.000Z,CONSOLIDATED,2026-09-22T12:30:10.536Z
2026-05-14,CH0114405324,Garmin,201,EUR,2026-05-14T20:59:30.000Z,CONSOLIDATED,2026-09-22T12:30:10.536Z
2026-05-15,CH0114405324,Garmin,194.15,EUR,2026-05-15T20:59:30.000Z,CONSOLIDATED,2026-09-22T12:30:10.536Z
2026-05-18,CH0114405324,Garmin,194.49,EUR,2026-05-18T20:59:31.000Z,CONSOLIDATED,2026-09-22T12:30:10.536Z
2026-05-19,CH0114405324,Garmin,197.05,EUR,2026-05-19T20:59:30.000Z,CONSOLIDATED,2026-09-22T12:30:10.536Z
2026-05-20,CH0114405324,Garmin,204.35,EUR,2026-05-20T20:02:53.000Z,CONSOLIDATED,2026-09-22T12:30:10.536Z
2026-05-21,CH0114405324,Garmin,206.35,EUR,2026-05-21T20:59:30.000Z,CONSOLIDATED,2026-09-22T12:30:10.536Z
2026-05-22,CH0114405324,Garmin,207.6,EUR,2026-05-22T20:59:30.000Z,CONSOLIDATED,2026-09-22T12:30:10.536Z
2026-05-25,CH0114405324,Garmin,207.8,EUR,2026-05-25T20:05:44.000Z,CONSOLIDATED,2026-09-22T12:30:10.536Z
2026-05-26,CH0114405324,Garmin,205.075,EUR,2026-05-26T20:59:50.000Z,CONSOLIDATED,2026-09-22T12:30:10.536Z
2026-05-27,CH0114405324,Garmin,204.75,EUR,2026-05-27T20:56:35.000Z,CONSOLIDATED,2026-09-22T12:30:10.536Z
2026-05-28,CH0114405324,Garmin,202.775,EUR,2026-05-28T20:05:15.000Z,CONSOLIDATED,2026-09-22T12:30:10.536Z
2026-05-29,CH0114405324,Garmin,200.575,EUR,2026-05-29T20:59:37.000Z,CONSOLIDATED,2026-09-22T12:30:10.536Z
2026-06-01,CH0114405324,Garmin,203.6,EUR,2026-06-01T20:59:30.000Z,CONSOLIDATED,2026-09-22T12:30:10.536Z
2026-06-02,CH0114405324,Garmin,207.25,EUR,2026-06-02T20:59:30.000Z,CONSOLIDATED,2026-09-22T12:30:10.536Z
2026-06-03,CH0114405324,Garmin,205.125,EUR,2026-06-03T20:28:49.000Z,CONSOLIDATED,2026-09-22T12:30:10.536Z
2026-06-04,CH0114405324,Garmin,208.6,EUR,2026-06-04T20:59:30.000Z,CONSOLIDATED,2026-09-22T12:30:10.536Z
2026-06-05,CH0114405324,Garmin,205.2,EUR,2026-06-05T20:59:30.000Z,CONSOLIDATED,2026-09-22T12:30:10.536Z
2026-06-08,CH0114405324,Garmin,204,EUR,2026-06-08T20:59:30.000Z,CONSOLIDATED,2026-09-22T12:30:10.536Z
2026-06-09,CH0114405324,Garmin,206,EUR,2026-06-09T20:59:30.000Z,CONSOLIDATED,2026-09-22T12:30:10.536Z
2026-06-10,CH0114405324,Garmin,200.95,EUR,2026-06-10T20:59:30.000Z,CONSOLIDATED,2026-09-22T12:30:10.536Z
2026-06-11,CH0114405324,Garmin,206.05,EUR,2026-06-11T20:59:30.000Z,CONSOLIDATED,2026-09-22T12:30:10.536Z
2026-06-12,CH0114405324,Garmin,205.6,EUR,2026-06-12T20:50:19.000Z,CONSOLIDATED,2026-09-22T12:30:10.536Z
2026-06-15,CH0114405324,Garmin,205.5,EUR,2026-06-15T20:59:30.000Z,CONSOLIDATED,2026-09-22T12:30:10.536Z
2026-06-16,CH0114405324,Garmin,202.4,EUR,2026-06-16T20:59:30.000Z,CONSOLIDATED,2026-09-22T12:30:10.536Z
2026-06-17,CH0114405324,Garmin,201.6,EUR,2026-06-17T20:59:30.000Z,CONSOLIDATED,2026-09-22T12:30:10.536Z
2026-06-18,CH0114405324,Garmin,204,EUR,2026-06-18T20:59:30.000Z,CONSOLIDATED,2026-09-22T12:30:10.536Z
2026-06-19,CH0114405324,Garmin,204.075,EUR,2026-06-19T20:23:10.000Z,CONSOLIDATED,2026-09-22T12:30:10.536Z
2026-06-22,CH0114405324,Garmin,206.8,EUR,2026-06-22T20:59:30.000Z,CONSOLIDATED,2026-09-22T12:30:10.536Z
2026-06-23,CH0114405324,Garmin,207.8,EUR,2026-06-23T20:59:31.000Z,CONSOLIDATED,2026-09-22T12:30:10.536Z
2026-06-24,CH0114405324,Garmin,210.6,EUR,2026-06-24T20:59:30.000Z,CONSOLIDATED,2026-09-22T12:30:10.536Z
2026-06-25,CH0114405324,Garmin,206.975,EUR,2026-06-25T20:13:49.000Z,CONSOLIDATED,2026-09-22T12:30:10.536Z
2026-06-26,CH0114405324,Garmin,204.2,EUR,2026-06-26T20:59:30.000Z,CONSOLIDATED,2026-09-22T12:30:10.536Z
2026-06-29,CH0114405324,Garmin,204.7,EUR,2026-06-29T20:59:30.000Z,CONSOLIDATED,2026-09-22T12:30:10.536Z
2026-06-30,CH0114405324,Garmin,208,EUR,2026-06-30T20:59:30.000Z,CONSOLIDATED,2026-09-22T12:30:10.536Z
2026-07-01,CH0114405324,Garmin,208.9,EUR,2026-07-01T20:59:30.000Z,CONSOLIDATED,2026-09-22T12:30:10.536Z
2026-07-02,CH0114405324,Garmin,210,EUR,2026-07-02T20:59:58.000Z,CONSOLIDATED,2026-09-22T12:30:10.536Z
2026-07-03,CH0114405324,Garmin,209.775,EUR,2026-07-03T20:59:17.000Z,CONSOLIDATED,2026-09-22T12:30:10.536Z
2026-07-06,CH0114405324,Garmin,214.375,EUR,2026-07-06T20:59:55.000Z,CONSOLIDATED,2026-09-22T12:30:10.536Z
2026-07-07,CH0114405324,Garmin,217.9,EUR,2026-07-07T20:57:51.000Z,CONSOLIDATED,2026-09-22T12:30:10.536Z
2026-07-08,CH0114405324,Garmin,213.325,EUR,2026-07-08T20:59:56.000Z,CONSOLIDATED,2026-09-22T12:30:10.536Z
2026-07-09,CH0114405324,Garmin,213.9,EUR,2026-07-09T20:59:30.000Z,CONSOLIDATED,2026-09-22T12:30:10.536Z
2026-07-10,CH0114405324,Garmin,213,EUR,2026-07-10T20:02:46.000Z,CONSOLIDATED,2026-09-22T12:30:10.536Z
2026-07-13,CH0114405324,Garmin,214.05,EUR,2026-07-13T20:59:30.000Z,CONSOLIDATED,2026-09-22T12:30:10.536Z
2026-07-14,CH0114405324,Garmin,211.35,EUR,2026-07-14T20:59:30.000Z,CONSOLIDATED,2026-09-22T12:30:10.536Z
2026-07-15,CH0114405324,Garmin,210.9,EUR,2026-07-15T20:59:30.000Z,CONSOLIDATED,2026-09-22T12:30:10.536Z
2026-07-16,CH0114405324,Garmin,219.35,EUR,2026-07-16T20:59:30.000Z,CONSOLIDATED,2026-09-22T12:30:10.536Z
2026-07-17,CH0114405324,Garmin,218.375,EUR,2026-07-17T20:59:48.000Z,CONSOLIDATED,2026-09-22T12:30:10.536Z
2026-07-20,CH0114405324,Garmin,215.75,EUR,2026-07-20T20:57:17.000Z,CONSOLIDATED,2026-09-22T12:30:10.536Z
2026-07-21,CH0114405324,Garmin,207.6,EUR,2026-07-21T20:59:30.000Z,CONSOLIDATED,2026-09-22T12:30:10.536Z
2026-07-22,CH0114405324,Garmin,210.75,EUR,2026-07-22T20:59:30.000Z,CONSOLIDATED,2026-09-22T12:30:10.536Z
2026-07-23,CH0114405324,Garmin,211.05,EUR,2026-07-23T20:59:30.000Z,CONSOLIDATED,2026-09-22T12:30:10.536Z
2026-07-24,CH0114405324,Garmin,213.7,EUR,2026-07-24T20:59:30.000Z,CONSOLIDATED,2026-09-22T12:30:10.536Z
2026-07-27,CH0114405324,Garmin,213.3,EUR,2026-07-27T20:59:30.000Z,CONSOLIDATED,2026-09-22T12:30:10.536Z
2026-07-28,CH0114405324,Garmin,222.5,EUR,2026-07-28T20:59:30.000Z,CONSOLIDATED,2026-09-22T12:30:10.536Z
2026-07-29,CH0114405324,Garmin,259.75,EUR,2026-07-29T20:59:54.000Z,CONSOLIDATED,2026-09-22T12:30:10.536Z
2026-07-30,CH0114405324,Garmin,256.5,EUR,2026-07-30T20:59:39.000Z,CONSOLIDATED,2026-09-22T12:30:10.536Z
2026-07-31,CH0114405324,Garmin,254.75,EUR,2026-07-31T20:59:30.000Z,CONSOLIDATED,2026-09-22T12:30:10.536Z
2026-08-03,CH0114405324,Garmin,263.9,EUR,2026-08-03T20:59:45.000Z,CONSOLIDATED,2026-09-22T12:30:10.536Z
2026-08-04,CH0114405324,Garmin,266.55,EUR,2026-08-04T20:59:56.000Z,CONSOLIDATED,2026-09-22T12:30:10.536Z
2026-08-05,CH0114405324,Garmin,263.05,EUR,2026-08-05T20:57:39.000Z,CONSOLIDATED,2026-09-22T12:30:10.536Z
2026-08-06,CH0114405324,Garmin,261.9,EUR,2026-08-06T20:59:58.000Z,CONSOLIDATED,2026-09-22T12:30:10.536Z
2026-08-07,CH0114405324,Garmin,269,EUR,2026-08-07T20:59:58.000Z,CONSOLIDATED,2026-09-22T12:30:10.536Z
2026-08-10,CH0114405324,Garmin,271.3,EUR,2026-08-10T20:59:58.000Z,CONSOLIDATED,2026-09-22T12:30:10.536Z
2026-08-11,CH0114405324,Garmin,268.3,EUR,2026-08-11T20:59:37.000Z,CONSOLIDATED,2026-09-22T12:30:10.536Z
2026-08-12,CH0114405324,Garmin,269,EUR,2026-08-12T20:59:30.000Z,CONSOLIDATED,2026-09-22T12:30:10.536Z
2026-08-13,CH0114405324,Garmin,270.6,EUR,2026-08-13T20:59:30.000Z,CONSOLIDATED,2026-09-22T12:30:10.536Z
2026-08-14,CH0114405324,Garmin,268.1,EUR,2026-08-14T20:57:40.000Z,CONSOLIDATED,2026-09-22T12:30:10.536Z
2026-08-17,CH0114405324,Garmin,265.2,EUR,2026-08-17T20:59:44.000Z,CONSOLIDATED,2026-09-22T12:30:10.536Z
2026-08-18,CH0114405324,Garmin,256.85,EUR,2026-08-18T20:58:58.000Z,CONSOLIDATED,2026-09-22T12:30:10.536Z
2026-08-19,CH0114405324,Garmin,254.45,EUR,2026-08-19T20:53:48.000Z,CONSOLIDATED,2026-09-22T12:30:10.536Z
2026-08-20,CH0114405324,Garmin,251,EUR,2026-08-20T20:59:30.000Z,CONSOLIDATED,2026-09-22T12:30:10.536Z
2026-08-21,CH0114405324,Garmin,251.35,EUR,2026-08-21T20:59:32.000Z,CONSOLIDATED,2026-09-22T12:30:10.536Z
2026-08-24,CH0114405324,Garmin,250.8,EUR,2026-08-24T20:59:30.000Z,CONSOLIDATED,2026-09-22T12:30:10.536Z
2026-08-25,CH0114405324,Garmin,247.1,EUR,2026-08-25T20:59:30.000Z,CONSOLIDATED,2026-09-22T12:30:10.536Z
2026-08-26,CH0114405324,Garmin,248.25,EUR,2026-08-26T20:59:32.000Z,CONSOLIDATED,2026-09-22T12:30:10.536Z
2026-08-27,CH0114405324,Garmin,248.6,EUR,2026-08-27T20:59:57.000Z,CONSOLIDATED,2026-09-22T12:30:10.536Z
2026-08-28,CH0114405324,Garmin,246.25,EUR,2026-08-28T20:59:30.000Z,CONSOLIDATED,2026-09-22T12:30:10.536Z
2026-08-31,CH0114405324,Garmin,244.7,EUR,2026-08-31T20:59:32.000Z,CONSOLIDATED,2026-09-22T12:30:10.536Z
2026-09-01,CH0114405324,Garmin,237.35,EUR,2026-09-01T20:59:31.000Z,CONSOLIDATED,2026-09-22T12:30:10.536Z
2026-09-02,CH0114405324,Garmin,238.375,EUR,2026-09-02T20:53:43.000Z,CONSOLIDATED,2026-09-22T12:30:10.536Z
2026-09-03,CH0114405324,Garmin,238.5,EUR,2026-09-03T20:56:26.000Z,CONSOLIDATED,2026-09-22T12:30:10.536Z
2026-09-04,CH0114405324,Garmin,238.4,EUR,2026-09-04T20:40:01.000Z,CONSOLIDATED,2026-09-22T12:30:10.536Z
2026-09-07,CH0114405324,Garmin,239.4,EUR,2026-09-07T20:59:19.000Z,CONSOLIDATED,2026-09-22T12:30:10.536Z
2026-09-08,CH0114405324,Garmin,237.2,EUR,2026-09-08T20:59:30.000Z,CONSOLIDATED,2026-09-22T12:30:10.536Z
2026-09-09,CH0114405324,Garmin,234.1,EUR,2026-09-09T20:56:28.000Z,CONSOLIDATED,2026-09-22T12:30:10.536Z
2026-09-10,CH0114405324,Garmin,234.4,EUR,2026-09-10T20:57:09.000Z,CONSOLIDATED,2026-09-22T12:30:10.536Z
2026-09-11,CH0114405324,Garmin,243.7,EUR,2026-09-11T20:59:30.000Z,CONSOLIDATED,2026-09-22T12:30:10.536Z
2026-09-14,CH0114405324,Garmin,242.75,EUR,2026-09-14T20:59:30.000Z,CONSOLIDATED,2026-09-22T12:30:10.536Z
2026-09-15,CH0114405324,Garmin,241.8,EUR,2026-09-15T20:55:32.000Z,CONSOLIDATED,2026-09-22T12:30:10.536Z
2026-09-16,CH0114405324,Garmin,241.55,EUR,2026-09-16T20:59:54.000Z,CONSOLIDATED,2026-09-22T12:30:10.536Z
2026-09-17,CH0114405324,Garmin,239.85,EUR,2026-09-17T20:59:50.000Z,CONSOLIDATED,2026-09-22T12:30:10.536Z
2026-09-18,CH0114405324,Garmin,238.65,EUR,2026-09-18T20:59:31.000Z,CONSOLIDATED,2026-09-22T12:30:10.536Z
2026-09-21,CH0114405324,Garmin,244.15,EUR,2026-09-21T20:59:34.000Z,CONSOLIDATED,2026-09-22T12:30:10.536Z
2026-01-02,US4581401001,Intel Corp,33.7025,EUR,2026-01-02T21:59:37.000Z,CONSOLIDATED,2026-09-22T12:30:10.536Z
2026-01-05,US4581401001,Intel Corp,33.59,EUR,2026-01-05T21:59:48.000Z,CONSOLIDATED,2026-09-22T12:30:10.536Z
2026-01-06,US4581401001,Intel Corp,34.2025,EUR,2026-01-06T21:59:54.000Z,CONSOLIDATED,2026-09-22T12:30:10.536Z
2026-01-07,US4581401001,Intel Corp,36.455,EUR,2026-01-07T21:59:58.000Z,CONSOLIDATED,2026-09-22T12:30:10.536Z
2026-01-08,US4581401001,Intel Corp,35.8725,EUR,2026-01-08T21:59:45.000Z,CONSOLIDATED,2026-09-22T12:30:10.536Z
2026-01-09,US4581401001,Intel Corp,39.0925,EUR,2026-01-09T21:59:57.000Z,CONSOLIDATED,2026-09-22T12:30:10.536Z
2026-01-12,US4581401001,Intel Corp,37.83,EUR,2026-01-12T21:59:51.000Z,CONSOLIDATED,2026-09-22T12:30:10.536Z
2026-01-13,US4581401001,Intel Corp,40.6375,EUR,2026-01-13T21:59:57.000Z,CONSOLIDATED,2026-09-22T12:30:10.536Z
2026-01-14,US4581401001,Intel Corp,41.695,EUR,2026-01-14T21:59:58.000Z,CONSOLIDATED,2026-09-22T12:30:10.536Z
2026-01-15,US4581401001,Intel Corp,41.68,EUR,2026-01-15T21:59:58.000Z,CONSOLIDATED,2026-09-22T12:30:10.536Z
2026-01-16,US4581401001,Intel Corp,40.65,EUR,2026-01-16T21:59:56.000Z,CONSOLIDATED,2026-09-22T12:30:10.536Z
2026-01-19,US4581401001,Intel Corp,39.56,EUR,2026-01-19T21:01:13.000Z,CONSOLIDATED,2026-09-22T12:30:10.536Z
2026-01-20,US4581401001,Intel Corp,41.585,EUR,2026-01-20T21:59:54.000Z,CONSOLIDATED,2026-09-22T12:30:10.536Z
2026-01-21,US4581401001,Intel Corp,46.7525,EUR,2026-01-21T21:59:58.000Z,CONSOLIDATED,2026-09-22T12:30:10.536Z
2026-01-22,US4581401001,Intel Corp,43.28,EUR,2026-01-22T21:59:55.000Z,CONSOLIDATED,2026-09-22T12:30:10.536Z
2026-01-23,US4581401001,Intel Corp,38.0625,EUR,2026-01-23T21:59:57.000Z,CONSOLIDATED,2026-09-22T12:30:10.536Z
2026-01-26,US4581401001,Intel Corp,35.665,EUR,2026-01-26T21:59:58.000Z,CONSOLIDATED,2026-09-22T12:30:10.536Z
2026-01-27,US4581401001,Intel Corp,36.695,EUR,2026-01-27T21:59:57.000Z,CONSOLIDATED,2026-09-22T12:30:10.536Z
2026-01-28,US4581401001,Intel Corp,40.925,EUR,2026-01-28T21:59:57.000Z,CONSOLIDATED,2026-09-22T12:30:10.536Z
2026-01-29,US4581401001,Intel Corp,40.37,EUR,2026-01-29T21:59:36.000Z,CONSOLIDATED,2026-09-22T12:30:10.536Z
2026-01-30,US4581401001,Intel Corp,39.07,EUR,2026-01-30T21:59:58.000Z,CONSOLIDATED,2026-09-22T12:30:10.536Z
2026-02-02,US4581401001,Intel Corp,41.4675,EUR,2026-02-02T21:59:58.000Z,CONSOLIDATED,2026-09-22T12:30:10.536Z
2026-02-03,US4581401001,Intel Corp,41.725,EUR,2026-02-03T21:59:04.000Z,CONSOLIDATED,2026-09-22T12:30:10.536Z
2026-02-04,US4581401001,Intel Corp,41.715,EUR,2026-02-04T21:59:54.000Z,CONSOLIDATED,2026-09-22T12:30:10.536Z
2026-02-05,US4581401001,Intel Corp,40.3825,EUR,2026-02-05T21:59:57.000Z,CONSOLIDATED,2026-09-22T12:30:10.536Z
2026-02-06,US4581401001,Intel Corp,42.71,EUR,2026-02-06T21:59:49.000Z,CONSOLIDATED,2026-09-22T12:30:10.536Z
2026-02-09,US4581401001,Intel Corp,42.24,EUR,2026-02-09T21:59:58.000Z,CONSOLIDATED,2026-09-22T12:30:10.536Z
2026-02-10,US4581401001,Intel Corp,39.63,EUR,2026-02-10T21:59:54.000Z,CONSOLIDATED,2026-09-22T12:30:10.536Z
2026-02-11,US4581401001,Intel Corp,40.5525,EUR,2026-02-11T21:59:57.000Z,CONSOLIDATED,2026-09-22T12:30:10.536Z
2026-02-12,US4581401001,Intel Corp,39.1525,EUR,2026-02-12T21:59:51.000Z,CONSOLIDATED,2026-09-22T12:30:10.536Z
2026-02-13,US4581401001,Intel Corp,39.3575,EUR,2026-02-13T21:59:57.000Z,CONSOLIDATED,2026-09-22T12:30:10.536Z
2026-02-16,US4581401001,Intel Corp,39.225,EUR,2026-02-16T21:42:48.000Z,CONSOLIDATED,2026-09-22T12:30:10.536Z
2026-02-17,US4581401001,Intel Corp,38.955,EUR,2026-02-17T21:59:50.000Z,CONSOLIDATED,2026-09-22T12:30:10.536Z
2026-02-18,US4581401001,Intel Corp,38.525,EUR,2026-02-18T21:59:58.000Z,CONSOLIDATED,2026-09-22T12:30:10.536Z
2026-02-19,US4581401001,Intel Corp,37.8125,EUR,2026-02-19T21:59:55.000Z,CONSOLIDATED,2026-09-22T12:30:10.536Z
2026-02-20,US4581401001,Intel Corp,37.42,EUR,2026-02-20T21:59:26.000Z,CONSOLIDATED,2026-09-22T12:30:10.536Z
2026-02-23,US4581401001,Intel Corp,37.0475,EUR,2026-02-23T21:59:29.000Z,CONSOLIDATED,2026-09-22T12:30:10.536Z
2026-02-24,US4581401001,Intel Corp,38.9825,EUR,2026-02-24T21:59:54.000Z,CONSOLIDATED,2026-09-22T12:30:10.536Z
2026-02-25,US4581401001,Intel Corp,39.8025,EUR,2026-02-25T21:59:56.000Z,CONSOLIDATED,2026-09-22T12:30:10.536Z
2026-02-26,US4581401001,Intel Corp,38.435,EUR,2026-02-26T21:59:58.000Z,CONSOLIDATED,2026-09-22T12:30:10.536Z
2026-02-27,US4581401001,Intel Corp,38.445,EUR,2026-02-27T21:59:58.000Z,CONSOLIDATED,2026-09-22T12:30:10.536Z
2026-03-02,US4581401001,Intel Corp,38.845,EUR,2026-03-02T21:59:54.000Z,CONSOLIDATED,2026-09-22T12:30:10.536Z
2026-03-03,US4581401001,Intel Corp,37.035,EUR,2026-03-03T21:59:57.000Z,CONSOLIDATED,2026-09-22T12:30:10.536Z
2026-03-04,US4581401001,Intel Corp,39.2575,EUR,2026-03-04T21:59:58.000Z,CONSOLIDATED,2026-09-22T12:30:10.536Z
2026-03-05,US4581401001,Intel Corp,39.515,EUR,2026-03-05T21:59:52.000Z,CONSOLIDATED,2026-09-22T12:30:10.536Z
2026-03-06,US4581401001,Intel Corp,37.4225,EUR,2026-03-06T21:59:50.000Z,CONSOLIDATED,2026-09-22T12:30:10.536Z
2026-03-09,US4581401001,Intel Corp,38.9075,EUR,2026-03-09T21:59:58.000Z,CONSOLIDATED,2026-09-22T12:30:10.536Z
2026-03-10,US4581401001,Intel Corp,40.3525,EUR,2026-03-10T21:59:56.000Z,CONSOLIDATED,2026-09-22T12:30:10.536Z
2026-03-11,US4581401001,Intel Corp,41.435,EUR,2026-03-11T21:59:51.000Z,CONSOLIDATED,2026-09-22T12:30:10.536Z
2026-03-12,US4581401001,Intel Corp,39.305,EUR,2026-03-12T21:58:21.000Z,CONSOLIDATED,2026-09-22T12:30:10.536Z
2026-03-13,US4581401001,Intel Corp,39.9575,EUR,2026-03-13T21:59:54.000Z,CONSOLIDATED,2026-09-22T12:30:10.536Z
2026-03-16,US4581401001,Intel Corp,39.905,EUR,2026-03-16T21:59:59.000Z,CONSOLIDATED,2026-09-22T12:30:10.536Z
2026-03-17,US4581401001,Intel Corp,38.2325,EUR,2026-03-17T21:59:29.000Z,CONSOLIDATED,2026-09-22T12:30:10.536Z
2026-03-18,US4581401001,Intel Corp,39.15,EUR,2026-03-18T21:59:45.000Z,CONSOLIDATED,2026-09-22T12:30:10.536Z
2026-03-19,US4581401001,Intel Corp,40.005,EUR,2026-03-19T21:59:57.000Z,CONSOLIDATED,2026-09-22T12:30:10.536Z
2026-03-20,US4581401001,Intel Corp,38.2475,EUR,2026-03-20T21:59:59.000Z,CONSOLIDATED,2026-09-22T12:30:10.536Z
2026-03-23,US4581401001,Intel Corp,37.95,EUR,2026-03-23T21:59:59.000Z,CONSOLIDATED,2026-09-22T12:30:10.536Z
2026-03-24,US4581401001,Intel Corp,38.215,EUR,2026-03-24T21:59:56.000Z,CONSOLIDATED,2026-09-22T12:30:10.536Z
2026-03-25,US4581401001,Intel Corp,40.7675,EUR,2026-03-25T21:59:58.000Z,CONSOLIDATED,2026-09-22T12:30:10.536Z
2026-03-26,US4581401001,Intel Corp,38.445,EUR,2026-03-26T21:59:56.000Z,CONSOLIDATED,2026-09-22T12:30:10.536Z
2026-03-27,US4581401001,Intel Corp,37.4175,EUR,2026-03-27T21:57:49.000Z,CONSOLIDATED,2026-09-22T12:30:10.536Z
2026-03-30,US4581401001,Intel Corp,35.86,EUR,2026-03-30T20:59:59.000Z,CONSOLIDATED,2026-09-22T12:30:10.536Z
2026-03-31,US4581401001,Intel Corp,38.2025,EUR,2026-03-31T20:59:56.000Z,CONSOLIDATED,2026-09-22T12:30:10.536Z
2026-04-01,US4581401001,Intel Corp,41.55,EUR,2026-04-01T20:59:58.000Z,CONSOLIDATED,2026-09-22T12:30:10.536Z
2026-04-02,US4581401001,Intel Corp,43.5775,EUR,2026-04-02T20:59:44.000Z,CONSOLIDATED,2026-09-22T12:30:10.536Z
2026-04-07,US4581401001,Intel Corp,45.6125,EUR,2026-04-07T20:59:52.000Z,CONSOLIDATED,2026-09-22T12:30:10.536Z
2026-04-08,US4581401001,Intel Corp,50.275,EUR,2026-04-08T20:59:45.000Z,CONSOLIDATED,2026-09-22T12:30:10.536Z
2026-04-09,US4581401001,Intel Corp,52.76,EUR,2026-04-09T20:59:35.000Z,CONSOLIDATED,2026-09-22T12:30:10.536Z
2026-04-10,US4581401001,Intel Corp,53.2,EUR,2026-04-10T20:59:56.000Z,CONSOLIDATED,2026-09-22T12:30:10.536Z
2026-04-13,US4581401001,Intel Corp,55.78,EUR,2026-04-13T20:59:57.000Z,CONSOLIDATED,2026-09-22T12:30:10.536Z
2026-04-14,US4581401001,Intel Corp,54.045,EUR,2026-04-14T20:59:49.000Z,CONSOLIDATED,2026-09-22T12:30:10.536Z
2026-04-15,US4581401001,Intel Corp,54.89,EUR,2026-04-15T20:59:32.000Z,CONSOLIDATED,2026-09-22T12:30:10.536Z
2026-04-16,US4581401001,Intel Corp,58.065,EUR,2026-04-16T20:59:57.000Z,CONSOLIDATED,2026-09-22T12:30:10.536Z
2026-04-17,US4581401001,Intel Corp,58.165,EUR,2026-04-17T20:59:57.000Z,CONSOLIDATED,2026-09-22T12:30:10.536Z
2026-04-20,US4581401001,Intel Corp,55.845,EUR,2026-04-20T20:59:50.000Z,CONSOLIDATED,2026-09-22T12:30:10.536Z
2026-04-21,US4581401001,Intel Corp,56.575,EUR,2026-04-21T20:59:57.000Z,CONSOLIDATED,2026-09-22T12:30:10.536Z
2026-04-22,US4581401001,Intel Corp,55.92,EUR,2026-04-22T20:59:55.000Z,CONSOLIDATED,2026-09-22T12:30:10.536Z
2026-04-23,US4581401001,Intel Corp,66.015,EUR,2026-04-23T20:59:58.000Z,CONSOLIDATED,2026-09-22T12:30:10.536Z
2026-04-24,US4581401001,Intel Corp,70.45,EUR,2026-04-24T20:59:53.000Z,CONSOLIDATED,2026-09-22T12:30:10.536Z
2026-04-27,US4581401001,Intel Corp,72.14,EUR,2026-04-27T20:59:55.000Z,CONSOLIDATED,2026-09-22T12:30:10.536Z
2026-04-28,US4581401001,Intel Corp,72.525,EUR,2026-04-28T20:59:58.000Z,CONSOLIDATED,2026-09-22T12:30:10.536Z
2026-04-29,US4581401001,Intel Corp,80.535,EUR,2026-04-29T20:59:58.000Z,CONSOLIDATED,2026-09-22T12:30:10.536Z
2026-04-30,US4581401001,Intel Corp,80.375,EUR,2026-04-30T20:59:55.000Z,CONSOLIDATED,2026-09-22T12:30:10.536Z
2026-05-04,US4581401001,Intel Corp,81.685,EUR,2026-05-04T20:59:56.000Z,CONSOLIDATED,2026-09-22T12:30:10.536Z
2026-05-05,US4581401001,Intel Corp,93.77,EUR,2026-05-05T20:59:56.000Z,CONSOLIDATED,2026-09-22T12:30:10.536Z
2026-05-06,US4581401001,Intel Corp,95.41,EUR,2026-05-06T20:59:58.000Z,CONSOLIDATED,2026-09-22T12:30:10.536Z
2026-05-07,US4581401001,Intel Corp,93.255,EUR,2026-05-07T20:59:59.000Z,CONSOLIDATED,2026-09-22T12:30:10.536Z
2026-05-08,US4581401001,Intel Corp,106.03,EUR,2026-05-08T20:59:57.000Z,CONSOLIDATED,2026-09-22T12:30:10.536Z
2026-05-11,US4581401001,Intel Corp,109.64,EUR,2026-05-11T20:59:56.000Z,CONSOLIDATED,2026-09-22T12:30:10.536Z
2026-05-12,US4581401001,Intel Corp,102.5,EUR,2026-05-12T20:59:58.000Z,CONSOLIDATED,2026-09-22T12:30:10.536Z
2026-05-13,US4581401001,Intel Corp,102.64,EUR,2026-05-13T20:59:59.000Z,CONSOLIDATED,2026-09-22T12:30:10.536Z
2026-05-14,US4581401001,Intel Corp,98.445,EUR,2026-05-14T20:59:58.000Z,CONSOLIDATED,2026-09-22T12:30:10.536Z
2026-05-15,US4581401001,Intel Corp,92.945,EUR,2026-05-15T20:59:52.000Z,CONSOLIDATED,2026-09-22T12:30:10.536Z
2026-05-18,US4581401001,Intel Corp,92.56,EUR,2026-05-18T20:59:57.000Z,CONSOLIDATED,2026-09-22T12:30:10.536Z
2026-05-19,US4581401001,Intel Corp,95.36,EUR,2026-05-19T20:59:55.000Z,CONSOLIDATED,2026-09-22T12:30:10.536Z
2026-05-20,US4581401001,Intel Corp,101.88,EUR,2026-05-20T20:59:58.000Z,CONSOLIDATED,2026-09-22T12:30:10.536Z
2026-05-21,US4581401001,Intel Corp,101.47,EUR,2026-05-21T20:59:55.000Z,CONSOLIDATED,2026-09-22T12:30:10.536Z
2026-05-22,US4581401001,Intel Corp,103.03,EUR,2026-05-22T20:59:47.000Z,CONSOLIDATED,2026-09-22T12:30:10.536Z
2026-05-25,US4581401001,Intel Corp,105.51,EUR,2026-05-25T20:37:55.000Z,CONSOLIDATED,2026-09-22T12:30:10.536Z
2026-05-26,US4581401001,Intel Corp,106.35,EUR,2026-05-26T20:59:45.000Z,CONSOLIDATED,2026-09-22T12:30:10.536Z
2026-05-27,US4581401001,Intel Corp,104.56,EUR,2026-05-27T20:59:58.000Z,CONSOLIDATED,2026-09-22T12:30:10.536Z
2026-05-28,US4581401001,Intel Corp,103.32,EUR,2026-05-28T20:59:53.000Z,CONSOLIDATED,2026-09-22T12:30:10.536Z
2026-05-29,US4581401001,Intel Corp,99.255,EUR,2026-05-29T20:59:50.000Z,CONSOLIDATED,2026-09-22T12:30:10.536Z
2026-06-01,US4581401001,Intel Corp,93.625,EUR,2026-06-01T20:59:59.000Z,CONSOLIDATED,2026-09-22T12:30:10.536Z
2026-06-02,US4581401001,Intel Corp,92.365,EUR,2026-06-02T20:59:55.000Z,CONSOLIDATED,2026-09-22T12:30:10.536Z
2026-06-03,US4581401001,Intel Corp,96.34,EUR,2026-06-03T20:59:57.000Z,CONSOLIDATED,2026-09-22T12:30:10.536Z
2026-06-04,US4581401001,Intel Corp,95.125,EUR,2026-06-04T20:59:57.000Z,CONSOLIDATED,2026-09-22T12:30:10.536Z
2026-06-05,US4581401001,Intel Corp,84.23,EUR,2026-06-05T20:59:53.000Z,CONSOLIDATED,2026-09-22T12:30:10.536Z
2026-06-08,US4581401001,Intel Corp,95.6,EUR,2026-06-08T20:59:56.000Z,CONSOLIDATED,2026-09-22T12:30:10.536Z
2026-06-09,US4581401001,Intel Corp,93.87,EUR,2026-06-09T20:59:57.000Z,CONSOLIDATED,2026-09-22T12:30:10.536Z
2026-06-10,US4581401001,Intel Corp,91.79,EUR,2026-06-10T20:59:57.000Z,CONSOLIDATED,2026-09-22T12:30:10.536Z
2026-06-11,US4581401001,Intel Corp,100.99,EUR,2026-06-11T20:59:58.000Z,CONSOLIDATED,2026-09-22T12:30:10.536Z
2026-06-12,US4581401001,Intel Corp,107.76,EUR,2026-06-12T20:59:58.000Z,CONSOLIDATED,2026-09-22T12:30:10.536Z
2026-06-15,US4581401001,Intel Corp,108.65,EUR,2026-06-15T20:59:59.000Z,CONSOLIDATED,2026-09-22T12:30:10.536Z
2026-06-16,US4581401001,Intel Corp,100.83,EUR,2026-06-16T20:59:58.000Z,CONSOLIDATED,2026-09-22T12:30:10.536Z
2026-06-17,US4581401001,Intel Corp,105.94,EUR,2026-06-17T20:59:58.000Z,CONSOLIDATED,2026-09-22T12:30:10.536Z
2026-06-18,US4581401001,Intel Corp,117.07,EUR,2026-06-18T20:59:58.000Z,CONSOLIDATED,2026-09-22T12:30:10.536Z
2026-06-19,US4581401001,Intel Corp,115.77,EUR,2026-06-19T20:37:03.000Z,CONSOLIDATED,2026-09-22T12:30:10.536Z
2026-06-22,US4581401001,Intel Corp,122.9,EUR,2026-06-22T20:59:58.000Z,CONSOLIDATED,2026-09-22T12:30:10.536Z
2026-06-23,US4581401001,Intel Corp,116.61,EUR,2026-06-23T20:59:53.000Z,CONSOLIDATED,2026-09-22T12:30:10.536Z
2026-06-24,US4581401001,Intel Corp,120.46,EUR,2026-06-24T20:59:59.000Z,CONSOLIDATED,2026-09-22T12:30:10.536Z
2026-06-25,US4581401001,Intel Corp,117.18,EUR,2026-06-25T20:59:58.000Z,CONSOLIDATED,2026-09-22T12:30:10.536Z
2026-06-26,US4581401001,Intel Corp,111.77,EUR,2026-06-26T20:59:56.000Z,CONSOLIDATED,2026-09-22T12:30:10.536Z
2026-06-29,US4581401001,Intel Corp,114.95,EUR,2026-06-29T20:59:58.000Z,CONSOLIDATED,2026-09-22T12:30:10.536Z
2026-06-30,US4581401001,Intel Corp,121.45,EUR,2026-06-30T20:59:58.000Z,CONSOLIDATED,2026-09-22T12:30:10.536Z
2026-07-01,US4581401001,Intel Corp,112.18,EUR,2026-07-01T20:59:48.000Z,CONSOLIDATED,2026-09-22T12:30:10.536Z
2026-07-02,US4581401001,Intel Corp,105.43,EUR,2026-07-02T20:59:58.000Z,CONSOLIDATED,2026-09-22T12:30:10.536Z
2026-07-03,US4581401001,Intel Corp,109,EUR,2026-07-03T20:54:06.000Z,CONSOLIDATED,2026-09-22T12:30:10.536Z
2026-07-06,US4581401001,Intel Corp,107.05,EUR,2026-07-06T20:59:55.000Z,CONSOLIDATED,2026-09-22T12:30:10.536Z
2026-07-07,US4581401001,Intel Corp,96.43,EUR,2026-07-07T20:59:49.000Z,CONSOLIDATED,2026-09-22T12:30:10.536Z
2026-07-08,US4581401001,Intel Corp,96.025,EUR,2026-07-08T20:59:58.000Z,CONSOLIDATED,2026-09-22T12:30:10.536Z
2026-07-09,US4581401001,Intel Corp,98.585,EUR,2026-07-09T20:59:55.000Z,CONSOLIDATED,2026-09-22T12:30:10.536Z
2026-07-10,US4581401001,Intel Corp,96.175,EUR,2026-07-10T20:59:56.000Z,CONSOLIDATED,2026-09-22T12:30:10.536Z
2026-07-13,US4581401001,Intel Corp,90.59,EUR,2026-07-13T20:59:57.000Z,CONSOLIDATED,2026-09-22T12:30:10.536Z
2026-07-14,US4581401001,Intel Corp,94.44,EUR,2026-07-14T20:59:01.000Z,CONSOLIDATED,2026-09-22T12:30:10.536Z
2026-07-15,US4581401001,Intel Corp,89.935,EUR,2026-07-15T20:59:51.000Z,CONSOLIDATED,2026-09-22T12:30:10.536Z
2026-07-16,US4581401001,Intel Corp,84.615,EUR,2026-07-16T20:59:58.000Z,CONSOLIDATED,2026-09-22T12:30:10.536Z
2026-07-17,US4581401001,Intel Corp,82.595,EUR,2026-07-17T20:59:30.000Z,CONSOLIDATED,2026-09-22T12:30:10.536Z
2026-07-20,US4581401001,Intel Corp,85.135,EUR,2026-07-20T20:59:57.000Z,CONSOLIDATED,2026-09-22T12:30:10.536Z
2026-07-21,US4581401001,Intel Corp,92.515,EUR,2026-07-21T20:59:58.000Z,CONSOLIDATED,2026-09-22T12:30:10.536Z
2026-07-22,US4581401001,Intel Corp,90.5,EUR,2026-07-22T20:59:58.000Z,CONSOLIDATED,2026-09-22T12:30:10.536Z
2026-07-23,US4581401001,Intel Corp,96.61,EUR,2026-07-23T20:59:58.000Z,CONSOLIDATED,2026-09-22T12:30:10.536Z
2026-07-24,US4581401001,Intel Corp,81.38,EUR,2026-07-24T20:59:56.000Z,CONSOLIDATED,2026-09-22T12:30:10.536Z
2026-07-27,US4581401001,Intel Corp,80.16,EUR,2026-07-27T20:59:57.000Z,CONSOLIDATED,2026-09-22T12:30:10.536Z
2026-07-28,US4581401001,Intel Corp,76.435,EUR,2026-07-28T20:59:58.000Z,CONSOLIDATED,2026-09-22T12:30:10.536Z
2026-07-29,US4581401001,Intel Corp,69.935,EUR,2026-07-29T20:59:54.000Z,CONSOLIDATED,2026-09-22T12:30:10.536Z
2026-07-30,US4581401001,Intel Corp,80.16,EUR,2026-07-30T20:59:58.000Z,CONSOLIDATED,2026-09-22T12:30:10.536Z
2026-07-31,US4581401001,Intel Corp,77.97,EUR,2026-07-31T20:59:58.000Z,CONSOLIDATED,2026-09-22T12:30:10.536Z
2026-08-03,US4581401001,Intel Corp,79.085,EUR,2026-08-03T20:59:58.000Z,CONSOLIDATED,2026-09-22T12:30:10.536Z
2026-08-04,US4581401001,Intel Corp,85.275,EUR,2026-08-04T20:59:58.000Z,CONSOLIDATED,2026-09-22T12:30:10.536Z
2026-08-05,US4581401001,Intel Corp,87.74,EUR,2026-08-05T20:59:56.000Z,CONSOLIDATED,2026-09-22T12:30:10.536Z
2026-08-06,US4581401001,Intel Corp,86.72,EUR,2026-08-06T20:59:56.000Z,CONSOLIDATED,2026-09-22T12:30:10.536Z
2026-08-07,US4581401001,Intel Corp,87.835,EUR,2026-08-07T20:59:58.000Z,CONSOLIDATED,2026-09-22T12:30:10.536Z
2026-08-10,US4581401001,Intel Corp,84.955,EUR,2026-08-10T20:59:42.000Z,CONSOLIDATED,2026-09-22T12:30:10.536Z
2026-08-11,US4581401001,Intel Corp,84.465,EUR,2026-08-11T20:59:38.000Z,CONSOLIDATED,2026-09-22T12:30:10.536Z
2026-08-12,US4581401001,Intel Corp,87.57,EUR,2026-08-12T20:59:51.000Z,CONSOLIDATED,2026-09-22T12:30:10.536Z
2026-08-13,US4581401001,Intel Corp,91.155,EUR,2026-08-13T20:59:57.000Z,CONSOLIDATED,2026-09-22T12:30:10.536Z
2026-08-14,US4581401001,Intel Corp,88.965,EUR,2026-08-14T20:59:51.000Z,CONSOLIDATED,2026-09-22T12:30:10.536Z
2026-08-17,US4581401001,Intel Corp,89.355,EUR,2026-08-17T20:59:51.000Z,CONSOLIDATED,2026-09-22T12:30:10.536Z
2026-08-18,US4581401001,Intel Corp,83.34,EUR,2026-08-18T20:59:58.000Z,CONSOLIDATED,2026-09-22T12:30:10.536Z
2026-08-19,US4581401001,Intel Corp,79.675,EUR,2026-08-19T20:59:51.000Z,CONSOLIDATED,2026-09-22T12:30:10.536Z
2026-08-20,US4581401001,Intel Corp,78.845,EUR,2026-08-20T20:59:57.000Z,CONSOLIDATED,2026-09-22T12:30:10.536Z
2026-08-21,US4581401001,Intel Corp,77.1,EUR,2026-08-21T20:59:52.000Z,CONSOLIDATED,2026-09-22T12:30:10.536Z
2026-08-24,US4581401001,Intel Corp,74.65,EUR,2026-08-24T20:59:44.000Z,CONSOLIDATED,2026-09-22T12:30:10.536Z
2026-08-25,US4581401001,Intel Corp,74.97,EUR,2026-08-25T20:59:47.000Z,CONSOLIDATED,2026-09-22T12:30:10.536Z
2026-08-26,US4581401001,Intel Corp,76.17,EUR,2026-08-26T20:59:57.000Z,CONSOLIDATED,2026-09-22T12:30:10.536Z
2026-08-27,US4581401001,Intel Corp,78.71,EUR,2026-08-27T20:59:31.000Z,CONSOLIDATED,2026-09-22T12:30:10.536Z
2026-08-28,US4581401001,Intel Corp,77.19,EUR,2026-08-28T20:59:58.000Z,CONSOLIDATED,2026-09-22T12:30:10.536Z
2026-08-31,US4581401001,Intel Corp,77.065,EUR,2026-08-31T20:59:54.000Z,CONSOLIDATED,2026-09-22T12:30:10.536Z
2026-09-01,US4581401001,Intel Corp,76.805,EUR,2026-09-01T20:59:55.000Z,CONSOLIDATED,2026-09-22T12:30:10.536Z
2026-09-02,US4581401001,Intel Corp,77.505,EUR,2026-09-02T20:59:32.000Z,CONSOLIDATED,2026-09-22T12:30:10.536Z
2026-09-03,US4581401001,Intel Corp,78.64,EUR,2026-09-03T20:59:57.000Z,CONSOLIDATED,2026-09-22T12:30:10.536Z
2026-09-04,US4581401001,Intel Corp,82.305,EUR,2026-09-04T20:59:55.000Z,CONSOLIDATED,2026-09-22T12:30:10.536Z
2026-09-07,US4581401001,Intel Corp,83.6,EUR,2026-09-07T20:49:54.000Z,CONSOLIDATED,2026-09-22T12:30:10.536Z
2026-09-08,US4581401001,Intel Corp,89.72,EUR,2026-09-08T20:59:58.000Z,CONSOLIDATED,2026-09-22T12:30:10.536Z
2026-09-09,US4581401001,Intel Corp,91.2,EUR,2026-09-09T20:59:44.000Z,CONSOLIDATED,2026-09-22T12:30:10.536Z
2026-09-10,US4581401001,Intel Corp,86.385,EUR,2026-09-10T20:59:44.000Z,CONSOLIDATED,2026-09-22T12:30:10.536Z
2026-09-11,US4581401001,Intel Corp,88.845,EUR,2026-09-11T20:59:43.000Z,CONSOLIDATED,2026-09-22T12:30:10.536Z
2026-09-14,US4581401001,Intel Corp,84.55,EUR,2026-09-14T20:59:53.000Z,CONSOLIDATED,2026-09-22T12:30:10.536Z
2026-09-15,US4581401001,Intel Corp,84.17,EUR,2026-09-15T20:59:55.000Z,CONSOLIDATED,2026-09-22T12:30:10.536Z
2026-09-16,US4581401001,Intel Corp,88.315,EUR,2026-09-16T20:59:53.000Z,CONSOLIDATED,2026-09-22T12:30:10.536Z
2026-09-17,US4581401001,Intel Corp,95.155,EUR,2026-09-17T20:59:56.000Z,CONSOLIDATED,2026-09-22T12:30:10.536Z
2026-09-18,US4581401001,Intel Corp,94.71,EUR,2026-09-18T20:59:35.000Z,CONSOLIDATED,2026-09-22T12:30:10.536Z
2026-09-21,US4581401001,Intel Corp,106.22,EUR,2026-09-21T20:59:56.000Z,CONSOLIDATED,2026-09-22T12:30:10.536Z
2026-01-02,IE00B3YCGJ38,Invesco S&P 500 (Acc),11.669,EUR,2026-01-02T21:59:30.000Z,CONSOLIDATED,2026-09-22T12:30:10.536Z
2026-01-05,IE00B3YCGJ38,Invesco S&P 500 (Acc),11.744,EUR,2026-01-05T21:43:44.000Z,CONSOLIDATED,2026-09-22T12:30:10.536Z
2026-01-06,IE00B3YCGJ38,Invesco S&P 500 (Acc),11.8548,EUR,2026-01-06T21:51:42.000Z,CONSOLIDATED,2026-09-22T12:30:10.536Z
2026-01-07,IE00B3YCGJ38,Invesco S&P 500 (Acc),11.8282,EUR,2026-01-07T21:53:32.000Z,CONSOLIDATED,2026-09-22T12:30:10.536Z
2026-01-08,IE00B3YCGJ38,Invesco S&P 500 (Acc),11.8602,EUR,2026-01-08T21:58:16.000Z,CONSOLIDATED,2026-09-22T12:30:10.536Z
2026-01-09,IE00B3YCGJ38,Invesco S&P 500 (Acc),11.9285,EUR,2026-01-09T21:58:54.000Z,CONSOLIDATED,2026-09-22T12:30:10.536Z
2026-01-12,IE00B3YCGJ38,Invesco S&P 500 (Acc),11.923,EUR,2026-01-12T21:56:46.000Z,CONSOLIDATED,2026-09-22T12:30:10.536Z
2026-01-13,IE00B3YCGJ38,Invesco S&P 500 (Acc),11.9235,EUR,2026-01-13T21:44:58.000Z,CONSOLIDATED,2026-09-22T12:30:10.536Z
2026-01-14,IE00B3YCGJ38,Invesco S&P 500 (Acc),11.86,EUR,2026-01-14T21:59:38.000Z,CONSOLIDATED,2026-09-22T12:30:10.536Z
2026-01-15,IE00B3YCGJ38,Invesco S&P 500 (Acc),11.938,EUR,2026-01-15T21:59:30.000Z,CONSOLIDATED,2026-09-22T12:30:10.536Z
2026-01-16,IE00B3YCGJ38,Invesco S&P 500 (Acc),11.9402,EUR,2026-01-16T21:50:01.000Z,CONSOLIDATED,2026-09-22T12:30:10.536Z
2026-01-19,IE00B3YCGJ38,Invesco S&P 500 (Acc),11.7792,EUR,2026-01-19T21:35:38.000Z,CONSOLIDATED,2026-09-22T12:30:10.536Z
2026-01-20,IE00B3YCGJ38,Invesco S&P 500 (Acc),11.5748,EUR,2026-01-20T21:58:09.000Z,CONSOLIDATED,2026-09-22T12:30:10.536Z
2026-01-21,IE00B3YCGJ38,Invesco S&P 500 (Acc),11.7462,EUR,2026-01-21T21:36:20.000Z,CONSOLIDATED,2026-09-22T12:30:10.536Z
2026-01-22,IE00B3YCGJ38,Invesco S&P 500 (Acc),11.7252,EUR,2026-01-22T21:59:48.000Z,CONSOLIDATED,2026-09-22T12:30:10.536Z
2026-01-23,IE00B3YCGJ38,Invesco S&P 500 (Acc),11.6488,EUR,2026-01-23T21:56:57.000Z,CONSOLIDATED,2026-09-22T12:30:10.536Z
2026-01-26,IE00B3YCGJ38,Invesco S&P 500 (Acc),11.669,EUR,2026-01-26T21:59:13.000Z,CONSOLIDATED,2026-09-22T12:30:10.536Z
2026-01-27,IE00B3YCGJ38,Invesco S&P 500 (Acc),11.57,EUR,2026-01-27T21:58:39.000Z,CONSOLIDATED,2026-09-22T12:30:10.536Z
2026-01-28,IE00B3YCGJ38,Invesco S&P 500 (Acc),11.6645,EUR,2026-01-28T21:56:01.000Z,CONSOLIDATED,2026-09-22T12:30:10.536Z
2026-01-29,IE00B3YCGJ38,Invesco S&P 500 (Acc),11.6102,EUR,2026-01-29T21:57:24.000Z,CONSOLIDATED,2026-09-22T12:30:10.536Z
2026-01-30,IE00B3YCGJ38,Invesco S&P 500 (Acc),11.6782,EUR,2026-01-30T21:59:27.000Z,CONSOLIDATED,2026-09-22T12:30:10.536Z
2026-02-02,IE00B3YCGJ38,Invesco S&P 500 (Acc),11.8122,EUR,2026-02-02T21:56:53.000Z,CONSOLIDATED,2026-09-22T12:30:10.536Z
2026-02-03,IE00B3YCGJ38,Invesco S&P 500 (Acc),11.6742,EUR,2026-02-03T21:58:41.000Z,CONSOLIDATED,2026-09-22T12:30:10.536Z
2026-02-04,IE00B3YCGJ38,Invesco S&P 500 (Acc),11.672,EUR,2026-02-04T21:59:36.000Z,CONSOLIDATED,2026-09-22T12:30:10.536Z
2026-02-05,IE00B3YCGJ38,Invesco S&P 500 (Acc),11.4738,EUR,2026-02-05T21:59:42.000Z,CONSOLIDATED,2026-09-22T12:30:10.536Z
2026-02-06,IE00B3YCGJ38,Invesco S&P 500 (Acc),11.6925,EUR,2026-02-06T21:59:57.000Z,CONSOLIDATED,2026-09-22T12:30:10.536Z
2026-02-09,IE00B3YCGJ38,Invesco S&P 500 (Acc),11.6642,EUR,2026-02-09T21:59:36.000Z,CONSOLIDATED,2026-09-22T12:30:10.536Z
2026-02-10,IE00B3YCGJ38,Invesco S&P 500 (Acc),11.6575,EUR,2026-02-10T21:59:00.000Z,CONSOLIDATED,2026-09-22T12:30:10.536Z
2026-02-11,IE00B3YCGJ38,Invesco S&P 500 (Acc),11.6732,EUR,2026-02-11T21:59:17.000Z,CONSOLIDATED,2026-09-22T12:30:10.536Z
2026-02-12,IE00B3YCGJ38,Invesco S&P 500 (Acc),11.5032,EUR,2026-02-12T21:59:28.000Z,CONSOLIDATED,2026-09-22T12:30:10.536Z
2026-02-13,IE00B3YCGJ38,Invesco S&P 500 (Acc),11.4875,EUR,2026-02-13T21:59:49.000Z,CONSOLIDATED,2026-09-22T12:30:10.536Z
2026-02-16,IE00B3YCGJ38,Invesco S&P 500 (Acc),11.5198,EUR,2026-02-16T21:38:12.000Z,CONSOLIDATED,2026-09-22T12:30:10.536Z
2026-02-17,IE00B3YCGJ38,Invesco S&P 500 (Acc),11.532,EUR,2026-02-17T21:59:40.000Z,CONSOLIDATED,2026-09-22T12:30:10.536Z
2026-02-18,IE00B3YCGJ38,Invesco S&P 500 (Acc),11.6522,EUR,2026-02-18T21:59:50.000Z,CONSOLIDATED,2026-09-22T12:30:10.536Z
2026-02-19,IE00B3YCGJ38,Invesco S&P 500 (Acc),11.636,EUR,2026-02-19T21:59:47.000Z,CONSOLIDATED,2026-09-22T12:30:10.536Z
2026-02-20,IE00B3YCGJ38,Invesco S&P 500 (Acc),11.7072,EUR,2026-02-20T21:58:14.000Z,CONSOLIDATED,2026-09-22T12:30:10.536Z
2026-02-23,IE00B3YCGJ38,Invesco S&P 500 (Acc),11.5902,EUR,2026-02-23T21:54:55.000Z,CONSOLIDATED,2026-09-22T12:30:10.536Z
2026-02-24,IE00B3YCGJ38,Invesco S&P 500 (Acc),11.6832,EUR,2026-02-24T21:59:46.000Z,CONSOLIDATED,2026-09-22T12:30:10.536Z
2026-02-25,IE00B3YCGJ38,Invesco S&P 500 (Acc),11.7718,EUR,2026-02-25T21:54:44.000Z,CONSOLIDATED,2026-09-22T12:30:10.536Z
2026-02-26,IE00B3YCGJ38,Invesco S&P 500 (Acc),11.678,EUR,2026-02-26T21:58:11.000Z,CONSOLIDATED,2026-09-22T12:30:10.536Z
2026-02-27,IE00B3YCGJ38,Invesco S&P 500 (Acc),11.6185,EUR,2026-02-27T21:59:46.000Z,CONSOLIDATED,2026-09-22T12:30:10.536Z
2026-03-02,IE00B3YCGJ38,Invesco S&P 500 (Acc),11.7485,EUR,2026-03-02T21:59:45.000Z,CONSOLIDATED,2026-09-22T12:30:10.536Z
2026-03-03,IE00B3YCGJ38,Invesco S&P 500 (Acc),11.7118,EUR,2026-03-03T21:57:49.000Z,CONSOLIDATED,2026-09-22T12:30:10.536Z
2026-03-04,IE00B3YCGJ38,Invesco S&P 500 (Acc),11.7882,EUR,2026-03-04T21:59:44.000Z,CONSOLIDATED,2026-09-22T12:30:10.536Z
2026-03-05,IE00B3YCGJ38,Invesco S&P 500 (Acc),11.7422,EUR,2026-03-05T21:57:14.000Z,CONSOLIDATED,2026-09-22T12:30:10.536Z
2026-03-06,IE00B3YCGJ38,Invesco S&P 500 (Acc),11.588,EUR,2026-03-06T21:59:34.000Z,CONSOLIDATED,2026-09-22T12:30:10.536Z
2026-03-09,IE00B3YCGJ38,Invesco S&P 500 (Acc),11.6545,EUR,2026-03-09T21:59:59.000Z,CONSOLIDATED,2026-09-22T12:30:10.536Z
2026-03-10,IE00B3YCGJ38,Invesco S&P 500 (Acc),11.687,EUR,2026-03-10T21:59:58.000Z,CONSOLIDATED,2026-09-22T12:30:10.536Z
2026-03-11,IE00B3YCGJ38,Invesco S&P 500 (Acc),11.6805,EUR,2026-03-11T21:59:34.000Z,CONSOLIDATED,2026-09-22T12:30:10.536Z
2026-03-12,IE00B3YCGJ38,Invesco S&P 500 (Acc),11.598,EUR,2026-03-12T21:34:07.000Z,CONSOLIDATED,2026-09-22T12:30:10.536Z
2026-03-13,IE00B3YCGJ38,Invesco S&P 500 (Acc),11.5928,EUR,2026-03-13T21:39:16.000Z,CONSOLIDATED,2026-09-22T12:30:10.536Z
2026-03-16,IE00B3YCGJ38,Invesco S&P 500 (Acc),11.6315,EUR,2026-03-16T21:59:39.000Z,CONSOLIDATED,2026-09-22T12:30:10.536Z
2026-03-17,IE00B3YCGJ38,Invesco S&P 500 (Acc),11.642,EUR,2026-03-17T21:46:30.000Z,CONSOLIDATED,2026-09-22T12:30:10.536Z
2026-03-18,IE00B3YCGJ38,Invesco S&P 500 (Acc),11.5312,EUR,2026-03-18T21:59:22.000Z,CONSOLIDATED,2026-09-22T12:30:10.536Z
2026-03-19,IE00B3YCGJ38,Invesco S&P 500 (Acc),11.4198,EUR,2026-03-19T21:59:24.000Z,CONSOLIDATED,2026-09-22T12:30:10.536Z
2026-03-20,IE00B3YCGJ38,Invesco S&P 500 (Acc),11.2955,EUR,2026-03-20T21:58:16.000Z,CONSOLIDATED,2026-09-22T12:30:10.536Z
2026-03-23,IE00B3YCGJ38,Invesco S&P 500 (Acc),11.3298,EUR,2026-03-23T21:51:43.000Z,CONSOLIDATED,2026-09-22T12:30:10.536Z
2026-03-24,IE00B3YCGJ38,Invesco S&P 500 (Acc),11.363,EUR,2026-03-24T21:59:50.000Z,CONSOLIDATED,2026-09-22T12:30:10.536Z
2026-03-25,IE00B3YCGJ38,Invesco S&P 500 (Acc),11.4032,EUR,2026-03-25T21:11:36.000Z,CONSOLIDATED,2026-09-22T12:30:10.536Z
2026-03-26,IE00B3YCGJ38,Invesco S&P 500 (Acc),11.249,EUR,2026-03-26T21:59:56.000Z,CONSOLIDATED,2026-09-22T12:30:10.536Z
2026-03-27,IE00B3YCGJ38,Invesco S&P 500 (Acc),11.038,EUR,2026-03-27T21:45:01.000Z,CONSOLIDATED,2026-09-22T12:30:10.536Z
2026-03-30,IE00B3YCGJ38,Invesco S&P 500 (Acc),11.061,EUR,2026-03-30T20:59:41.000Z,CONSOLIDATED,2026-09-22T12:30:10.536Z
2026-03-31,IE00B3YCGJ38,Invesco S&P 500 (Acc),11.2892,EUR,2026-03-31T20:59:28.000Z,CONSOLIDATED,2026-09-22T12:30:10.536Z
2026-04-01,IE00B3YCGJ38,Invesco S&P 500 (Acc),11.3462,EUR,2026-04-01T20:59:16.000Z,CONSOLIDATED,2026-09-22T12:30:10.536Z
2026-04-02,IE00B3YCGJ38,Invesco S&P 500 (Acc),11.4108,EUR,2026-04-02T20:32:06.000Z,CONSOLIDATED,2026-09-22T12:30:10.536Z
2026-04-07,IE00B3YCGJ38,Invesco S&P 500 (Acc),11.4225,EUR,2026-04-07T20:59:38.000Z,CONSOLIDATED,2026-09-22T12:30:10.536Z
2026-04-08,IE00B3YCGJ38,Invesco S&P 500 (Acc),11.6195,EUR,2026-04-08T20:59:10.000Z,CONSOLIDATED,2026-09-22T12:30:10.536Z
2026-04-09,IE00B3YCGJ38,Invesco S&P 500 (Acc),11.6602,EUR,2026-04-09T20:59:50.000Z,CONSOLIDATED,2026-09-22T12:30:10.536Z
2026-04-10,IE00B3YCGJ38,Invesco S&P 500 (Acc),11.6418,EUR,2026-04-10T20:59:56.000Z,CONSOLIDATED,2026-09-22T12:30:10.536Z
2026-04-13,IE00B3YCGJ38,Invesco S&P 500 (Acc),11.7178,EUR,2026-04-13T20:57:26.000Z,CONSOLIDATED,2026-09-22T12:30:10.536Z
2026-04-14,IE00B3YCGJ38,Invesco S&P 500 (Acc),11.8148,EUR,2026-04-14T20:53:12.000Z,CONSOLIDATED,2026-09-22T12:30:10.536Z
2026-04-15,IE00B3YCGJ38,Invesco S&P 500 (Acc),11.9,EUR,2026-04-15T20:59:15.000Z,CONSOLIDATED,2026-09-22T12:30:10.536Z
2026-04-16,IE00B3YCGJ38,Invesco S&P 500 (Acc),11.9562,EUR,2026-04-16T20:59:11.000Z,CONSOLIDATED,2026-09-22T12:30:10.536Z
2026-04-17,IE00B3YCGJ38,Invesco S&P 500 (Acc),12.118,EUR,2026-04-17T20:59:55.000Z,CONSOLIDATED,2026-09-22T12:30:10.536Z
2026-04-20,IE00B3YCGJ38,Invesco S&P 500 (Acc),12.0752,EUR,2026-04-20T20:59:51.000Z,CONSOLIDATED,2026-09-22T12:30:10.536Z
2026-04-21,IE00B3YCGJ38,Invesco S&P 500 (Acc),12.0562,EUR,2026-04-21T20:59:50.000Z,CONSOLIDATED,2026-09-22T12:30:10.536Z
2026-04-22,IE00B3YCGJ38,Invesco S&P 500 (Acc),12.1858,EUR,2026-04-22T20:59:07.000Z,CONSOLIDATED,2026-09-22T12:30:10.536Z
2026-04-23,IE00B3YCGJ38,Invesco S&P 500 (Acc),12.1642,EUR,2026-04-23T20:59:56.000Z,CONSOLIDATED,2026-09-22T12:30:10.536Z
2026-04-24,IE00B3YCGJ38,Invesco S&P 500 (Acc),12.2262,EUR,2026-04-24T20:58:43.000Z,CONSOLIDATED,2026-09-22T12:30:10.536Z
2026-04-27,IE00B3YCGJ38,Invesco S&P 500 (Acc),12.238,EUR,2026-04-27T20:58:44.000Z,CONSOLIDATED,2026-09-22T12:30:10.536Z
2026-04-28,IE00B3YCGJ38,Invesco S&P 500 (Acc),12.199,EUR,2026-04-28T20:59:58.000Z,CONSOLIDATED,2026-09-22T12:30:10.536Z
2026-04-29,IE00B3YCGJ38,Invesco S&P 500 (Acc),12.1932,EUR,2026-04-29T20:59:52.000Z,CONSOLIDATED,2026-09-22T12:30:10.536Z
2026-04-30,IE00B3YCGJ38,Invesco S&P 500 (Acc),12.3022,EUR,2026-04-30T20:59:56.000Z,CONSOLIDATED,2026-09-22T12:30:10.536Z
2026-05-04,IE00B3YCGJ38,Invesco S&P 500 (Acc),12.3148,EUR,2026-05-04T20:55:30.000Z,CONSOLIDATED,2026-09-22T12:30:10.536Z
2026-05-05,IE00B3YCGJ38,Invesco S&P 500 (Acc),12.4352,EUR,2026-05-05T20:59:40.000Z,CONSOLIDATED,2026-09-22T12:30:10.536Z
2026-05-06,IE00B3YCGJ38,Invesco S&P 500 (Acc),12.539,EUR,2026-05-06T20:59:54.000Z,CONSOLIDATED,2026-09-22T12:30:10.536Z
2026-05-07,IE00B3YCGJ38,Invesco S&P 500 (Acc),12.4965,EUR,2026-05-07T20:59:48.000Z,CONSOLIDATED,2026-09-22T12:30:10.536Z
2026-05-08,IE00B3YCGJ38,Invesco S&P 500 (Acc),12.5638,EUR,2026-05-08T20:59:38.000Z,CONSOLIDATED,2026-09-22T12:30:10.536Z
2026-05-11,IE00B3YCGJ38,Invesco S&P 500 (Acc),12.595,EUR,2026-05-11T20:59:08.000Z,CONSOLIDATED,2026-09-22T12:30:10.536Z
2026-05-12,IE00B3YCGJ38,Invesco S&P 500 (Acc),12.6042,EUR,2026-05-12T20:57:24.000Z,CONSOLIDATED,2026-09-22T12:30:10.536Z
2026-05-13,IE00B3YCGJ38,Invesco S&P 500 (Acc),12.7315,EUR,2026-05-13T20:53:41.000Z,CONSOLIDATED,2026-09-22T12:30:10.536Z
2026-05-14,IE00B3YCGJ38,Invesco S&P 500 (Acc),12.8718,EUR,2026-05-14T20:59:45.000Z,CONSOLIDATED,2026-09-22T12:30:10.536Z
2026-05-15,IE00B3YCGJ38,Invesco S&P 500 (Acc),12.7465,EUR,2026-05-15T20:59:29.000Z,CONSOLIDATED,2026-09-22T12:30:10.536Z
2026-05-18,IE00B3YCGJ38,Invesco S&P 500 (Acc),12.7085,EUR,2026-05-18T20:59:59.000Z,CONSOLIDATED,2026-09-22T12:30:10.536Z
2026-05-19,IE00B3YCGJ38,Invesco S&P 500 (Acc),12.68,EUR,2026-05-19T20:59:43.000Z,CONSOLIDATED,2026-09-22T12:30:10.536Z
2026-05-20,IE00B3YCGJ38,Invesco S&P 500 (Acc),12.7828,EUR,2026-05-20T20:59:54.000Z,CONSOLIDATED,2026-09-22T12:30:10.536Z
2026-05-21,IE00B3YCGJ38,Invesco S&P 500 (Acc),12.8378,EUR,2026-05-21T20:59:53.000Z,CONSOLIDATED,2026-09-22T12:30:10.536Z
2026-05-22,IE00B3YCGJ38,Invesco S&P 500 (Acc),12.8872,EUR,2026-05-22T20:59:43.000Z,CONSOLIDATED,2026-09-22T12:30:10.536Z
2026-05-25,IE00B3YCGJ38,Invesco S&P 500 (Acc),12.9695,EUR,2026-05-25T20:03:34.000Z,CONSOLIDATED,2026-09-22T12:30:10.536Z
2026-05-26,IE00B3YCGJ38,Invesco S&P 500 (Acc),12.9475,EUR,2026-05-26T20:59:22.000Z,CONSOLIDATED,2026-09-22T12:30:10.536Z
2026-05-27,IE00B3YCGJ38,Invesco S&P 500 (Acc),12.984,EUR,2026-05-27T20:59:42.000Z,CONSOLIDATED,2026-09-22T12:30:10.536Z
2026-05-28,IE00B3YCGJ38,Invesco S&P 500 (Acc),13.0172,EUR,2026-05-28T20:57:48.000Z,CONSOLIDATED,2026-09-22T12:30:10.536Z
2026-05-29,IE00B3YCGJ38,Invesco S&P 500 (Acc),13.0088,EUR,2026-05-29T20:59:58.000Z,CONSOLIDATED,2026-09-22T12:30:10.536Z
2026-06-01,IE00B3YCGJ38,Invesco S&P 500 (Acc),13.081,EUR,2026-06-01T20:59:33.000Z,CONSOLIDATED,2026-09-22T12:30:10.536Z
2026-06-02,IE00B3YCGJ38,Invesco S&P 500 (Acc),13.1142,EUR,2026-06-02T20:57:52.000Z,CONSOLIDATED,2026-09-22T12:30:10.536Z
2026-06-03,IE00B3YCGJ38,Invesco S&P 500 (Acc),13.0155,EUR,2026-06-03T20:59:33.000Z,CONSOLIDATED,2026-09-22T12:30:10.536Z
2026-06-04,IE00B3YCGJ38,Invesco S&P 500 (Acc),13.077,EUR,2026-06-04T20:59:57.000Z,CONSOLIDATED,2026-09-22T12:30:10.536Z
2026-06-05,IE00B3YCGJ38,Invesco S&P 500 (Acc),12.795,EUR,2026-06-05T20:59:56.000Z,CONSOLIDATED,2026-09-22T12:30:10.536Z
2026-06-08,IE00B3YCGJ38,Invesco S&P 500 (Acc),12.8562,EUR,2026-06-08T20:59:18.000Z,CONSOLIDATED,2026-09-22T12:30:10.536Z
2026-06-09,IE00B3YCGJ38,Invesco S&P 500 (Acc),12.8228,EUR,2026-06-09T20:59:40.000Z,CONSOLIDATED,2026-09-22T12:30:10.536Z
2026-06-10,IE00B3YCGJ38,Invesco S&P 500 (Acc),12.6048,EUR,2026-06-10T20:59:57.000Z,CONSOLIDATED,2026-09-22T12:30:10.536Z
2026-06-11,IE00B3YCGJ38,Invesco S&P 500 (Acc),12.7972,EUR,2026-06-11T20:57:59.000Z,CONSOLIDATED,2026-09-22T12:30:10.536Z
2026-06-12,IE00B3YCGJ38,Invesco S&P 500 (Acc),12.8718,EUR,2026-06-12T20:59:43.000Z,CONSOLIDATED,2026-09-22T12:30:10.536Z
2026-06-15,IE00B3YCGJ38,Invesco S&P 500 (Acc),13.0612,EUR,2026-06-15T20:59:33.000Z,CONSOLIDATED,2026-09-22T12:30:10.536Z
2026-06-16,IE00B3YCGJ38,Invesco S&P 500 (Acc),12.973,EUR,2026-06-16T20:59:42.000Z,CONSOLIDATED,2026-09-22T12:30:10.536Z
2026-06-17,IE00B3YCGJ38,Invesco S&P 500 (Acc),12.9782,EUR,2026-06-17T20:59:58.000Z,CONSOLIDATED,2026-09-22T12:30:10.536Z
2026-06-18,IE00B3YCGJ38,Invesco S&P 500 (Acc),13.1208,EUR,2026-06-18T20:59:58.000Z,CONSOLIDATED,2026-09-22T12:30:10.536Z
2026-06-19,IE00B3YCGJ38,Invesco S&P 500 (Acc),13.0912,EUR,2026-06-19T20:59:30.000Z,CONSOLIDATED,2026-09-22T12:30:10.536Z
2026-06-22,IE00B3YCGJ38,Invesco S&P 500 (Acc),13.1172,EUR,2026-06-22T20:03:45.000Z,CONSOLIDATED,2026-09-22T12:30:10.536Z
2026-06-23,IE00B3YCGJ38,Invesco S&P 500 (Acc),12.9978,EUR,2026-06-23T20:29:32.000Z,CONSOLIDATED,2026-09-22T12:30:10.536Z
2026-06-24,IE00B3YCGJ38,Invesco S&P 500 (Acc),13.0158,EUR,2026-06-24T20:58:22.000Z,CONSOLIDATED,2026-09-22T12:30:10.536Z
2026-06-25,IE00B3YCGJ38,Invesco S&P 500 (Acc),12.987,EUR,2026-06-25T20:59:57.000Z,CONSOLIDATED,2026-09-22T12:30:10.536Z
2026-06-26,IE00B3YCGJ38,Invesco S&P 500 (Acc),12.9468,EUR,2026-06-26T20:59:42.000Z,CONSOLIDATED,2026-09-22T12:30:10.536Z
2026-06-29,IE00B3YCGJ38,Invesco S&P 500 (Acc),13.0518,EUR,2026-06-29T20:24:32.000Z,CONSOLIDATED,2026-09-22T12:30:10.536Z
2026-06-30,IE00B3YCGJ38,Invesco S&P 500 (Acc),13.1508,EUR,2026-06-30T20:57:40.000Z,CONSOLIDATED,2026-09-22T12:30:10.536Z
2026-07-01,IE00B3YCGJ38,Invesco S&P 500 (Acc),13.1765,EUR,2026-07-01T20:59:42.000Z,CONSOLIDATED,2026-09-22T12:30:10.536Z
2026-07-02,IE00B3YCGJ38,Invesco S&P 500 (Acc),13.1092,EUR,2026-07-02T20:59:56.000Z,CONSOLIDATED,2026-09-22T12:30:10.536Z
2026-07-03,IE00B3YCGJ38,Invesco S&P 500 (Acc),13.1545,EUR,2026-07-03T20:03:36.000Z,CONSOLIDATED,2026-09-22T12:30:10.536Z
2026-07-06,IE00B3YCGJ38,Invesco S&P 500 (Acc),13.2102,EUR,2026-07-06T20:59:02.000Z,CONSOLIDATED,2026-09-22T12:30:10.536Z
2026-07-07,IE00B3YCGJ38,Invesco S&P 500 (Acc),13.1738,EUR,2026-07-07T20:59:54.000Z,CONSOLIDATED,2026-09-22T12:30:10.536Z
2026-07-08,IE00B3YCGJ38,Invesco S&P 500 (Acc),13.1062,EUR,2026-07-08T20:59:58.000Z,CONSOLIDATED,2026-09-22T12:30:10.536Z
2026-07-09,IE00B3YCGJ38,Invesco S&P 500 (Acc),13.2392,EUR,2026-07-09T20:59:30.000Z,CONSOLIDATED,2026-09-22T12:30:10.536Z
2026-07-10,IE00B3YCGJ38,Invesco S&P 500 (Acc),13.3172,EUR,2026-07-10T20:59:53.000Z,CONSOLIDATED,2026-09-22T12:30:10.536Z
2026-07-13,IE00B3YCGJ38,Invesco S&P 500 (Acc),13.2298,EUR,2026-07-13T20:59:40.000Z,CONSOLIDATED,2026-09-22T12:30:10.536Z
2026-07-14,IE00B3YCGJ38,Invesco S&P 500 (Acc),13.2518,EUR,2026-07-14T20:57:30.000Z,CONSOLIDATED,2026-09-22T12:30:10.536Z
2026-07-15,IE00B3YCGJ38,Invesco S&P 500 (Acc),13.2495,EUR,2026-07-15T20:59:41.000Z,CONSOLIDATED,2026-09-22T12:30:10.536Z
2026-07-16,IE00B3YCGJ38,Invesco S&P 500 (Acc),13.1972,EUR,2026-07-16T20:59:32.000Z,CONSOLIDATED,2026-09-22T12:30:10.536Z
2026-07-17,IE00B3YCGJ38,Invesco S&P 500 (Acc),13.0718,EUR,2026-07-17T20:59:54.000Z,CONSOLIDATED,2026-09-22T12:30:10.536Z
2026-07-20,IE00B3YCGJ38,Invesco S&P 500 (Acc),13.0788,EUR,2026-07-20T20:56:38.000Z,CONSOLIDATED,2026-09-22T12:30:10.536Z
2026-07-21,IE00B3YCGJ38,Invesco S&P 500 (Acc),13.2012,EUR,2026-07-21T20:59:55.000Z,CONSOLIDATED,2026-09-22T12:30:10.536Z
2026-07-22,IE00B3YCGJ38,Invesco S&P 500 (Acc),13.1872,EUR,2026-07-22T20:59:33.000Z,CONSOLIDATED,2026-09-22T12:30:10.536Z
2026-07-23,IE00B3YCGJ38,Invesco S&P 500 (Acc),13.0875,EUR,2026-07-23T20:59:56.000Z,CONSOLIDATED,2026-09-22T12:30:10.536Z
2026-07-24,IE00B3YCGJ38,Invesco S&P 500 (Acc),13.0725,EUR,2026-07-24T20:59:53.000Z,CONSOLIDATED,2026-09-22T12:30:10.536Z
2026-07-27,IE00B3YCGJ38,Invesco S&P 500 (Acc),13.0868,EUR,2026-07-27T20:59:41.000Z,CONSOLIDATED,2026-09-22T12:30:10.536Z
2026-07-28,IE00B3YCGJ38,Invesco S&P 500 (Acc),13.0922,EUR,2026-07-28T20:59:29.000Z,CONSOLIDATED,2026-09-22T12:30:10.536Z
2026-07-29,IE00B3YCGJ38,Invesco S&P 500 (Acc),12.804,EUR,2026-07-29T20:59:58.000Z,CONSOLIDATED,2026-09-22T12:30:10.536Z
2026-07-30,IE00B3YCGJ38,Invesco S&P 500 (Acc),12.9512,EUR,2026-07-30T20:59:40.000Z,CONSOLIDATED,2026-09-22T12:30:10.536Z
2026-07-31,IE00B3YCGJ38,Invesco S&P 500 (Acc),12.9982,EUR,2026-07-31T20:59:56.000Z,CONSOLIDATED,2026-09-22T12:30:10.536Z
2026-08-03,IE00B3YCGJ38,Invesco S&P 500 (Acc),13.248,EUR,2026-08-03T20:59:46.000Z,CONSOLIDATED,2026-09-22T12:30:10.536Z
2026-08-04,IE00B3YCGJ38,Invesco S&P 500 (Acc),13.4808,EUR,2026-08-04T20:59:53.000Z,CONSOLIDATED,2026-09-22T12:30:10.536Z
2026-08-05,IE00B3YCGJ38,Invesco S&P 500 (Acc),13.4272,EUR,2026-08-05T20:59:54.000Z,CONSOLIDATED,2026-09-22T12:30:10.536Z
2026-08-06,IE00B3YCGJ38,Invesco S&P 500 (Acc),13.4252,EUR,2026-08-06T20:59:20.000Z,CONSOLIDATED,2026-09-22T12:30:10.536Z
2026-08-07,IE00B3YCGJ38,Invesco S&P 500 (Acc),13.4528,EUR,2026-08-07T20:59:33.000Z,CONSOLIDATED,2026-09-22T12:30:10.536Z
2026-08-10,IE00B3YCGJ38,Invesco S&P 500 (Acc),13.4785,EUR,2026-08-10T20:58:29.000Z,CONSOLIDATED,2026-09-22T12:30:10.536Z
2026-08-11,IE00B3YCGJ38,Invesco S&P 500 (Acc),13.4388,EUR,2026-08-11T20:59:12.000Z,CONSOLIDATED,2026-09-22T12:30:10.536Z
2026-08-12,IE00B3YCGJ38,Invesco S&P 500 (Acc),13.4865,EUR,2026-08-12T20:57:52.000Z,CONSOLIDATED,2026-09-22T12:30:10.536Z
2026-08-13,IE00B3YCGJ38,Invesco S&P 500 (Acc),13.586,EUR,2026-08-13T20:58:31.000Z,CONSOLIDATED,2026-09-22T12:30:10.536Z
2026-08-14,IE00B3YCGJ38,Invesco S&P 500 (Acc),13.5022,EUR,2026-08-14T20:59:57.000Z,CONSOLIDATED,2026-09-22T12:30:10.536Z
2026-08-17,IE00B3YCGJ38,Invesco S&P 500 (Acc),13.4245,EUR,2026-08-17T20:59:21.000Z,CONSOLIDATED,2026-09-22T12:30:10.536Z
2026-08-18,IE00B3YCGJ38,Invesco S&P 500 (Acc),13.3368,EUR,2026-08-18T20:56:16.000Z,CONSOLIDATED,2026-09-22T12:30:10.536Z
2026-08-19,IE00B3YCGJ38,Invesco S&P 500 (Acc),13.2582,EUR,2026-08-19T20:59:51.000Z,CONSOLIDATED,2026-09-22T12:30:10.536Z
2026-08-20,IE00B3YCGJ38,Invesco S&P 500 (Acc),13.1538,EUR,2026-08-20T20:59:56.000Z,CONSOLIDATED,2026-09-22T12:30:10.536Z
2026-08-21,IE00B3YCGJ38,Invesco S&P 500 (Acc),13.1842,EUR,2026-08-21T20:56:49.000Z,CONSOLIDATED,2026-09-22T12:30:10.536Z
2026-08-24,IE00B3YCGJ38,Invesco S&P 500 (Acc),13.181,EUR,2026-08-24T20:59:51.000Z,CONSOLIDATED,2026-09-22T12:30:10.536Z
2026-08-25,IE00B3YCGJ38,Invesco S&P 500 (Acc),13.203,EUR,2026-08-25T20:59:09.000Z,CONSOLIDATED,2026-09-22T12:30:10.536Z
2026-08-26,IE00B3YCGJ38,Invesco S&P 500 (Acc),13.2568,EUR,2026-08-26T20:58:37.000Z,CONSOLIDATED,2026-09-22T12:30:10.536Z
2026-08-27,IE00B3YCGJ38,Invesco S&P 500 (Acc),13.3155,EUR,2026-08-27T20:59:58.000Z,CONSOLIDATED,2026-09-22T12:30:10.536Z
2026-08-28,IE00B3YCGJ38,Invesco S&P 500 (Acc),13.3665,EUR,2026-08-28T20:59:49.000Z,CONSOLIDATED,2026-09-22T12:30:10.536Z
2026-08-31,IE00B3YCGJ38,Invesco S&P 500 (Acc),13.2945,EUR,2026-08-31T20:58:31.000Z,CONSOLIDATED,2026-09-22T12:30:10.536Z
2026-09-01,IE00B3YCGJ38,Invesco S&P 500 (Acc),13.2302,EUR,2026-09-01T20:57:40.000Z,CONSOLIDATED,2026-09-22T12:30:10.536Z
2026-09-02,IE00B3YCGJ38,Invesco S&P 500 (Acc),13.2778,EUR,2026-09-02T20:59:20.000Z,CONSOLIDATED,2026-09-22T12:30:10.536Z
2026-09-03,IE00B3YCGJ38,Invesco S&P 500 (Acc),13.3695,EUR,2026-09-03T20:58:35.000Z,CONSOLIDATED,2026-09-22T12:30:10.536Z
2026-09-04,IE00B3YCGJ38,Invesco S&P 500 (Acc),13.3282,EUR,2026-09-04T20:59:54.000Z,CONSOLIDATED,2026-09-22T12:30:10.536Z
2026-09-07,IE00B3YCGJ38,Invesco S&P 500 (Acc),13.311,EUR,2026-09-07T20:03:24.000Z,CONSOLIDATED,2026-09-22T12:30:10.536Z
2026-09-08,IE00B3YCGJ38,Invesco S&P 500 (Acc),13.2565,EUR,2026-09-08T20:59:49.000Z,CONSOLIDATED,2026-09-22T12:30:10.536Z
2026-09-09,IE00B3YCGJ38,Invesco S&P 500 (Acc),13.2002,EUR,2026-09-09T20:59:42.000Z,CONSOLIDATED,2026-09-22T12:30:10.536Z
2026-09-10,IE00B3YCGJ38,Invesco S&P 500 (Acc),13.1448,EUR,2026-09-10T20:58:51.000Z,CONSOLIDATED,2026-09-22T12:30:10.536Z
2026-09-11,IE00B3YCGJ38,Invesco S&P 500 (Acc),13.266,EUR,2026-09-11T20:59:35.000Z,CONSOLIDATED,2026-09-22T12:30:10.536Z
2026-09-14,IE00B3YCGJ38,Invesco S&P 500 (Acc),13.2698,EUR,2026-09-14T20:59:47.000Z,CONSOLIDATED,2026-09-22T12:30:10.536Z
2026-09-15,IE00B3YCGJ38,Invesco S&P 500 (Acc),13.2182,EUR,2026-09-15T20:52:05.000Z,CONSOLIDATED,2026-09-22T12:30:10.536Z
2026-09-16,IE00B3YCGJ38,Invesco S&P 500 (Acc),13.224,EUR,2026-09-16T20:59:27.000Z,CONSOLIDATED,2026-09-22T12:30:10.536Z
2026-09-17,IE00B3YCGJ38,Invesco S&P 500 (Acc),13.3642,EUR,2026-09-17T20:59:40.000Z,CONSOLIDATED,2026-09-22T12:30:10.536Z
2026-09-18,IE00B3YCGJ38,Invesco S&P 500 (Acc),13.3958,EUR,2026-09-18T20:59:16.000Z,CONSOLIDATED,2026-09-22T12:30:10.536Z
2026-09-21,IE00B3YCGJ38,Invesco S&P 500 (Acc),13.6008,EUR,2026-09-21T20:59:56.000Z,CONSOLIDATED,2026-09-22T12:30:10.536Z
2026-01-02,US4824801009,KLA Corp,108.74,EUR,2026-01-02T21:46:47.000Z,CONSOLIDATED,2026-09-22T12:30:10.704Z
2026-01-05,US4824801009,KLA Corp,115.56,EUR,2026-01-05T21:49:01.000Z,CONSOLIDATED,2026-09-22T12:30:10.704Z
2026-01-06,US4824801009,KLA Corp,119.31,EUR,2026-01-06T21:50:16.000Z,CONSOLIDATED,2026-09-22T12:30:10.704Z
2026-01-07,US4824801009,KLA Corp,116.32,EUR,2026-01-07T21:56:02.000Z,CONSOLIDATED,2026-09-22T12:30:10.704Z
2026-01-08,US4824801009,KLA Corp,113.6,EUR,2026-01-08T21:59:57.000Z,CONSOLIDATED,2026-09-22T12:30:10.704Z
2026-01-09,US4824801009,KLA Corp,120.27,EUR,2026-01-09T21:58:51.000Z,CONSOLIDATED,2026-09-22T12:30:10.704Z
2026-01-12,US4824801009,KLA Corp,122.45,EUR,2026-01-12T21:57:16.000Z,CONSOLIDATED,2026-09-22T12:30:10.704Z
2026-01-13,US4824801009,KLA Corp,123.96,EUR,2026-01-13T21:45:19.000Z,CONSOLIDATED,2026-09-22T12:30:10.704Z
2026-01-14,US4824801009,KLA Corp,123.3,EUR,2026-01-14T21:54:57.000Z,CONSOLIDATED,2026-09-22T12:30:10.704Z
2026-01-15,US4824801009,KLA Corp,133.12,EUR,2026-01-15T21:59:25.000Z,CONSOLIDATED,2026-09-22T12:30:10.704Z
2026-01-16,US4824801009,KLA Corp,135.13,EUR,2026-01-16T21:55:40.000Z,CONSOLIDATED,2026-09-22T12:30:10.704Z
2026-01-19,US4824801009,KLA Corp,133.17,EUR,2026-01-19T21:01:13.000Z,CONSOLIDATED,2026-09-22T12:30:10.704Z
2026-01-20,US4824801009,KLA Corp,127.17,EUR,2026-01-20T21:51:38.000Z,CONSOLIDATED,2026-09-22T12:30:10.704Z
2026-01-21,US4824801009,KLA Corp,130.02,EUR,2026-01-21T21:59:34.000Z,CONSOLIDATED,2026-09-22T12:30:10.704Z
2026-01-22,US4824801009,KLA Corp,127.37,EUR,2026-01-22T21:59:43.000Z,CONSOLIDATED,2026-09-22T12:30:10.704Z
2026-01-23,US4824801009,KLA Corp,127.75,EUR,2026-01-23T21:58:51.000Z,CONSOLIDATED,2026-09-22T12:30:10.704Z
2026-01-26,US4824801009,KLA Corp,129.84,EUR,2026-01-26T21:57:49.000Z,CONSOLIDATED,2026-09-22T12:30:10.704Z
2026-01-27,US4824801009,KLA Corp,135.58,EUR,2026-01-27T21:59:39.000Z,CONSOLIDATED,2026-09-22T12:30:10.704Z
2026-01-28,US4824801009,KLA Corp,137.48,EUR,2026-01-28T21:59:57.000Z,CONSOLIDATED,2026-09-22T12:30:10.704Z
2026-01-29,US4824801009,KLA Corp,129.97,EUR,2026-01-29T21:59:52.000Z,CONSOLIDATED,2026-09-22T12:30:10.704Z
2026-01-30,US4824801009,KLA Corp,120.29,EUR,2026-01-30T21:59:57.000Z,CONSOLIDATED,2026-09-22T12:30:10.704Z
2026-02-02,US4824801009,KLA Corp,120.11,EUR,2026-02-02T21:59:36.000Z,CONSOLIDATED,2026-09-22T12:30:10.704Z
2026-02-03,US4824801009,KLA Corp,114.59,EUR,2026-02-03T21:58:18.000Z,CONSOLIDATED,2026-09-22T12:30:10.704Z
2026-02-04,US4824801009,KLA Corp,113.32,EUR,2026-02-04T21:59:53.000Z,CONSOLIDATED,2026-09-22T12:30:10.704Z
2026-02-05,US4824801009,KLA Corp,113.09,EUR,2026-02-05T21:59:35.000Z,CONSOLIDATED,2026-09-22T12:30:10.704Z
2026-02-06,US4824801009,KLA Corp,122.08,EUR,2026-02-06T21:59:21.000Z,CONSOLIDATED,2026-09-22T12:30:10.704Z
2026-02-09,US4824801009,KLA Corp,121,EUR,2026-02-09T21:59:58.000Z,CONSOLIDATED,2026-09-22T12:30:10.704Z
2026-02-10,US4824801009,KLA Corp,120.3,EUR,2026-02-10T21:59:36.000Z,CONSOLIDATED,2026-09-22T12:30:10.704Z
2026-02-11,US4824801009,KLA Corp,124.98,EUR,2026-02-11T21:59:18.000Z,CONSOLIDATED,2026-09-22T12:30:10.704Z
2026-02-12,US4824801009,KLA Corp,123.63,EUR,2026-02-12T21:59:19.000Z,CONSOLIDATED,2026-09-22T12:30:10.704Z
2026-02-13,US4824801009,KLA Corp,123.3,EUR,2026-02-13T21:59:48.000Z,CONSOLIDATED,2026-09-22T12:30:10.704Z
2026-02-16,US4824801009,KLA Corp,124.28,EUR,2026-02-16T21:59:17.000Z,CONSOLIDATED,2026-09-22T12:30:10.704Z
2026-02-17,US4824801009,KLA Corp,124.16,EUR,2026-02-17T21:59:19.000Z,CONSOLIDATED,2026-09-22T12:30:10.704Z
2026-02-18,US4824801009,KLA Corp,125.44,EUR,2026-02-18T21:59:17.000Z,CONSOLIDATED,2026-09-22T12:30:10.704Z
2026-02-19,US4824801009,KLA Corp,124.72,EUR,2026-02-19T21:59:47.000Z,CONSOLIDATED,2026-09-22T12:30:10.704Z
2026-02-20,US4824801009,KLA Corp,126.8,EUR,2026-02-20T21:59:50.000Z,CONSOLIDATED,2026-09-22T12:30:10.704Z
2026-02-23,US4824801009,KLA Corp,126.43,EUR,2026-02-23T21:59:57.000Z,CONSOLIDATED,2026-09-22T12:30:10.704Z
2026-02-24,US4824801009,KLA Corp,128.4,EUR,2026-02-24T21:59:39.000Z,CONSOLIDATED,2026-09-22T12:30:10.704Z
2026-02-25,US4824801009,KLA Corp,131.01,EUR,2026-02-25T21:59:56.000Z,CONSOLIDATED,2026-09-22T12:30:10.704Z
2026-02-26,US4824801009,KLA Corp,129.28,EUR,2026-02-26T21:59:33.000Z,CONSOLIDATED,2026-09-22T12:30:10.704Z
2026-02-27,US4824801009,KLA Corp,128.44,EUR,2026-02-27T21:59:58.000Z,CONSOLIDATED,2026-09-22T12:30:10.704Z
2026-03-02,US4824801009,KLA Corp,130.42,EUR,2026-03-02T21:59:39.000Z,CONSOLIDATED,2026-09-22T12:30:10.704Z
2026-03-03,US4824801009,KLA Corp,123.79,EUR,2026-03-03T21:57:44.000Z,CONSOLIDATED,2026-09-22T12:30:10.704Z
2026-03-04,US4824801009,KLA Corp,126.6,EUR,2026-03-04T21:57:01.000Z,CONSOLIDATED,2026-09-22T12:30:10.704Z
2026-03-05,US4824801009,KLA Corp,122.77,EUR,2026-03-05T21:59:54.000Z,CONSOLIDATED,2026-09-22T12:30:10.704Z
2026-03-06,US4824801009,KLA Corp,116.9,EUR,2026-03-06T21:56:12.000Z,CONSOLIDATED,2026-09-22T12:30:10.704Z
2026-03-09,US4824801009,KLA Corp,122.82,EUR,2026-03-09T21:59:59.000Z,CONSOLIDATED,2026-09-22T12:30:10.704Z
2026-03-10,US4824801009,KLA Corp,125.75,EUR,2026-03-10T21:58:50.000Z,CONSOLIDATED,2026-09-22T12:30:10.704Z
2026-03-11,US4824801009,KLA Corp,127,EUR,2026-03-11T21:59:40.000Z,CONSOLIDATED,2026-09-22T12:30:10.704Z
2026-03-12,US4824801009,KLA Corp,123,EUR,2026-03-12T21:57:53.000Z,CONSOLIDATED,2026-09-22T12:30:10.704Z
2026-03-13,US4824801009,KLA Corp,124.41,EUR,2026-03-13T21:59:39.000Z,CONSOLIDATED,2026-09-22T12:30:10.704Z
2026-03-16,US4824801009,KLA Corp,124.7,EUR,2026-03-16T21:59:59.000Z,CONSOLIDATED,2026-09-22T12:30:10.704Z
2026-03-17,US4824801009,KLA Corp,128.5,EUR,2026-03-17T21:58:08.000Z,CONSOLIDATED,2026-09-22T12:30:10.704Z
2026-03-18,US4824801009,KLA Corp,129.81,EUR,2026-03-18T21:58:42.000Z,CONSOLIDATED,2026-09-22T12:30:10.704Z
2026-03-19,US4824801009,KLA Corp,130.98,EUR,2026-03-19T21:59:52.000Z,CONSOLIDATED,2026-09-22T12:30:10.704Z
2026-03-20,US4824801009,KLA Corp,130.06,EUR,2026-03-20T21:59:35.000Z,CONSOLIDATED,2026-09-22T12:30:10.704Z
2026-03-23,US4824801009,KLA Corp,130.17,EUR,2026-03-23T21:52:08.000Z,CONSOLIDATED,2026-09-22T12:30:10.704Z
2026-03-24,US4824801009,KLA Corp,136.22,EUR,2026-03-24T21:59:50.000Z,CONSOLIDATED,2026-09-22T12:30:10.704Z
2026-03-25,US4824801009,KLA Corp,133.94,EUR,2026-03-25T21:44:59.000Z,CONSOLIDATED,2026-09-22T12:30:10.704Z
2026-03-26,US4824801009,KLA Corp,126.58,EUR,2026-03-26T21:59:50.000Z,CONSOLIDATED,2026-09-22T12:30:10.704Z
2026-03-27,US4824801009,KLA Corp,125.47,EUR,2026-03-27T21:57:32.000Z,CONSOLIDATED,2026-09-22T12:30:10.704Z
2026-03-30,US4824801009,KLA Corp,120.44,EUR,2026-03-30T20:57:29.000Z,CONSOLIDATED,2026-09-22T12:30:10.704Z
2026-03-31,US4824801009,KLA Corp,127.46,EUR,2026-03-31T20:59:54.000Z,CONSOLIDATED,2026-09-22T12:30:10.704Z
2026-04-01,US4824801009,KLA Corp,131.11,EUR,2026-04-01T20:59:35.000Z,CONSOLIDATED,2026-09-22T12:30:10.704Z
2026-04-02,US4824801009,KLA Corp,131.48,EUR,2026-04-02T20:54:25.000Z,CONSOLIDATED,2026-09-22T12:30:10.704Z
2026-04-07,US4824801009,KLA Corp,133.46,EUR,2026-04-07T20:59:46.000Z,CONSOLIDATED,2026-09-22T12:30:10.704Z
2026-04-08,US4824801009,KLA Corp,143,EUR,2026-04-08T20:59:00.000Z,CONSOLIDATED,2026-09-22T12:30:10.704Z
2026-04-09,US4824801009,KLA Corp,147.18,EUR,2026-04-09T20:59:13.000Z,CONSOLIDATED,2026-09-22T12:30:10.704Z
2026-04-10,US4824801009,KLA Corp,148.8,EUR,2026-04-10T20:59:57.000Z,CONSOLIDATED,2026-09-22T12:30:10.704Z
2026-04-13,US4824801009,KLA Corp,151.36,EUR,2026-04-13T20:59:35.000Z,CONSOLIDATED,2026-09-22T12:30:10.704Z
2026-04-14,US4824801009,KLA Corp,152.94,EUR,2026-04-14T20:59:08.000Z,CONSOLIDATED,2026-09-22T12:30:10.704Z
2026-04-15,US4824801009,KLA Corp,148.09,EUR,2026-04-15T20:59:01.000Z,CONSOLIDATED,2026-09-22T12:30:10.704Z
2026-04-16,US4824801009,KLA Corp,147.6,EUR,2026-04-16T20:58:52.000Z,CONSOLIDATED,2026-09-22T12:30:10.704Z
2026-04-17,US4824801009,KLA Corp,153.56,EUR,2026-04-17T20:59:50.000Z,CONSOLIDATED,2026-09-22T12:30:10.704Z
2026-04-20,US4824801009,KLA Corp,153.91,EUR,2026-04-20T20:57:47.000Z,CONSOLIDATED,2026-09-22T12:30:10.704Z
2026-04-21,US4824801009,KLA Corp,152.94,EUR,2026-04-21T20:59:46.000Z,CONSOLIDATED,2026-09-22T12:30:10.704Z
2026-04-22,US4824801009,KLA Corp,155.83,EUR,2026-04-22T20:59:47.000Z,CONSOLIDATED,2026-09-22T12:30:10.704Z
2026-04-23,US4824801009,KLA Corp,154.84,EUR,2026-04-23T20:56:31.000Z,CONSOLIDATED,2026-09-22T12:30:10.704Z
2026-04-24,US4824801009,KLA Corp,165.06,EUR,2026-04-24T20:59:55.000Z,CONSOLIDATED,2026-09-22T12:30:10.704Z
2026-04-27,US4824801009,KLA Corp,161.9,EUR,2026-04-27T20:57:29.000Z,CONSOLIDATED,2026-09-22T12:30:10.704Z
2026-04-28,US4824801009,KLA Corp,154.54,EUR,2026-04-28T20:59:35.000Z,CONSOLIDATED,2026-09-22T12:30:10.704Z
2026-04-29,US4824801009,KLA Corp,141.48,EUR,2026-04-29T20:59:58.000Z,CONSOLIDATED,2026-09-22T12:30:10.704Z
2026-04-30,US4824801009,KLA Corp,149.48,EUR,2026-04-30T20:59:24.000Z,CONSOLIDATED,2026-09-22T12:30:10.704Z
2026-05-04,US4824801009,KLA Corp,146.71,EUR,2026-05-04T20:59:59.000Z,CONSOLIDATED,2026-09-22T12:30:10.704Z
2026-05-05,US4824801009,KLA Corp,148.41,EUR,2026-05-05T20:59:37.000Z,CONSOLIDATED,2026-09-22T12:30:10.704Z
2026-05-06,US4824801009,KLA Corp,154.77,EUR,2026-05-06T20:58:55.000Z,CONSOLIDATED,2026-09-22T12:30:10.704Z
2026-05-07,US4824801009,KLA Corp,151.98,EUR,2026-05-07T20:59:59.000Z,CONSOLIDATED,2026-09-22T12:30:10.704Z
2026-05-08,US4824801009,KLA Corp,158.52,EUR,2026-05-08T20:59:34.000Z,CONSOLIDATED,2026-09-22T12:30:10.704Z
2026-05-11,US4824801009,KLA Corp,156.94,EUR,2026-05-11T20:58:43.000Z,CONSOLIDATED,2026-09-22T12:30:10.704Z
2026-05-12,US4824801009,KLA Corp,154.02,EUR,2026-05-12T20:54:58.000Z,CONSOLIDATED,2026-09-22T12:30:10.704Z
2026-05-13,US4824801009,KLA Corp,158.62,EUR,2026-05-13T20:59:56.000Z,CONSOLIDATED,2026-09-22T12:30:10.704Z
2026-05-14,US4824801009,KLA Corp,163.08,EUR,2026-05-14T20:59:18.000Z,CONSOLIDATED,2026-09-22T12:30:10.704Z
2026-05-15,US4824801009,KLA Corp,155.35,EUR,2026-05-15T20:58:49.000Z,CONSOLIDATED,2026-09-22T12:30:10.704Z
2026-05-18,US4824801009,KLA Corp,150.85,EUR,2026-05-18T20:54:55.000Z,CONSOLIDATED,2026-09-22T12:30:10.704Z
2026-05-19,US4824801009,KLA Corp,149.88,EUR,2026-05-19T20:58:52.000Z,CONSOLIDATED,2026-09-22T12:30:10.704Z
2026-05-20,US4824801009,KLA Corp,156.76,EUR,2026-05-20T20:59:38.000Z,CONSOLIDATED,2026-09-22T12:30:10.704Z
2026-05-21,US4824801009,KLA Corp,159.22,EUR,2026-05-21T20:55:29.000Z,CONSOLIDATED,2026-09-22T12:30:10.704Z
2026-05-22,US4824801009,KLA Corp,162.54,EUR,2026-05-22T20:59:03.000Z,CONSOLIDATED,2026-09-22T12:30:10.704Z
2026-05-25,US4824801009,KLA Corp,167.63,EUR,2026-05-25T20:55:55.000Z,CONSOLIDATED,2026-09-22T12:30:10.704Z
2026-05-26,US4824801009,KLA Corp,172.93,EUR,2026-05-26T20:58:47.000Z,CONSOLIDATED,2026-09-22T12:30:10.704Z
2026-05-27,US4824801009,KLA Corp,169.02,EUR,2026-05-27T20:56:35.000Z,CONSOLIDATED,2026-09-22T12:30:10.704Z
2026-05-28,US4824801009,KLA Corp,165.93,EUR,2026-05-28T20:59:59.000Z,CONSOLIDATED,2026-09-22T12:30:10.704Z
2026-05-29,US4824801009,KLA Corp,164.97,EUR,2026-05-29T20:59:57.000Z,CONSOLIDATED,2026-09-22T12:30:10.704Z
2026-06-01,US4824801009,KLA Corp,166.57,EUR,2026-06-01T20:58:19.000Z,CONSOLIDATED,2026-09-22T12:30:10.704Z
2026-06-02,US4824801009,KLA Corp,175.87,EUR,2026-06-02T20:58:44.000Z,CONSOLIDATED,2026-09-22T12:30:10.704Z
2026-06-03,US4824801009,KLA Corp,182.38,EUR,2026-06-03T20:59:57.000Z,CONSOLIDATED,2026-09-22T12:30:10.704Z
2026-06-04,US4824801009,KLA Corp,183.06,EUR,2026-06-04T20:59:54.000Z,CONSOLIDATED,2026-09-22T12:30:10.704Z
2026-06-05,US4824801009,KLA Corp,165.81,EUR,2026-06-05T20:59:47.000Z,CONSOLIDATED,2026-09-22T12:30:10.704Z
2026-06-08,US4824801009,KLA Corp,182.7,EUR,2026-06-08T20:59:59.000Z,CONSOLIDATED,2026-09-22T12:30:10.704Z
2026-06-09,US4824801009,KLA Corp,185.49,EUR,2026-06-09T20:59:36.000Z,CONSOLIDATED,2026-09-22T12:30:10.704Z
2026-06-10,US4824801009,KLA Corp,184.44,EUR,2026-06-10T20:59:40.000Z,CONSOLIDATED,2026-09-22T12:30:10.704Z
2026-06-11,US4824801009,KLA Corp,207.7,EUR,2026-06-11T20:59:57.000Z,CONSOLIDATED,2026-09-22T12:30:10.704Z
2026-06-12,US4824801009,KLA Corp,219.425,EUR,2026-06-12T20:59:51.000Z,CONSOLIDATED,2026-09-22T12:30:10.704Z
2026-06-15,US4824801009,KLA Corp,221.175,EUR,2026-06-15T20:59:58.000Z,CONSOLIDATED,2026-09-22T12:30:10.704Z
2026-06-16,US4824801009,KLA Corp,205.175,EUR,2026-06-16T20:59:40.000Z,CONSOLIDATED,2026-09-22T12:30:10.704Z
2026-06-17,US4824801009,KLA Corp,211.025,EUR,2026-06-17T20:59:49.000Z,CONSOLIDATED,2026-09-22T12:30:10.704Z
2026-06-18,US4824801009,KLA Corp,227.8,EUR,2026-06-18T20:59:54.000Z,CONSOLIDATED,2026-09-22T12:30:10.704Z
2026-06-19,US4824801009,KLA Corp,221.925,EUR,2026-06-19T20:59:41.000Z,CONSOLIDATED,2026-09-22T12:30:10.704Z
2026-06-22,US4824801009,KLA Corp,235.025,EUR,2026-06-22T20:59:56.000Z,CONSOLIDATED,2026-09-22T12:30:10.704Z
2026-06-23,US4824801009,KLA Corp,215.05,EUR,2026-06-23T20:59:39.000Z,CONSOLIDATED,2026-09-22T12:30:10.704Z
2026-06-24,US4824801009,KLA Corp,222,EUR,2026-06-24T20:59:41.000Z,CONSOLIDATED,2026-09-22T12:30:10.704Z
2026-06-25,US4824801009,KLA Corp,227.3,EUR,2026-06-25T20:59:40.000Z,CONSOLIDATED,2026-09-22T12:30:10.704Z
2026-06-26,US4824801009,KLA Corp,216.95,EUR,2026-06-26T20:59:54.000Z,CONSOLIDATED,2026-09-22T12:30:10.704Z
2026-06-29,US4824801009,KLA Corp,242.85,EUR,2026-06-29T20:59:46.000Z,CONSOLIDATED,2026-09-22T12:30:10.704Z
2026-06-30,US4824801009,KLA Corp,265.075,EUR,2026-06-30T20:59:58.000Z,CONSOLIDATED,2026-09-22T12:30:10.704Z
2026-07-01,US4824801009,KLA Corp,234.55,EUR,2026-07-01T20:59:33.000Z,CONSOLIDATED,2026-09-22T12:30:10.704Z
2026-07-02,US4824801009,KLA Corp,206.925,EUR,2026-07-02T20:58:32.000Z,CONSOLIDATED,2026-09-22T12:30:10.704Z
2026-07-03,US4824801009,KLA Corp,217.625,EUR,2026-07-03T20:26:36.000Z,CONSOLIDATED,2026-09-22T12:30:10.704Z
2026-07-06,US4824801009,KLA Corp,203.875,EUR,2026-07-06T20:59:48.000Z,CONSOLIDATED,2026-09-22T12:30:10.704Z
2026-07-07,US4824801009,KLA Corp,190.44,EUR,2026-07-07T20:59:19.000Z,CONSOLIDATED,2026-09-22T12:30:10.704Z
2026-07-08,US4824801009,KLA Corp,193.63,EUR,2026-07-08T20:59:25.000Z,CONSOLIDATED,2026-09-22T12:30:10.704Z
2026-07-09,US4824801009,KLA Corp,201.45,EUR,2026-07-09T20:59:45.000Z,CONSOLIDATED,2026-09-22T12:30:10.704Z
2026-07-10,US4824801009,KLA Corp,202.675,EUR,2026-07-10T20:59:46.000Z,CONSOLIDATED,2026-09-22T12:30:10.704Z
2026-07-13,US4824801009,KLA Corp,195.45,EUR,2026-07-13T20:59:57.000Z,CONSOLIDATED,2026-09-22T12:30:10.704Z
2026-07-14,US4824801009,KLA Corp,201.7,EUR,2026-07-14T20:57:39.000Z,CONSOLIDATED,2026-09-22T12:30:10.704Z
2026-07-15,US4824801009,KLA Corp,195.83,EUR,2026-07-15T20:59:51.000Z,CONSOLIDATED,2026-09-22T12:30:10.704Z
2026-07-16,US4824801009,KLA Corp,192.85,EUR,2026-07-16T20:59:58.000Z,CONSOLIDATED,2026-09-22T12:30:10.704Z
2026-07-17,US4824801009,KLA Corp,186.03,EUR,2026-07-17T20:59:46.000Z,CONSOLIDATED,2026-09-22T12:30:10.704Z
2026-07-20,US4824801009,KLA Corp,180.81,EUR,2026-07-20T20:59:46.000Z,CONSOLIDATED,2026-09-22T12:30:10.704Z
2026-07-21,US4824801009,KLA Corp,190.48,EUR,2026-07-21T20:57:28.000Z,CONSOLIDATED,2026-09-22T12:30:10.704Z
2026-07-22,US4824801009,KLA Corp,188.74,EUR,2026-07-22T20:59:58.000Z,CONSOLIDATED,2026-09-22T12:30:10.704Z
2026-07-23,US4824801009,KLA Corp,197.52,EUR,2026-07-23T20:59:57.000Z,CONSOLIDATED,2026-09-22T12:30:10.704Z
2026-07-24,US4824801009,KLA Corp,186.35,EUR,2026-07-24T20:59:57.000Z,CONSOLIDATED,2026-09-22T12:30:10.704Z
2026-07-27,US4824801009,KLA Corp,178.34,EUR,2026-07-27T20:59:57.000Z,CONSOLIDATED,2026-09-22T12:30:10.704Z
2026-07-28,US4824801009,KLA Corp,152.23,EUR,2026-07-28T20:59:58.000Z,CONSOLIDATED,2026-09-22T12:30:10.704Z
2026-07-29,US4824801009,KLA Corp,147.4,EUR,2026-07-29T20:59:54.000Z,CONSOLIDATED,2026-09-22T12:30:10.704Z
2026-07-30,US4824801009,KLA Corp,157.73,EUR,2026-07-30T20:59:42.000Z,CONSOLIDATED,2026-09-22T12:30:10.704Z
2026-07-31,US4824801009,KLA Corp,158.51,EUR,2026-07-31T20:59:58.000Z,CONSOLIDATED,2026-09-22T12:30:10.704Z
2026-08-03,US4824801009,KLA Corp,159.08,EUR,2026-08-03T20:59:49.000Z,CONSOLIDATED,2026-09-22T12:30:10.704Z
2026-08-04,US4824801009,KLA Corp,168.07,EUR,2026-08-04T20:59:57.000Z,CONSOLIDATED,2026-09-22T12:30:10.704Z
2026-08-05,US4824801009,KLA Corp,166.36,EUR,2026-08-05T20:58:51.000Z,CONSOLIDATED,2026-09-22T12:30:10.704Z
2026-08-06,US4824801009,KLA Corp,167.24,EUR,2026-08-06T20:59:57.000Z,CONSOLIDATED,2026-09-22T12:30:10.704Z
2026-08-07,US4824801009,KLA Corp,171.57,EUR,2026-08-07T20:59:56.000Z,CONSOLIDATED,2026-09-22T12:30:10.704Z
2026-08-10,US4824801009,KLA Corp,167.3,EUR,2026-08-10T20:59:46.000Z,CONSOLIDATED,2026-09-22T12:30:10.704Z
2026-08-11,US4824801009,KLA Corp,173.86,EUR,2026-08-11T20:59:50.000Z,CONSOLIDATED,2026-09-22T12:30:10.704Z
2026-08-12,US4824801009,KLA Corp,180.57,EUR,2026-08-12T20:59:51.000Z,CONSOLIDATED,2026-09-22T12:30:10.704Z
2026-08-13,US4824801009,KLA Corp,181.73,EUR,2026-08-13T20:59:42.000Z,CONSOLIDATED,2026-09-22T12:30:10.704Z
2026-08-14,US4824801009,KLA Corp,176.05,EUR,2026-08-14T20:59:58.000Z,CONSOLIDATED,2026-09-22T12:30:10.704Z
2026-08-17,US4824801009,KLA Corp,177.55,EUR,2026-08-17T20:59:54.000Z,CONSOLIDATED,2026-09-22T12:30:10.704Z
2026-08-18,US4824801009,KLA Corp,168.06,EUR,2026-08-18T20:59:53.000Z,CONSOLIDATED,2026-09-22T12:30:10.704Z
2026-08-19,US4824801009,KLA Corp,160.95,EUR,2026-08-19T20:59:49.000Z,CONSOLIDATED,2026-09-22T12:30:10.704Z
2026-08-20,US4824801009,KLA Corp,159.35,EUR,2026-08-20T20:59:57.000Z,CONSOLIDATED,2026-09-22T12:30:10.704Z
2026-08-21,US4824801009,KLA Corp,157.44,EUR,2026-08-21T20:59:52.000Z,CONSOLIDATED,2026-09-22T12:30:10.704Z
2026-08-24,US4824801009,KLA Corp,155.77,EUR,2026-08-24T20:59:51.000Z,CONSOLIDATED,2026-09-22T12:30:10.704Z
2026-08-25,US4824801009,KLA Corp,157.13,EUR,2026-08-25T20:59:58.000Z,CONSOLIDATED,2026-09-22T12:30:10.704Z
2026-08-26,US4824801009,KLA Corp,158.72,EUR,2026-08-26T20:59:57.000Z,CONSOLIDATED,2026-09-22T12:30:10.704Z
2026-08-27,US4824801009,KLA Corp,157.22,EUR,2026-08-27T20:59:51.000Z,CONSOLIDATED,2026-09-22T12:30:10.704Z
2026-08-28,US4824801009,KLA Corp,152.09,EUR,2026-08-28T20:59:58.000Z,CONSOLIDATED,2026-09-22T12:30:10.704Z
2026-08-31,US4824801009,KLA Corp,151.21,EUR,2026-08-31T20:59:51.000Z,CONSOLIDATED,2026-09-22T12:30:10.704Z
2026-09-01,US4824801009,KLA Corp,147.66,EUR,2026-09-01T20:59:42.000Z,CONSOLIDATED,2026-09-22T12:30:10.704Z
2026-09-02,US4824801009,KLA Corp,148.58,EUR,2026-09-02T20:59:32.000Z,CONSOLIDATED,2026-09-22T12:30:10.704Z
2026-09-03,US4824801009,KLA Corp,148.58,EUR,2026-09-03T20:59:58.000Z,CONSOLIDATED,2026-09-22T12:30:10.704Z
2026-09-04,US4824801009,KLA Corp,159.78,EUR,2026-09-04T20:59:45.000Z,CONSOLIDATED,2026-09-22T12:30:10.704Z
2026-09-07,US4824801009,KLA Corp,160.35,EUR,2026-09-07T20:27:17.000Z,CONSOLIDATED,2026-09-22T12:30:10.704Z
2026-09-08,US4824801009,KLA Corp,162.78,EUR,2026-09-08T20:59:55.000Z,CONSOLIDATED,2026-09-22T12:30:10.704Z
2026-09-09,US4824801009,KLA Corp,157.42,EUR,2026-09-09T20:59:57.000Z,CONSOLIDATED,2026-09-22T12:30:10.704Z
2026-09-10,US4824801009,KLA Corp,152.67,EUR,2026-09-10T20:59:55.000Z,CONSOLIDATED,2026-09-22T12:30:10.704Z
2026-09-11,US4824801009,KLA Corp,155.73,EUR,2026-09-11T20:59:31.000Z,CONSOLIDATED,2026-09-22T12:30:10.704Z
2026-09-14,US4824801009,KLA Corp,147.42,EUR,2026-09-14T20:59:53.000Z,CONSOLIDATED,2026-09-22T12:30:10.704Z
2026-09-15,US4824801009,KLA Corp,145.91,EUR,2026-09-15T20:59:54.000Z,CONSOLIDATED,2026-09-22T12:30:10.704Z
2026-09-16,US4824801009,KLA Corp,145.96,EUR,2026-09-16T20:59:56.000Z,CONSOLIDATED,2026-09-22T12:30:10.704Z
2026-09-17,US4824801009,KLA Corp,147.12,EUR,2026-09-17T20:59:51.000Z,CONSOLIDATED,2026-09-22T12:30:10.704Z
2026-09-18,US4824801009,KLA Corp,154.07,EUR,2026-09-18T20:59:38.000Z,CONSOLIDATED,2026-09-22T12:30:10.704Z
2026-09-21,US4824801009,KLA Corp,160.66,EUR,2026-09-21T20:59:56.000Z,CONSOLIDATED,2026-09-22T12:30:10.704Z
2026-01-02,US5128073062,Lam Research,158.05,EUR,2026-01-02T21:59:57.000Z,CONSOLIDATED,2026-09-22T12:30:10.704Z
2026-01-05,US5128073062,Lam Research,166.32,EUR,2026-01-05T21:59:44.000Z,CONSOLIDATED,2026-09-22T12:30:10.704Z
2026-01-06,US5128073062,Lam Research,177.12,EUR,2026-01-06T21:57:53.000Z,CONSOLIDATED,2026-09-22T12:30:10.704Z
2026-01-07,US5128073062,Lam Research,173.77,EUR,2026-01-07T21:57:56.000Z,CONSOLIDATED,2026-09-22T12:30:10.704Z
2026-01-08,US5128073062,Lam Research,172.37,EUR,2026-01-08T21:54:32.000Z,CONSOLIDATED,2026-09-22T12:30:10.704Z
2026-01-09,US5128073062,Lam Research,187.6,EUR,2026-01-09T21:58:57.000Z,CONSOLIDATED,2026-09-22T12:30:10.704Z
2026-01-12,US5128073062,Lam Research,188.91,EUR,2026-01-12T21:58:00.000Z,CONSOLIDATED,2026-09-22T12:30:10.704Z
2026-01-13,US5128073062,Lam Research,185.34,EUR,2026-01-13T21:59:30.000Z,CONSOLIDATED,2026-09-22T12:30:10.704Z
2026-01-14,US5128073062,Lam Research,179.93,EUR,2026-01-14T21:59:46.000Z,CONSOLIDATED,2026-09-22T12:30:10.704Z
2026-01-15,US5128073062,Lam Research,187.88,EUR,2026-01-15T21:59:34.000Z,CONSOLIDATED,2026-09-22T12:30:10.704Z
2026-01-16,US5128073062,Lam Research,192.22,EUR,2026-01-16T21:49:56.000Z,CONSOLIDATED,2026-09-22T12:30:10.704Z
2026-01-19,US5128073062,Lam Research,186.72,EUR,2026-01-19T21:43:50.000Z,CONSOLIDATED,2026-09-22T12:30:10.704Z
2026-01-20,US5128073062,Lam Research,189.77,EUR,2026-01-20T21:59:46.000Z,CONSOLIDATED,2026-09-22T12:30:10.704Z
2026-01-21,US5128073062,Lam Research,195.11,EUR,2026-01-21T21:58:53.000Z,CONSOLIDATED,2026-09-22T12:30:10.704Z
2026-01-22,US5128073062,Lam Research,187.69,EUR,2026-01-22T21:59:41.000Z,CONSOLIDATED,2026-09-22T12:30:10.704Z
2026-01-23,US5128073062,Lam Research,183.82,EUR,2026-01-23T21:59:39.000Z,CONSOLIDATED,2026-09-22T12:30:10.704Z
2026-01-26,US5128073062,Lam Research,187.6,EUR,2026-01-26T21:58:10.000Z,CONSOLIDATED,2026-09-22T12:30:10.704Z
2026-01-27,US5128073062,Lam Research,198.82,EUR,2026-01-27T21:59:56.000Z,CONSOLIDATED,2026-09-22T12:30:10.704Z
2026-01-28,US5128073062,Lam Research,203.5,EUR,2026-01-28T21:59:57.000Z,CONSOLIDATED,2026-09-22T12:30:10.704Z
2026-01-29,US5128073062,Lam Research,203.925,EUR,2026-01-29T21:59:52.000Z,CONSOLIDATED,2026-09-22T12:30:10.704Z
2026-01-30,US5128073062,Lam Research,196.9,EUR,2026-01-30T21:59:57.000Z,CONSOLIDATED,2026-09-22T12:30:10.704Z
2026-02-02,US5128073062,Lam Research,202.625,EUR,2026-02-02T21:59:53.000Z,CONSOLIDATED,2026-09-22T12:30:10.704Z
2026-02-03,US5128073062,Lam Research,193.92,EUR,2026-02-03T21:58:32.000Z,CONSOLIDATED,2026-09-22T12:30:10.704Z
2026-02-04,US5128073062,Lam Research,181.22,EUR,2026-02-04T21:59:56.000Z,CONSOLIDATED,2026-09-22T12:30:10.704Z
2026-02-05,US5128073062,Lam Research,179.17,EUR,2026-02-05T21:59:58.000Z,CONSOLIDATED,2026-09-22T12:30:10.704Z
2026-02-06,US5128073062,Lam Research,194.62,EUR,2026-02-06T21:59:39.000Z,CONSOLIDATED,2026-09-22T12:30:10.704Z
2026-02-09,US5128073062,Lam Research,192.12,EUR,2026-02-09T21:59:58.000Z,CONSOLIDATED,2026-09-22T12:30:10.704Z
2026-02-10,US5128073062,Lam Research,190.49,EUR,2026-02-10T21:59:44.000Z,CONSOLIDATED,2026-09-22T12:30:10.704Z
2026-02-11,US5128073062,Lam Research,198.82,EUR,2026-02-11T21:59:57.000Z,CONSOLIDATED,2026-09-22T12:30:10.704Z
2026-02-12,US5128073062,Lam Research,199.36,EUR,2026-02-12T21:59:39.000Z,CONSOLIDATED,2026-09-22T12:30:10.704Z
2026-02-13,US5128073062,Lam Research,197.96,EUR,2026-02-13T21:59:55.000Z,CONSOLIDATED,2026-09-22T12:30:10.704Z
2026-02-16,US5128073062,Lam Research,200,EUR,2026-02-16T21:59:21.000Z,CONSOLIDATED,2026-09-22T12:30:10.704Z
2026-02-17,US5128073062,Lam Research,198.32,EUR,2026-02-17T21:59:50.000Z,CONSOLIDATED,2026-09-22T12:30:10.704Z
2026-02-18,US5128073062,Lam Research,204,EUR,2026-02-18T21:59:58.000Z,CONSOLIDATED,2026-09-22T12:30:10.704Z
2026-02-19,US5128073062,Lam Research,200.785,EUR,2026-02-19T21:59:36.000Z,CONSOLIDATED,2026-09-22T12:30:10.704Z
2026-02-20,US5128073062,Lam Research,207.425,EUR,2026-02-20T21:59:23.000Z,CONSOLIDATED,2026-09-22T12:30:10.704Z
2026-02-23,US5128073062,Lam Research,205.65,EUR,2026-02-23T21:59:57.000Z,CONSOLIDATED,2026-09-22T12:30:10.704Z
2026-02-24,US5128073062,Lam Research,207.3,EUR,2026-02-24T21:59:22.000Z,CONSOLIDATED,2026-09-22T12:30:10.704Z
2026-02-25,US5128073062,Lam Research,211.7,EUR,2026-02-25T21:59:35.000Z,CONSOLIDATED,2026-09-22T12:30:10.704Z
2026-02-26,US5128073062,Lam Research,202.325,EUR,2026-02-26T21:59:51.000Z,CONSOLIDATED,2026-09-22T12:30:10.704Z
2026-02-27,US5128073062,Lam Research,197.59,EUR,2026-02-27T21:59:58.000Z,CONSOLIDATED,2026-09-22T12:30:10.704Z
2026-03-02,US5128073062,Lam Research,197.42,EUR,2026-03-02T21:59:39.000Z,CONSOLIDATED,2026-09-22T12:30:10.704Z
2026-03-03,US5128073062,Lam Research,186.91,EUR,2026-03-03T21:59:57.000Z,CONSOLIDATED,2026-09-22T12:30:10.704Z
2026-03-04,US5128073062,Lam Research,191.91,EUR,2026-03-04T21:59:48.000Z,CONSOLIDATED,2026-09-22T12:30:10.704Z
2026-03-05,US5128073062,Lam Research,184.13,EUR,2026-03-05T21:59:54.000Z,CONSOLIDATED,2026-09-22T12:30:10.704Z
2026-03-06,US5128073062,Lam Research,171.82,EUR,2026-03-06T21:59:48.000Z,CONSOLIDATED,2026-09-22T12:30:10.704Z
2026-03-09,US5128073062,Lam Research,180.76,EUR,2026-03-09T21:59:59.000Z,CONSOLIDATED,2026-09-22T12:30:10.704Z
2026-03-10,US5128073062,Lam Research,185.82,EUR,2026-03-10T21:58:50.000Z,CONSOLIDATED,2026-09-22T12:30:10.704Z
2026-03-11,US5128073062,Lam Research,188.92,EUR,2026-03-11T21:59:40.000Z,CONSOLIDATED,2026-09-22T12:30:10.704Z
2026-03-12,US5128073062,Lam Research,181.99,EUR,2026-03-12T21:59:44.000Z,CONSOLIDATED,2026-09-22T12:30:10.704Z
2026-03-13,US5128073062,Lam Research,185.54,EUR,2026-03-13T21:59:40.000Z,CONSOLIDATED,2026-09-22T12:30:10.704Z
2026-03-16,US5128073062,Lam Research,190.63,EUR,2026-03-16T21:59:59.000Z,CONSOLIDATED,2026-09-22T12:30:10.704Z
2026-03-17,US5128073062,Lam Research,197,EUR,2026-03-17T21:58:08.000Z,CONSOLIDATED,2026-09-22T12:30:10.704Z
2026-03-18,US5128073062,Lam Research,197.28,EUR,2026-03-18T21:58:42.000Z,CONSOLIDATED,2026-09-22T12:30:10.704Z
2026-03-19,US5128073062,Lam Research,202.625,EUR,2026-03-19T21:59:52.000Z,CONSOLIDATED,2026-09-22T12:30:10.704Z
2026-03-20,US5128073062,Lam Research,198.98,EUR,2026-03-20T21:58:33.000Z,CONSOLIDATED,2026-09-22T12:30:10.704Z
2026-03-23,US5128073062,Lam Research,201,EUR,2026-03-23T21:59:58.000Z,CONSOLIDATED,2026-09-22T12:30:10.704Z
2026-03-24,US5128073062,Lam Research,208.2,EUR,2026-03-24T21:59:50.000Z,CONSOLIDATED,2026-09-22T12:30:10.704Z
2026-03-25,US5128073062,Lam Research,201.925,EUR,2026-03-25T21:52:04.000Z,CONSOLIDATED,2026-09-22T12:30:10.704Z
2026-03-26,US5128073062,Lam Research,184.85,EUR,2026-03-26T21:59:50.000Z,CONSOLIDATED,2026-09-22T12:30:10.704Z
2026-03-27,US5128073062,Lam Research,183.23,EUR,2026-03-27T21:55:29.000Z,CONSOLIDATED,2026-09-22T12:30:10.704Z
2026-03-30,US5128073062,Lam Research,174.59,EUR,2026-03-30T20:59:53.000Z,CONSOLIDATED,2026-09-22T12:30:10.704Z
2026-03-31,US5128073062,Lam Research,185.15,EUR,2026-03-31T20:59:54.000Z,CONSOLIDATED,2026-09-22T12:30:10.704Z
2026-04-01,US5128073062,Lam Research,191.14,EUR,2026-04-01T20:59:58.000Z,CONSOLIDATED,2026-09-22T12:30:10.704Z
2026-04-02,US5128073062,Lam Research,189.26,EUR,2026-04-02T20:59:09.000Z,CONSOLIDATED,2026-09-22T12:30:10.704Z
2026-04-07,US5128073062,Lam Research,193.61,EUR,2026-04-07T20:59:59.000Z,CONSOLIDATED,2026-09-22T12:30:10.704Z
2026-04-08,US5128073062,Lam Research,211.125,EUR,2026-04-08T20:59:45.000Z,CONSOLIDATED,2026-09-22T12:30:10.704Z
2026-04-09,US5128073062,Lam Research,221.15,EUR,2026-04-09T20:58:08.000Z,CONSOLIDATED,2026-09-22T12:30:10.704Z
2026-04-10,US5128073062,Lam Research,225.575,EUR,2026-04-10T20:59:57.000Z,CONSOLIDATED,2026-09-22T12:30:10.704Z
2026-04-13,US5128073062,Lam Research,227.8,EUR,2026-04-13T20:59:59.000Z,CONSOLIDATED,2026-09-22T12:30:10.704Z
2026-04-14,US5128073062,Lam Research,231.125,EUR,2026-04-14T20:59:02.000Z,CONSOLIDATED,2026-09-22T12:30:10.704Z
2026-04-15,US5128073062,Lam Research,224.6,EUR,2026-04-15T20:59:58.000Z,CONSOLIDATED,2026-09-22T12:30:10.704Z
2026-04-16,US5128073062,Lam Research,221.65,EUR,2026-04-16T20:58:52.000Z,CONSOLIDATED,2026-09-22T12:30:10.704Z
2026-04-17,US5128073062,Lam Research,226.8,EUR,2026-04-17T20:59:22.000Z,CONSOLIDATED,2026-09-22T12:30:10.704Z
2026-04-20,US5128073062,Lam Research,223.8,EUR,2026-04-20T20:59:50.000Z,CONSOLIDATED,2026-09-22T12:30:10.704Z
2026-04-21,US5128073062,Lam Research,221.85,EUR,2026-04-21T20:59:58.000Z,CONSOLIDATED,2026-09-22T12:30:10.704Z
2026-04-22,US5128073062,Lam Research,234.425,EUR,2026-04-22T20:59:55.000Z,CONSOLIDATED,2026-09-22T12:30:10.704Z
2026-04-23,US5128073062,Lam Research,221.9,EUR,2026-04-23T20:58:39.000Z,CONSOLIDATED,2026-09-22T12:30:10.704Z
2026-04-24,US5128073062,Lam Research,229.7,EUR,2026-04-24T20:59:45.000Z,CONSOLIDATED,2026-09-22T12:30:10.704Z
2026-04-27,US5128073062,Lam Research,220.575,EUR,2026-04-27T20:59:04.000Z,CONSOLIDATED,2026-09-22T12:30:10.704Z
2026-04-28,US5128073062,Lam Research,213.7,EUR,2026-04-28T20:59:57.000Z,CONSOLIDATED,2026-09-22T12:30:10.704Z
2026-04-29,US5128073062,Lam Research,209.475,EUR,2026-04-29T20:59:58.000Z,CONSOLIDATED,2026-09-22T12:30:10.704Z
2026-04-30,US5128073062,Lam Research,219.75,EUR,2026-04-30T20:59:50.000Z,CONSOLIDATED,2026-09-22T12:30:10.704Z
2026-05-04,US5128073062,Lam Research,220.125,EUR,2026-05-04T20:59:35.000Z,CONSOLIDATED,2026-09-22T12:30:10.704Z
2026-05-05,US5128073062,Lam Research,236.05,EUR,2026-05-05T20:59:37.000Z,CONSOLIDATED,2026-09-22T12:30:10.704Z
2026-05-06,US5128073062,Lam Research,252.925,EUR,2026-05-06T20:57:03.000Z,CONSOLIDATED,2026-09-22T12:30:10.704Z
2026-05-07,US5128073062,Lam Research,244.275,EUR,2026-05-07T20:59:56.000Z,CONSOLIDATED,2026-09-22T12:30:10.704Z
2026-05-08,US5128073062,Lam Research,248.4,EUR,2026-05-08T20:58:56.000Z,CONSOLIDATED,2026-09-22T12:30:10.704Z
2026-05-11,US5128073062,Lam Research,251.15,EUR,2026-05-11T20:59:54.000Z,CONSOLIDATED,2026-09-22T12:30:10.704Z
2026-05-12,US5128073062,Lam Research,245.775,EUR,2026-05-12T20:58:03.000Z,CONSOLIDATED,2026-09-22T12:30:10.704Z
2026-05-13,US5128073062,Lam Research,252,EUR,2026-05-13T20:59:57.000Z,CONSOLIDATED,2026-09-22T12:30:10.704Z
2026-05-14,US5128073062,Lam Research,258.725,EUR,2026-05-14T20:59:18.000Z,CONSOLIDATED,2026-09-22T12:30:10.704Z
2026-05-15,US5128073062,Lam Research,243.825,EUR,2026-05-15T20:58:48.000Z,CONSOLIDATED,2026-09-22T12:30:10.704Z
2026-05-18,US5128073062,Lam Research,239.4,EUR,2026-05-18T20:57:05.000Z,CONSOLIDATED,2026-09-22T12:30:10.704Z
2026-05-19,US5128073062,Lam Research,235.475,EUR,2026-05-19T20:55:36.000Z,CONSOLIDATED,2026-09-22T12:30:10.704Z
2026-05-20,US5128073062,Lam Research,250.5,EUR,2026-05-20T20:58:54.000Z,CONSOLIDATED,2026-09-22T12:30:10.704Z
2026-05-21,US5128073062,Lam Research,259.85,EUR,2026-05-21T20:59:47.000Z,CONSOLIDATED,2026-09-22T12:30:10.704Z
2026-05-22,US5128073062,Lam Research,262.975,EUR,2026-05-22T20:57:26.000Z,CONSOLIDATED,2026-09-22T12:30:10.704Z
2026-05-25,US5128073062,Lam Research,274.15,EUR,2026-05-25T20:05:47.000Z,CONSOLIDATED,2026-09-22T12:30:10.704Z
2026-05-26,US5128073062,Lam Research,277.1,EUR,2026-05-26T20:58:47.000Z,CONSOLIDATED,2026-09-22T12:30:10.704Z
2026-05-27,US5128073062,Lam Research,274.75,EUR,2026-05-27T20:59:56.000Z,CONSOLIDATED,2026-09-22T12:30:10.704Z
2026-05-28,US5128073062,Lam Research,273.575,EUR,2026-05-28T20:57:29.000Z,CONSOLIDATED,2026-09-22T12:30:10.704Z
2026-05-29,US5128073062,Lam Research,272.4,EUR,2026-05-29T20:59:57.000Z,CONSOLIDATED,2026-09-22T12:30:10.704Z
2026-06-01,US5128073062,Lam Research,272.725,EUR,2026-06-01T20:58:37.000Z,CONSOLIDATED,2026-09-22T12:30:10.704Z
2026-06-02,US5128073062,Lam Research,284.9,EUR,2026-06-02T20:59:57.000Z,CONSOLIDATED,2026-09-22T12:30:10.704Z
2026-06-03,US5128073062,Lam Research,297.925,EUR,2026-06-03T20:59:57.000Z,CONSOLIDATED,2026-09-22T12:30:10.704Z
2026-06-04,US5128073062,Lam Research,287.925,EUR,2026-06-04T20:58:59.000Z,CONSOLIDATED,2026-09-22T12:30:10.704Z
2026-06-05,US5128073062,Lam Research,261.875,EUR,2026-06-05T20:59:57.000Z,CONSOLIDATED,2026-09-22T12:30:10.704Z
2026-06-08,US5128073062,Lam Research,282.225,EUR,2026-06-08T20:59:59.000Z,CONSOLIDATED,2026-09-22T12:30:10.704Z
2026-06-09,US5128073062,Lam Research,285.125,EUR,2026-06-09T20:59:36.000Z,CONSOLIDATED,2026-09-22T12:30:10.704Z
2026-06-10,US5128073062,Lam Research,277.65,EUR,2026-06-10T20:59:40.000Z,CONSOLIDATED,2026-09-22T12:30:10.704Z
2026-06-11,US5128073062,Lam Research,312.2,EUR,2026-06-11T20:59:57.000Z,CONSOLIDATED,2026-09-22T12:30:10.704Z
2026-06-12,US5128073062,Lam Research,318.625,EUR,2026-06-12T20:59:56.000Z,CONSOLIDATED,2026-09-22T12:30:10.704Z
2026-06-15,US5128073062,Lam Research,335,EUR,2026-06-15T20:59:57.000Z,CONSOLIDATED,2026-09-22T12:30:10.704Z
2026-06-16,US5128073062,Lam Research,319,EUR,2026-06-16T20:59:49.000Z,CONSOLIDATED,2026-09-22T12:30:10.704Z
2026-06-17,US5128073062,Lam Research,329.125,EUR,2026-06-17T20:59:20.000Z,CONSOLIDATED,2026-09-22T12:30:10.704Z
2026-06-18,US5128073062,Lam Research,340.175,EUR,2026-06-18T20:58:53.000Z,CONSOLIDATED,2026-09-22T12:30:10.704Z
2026-06-19,US5128073062,Lam Research,333.525,EUR,2026-06-19T20:15:45.000Z,CONSOLIDATED,2026-09-22T12:30:10.704Z
2026-06-22,US5128073062,Lam Research,358.525,EUR,2026-06-22T20:59:48.000Z,CONSOLIDATED,2026-09-22T12:30:10.704Z
2026-06-23,US5128073062,Lam Research,326.675,EUR,2026-06-23T20:59:39.000Z,CONSOLIDATED,2026-09-22T12:30:10.704Z
2026-06-24,US5128073062,Lam Research,350,EUR,2026-06-24T20:59:53.000Z,CONSOLIDATED,2026-09-22T12:30:10.704Z
2026-06-25,US5128073062,Lam Research,352.675,EUR,2026-06-25T20:57:39.000Z,CONSOLIDATED,2026-09-22T12:30:10.704Z
2026-06-26,US5128073062,Lam Research,331.225,EUR,2026-06-26T20:59:54.000Z,CONSOLIDATED,2026-09-22T12:30:10.704Z
2026-06-29,US5128073062,Lam Research,359.325,EUR,2026-06-29T20:59:56.000Z,CONSOLIDATED,2026-09-22T12:30:10.704Z
2026-06-30,US5128073062,Lam Research,380.325,EUR,2026-06-30T20:59:58.000Z,CONSOLIDATED,2026-09-22T12:30:10.704Z
2026-07-01,US5128073062,Lam Research,343.55,EUR,2026-07-01T20:59:35.000Z,CONSOLIDATED,2026-09-22T12:30:10.704Z
2026-07-02,US5128073062,Lam Research,308.475,EUR,2026-07-02T20:57:07.000Z,CONSOLIDATED,2026-09-22T12:30:10.704Z
2026-07-03,US5128073062,Lam Research,327,EUR,2026-07-03T20:23:21.000Z,CONSOLIDATED,2026-09-22T12:30:10.704Z
2026-07-06,US5128073062,Lam Research,305.3,EUR,2026-07-06T20:59:52.000Z,CONSOLIDATED,2026-09-22T12:30:10.704Z
2026-07-07,US5128073062,Lam Research,286.65,EUR,2026-07-07T20:59:47.000Z,CONSOLIDATED,2026-09-22T12:30:10.704Z
2026-07-08,US5128073062,Lam Research,290.7,EUR,2026-07-08T20:59:58.000Z,CONSOLIDATED,2026-09-22T12:30:10.704Z
2026-07-09,US5128073062,Lam Research,310.75,EUR,2026-07-09T20:59:55.000Z,CONSOLIDATED,2026-09-22T12:30:10.704Z
2026-07-10,US5128073062,Lam Research,307.65,EUR,2026-07-10T20:59:36.000Z,CONSOLIDATED,2026-09-22T12:30:10.704Z
2026-07-13,US5128073062,Lam Research,289.3,EUR,2026-07-13T20:59:57.000Z,CONSOLIDATED,2026-09-22T12:30:10.704Z
2026-07-14,US5128073062,Lam Research,304.625,EUR,2026-07-14T20:57:05.000Z,CONSOLIDATED,2026-09-22T12:30:10.704Z
2026-07-15,US5128073062,Lam Research,291.925,EUR,2026-07-15T20:59:51.000Z,CONSOLIDATED,2026-09-22T12:30:10.704Z
2026-07-16,US5128073062,Lam Research,280.45,EUR,2026-07-16T20:59:46.000Z,CONSOLIDATED,2026-09-22T12:30:10.704Z
2026-07-17,US5128073062,Lam Research,274.575,EUR,2026-07-17T20:56:11.000Z,CONSOLIDATED,2026-09-22T12:30:10.704Z
2026-07-20,US5128073062,Lam Research,267.45,EUR,2026-07-20T20:59:56.000Z,CONSOLIDATED,2026-09-22T12:30:10.704Z
2026-07-21,US5128073062,Lam Research,282.225,EUR,2026-07-21T20:59:58.000Z,CONSOLIDATED,2026-09-22T12:30:10.704Z
2026-07-22,US5128073062,Lam Research,280.275,EUR,2026-07-22T20:59:17.000Z,CONSOLIDATED,2026-09-22T12:30:10.704Z
2026-07-23,US5128073062,Lam Research,286.525,EUR,2026-07-23T20:59:57.000Z,CONSOLIDATED,2026-09-22T12:30:10.704Z
2026-07-24,US5128073062,Lam Research,268.65,EUR,2026-07-24T20:59:03.000Z,CONSOLIDATED,2026-09-22T12:30:10.704Z
2026-07-27,US5128073062,Lam Research,255.65,EUR,2026-07-27T20:58:16.000Z,CONSOLIDATED,2026-09-22T12:30:10.704Z
2026-07-28,US5128073062,Lam Research,234.7,EUR,2026-07-28T20:56:51.000Z,CONSOLIDATED,2026-09-22T12:30:10.704Z
2026-07-29,US5128073062,Lam Research,233.775,EUR,2026-07-29T20:59:57.000Z,CONSOLIDATED,2026-09-22T12:30:10.704Z
2026-07-30,US5128073062,Lam Research,261.4,EUR,2026-07-30T20:58:50.000Z,CONSOLIDATED,2026-09-22T12:30:10.704Z
2026-07-31,US5128073062,Lam Research,254.225,EUR,2026-07-31T20:59:58.000Z,CONSOLIDATED,2026-09-22T12:30:10.704Z
2026-08-03,US5128073062,Lam Research,256.375,EUR,2026-08-03T20:57:56.000Z,CONSOLIDATED,2026-09-22T12:30:10.704Z
2026-08-04,US5128073062,Lam Research,272.95,EUR,2026-08-04T20:59:10.000Z,CONSOLIDATED,2026-09-22T12:30:10.704Z
2026-08-05,US5128073062,Lam Research,268.025,EUR,2026-08-05T20:58:26.000Z,CONSOLIDATED,2026-09-22T12:30:10.704Z
2026-08-06,US5128073062,Lam Research,265,EUR,2026-08-06T20:59:42.000Z,CONSOLIDATED,2026-09-22T12:30:10.704Z
2026-08-07,US5128073062,Lam Research,269.25,EUR,2026-08-07T20:59:58.000Z,CONSOLIDATED,2026-09-22T12:30:10.704Z
2026-08-10,US5128073062,Lam Research,265.4,EUR,2026-08-10T20:59:52.000Z,CONSOLIDATED,2026-09-22T12:30:10.704Z
2026-08-11,US5128073062,Lam Research,270.15,EUR,2026-08-11T20:59:56.000Z,CONSOLIDATED,2026-09-22T12:30:10.704Z
2026-08-12,US5128073062,Lam Research,283.2,EUR,2026-08-12T20:57:58.000Z,CONSOLIDATED,2026-09-22T12:30:10.704Z
2026-08-13,US5128073062,Lam Research,290.75,EUR,2026-08-13T20:59:52.000Z,CONSOLIDATED,2026-09-22T12:30:10.704Z
2026-08-14,US5128073062,Lam Research,287.075,EUR,2026-08-14T20:57:40.000Z,CONSOLIDATED,2026-09-22T12:30:10.704Z
2026-08-17,US5128073062,Lam Research,296.775,EUR,2026-08-17T20:59:56.000Z,CONSOLIDATED,2026-09-22T12:30:10.704Z
2026-08-18,US5128073062,Lam Research,283.125,EUR,2026-08-18T20:59:53.000Z,CONSOLIDATED,2026-09-22T12:30:10.704Z
2026-08-19,US5128073062,Lam Research,263.575,EUR,2026-08-19T20:53:48.000Z,CONSOLIDATED,2026-09-22T12:30:10.704Z
2026-08-20,US5128073062,Lam Research,265.925,EUR,2026-08-20T20:59:52.000Z,CONSOLIDATED,2026-09-22T12:30:10.704Z
2026-08-21,US5128073062,Lam Research,268.975,EUR,2026-08-21T20:59:53.000Z,CONSOLIDATED,2026-09-22T12:30:10.704Z
2026-08-24,US5128073062,Lam Research,265.95,EUR,2026-08-24T20:58:51.000Z,CONSOLIDATED,2026-09-22T12:30:10.704Z
2026-08-25,US5128073062,Lam Research,269.625,EUR,2026-08-25T20:58:55.000Z,CONSOLIDATED,2026-09-22T12:30:10.704Z
2026-08-26,US5128073062,Lam Research,269.775,EUR,2026-08-26T20:59:58.000Z,CONSOLIDATED,2026-09-22T12:30:10.704Z
2026-08-27,US5128073062,Lam Research,273.15,EUR,2026-08-27T20:59:18.000Z,CONSOLIDATED,2026-09-22T12:30:10.704Z
2026-08-28,US5128073062,Lam Research,261.3,EUR,2026-08-28T20:59:17.000Z,CONSOLIDATED,2026-09-22T12:30:10.704Z
2026-08-31,US5128073062,Lam Research,259.625,EUR,2026-08-31T20:59:12.000Z,CONSOLIDATED,2026-09-22T12:30:10.704Z
2026-09-01,US5128073062,Lam Research,250.75,EUR,2026-09-01T20:59:48.000Z,CONSOLIDATED,2026-09-22T12:30:10.704Z
2026-09-02,US5128073062,Lam Research,248.65,EUR,2026-09-02T20:56:13.000Z,CONSOLIDATED,2026-09-22T12:30:10.704Z
2026-09-03,US5128073062,Lam Research,251.7,EUR,2026-09-03T20:59:41.000Z,CONSOLIDATED,2026-09-22T12:30:10.704Z
2026-09-04,US5128073062,Lam Research,264.75,EUR,2026-09-04T20:58:19.000Z,CONSOLIDATED,2026-09-22T12:30:10.704Z
2026-09-07,US5128073062,Lam Research,270.1,EUR,2026-09-07T20:27:17.000Z,CONSOLIDATED,2026-09-22T12:30:10.704Z
2026-09-08,US5128073062,Lam Research,278.95,EUR,2026-09-08T20:59:51.000Z,CONSOLIDATED,2026-09-22T12:30:10.704Z
2026-09-09,US5128073062,Lam Research,271.25,EUR,2026-09-09T20:55:34.000Z,CONSOLIDATED,2026-09-22T12:30:10.704Z
2026-09-10,US5128073062,Lam Research,256.725,EUR,2026-09-10T20:59:56.000Z,CONSOLIDATED,2026-09-22T12:30:10.704Z
2026-09-11,US5128073062,Lam Research,257.275,EUR,2026-09-11T20:59:30.000Z,CONSOLIDATED,2026-09-22T12:30:10.704Z
2026-09-14,US5128073062,Lam Research,238.9,EUR,2026-09-14T20:59:53.000Z,CONSOLIDATED,2026-09-22T12:30:10.704Z
2026-09-15,US5128073062,Lam Research,234.925,EUR,2026-09-15T20:54:17.000Z,CONSOLIDATED,2026-09-22T12:30:10.704Z
2026-09-16,US5128073062,Lam Research,234.725,EUR,2026-09-16T20:59:53.000Z,CONSOLIDATED,2026-09-22T12:30:10.704Z
2026-09-17,US5128073062,Lam Research,234.625,EUR,2026-09-17T20:59:53.000Z,CONSOLIDATED,2026-09-22T12:30:10.704Z
2026-09-18,US5128073062,Lam Research,250.675,EUR,2026-09-18T20:59:16.000Z,CONSOLIDATED,2026-09-22T12:30:10.704Z
2026-09-21,US5128073062,Lam Research,263.725,EUR,2026-09-21T20:59:33.000Z,CONSOLIDATED,2026-09-22T12:30:10.704Z
2026-01-02,US5738741041,Marvell Technology,76.27,EUR,2026-01-02T21:56:44.000Z,CONSOLIDATED,2026-09-22T12:30:08.740Z
2026-01-05,US5738741041,Marvell Technology,77.445,EUR,2026-01-05T21:59:44.000Z,CONSOLIDATED,2026-09-22T12:30:08.740Z
2026-01-06,US5738741041,Marvell Technology,75.525,EUR,2026-01-06T21:59:57.000Z,CONSOLIDATED,2026-09-22T12:30:08.740Z
2026-01-07,US5738741041,Marvell Technology,72.555,EUR,2026-01-07T21:59:25.000Z,CONSOLIDATED,2026-09-22T12:30:08.740Z
2026-01-08,US5738741041,Marvell Technology,71.61,EUR,2026-01-08T21:59:10.000Z,CONSOLIDATED,2026-09-22T12:30:08.740Z
2026-01-09,US5738741041,Marvell Technology,71.55,EUR,2026-01-09T21:58:55.000Z,CONSOLIDATED,2026-09-22T12:30:08.740Z
2026-01-12,US5738741041,Marvell Technology,71.09,EUR,2026-01-12T21:59:42.000Z,CONSOLIDATED,2026-09-22T12:30:08.740Z
2026-01-13,US5738741041,Marvell Technology,71.395,EUR,2026-01-13T21:59:40.000Z,CONSOLIDATED,2026-09-22T12:30:08.740Z
2026-01-14,US5738741041,Marvell Technology,69.76,EUR,2026-01-14T21:59:38.000Z,CONSOLIDATED,2026-09-22T12:30:08.740Z
2026-01-15,US5738741041,Marvell Technology,69.37,EUR,2026-01-15T21:59:57.000Z,CONSOLIDATED,2026-09-22T12:30:08.740Z
2026-01-16,US5738741041,Marvell Technology,69.385,EUR,2026-01-16T21:55:46.000Z,CONSOLIDATED,2026-09-22T12:30:08.740Z
2026-01-19,US5738741041,Marvell Technology,66.605,EUR,2026-01-19T21:02:39.000Z,CONSOLIDATED,2026-09-22T12:30:08.740Z
2026-01-20,US5738741041,Marvell Technology,68.22,EUR,2026-01-20T21:59:28.000Z,CONSOLIDATED,2026-09-22T12:30:08.740Z
2026-01-21,US5738741041,Marvell Technology,70.92,EUR,2026-01-21T21:59:58.000Z,CONSOLIDATED,2026-09-22T12:30:08.740Z
2026-01-22,US5738741041,Marvell Technology,70.63,EUR,2026-01-22T21:59:56.000Z,CONSOLIDATED,2026-09-22T12:30:08.740Z
2026-01-23,US5738741041,Marvell Technology,67.755,EUR,2026-01-23T21:59:57.000Z,CONSOLIDATED,2026-09-22T12:30:08.740Z
2026-01-26,US5738741041,Marvell Technology,68.835,EUR,2026-01-26T21:59:56.000Z,CONSOLIDATED,2026-09-22T12:30:08.740Z
2026-01-27,US5738741041,Marvell Technology,68.935,EUR,2026-01-27T21:59:58.000Z,CONSOLIDATED,2026-09-22T12:30:08.740Z
2026-01-28,US5738741041,Marvell Technology,70.225,EUR,2026-01-28T21:59:57.000Z,CONSOLIDATED,2026-09-22T12:30:08.740Z
2026-01-29,US5738741041,Marvell Technology,67.815,EUR,2026-01-29T21:59:36.000Z,CONSOLIDATED,2026-09-22T12:30:08.740Z
2026-01-30,US5738741041,Marvell Technology,66.535,EUR,2026-01-30T21:59:57.000Z,CONSOLIDATED,2026-09-22T12:30:08.740Z
2026-02-02,US5738741041,Marvell Technology,66.865,EUR,2026-02-02T21:59:46.000Z,CONSOLIDATED,2026-09-22T12:30:08.740Z
2026-02-03,US5738741041,Marvell Technology,63.68,EUR,2026-02-03T21:59:57.000Z,CONSOLIDATED,2026-09-22T12:30:08.740Z
2026-02-04,US5738741041,Marvell Technology,63.32,EUR,2026-02-04T21:59:52.000Z,CONSOLIDATED,2026-09-22T12:30:08.740Z
2026-02-05,US5738741041,Marvell Technology,62.125,EUR,2026-02-05T21:59:57.000Z,CONSOLIDATED,2026-09-22T12:30:08.740Z
2026-02-06,US5738741041,Marvell Technology,67.98,EUR,2026-02-06T21:59:44.000Z,CONSOLIDATED,2026-09-22T12:30:08.740Z
2026-02-09,US5738741041,Marvell Technology,69.32,EUR,2026-02-09T21:59:55.000Z,CONSOLIDATED,2026-09-22T12:30:08.740Z
2026-02-10,US5738741041,Marvell Technology,68.83,EUR,2026-02-10T21:59:07.000Z,CONSOLIDATED,2026-09-22T12:30:08.740Z
2026-02-11,US5738741041,Marvell Technology,68.5,EUR,2026-02-11T21:59:53.000Z,CONSOLIDATED,2026-09-22T12:30:08.740Z
2026-02-12,US5738741041,Marvell Technology,66.105,EUR,2026-02-12T21:59:20.000Z,CONSOLIDATED,2026-09-22T12:30:08.740Z
2026-02-13,US5738741041,Marvell Technology,66.23,EUR,2026-02-13T21:59:56.000Z,CONSOLIDATED,2026-09-22T12:30:08.740Z
2026-02-16,US5738741041,Marvell Technology,66.12,EUR,2026-02-16T21:59:18.000Z,CONSOLIDATED,2026-09-22T12:30:08.740Z
2026-02-17,US5738741041,Marvell Technology,66.64,EUR,2026-02-17T21:59:47.000Z,CONSOLIDATED,2026-09-22T12:30:08.740Z
2026-02-18,US5738741041,Marvell Technology,66.945,EUR,2026-02-18T21:59:58.000Z,CONSOLIDATED,2026-09-22T12:30:08.740Z
2026-02-19,US5738741041,Marvell Technology,67.585,EUR,2026-02-19T21:59:49.000Z,CONSOLIDATED,2026-09-22T12:30:08.740Z
2026-02-20,US5738741041,Marvell Technology,67.305,EUR,2026-02-20T21:59:21.000Z,CONSOLIDATED,2026-09-22T12:30:08.740Z
2026-02-23,US5738741041,Marvell Technology,65.995,EUR,2026-02-23T21:59:20.000Z,CONSOLIDATED,2026-09-22T12:30:08.740Z
2026-02-24,US5738741041,Marvell Technology,66.34,EUR,2026-02-24T21:59:52.000Z,CONSOLIDATED,2026-09-22T12:30:08.740Z
2026-02-25,US5738741041,Marvell Technology,68.93,EUR,2026-02-25T21:59:21.000Z,CONSOLIDATED,2026-09-22T12:30:08.740Z
2026-02-26,US5738741041,Marvell Technology,67.035,EUR,2026-02-26T21:59:39.000Z,CONSOLIDATED,2026-09-22T12:30:08.740Z
2026-02-27,US5738741041,Marvell Technology,68.95,EUR,2026-02-27T21:59:57.000Z,CONSOLIDATED,2026-09-22T12:30:08.740Z
2026-03-02,US5738741041,Marvell Technology,69.09,EUR,2026-03-02T21:59:34.000Z,CONSOLIDATED,2026-09-22T12:30:08.740Z
2026-03-03,US5738741041,Marvell Technology,66.78,EUR,2026-03-03T21:59:39.000Z,CONSOLIDATED,2026-09-22T12:30:08.740Z
2026-03-04,US5738741041,Marvell Technology,67.19,EUR,2026-03-04T21:59:58.000Z,CONSOLIDATED,2026-09-22T12:30:08.740Z
2026-03-05,US5738741041,Marvell Technology,72.69,EUR,2026-03-05T21:59:58.000Z,CONSOLIDATED,2026-09-22T12:30:08.740Z
2026-03-06,US5738741041,Marvell Technology,77.23,EUR,2026-03-06T21:59:46.000Z,CONSOLIDATED,2026-09-22T12:30:08.740Z
2026-03-09,US5738741041,Marvell Technology,79.435,EUR,2026-03-09T21:59:59.000Z,CONSOLIDATED,2026-09-22T12:30:08.740Z
2026-03-10,US5738741041,Marvell Technology,80.64,EUR,2026-03-10T21:58:49.000Z,CONSOLIDATED,2026-09-22T12:30:08.740Z
2026-03-11,US5738741041,Marvell Technology,78.125,EUR,2026-03-11T21:59:35.000Z,CONSOLIDATED,2026-09-22T12:30:08.740Z
2026-03-12,US5738741041,Marvell Technology,75.89,EUR,2026-03-12T21:59:55.000Z,CONSOLIDATED,2026-09-22T12:30:08.740Z
2026-03-13,US5738741041,Marvell Technology,76.835,EUR,2026-03-13T21:58:32.000Z,CONSOLIDATED,2026-09-22T12:30:08.740Z
2026-03-16,US5738741041,Marvell Technology,79.495,EUR,2026-03-16T21:58:50.000Z,CONSOLIDATED,2026-09-22T12:30:08.740Z
2026-03-17,US5738741041,Marvell Technology,78.67,EUR,2026-03-17T21:59:52.000Z,CONSOLIDATED,2026-09-22T12:30:08.740Z
2026-03-18,US5738741041,Marvell Technology,76.41,EUR,2026-03-18T21:59:51.000Z,CONSOLIDATED,2026-09-22T12:30:08.740Z
2026-03-19,US5738741041,Marvell Technology,77.31,EUR,2026-03-19T21:59:34.000Z,CONSOLIDATED,2026-09-22T12:30:08.740Z
2026-03-20,US5738741041,Marvell Technology,76.485,EUR,2026-03-20T21:56:23.000Z,CONSOLIDATED,2026-09-22T12:30:08.740Z
2026-03-23,US5738741041,Marvell Technology,77.31,EUR,2026-03-23T21:59:13.000Z,CONSOLIDATED,2026-09-22T12:30:08.740Z
2026-03-24,US5738741041,Marvell Technology,80.435,EUR,2026-03-24T21:59:50.000Z,CONSOLIDATED,2026-09-22T12:30:08.740Z
2026-03-25,US5738741041,Marvell Technology,84.96,EUR,2026-03-25T21:59:58.000Z,CONSOLIDATED,2026-09-22T12:30:08.740Z
2026-03-26,US5738741041,Marvell Technology,85.195,EUR,2026-03-26T21:59:49.000Z,CONSOLIDATED,2026-09-22T12:30:08.740Z
2026-03-27,US5738741041,Marvell Technology,82.08,EUR,2026-03-27T21:51:40.000Z,CONSOLIDATED,2026-09-22T12:30:08.740Z
2026-03-30,US5738741041,Marvell Technology,76.605,EUR,2026-03-30T20:59:59.000Z,CONSOLIDATED,2026-09-22T12:30:08.740Z
2026-03-31,US5738741041,Marvell Technology,85.81,EUR,2026-03-31T20:59:54.000Z,CONSOLIDATED,2026-09-22T12:30:08.740Z
2026-04-01,US5738741041,Marvell Technology,92.06,EUR,2026-04-01T20:59:58.000Z,CONSOLIDATED,2026-09-22T12:30:08.740Z
2026-04-02,US5738741041,Marvell Technology,92.885,EUR,2026-04-02T20:59:09.000Z,CONSOLIDATED,2026-09-22T12:30:08.740Z
2026-04-07,US5738741041,Marvell Technology,94.645,EUR,2026-04-07T20:59:59.000Z,CONSOLIDATED,2026-09-22T12:30:08.740Z
2026-04-08,US5738741041,Marvell Technology,97.855,EUR,2026-04-08T20:59:31.000Z,CONSOLIDATED,2026-09-22T12:30:08.740Z
2026-04-09,US5738741041,Marvell Technology,102.96,EUR,2026-04-09T20:59:58.000Z,CONSOLIDATED,2026-09-22T12:30:08.740Z
2026-04-10,US5738741041,Marvell Technology,109.77,EUR,2026-04-10T20:59:57.000Z,CONSOLIDATED,2026-09-22T12:30:08.740Z
2026-04-13,US5738741041,Marvell Technology,112.48,EUR,2026-04-13T20:59:05.000Z,CONSOLIDATED,2026-09-22T12:30:08.740Z
2026-04-14,US5738741041,Marvell Technology,113.3,EUR,2026-04-14T20:59:42.000Z,CONSOLIDATED,2026-09-22T12:30:08.740Z
2026-04-15,US5738741041,Marvell Technology,113.81,EUR,2026-04-15T20:58:43.000Z,CONSOLIDATED,2026-09-22T12:30:08.740Z
2026-04-16,US5738741041,Marvell Technology,113.11,EUR,2026-04-16T20:59:57.000Z,CONSOLIDATED,2026-09-22T12:30:08.740Z
2026-04-17,US5738741041,Marvell Technology,118.73,EUR,2026-04-17T20:59:55.000Z,CONSOLIDATED,2026-09-22T12:30:08.740Z
2026-04-20,US5738741041,Marvell Technology,129.33,EUR,2026-04-20T20:59:57.000Z,CONSOLIDATED,2026-09-22T12:30:08.740Z
2026-04-21,US5738741041,Marvell Technology,129.74,EUR,2026-04-21T20:59:56.000Z,CONSOLIDATED,2026-09-22T12:30:08.740Z
2026-04-22,US5738741041,Marvell Technology,136.44,EUR,2026-04-22T20:59:58.000Z,CONSOLIDATED,2026-09-22T12:30:08.740Z
2026-04-23,US5738741041,Marvell Technology,142.48,EUR,2026-04-23T20:59:08.000Z,CONSOLIDATED,2026-09-22T12:30:08.740Z
2026-04-24,US5738741041,Marvell Technology,140.13,EUR,2026-04-24T20:59:56.000Z,CONSOLIDATED,2026-09-22T12:30:08.740Z
2026-04-27,US5738741041,Marvell Technology,134.61,EUR,2026-04-27T20:59:55.000Z,CONSOLIDATED,2026-09-22T12:30:08.740Z
2026-04-28,US5738741041,Marvell Technology,131.79,EUR,2026-04-28T20:59:52.000Z,CONSOLIDATED,2026-09-22T12:30:08.740Z
2026-04-29,US5738741041,Marvell Technology,132.45,EUR,2026-04-29T20:59:57.000Z,CONSOLIDATED,2026-09-22T12:30:08.740Z
2026-04-30,US5738741041,Marvell Technology,139.89,EUR,2026-04-30T20:59:56.000Z,CONSOLIDATED,2026-09-22T12:30:08.740Z
2026-05-04,US5738741041,Marvell Technology,139.9,EUR,2026-05-04T20:59:36.000Z,CONSOLIDATED,2026-09-22T12:30:08.740Z
2026-05-05,US5738741041,Marvell Technology,146.53,EUR,2026-05-05T20:59:52.000Z,CONSOLIDATED,2026-09-22T12:30:08.740Z
2026-05-06,US5738741041,Marvell Technology,146.15,EUR,2026-05-06T20:59:59.000Z,CONSOLIDATED,2026-09-22T12:30:08.740Z
2026-05-07,US5738741041,Marvell Technology,136.24,EUR,2026-05-07T20:59:59.000Z,CONSOLIDATED,2026-09-22T12:30:08.740Z
2026-05-08,US5738741041,Marvell Technology,144.36,EUR,2026-05-08T20:59:58.000Z,CONSOLIDATED,2026-09-22T12:30:08.740Z
2026-05-11,US5738741041,Marvell Technology,144.92,EUR,2026-05-11T20:59:54.000Z,CONSOLIDATED,2026-09-22T12:30:08.740Z
2026-05-12,US5738741041,Marvell Technology,140.06,EUR,2026-05-12T20:59:50.000Z,CONSOLIDATED,2026-09-22T12:30:08.740Z
2026-05-13,US5738741041,Marvell Technology,154.27,EUR,2026-05-13T20:59:57.000Z,CONSOLIDATED,2026-09-22T12:30:08.740Z
2026-05-14,US5738741041,Marvell Technology,156.05,EUR,2026-05-14T20:59:46.000Z,CONSOLIDATED,2026-09-22T12:30:08.740Z
2026-05-15,US5738741041,Marvell Technology,151.65,EUR,2026-05-15T20:59:50.000Z,CONSOLIDATED,2026-09-22T12:30:08.740Z
2026-05-18,US5738741041,Marvell Technology,144.11,EUR,2026-05-18T20:58:56.000Z,CONSOLIDATED,2026-09-22T12:30:08.740Z
2026-05-19,US5738741041,Marvell Technology,152.14,EUR,2026-05-19T20:59:06.000Z,CONSOLIDATED,2026-09-22T12:30:08.740Z
2026-05-20,US5738741041,Marvell Technology,162.46,EUR,2026-05-20T20:59:58.000Z,CONSOLIDATED,2026-09-22T12:30:08.740Z
2026-05-21,US5738741041,Marvell Technology,164.09,EUR,2026-05-21T20:59:57.000Z,CONSOLIDATED,2026-09-22T12:30:08.740Z
2026-05-22,US5738741041,Marvell Technology,169.41,EUR,2026-05-22T20:59:55.000Z,CONSOLIDATED,2026-09-22T12:30:08.740Z
2026-05-25,US5738741041,Marvell Technology,176.93,EUR,2026-05-25T20:59:59.000Z,CONSOLIDATED,2026-09-22T12:30:08.740Z
2026-05-26,US5738741041,Marvell Technology,181.39,EUR,2026-05-26T20:59:59.000Z,CONSOLIDATED,2026-09-22T12:30:08.740Z
2026-05-27,US5738741041,Marvell Technology,179.93,EUR,2026-05-27T20:59:57.000Z,CONSOLIDATED,2026-09-22T12:30:08.740Z
2026-05-28,US5738741041,Marvell Technology,174.48,EUR,2026-05-28T20:59:59.000Z,CONSOLIDATED,2026-09-22T12:30:08.740Z
2026-05-29,US5738741041,Marvell Technology,175.23,EUR,2026-05-29T20:59:57.000Z,CONSOLIDATED,2026-09-22T12:30:08.740Z
2026-06-01,US5738741041,Marvell Technology,188.3,EUR,2026-06-01T20:59:56.000Z,CONSOLIDATED,2026-09-22T12:30:08.740Z
2026-06-02,US5738741041,Marvell Technology,261.225,EUR,2026-06-02T20:59:58.000Z,CONSOLIDATED,2026-09-22T12:30:08.740Z
2026-06-03,US5738741041,Marvell Technology,252.1,EUR,2026-06-03T20:59:58.000Z,CONSOLIDATED,2026-09-22T12:30:08.740Z
2026-06-04,US5738741041,Marvell Technology,267.75,EUR,2026-06-04T20:59:56.000Z,CONSOLIDATED,2026-09-22T12:30:08.740Z
2026-06-05,US5738741041,Marvell Technology,225.9,EUR,2026-06-05T20:59:57.000Z,CONSOLIDATED,2026-09-22T12:30:08.740Z
2026-06-08,US5738741041,Marvell Technology,249.9,EUR,2026-06-08T20:59:58.000Z,CONSOLIDATED,2026-09-22T12:30:08.740Z
2026-06-09,US5738741041,Marvell Technology,234.6,EUR,2026-06-09T20:59:53.000Z,CONSOLIDATED,2026-09-22T12:30:08.740Z
2026-06-10,US5738741041,Marvell Technology,215.225,EUR,2026-06-10T20:59:34.000Z,CONSOLIDATED,2026-09-22T12:30:08.740Z
2026-06-11,US5738741041,Marvell Technology,237.45,EUR,2026-06-11T20:59:58.000Z,CONSOLIDATED,2026-09-22T12:30:08.740Z
2026-06-12,US5738741041,Marvell Technology,241.525,EUR,2026-06-12T20:59:57.000Z,CONSOLIDATED,2026-09-22T12:30:08.740Z
2026-06-15,US5738741041,Marvell Technology,263.4,EUR,2026-06-15T20:59:59.000Z,CONSOLIDATED,2026-09-22T12:30:08.740Z
2026-06-16,US5738741041,Marvell Technology,243.15,EUR,2026-06-16T20:59:58.000Z,CONSOLIDATED,2026-09-22T12:30:08.740Z
2026-06-17,US5738741041,Marvell Technology,255.45,EUR,2026-06-17T20:59:57.000Z,CONSOLIDATED,2026-09-22T12:30:08.740Z
2026-06-18,US5738741041,Marvell Technology,272.5,EUR,2026-06-18T20:59:58.000Z,CONSOLIDATED,2026-09-22T12:30:08.740Z
2026-06-19,US5738741041,Marvell Technology,276.15,EUR,2026-06-19T20:59:16.000Z,CONSOLIDATED,2026-09-22T12:30:08.740Z
2026-06-22,US5738741041,Marvell Technology,268.7,EUR,2026-06-22T20:59:28.000Z,CONSOLIDATED,2026-09-22T12:30:08.740Z
2026-06-23,US5738741041,Marvell Technology,246.6,EUR,2026-06-23T20:59:58.000Z,CONSOLIDATED,2026-09-22T12:30:08.740Z
2026-06-24,US5738741041,Marvell Technology,253.6,EUR,2026-06-24T20:59:59.000Z,CONSOLIDATED,2026-09-22T12:30:08.740Z
2026-06-25,US5738741041,Marvell Technology,246.9,EUR,2026-06-25T20:59:58.000Z,CONSOLIDATED,2026-09-22T12:30:08.740Z
2026-06-26,US5738741041,Marvell Technology,232.475,EUR,2026-06-26T20:59:54.000Z,CONSOLIDATED,2026-09-22T12:30:08.740Z
2026-06-29,US5738741041,Marvell Technology,240.625,EUR,2026-06-29T20:59:45.000Z,CONSOLIDATED,2026-09-22T12:30:08.740Z
2026-06-30,US5738741041,Marvell Technology,259.35,EUR,2026-06-30T20:59:57.000Z,CONSOLIDATED,2026-09-22T12:30:08.740Z
2026-07-01,US5738741041,Marvell Technology,238.875,EUR,2026-07-01T20:59:56.000Z,CONSOLIDATED,2026-09-22T12:30:08.740Z
2026-07-02,US5738741041,Marvell Technology,215.725,EUR,2026-07-02T20:59:41.000Z,CONSOLIDATED,2026-09-22T12:30:08.740Z
2026-07-03,US5738741041,Marvell Technology,224.875,EUR,2026-07-03T20:58:23.000Z,CONSOLIDATED,2026-09-22T12:30:08.740Z
2026-07-06,US5738741041,Marvell Technology,217.175,EUR,2026-07-06T20:59:58.000Z,CONSOLIDATED,2026-09-22T12:30:08.740Z
2026-07-07,US5738741041,Marvell Technology,203.55,EUR,2026-07-07T20:59:05.000Z,CONSOLIDATED,2026-09-22T12:30:08.740Z
2026-07-08,US5738741041,Marvell Technology,202.825,EUR,2026-07-08T20:59:51.000Z,CONSOLIDATED,2026-09-22T12:30:08.740Z
2026-07-09,US5738741041,Marvell Technology,213.8,EUR,2026-07-09T20:59:58.000Z,CONSOLIDATED,2026-09-22T12:30:08.740Z
2026-07-10,US5738741041,Marvell Technology,207.575,EUR,2026-07-10T20:59:08.000Z,CONSOLIDATED,2026-09-22T12:30:08.740Z
2026-07-13,US5738741041,Marvell Technology,190.16,EUR,2026-07-13T20:59:57.000Z,CONSOLIDATED,2026-09-22T12:30:08.740Z
2026-07-14,US5738741041,Marvell Technology,194.15,EUR,2026-07-14T20:59:58.000Z,CONSOLIDATED,2026-09-22T12:30:08.740Z
2026-07-15,US5738741041,Marvell Technology,180.46,EUR,2026-07-15T20:59:53.000Z,CONSOLIDATED,2026-09-22T12:30:08.740Z
2026-07-16,US5738741041,Marvell Technology,164.35,EUR,2026-07-16T20:59:58.000Z,CONSOLIDATED,2026-09-22T12:30:08.740Z
2026-07-17,US5738741041,Marvell Technology,164.5,EUR,2026-07-17T20:59:48.000Z,CONSOLIDATED,2026-09-22T12:30:08.740Z
2026-07-20,US5738741041,Marvell Technology,170.77,EUR,2026-07-20T20:59:57.000Z,CONSOLIDATED,2026-09-22T12:30:08.740Z
2026-07-21,US5738741041,Marvell Technology,184.28,EUR,2026-07-21T20:59:58.000Z,CONSOLIDATED,2026-09-22T12:30:08.740Z
2026-07-22,US5738741041,Marvell Technology,185.64,EUR,2026-07-22T20:59:55.000Z,CONSOLIDATED,2026-09-22T12:30:08.740Z
2026-07-23,US5738741041,Marvell Technology,185.7,EUR,2026-07-23T20:59:57.000Z,CONSOLIDATED,2026-09-22T12:30:08.740Z
2026-07-24,US5738741041,Marvell Technology,170.2,EUR,2026-07-24T20:59:52.000Z,CONSOLIDATED,2026-09-22T12:30:08.740Z
2026-07-27,US5738741041,Marvell Technology,166.73,EUR,2026-07-27T20:59:58.000Z,CONSOLIDATED,2026-09-22T12:30:08.740Z
2026-07-28,US5738741041,Marvell Technology,153.72,EUR,2026-07-28T20:59:58.000Z,CONSOLIDATED,2026-09-22T12:30:08.740Z
2026-07-29,US5738741041,Marvell Technology,139.88,EUR,2026-07-29T20:59:58.000Z,CONSOLIDATED,2026-09-22T12:30:08.740Z
2026-07-30,US5738741041,Marvell Technology,162.44,EUR,2026-07-30T20:59:58.000Z,CONSOLIDATED,2026-09-22T12:30:08.740Z
2026-07-31,US5738741041,Marvell Technology,161.83,EUR,2026-07-31T20:59:58.000Z,CONSOLIDATED,2026-09-22T12:30:08.740Z
2026-08-03,US5738741041,Marvell Technology,169.77,EUR,2026-08-03T20:59:58.000Z,CONSOLIDATED,2026-09-22T12:30:08.740Z
2026-08-04,US5738741041,Marvell Technology,187.6,EUR,2026-08-04T20:59:57.000Z,CONSOLIDATED,2026-09-22T12:30:08.740Z
2026-08-05,US5738741041,Marvell Technology,182.62,EUR,2026-08-05T20:59:58.000Z,CONSOLIDATED,2026-09-22T12:30:08.740Z
2026-08-06,US5738741041,Marvell Technology,182.61,EUR,2026-08-06T20:59:58.000Z,CONSOLIDATED,2026-09-22T12:30:08.740Z
2026-08-07,US5738741041,Marvell Technology,188.72,EUR,2026-08-07T20:59:58.000Z,CONSOLIDATED,2026-09-22T12:30:08.740Z
2026-08-10,US5738741041,Marvell Technology,181.91,EUR,2026-08-10T20:59:58.000Z,CONSOLIDATED,2026-09-22T12:30:08.740Z
2026-08-11,US5738741041,Marvell Technology,184.7,EUR,2026-08-11T20:59:55.000Z,CONSOLIDATED,2026-09-22T12:30:08.740Z
2026-08-12,US5738741041,Marvell Technology,188.5,EUR,2026-08-12T20:59:58.000Z,CONSOLIDATED,2026-09-22T12:30:08.740Z
2026-08-13,US5738741041,Marvell Technology,194.62,EUR,2026-08-13T20:59:57.000Z,CONSOLIDATED,2026-09-22T12:30:08.740Z
2026-08-14,US5738741041,Marvell Technology,191.8,EUR,2026-08-14T20:59:58.000Z,CONSOLIDATED,2026-09-22T12:30:08.740Z
2026-08-17,US5738741041,Marvell Technology,201.95,EUR,2026-08-17T20:59:57.000Z,CONSOLIDATED,2026-09-22T12:30:08.740Z
2026-08-18,US5738741041,Marvell Technology,186.51,EUR,2026-08-18T20:59:47.000Z,CONSOLIDATED,2026-09-22T12:30:08.740Z
2026-08-19,US5738741041,Marvell Technology,204.425,EUR,2026-08-19T20:59:58.000Z,CONSOLIDATED,2026-09-22T12:30:08.740Z
2026-08-20,US5738741041,Marvell Technology,214.025,EUR,2026-08-20T20:59:56.000Z,CONSOLIDATED,2026-09-22T12:30:08.740Z
2026-08-21,US5738741041,Marvell Technology,202.95,EUR,2026-08-21T20:59:54.000Z,CONSOLIDATED,2026-09-22T12:30:08.740Z
2026-08-24,US5738741041,Marvell Technology,196.78,EUR,2026-08-24T20:59:55.000Z,CONSOLIDATED,2026-09-22T12:30:08.740Z
2026-08-25,US5738741041,Marvell Technology,206.45,EUR,2026-08-25T20:59:54.000Z,CONSOLIDATED,2026-09-22T12:30:08.740Z
2026-08-26,US5738741041,Marvell Technology,215.225,EUR,2026-08-26T20:59:51.000Z,CONSOLIDATED,2026-09-22T12:30:08.740Z
2026-08-27,US5738741041,Marvell Technology,202.35,EUR,2026-08-27T20:59:58.000Z,CONSOLIDATED,2026-09-22T12:30:08.740Z
2026-08-28,US5738741041,Marvell Technology,187.23,EUR,2026-08-28T20:59:58.000Z,CONSOLIDATED,2026-09-22T12:30:08.740Z
2026-08-31,US5738741041,Marvell Technology,182.33,EUR,2026-08-31T20:59:58.000Z,CONSOLIDATED,2026-09-22T12:30:08.740Z
2026-09-01,US5738741041,Marvell Technology,179.73,EUR,2026-09-01T20:59:30.000Z,CONSOLIDATED,2026-09-22T12:30:08.740Z
2026-09-02,US5738741041,Marvell Technology,177,EUR,2026-09-02T20:59:51.000Z,CONSOLIDATED,2026-09-22T12:30:08.740Z
2026-09-03,US5738741041,Marvell Technology,179.28,EUR,2026-09-03T20:59:57.000Z,CONSOLIDATED,2026-09-22T12:30:08.740Z
2026-09-04,US5738741041,Marvell Technology,191.52,EUR,2026-09-04T20:59:53.000Z,CONSOLIDATED,2026-09-22T12:30:08.740Z
2026-09-07,US5738741041,Marvell Technology,191.74,EUR,2026-09-07T20:59:09.000Z,CONSOLIDATED,2026-09-22T12:30:08.740Z
2026-09-08,US5738741041,Marvell Technology,193.77,EUR,2026-09-08T20:59:55.000Z,CONSOLIDATED,2026-09-22T12:30:08.740Z
2026-09-09,US5738741041,Marvell Technology,202.175,EUR,2026-09-09T20:59:55.000Z,CONSOLIDATED,2026-09-22T12:30:08.740Z
2026-09-10,US5738741041,Marvell Technology,195.65,EUR,2026-09-10T20:59:57.000Z,CONSOLIDATED,2026-09-22T12:30:08.740Z
2026-09-11,US5738741041,Marvell Technology,203.4,EUR,2026-09-11T20:59:55.000Z,CONSOLIDATED,2026-09-22T12:30:08.740Z
2026-09-14,US5738741041,Marvell Technology,190.75,EUR,2026-09-14T20:59:55.000Z,CONSOLIDATED,2026-09-22T12:30:08.740Z
2026-09-15,US5738741041,Marvell Technology,192.36,EUR,2026-09-15T20:59:57.000Z,CONSOLIDATED,2026-09-22T12:30:08.740Z
2026-09-16,US5738741041,Marvell Technology,200.525,EUR,2026-09-16T20:59:58.000Z,CONSOLIDATED,2026-09-22T12:30:08.740Z
2026-09-17,US5738741041,Marvell Technology,209.5,EUR,2026-09-17T20:59:52.000Z,CONSOLIDATED,2026-09-22T12:30:08.740Z
2026-09-18,US5738741041,Marvell Technology,211.325,EUR,2026-09-18T20:59:42.000Z,CONSOLIDATED,2026-09-22T12:30:08.740Z
2026-09-21,US5738741041,Marvell Technology,224.225,EUR,2026-09-21T20:59:56.000Z,CONSOLIDATED,2026-09-22T12:30:08.740Z
2026-01-02,US5951121038,Micron Technology,271.125,EUR,2026-01-02T21:59:57.000Z,CONSOLIDATED,2026-09-22T12:30:09.647Z
2026-01-05,US5951121038,Micron Technology,266.925,EUR,2026-01-05T21:59:03.000Z,CONSOLIDATED,2026-09-22T12:30:09.647Z
2026-01-06,US5951121038,Micron Technology,295.1,EUR,2026-01-06T21:59:57.000Z,CONSOLIDATED,2026-09-22T12:30:09.647Z
2026-01-07,US5951121038,Micron Technology,291.625,EUR,2026-01-07T21:59:45.000Z,CONSOLIDATED,2026-09-22T12:30:09.647Z
2026-01-08,US5951121038,Micron Technology,280.35,EUR,2026-01-08T21:59:55.000Z,CONSOLIDATED,2026-09-22T12:30:09.647Z
2026-01-09,US5951121038,Micron Technology,296.675,EUR,2026-01-09T21:59:01.000Z,CONSOLIDATED,2026-09-22T12:30:09.647Z
2026-01-12,US5951121038,Micron Technology,296.575,EUR,2026-01-12T21:59:57.000Z,CONSOLIDATED,2026-09-22T12:30:09.647Z
2026-01-13,US5951121038,Micron Technology,291.025,EUR,2026-01-13T21:59:57.000Z,CONSOLIDATED,2026-09-22T12:30:09.647Z
2026-01-14,US5951121038,Micron Technology,284.925,EUR,2026-01-14T21:59:53.000Z,CONSOLIDATED,2026-09-22T12:30:09.647Z
2026-01-15,US5951121038,Micron Technology,291.325,EUR,2026-01-15T21:59:41.000Z,CONSOLIDATED,2026-09-22T12:30:09.647Z
2026-01-16,US5951121038,Micron Technology,312.9,EUR,2026-01-16T21:59:56.000Z,CONSOLIDATED,2026-09-22T12:30:09.647Z
2026-01-19,US5951121038,Micron Technology,310.525,EUR,2026-01-19T21:01:13.000Z,CONSOLIDATED,2026-09-22T12:30:09.647Z
2026-01-20,US5951121038,Micron Technology,312.875,EUR,2026-01-20T21:59:46.000Z,CONSOLIDATED,2026-09-22T12:30:09.647Z
2026-01-21,US5951121038,Micron Technology,335.325,EUR,2026-01-21T21:59:47.000Z,CONSOLIDATED,2026-09-22T12:30:09.647Z
2026-01-22,US5951121038,Micron Technology,335.65,EUR,2026-01-22T21:59:57.000Z,CONSOLIDATED,2026-09-22T12:30:09.647Z
2026-01-23,US5951121038,Micron Technology,337.325,EUR,2026-01-23T21:59:56.000Z,CONSOLIDATED,2026-09-22T12:30:09.647Z
2026-01-26,US5951121038,Micron Technology,327.375,EUR,2026-01-26T21:59:58.000Z,CONSOLIDATED,2026-09-22T12:30:09.647Z
2026-01-27,US5951121038,Micron Technology,341.75,EUR,2026-01-27T21:59:57.000Z,CONSOLIDATED,2026-09-22T12:30:09.647Z
2026-01-28,US5951121038,Micron Technology,371.525,EUR,2026-01-28T21:59:58.000Z,CONSOLIDATED,2026-09-22T12:30:09.647Z
2026-01-29,US5951121038,Micron Technology,372.75,EUR,2026-01-29T21:59:58.000Z,CONSOLIDATED,2026-09-22T12:30:09.647Z
2026-01-30,US5951121038,Micron Technology,348.9,EUR,2026-01-30T21:59:58.000Z,CONSOLIDATED,2026-09-22T12:30:09.647Z
2026-02-02,US5951121038,Micron Technology,373.425,EUR,2026-02-02T21:59:58.000Z,CONSOLIDATED,2026-09-22T12:30:09.647Z
2026-02-03,US5951121038,Micron Technology,354.75,EUR,2026-02-03T21:59:57.000Z,CONSOLIDATED,2026-09-22T12:30:09.647Z
2026-02-04,US5951121038,Micron Technology,332.5,EUR,2026-02-04T21:59:58.000Z,CONSOLIDATED,2026-09-22T12:30:09.647Z
2026-02-05,US5951121038,Micron Technology,314.85,EUR,2026-02-05T21:59:58.000Z,CONSOLIDATED,2026-09-22T12:30:09.647Z
2026-02-06,US5951121038,Micron Technology,334.1,EUR,2026-02-06T21:59:21.000Z,CONSOLIDATED,2026-09-22T12:30:09.647Z
2026-02-09,US5951121038,Micron Technology,321.325,EUR,2026-02-09T21:59:58.000Z,CONSOLIDATED,2026-09-22T12:30:09.647Z
2026-02-10,US5951121038,Micron Technology,313.1,EUR,2026-02-10T21:59:57.000Z,CONSOLIDATED,2026-09-22T12:30:09.647Z
2026-02-11,US5951121038,Micron Technology,348.95,EUR,2026-02-11T21:59:57.000Z,CONSOLIDATED,2026-09-22T12:30:09.647Z
2026-02-12,US5951121038,Micron Technology,351.65,EUR,2026-02-12T21:59:57.000Z,CONSOLIDATED,2026-09-22T12:30:09.647Z
2026-02-13,US5951121038,Micron Technology,346.075,EUR,2026-02-13T21:59:57.000Z,CONSOLIDATED,2026-09-22T12:30:09.647Z
2026-02-16,US5951121038,Micron Technology,342.65,EUR,2026-02-16T21:00:00.000Z,CONSOLIDATED,2026-09-22T12:30:09.647Z
2026-02-17,US5951121038,Micron Technology,335.225,EUR,2026-02-17T21:59:50.000Z,CONSOLIDATED,2026-09-22T12:30:09.647Z
2026-02-18,US5951121038,Micron Technology,358.975,EUR,2026-02-18T21:59:58.000Z,CONSOLIDATED,2026-09-22T12:30:09.647Z
2026-02-19,US5951121038,Micron Technology,353.55,EUR,2026-02-19T21:59:55.000Z,CONSOLIDATED,2026-09-22T12:30:09.647Z
2026-02-20,US5951121038,Micron Technology,362.425,EUR,2026-02-20T21:59:50.000Z,CONSOLIDATED,2026-09-22T12:30:09.647Z
2026-02-23,US5951121038,Micron Technology,356.55,EUR,2026-02-23T21:59:29.000Z,CONSOLIDATED,2026-09-22T12:30:09.647Z
2026-02-24,US5951121038,Micron Technology,354.375,EUR,2026-02-24T21:59:45.000Z,CONSOLIDATED,2026-09-22T12:30:09.647Z
2026-02-25,US5951121038,Micron Technology,364.75,EUR,2026-02-25T21:59:56.000Z,CONSOLIDATED,2026-09-22T12:30:09.647Z
2026-02-26,US5951121038,Micron Technology,350.825,EUR,2026-02-26T21:59:58.000Z,CONSOLIDATED,2026-09-22T12:30:09.647Z
2026-02-27,US5951121038,Micron Technology,348.475,EUR,2026-02-27T21:59:58.000Z,CONSOLIDATED,2026-09-22T12:30:09.647Z
2026-03-02,US5951121038,Micron Technology,352.2,EUR,2026-03-02T21:59:53.000Z,CONSOLIDATED,2026-09-22T12:30:09.647Z
2026-03-03,US5951121038,Micron Technology,324.8,EUR,2026-03-03T21:59:52.000Z,CONSOLIDATED,2026-09-22T12:30:09.647Z
2026-03-04,US5951121038,Micron Technology,345.125,EUR,2026-03-04T21:59:39.000Z,CONSOLIDATED,2026-09-22T12:30:09.647Z
2026-03-05,US5951121038,Micron Technology,340.1,EUR,2026-03-05T21:59:56.000Z,CONSOLIDATED,2026-09-22T12:30:09.647Z
2026-03-06,US5951121038,Micron Technology,319.825,EUR,2026-03-06T21:59:53.000Z,CONSOLIDATED,2026-09-22T12:30:09.647Z
2026-03-09,US5951121038,Micron Technology,333.8,EUR,2026-03-09T21:59:58.000Z,CONSOLIDATED,2026-09-22T12:30:09.647Z
2026-03-10,US5951121038,Micron Technology,349.1,EUR,2026-03-10T21:59:56.000Z,CONSOLIDATED,2026-09-22T12:30:09.647Z
2026-03-11,US5951121038,Micron Technology,362.125,EUR,2026-03-11T21:59:53.000Z,CONSOLIDATED,2026-09-22T12:30:09.647Z
2026-03-12,US5951121038,Micron Technology,351.7,EUR,2026-03-12T21:59:36.000Z,CONSOLIDATED,2026-09-22T12:30:09.647Z
2026-03-13,US5951121038,Micron Technology,372.175,EUR,2026-03-13T21:59:39.000Z,CONSOLIDATED,2026-09-22T12:30:09.647Z
2026-03-16,US5951121038,Micron Technology,387.575,EUR,2026-03-16T21:59:59.000Z,CONSOLIDATED,2026-09-22T12:30:09.647Z
2026-03-17,US5951121038,Micron Technology,401.825,EUR,2026-03-17T21:59:58.000Z,CONSOLIDATED,2026-09-22T12:30:09.647Z
2026-03-18,US5951121038,Micron Technology,386,EUR,2026-03-18T21:59:58.000Z,CONSOLIDATED,2026-09-22T12:30:09.647Z
2026-03-19,US5951121038,Micron Technology,384.85,EUR,2026-03-19T21:59:55.000Z,CONSOLIDATED,2026-09-22T12:30:09.647Z
2026-03-20,US5951121038,Micron Technology,369.125,EUR,2026-03-20T21:59:58.000Z,CONSOLIDATED,2026-09-22T12:30:09.647Z
2026-03-23,US5951121038,Micron Technology,348.125,EUR,2026-03-23T21:59:06.000Z,CONSOLIDATED,2026-09-22T12:30:09.647Z
2026-03-24,US5951121038,Micron Technology,344.125,EUR,2026-03-24T21:59:50.000Z,CONSOLIDATED,2026-09-22T12:30:09.647Z
2026-03-25,US5951121038,Micron Technology,328.6,EUR,2026-03-25T21:59:58.000Z,CONSOLIDATED,2026-09-22T12:30:09.647Z
2026-03-26,US5951121038,Micron Technology,310.2,EUR,2026-03-26T21:59:58.000Z,CONSOLIDATED,2026-09-22T12:30:09.647Z
2026-03-27,US5951121038,Micron Technology,308.075,EUR,2026-03-27T21:59:53.000Z,CONSOLIDATED,2026-09-22T12:30:09.647Z
2026-03-30,US5951121038,Micron Technology,280.3,EUR,2026-03-30T20:59:59.000Z,CONSOLIDATED,2026-09-22T12:30:09.647Z
2026-03-31,US5951121038,Micron Technology,291.475,EUR,2026-03-31T20:59:54.000Z,CONSOLIDATED,2026-09-22T12:30:09.647Z
2026-04-01,US5951121038,Micron Technology,319.525,EUR,2026-04-01T20:59:58.000Z,CONSOLIDATED,2026-09-22T12:30:09.647Z
2026-04-02,US5951121038,Micron Technology,316.425,EUR,2026-04-02T20:59:35.000Z,CONSOLIDATED,2026-09-22T12:30:09.647Z
2026-04-07,US5951121038,Micron Technology,327.2,EUR,2026-04-07T20:59:58.000Z,CONSOLIDATED,2026-09-22T12:30:09.647Z
2026-04-08,US5951121038,Micron Technology,346.975,EUR,2026-04-08T20:59:50.000Z,CONSOLIDATED,2026-09-22T12:30:09.647Z
2026-04-09,US5951121038,Micron Technology,359.8,EUR,2026-04-09T20:59:58.000Z,CONSOLIDATED,2026-09-22T12:30:09.647Z
2026-04-10,US5951121038,Micron Technology,358.625,EUR,2026-04-10T20:59:57.000Z,CONSOLIDATED,2026-09-22T12:30:09.647Z
2026-04-13,US5951121038,Micron Technology,366.225,EUR,2026-04-13T20:59:59.000Z,CONSOLIDATED,2026-09-22T12:30:09.647Z
2026-04-14,US5951121038,Micron Technology,391.35,EUR,2026-04-14T20:59:39.000Z,CONSOLIDATED,2026-09-22T12:30:09.647Z
2026-04-15,US5951121038,Micron Technology,385.475,EUR,2026-04-15T20:59:58.000Z,CONSOLIDATED,2026-09-22T12:30:09.647Z
2026-04-16,US5951121038,Micron Technology,385.925,EUR,2026-04-16T20:59:51.000Z,CONSOLIDATED,2026-09-22T12:30:09.647Z
2026-04-17,US5951121038,Micron Technology,386.65,EUR,2026-04-17T20:59:56.000Z,CONSOLIDATED,2026-09-22T12:30:09.647Z
2026-04-20,US5951121038,Micron Technology,379.525,EUR,2026-04-20T20:59:53.000Z,CONSOLIDATED,2026-09-22T12:30:09.647Z
2026-04-21,US5951121038,Micron Technology,385.15,EUR,2026-04-21T20:59:58.000Z,CONSOLIDATED,2026-09-22T12:30:09.647Z
2026-04-22,US5951121038,Micron Technology,417.975,EUR,2026-04-22T20:59:57.000Z,CONSOLIDATED,2026-09-22T12:30:09.647Z
2026-04-23,US5951121038,Micron Technology,412.875,EUR,2026-04-23T20:59:58.000Z,CONSOLIDATED,2026-09-22T12:30:09.647Z
2026-04-24,US5951121038,Micron Technology,422.85,EUR,2026-04-24T20:59:56.000Z,CONSOLIDATED,2026-09-22T12:30:09.647Z
2026-04-27,US5951121038,Micron Technology,445.9,EUR,2026-04-27T20:59:58.000Z,CONSOLIDATED,2026-09-22T12:30:09.647Z
2026-04-28,US5951121038,Micron Technology,438.475,EUR,2026-04-28T20:59:57.000Z,CONSOLIDATED,2026-09-22T12:30:09.647Z
2026-04-29,US5951121038,Micron Technology,440.4,EUR,2026-04-29T20:59:58.000Z,CONSOLIDATED,2026-09-22T12:30:09.647Z
2026-04-30,US5951121038,Micron Technology,431,EUR,2026-04-30T20:59:57.000Z,CONSOLIDATED,2026-09-22T12:30:09.647Z
2026-05-04,US5951121038,Micron Technology,495.4,EUR,2026-05-04T20:59:58.000Z,CONSOLIDATED,2026-09-22T12:30:09.647Z
2026-05-05,US5951121038,Micron Technology,552.55,EUR,2026-05-05T20:59:56.000Z,CONSOLIDATED,2026-09-22T12:30:09.647Z
2026-05-06,US5951121038,Micron Technology,562.6,EUR,2026-05-06T20:59:58.000Z,CONSOLIDATED,2026-09-22T12:30:09.647Z
2026-05-07,US5951121038,Micron Technology,548.3,EUR,2026-05-07T20:59:59.000Z,CONSOLIDATED,2026-09-22T12:30:09.647Z
2026-05-08,US5951121038,Micron Technology,632.05,EUR,2026-05-08T20:59:57.000Z,CONSOLIDATED,2026-09-22T12:30:09.647Z
2026-05-11,US5951121038,Micron Technology,673.35,EUR,2026-05-11T20:59:59.000Z,CONSOLIDATED,2026-09-22T12:30:09.647Z
2026-05-12,US5951121038,Micron Technology,653.4,EUR,2026-05-12T20:59:50.000Z,CONSOLIDATED,2026-09-22T12:30:09.647Z
2026-05-13,US5951121038,Micron Technology,683.25,EUR,2026-05-13T20:59:59.000Z,CONSOLIDATED,2026-09-22T12:30:09.647Z
2026-05-14,US5951121038,Micron Technology,670,EUR,2026-05-14T20:59:58.000Z,CONSOLIDATED,2026-09-22T12:30:09.647Z
2026-05-15,US5951121038,Micron Technology,624.25,EUR,2026-05-15T20:59:58.000Z,CONSOLIDATED,2026-09-22T12:30:09.647Z
2026-05-18,US5951121038,Micron Technology,582.8,EUR,2026-05-18T20:59:59.000Z,CONSOLIDATED,2026-09-22T12:30:09.647Z
2026-05-19,US5951121038,Micron Technology,603.25,EUR,2026-05-19T20:59:55.000Z,CONSOLIDATED,2026-09-22T12:30:09.647Z
2026-05-20,US5951121038,Micron Technology,626.4,EUR,2026-05-20T20:59:58.000Z,CONSOLIDATED,2026-09-22T12:30:09.647Z
2026-05-21,US5951121038,Micron Technology,653.1,EUR,2026-05-21T20:59:57.000Z,CONSOLIDATED,2026-09-22T12:30:09.647Z
2026-05-22,US5951121038,Micron Technology,646.15,EUR,2026-05-22T20:59:58.000Z,CONSOLIDATED,2026-09-22T12:30:09.647Z
2026-05-25,US5951121038,Micron Technology,674.55,EUR,2026-05-25T20:56:16.000Z,CONSOLIDATED,2026-09-22T12:30:09.647Z
2026-05-26,US5951121038,Micron Technology,775.05,EUR,2026-05-26T20:59:59.000Z,CONSOLIDATED,2026-09-22T12:30:09.647Z
2026-05-27,US5951121038,Micron Technology,801.15,EUR,2026-05-27T20:59:58.000Z,CONSOLIDATED,2026-09-22T12:30:09.647Z
2026-05-28,US5951121038,Micron Technology,795.9,EUR,2026-05-28T20:59:57.000Z,CONSOLIDATED,2026-09-22T12:30:09.647Z
2026-05-29,US5951121038,Micron Technology,828.1,EUR,2026-05-29T20:59:57.000Z,CONSOLIDATED,2026-09-22T12:30:09.647Z
2026-06-01,US5951121038,Micron Technology,893.1,EUR,2026-06-01T20:59:57.000Z,CONSOLIDATED,2026-09-22T12:30:09.647Z
2026-06-02,US5951121038,Micron Technology,918,EUR,2026-06-02T20:59:56.000Z,CONSOLIDATED,2026-09-22T12:30:09.647Z
2026-06-03,US5951121038,Micron Technology,914.55,EUR,2026-06-03T20:59:57.000Z,CONSOLIDATED,2026-09-22T12:30:09.647Z
2026-06-04,US5951121038,Micron Technology,851.55,EUR,2026-06-04T20:59:53.000Z,CONSOLIDATED,2026-09-22T12:30:09.647Z
2026-06-05,US5951121038,Micron Technology,749.3,EUR,2026-06-05T20:59:58.000Z,CONSOLIDATED,2026-09-22T12:30:09.647Z
2026-06-08,US5951121038,Micron Technology,820.15,EUR,2026-06-08T20:59:59.000Z,CONSOLIDATED,2026-09-22T12:30:09.647Z
2026-06-09,US5951121038,Micron Technology,812,EUR,2026-06-09T20:59:57.000Z,CONSOLIDATED,2026-09-22T12:30:09.647Z
2026-06-10,US5951121038,Micron Technology,762.7,EUR,2026-06-10T20:59:52.000Z,CONSOLIDATED,2026-09-22T12:30:09.647Z
2026-06-11,US5951121038,Micron Technology,848.45,EUR,2026-06-11T20:59:57.000Z,CONSOLIDATED,2026-09-22T12:30:09.647Z
2026-06-12,US5951121038,Micron Technology,850.5,EUR,2026-06-12T20:59:52.000Z,CONSOLIDATED,2026-09-22T12:30:09.647Z
2026-06-15,US5951121038,Micron Technology,932.5,EUR,2026-06-15T20:59:58.000Z,CONSOLIDATED,2026-09-22T12:30:09.647Z
2026-06-16,US5951121038,Micron Technology,887.55,EUR,2026-06-16T20:59:59.000Z,CONSOLIDATED,2026-09-22T12:30:09.647Z
2026-06-17,US5951121038,Micron Technology,921.15,EUR,2026-06-17T20:59:58.000Z,CONSOLIDATED,2026-09-22T12:30:09.647Z
2026-06-18,US5951121038,Micron Technology,994.2,EUR,2026-06-18T20:59:58.000Z,CONSOLIDATED,2026-09-22T12:30:09.647Z
2026-06-19,US5951121038,Micron Technology,992.95,EUR,2026-06-19T20:57:27.000Z,CONSOLIDATED,2026-09-22T12:30:09.647Z
2026-06-22,US5951121038,Micron Technology,1089.6,EUR,2026-06-22T20:59:50.000Z,CONSOLIDATED,2026-09-22T12:30:09.647Z
2026-06-23,US5951121038,Micron Technology,931.6,EUR,2026-06-23T20:59:57.000Z,CONSOLIDATED,2026-09-22T12:30:09.647Z
2026-06-24,US5951121038,Micron Technology,1057.1,EUR,2026-06-24T20:59:59.000Z,CONSOLIDATED,2026-09-22T12:30:09.647Z
2026-06-25,US5951121038,Micron Technology,1060.6,EUR,2026-06-25T20:59:58.000Z,CONSOLIDATED,2026-09-22T12:30:09.647Z
2026-06-26,US5951121038,Micron Technology,993.2,EUR,2026-06-26T20:59:54.000Z,CONSOLIDATED,2026-09-22T12:30:09.647Z
2026-06-29,US5951121038,Micron Technology,996.65,EUR,2026-06-29T20:59:58.000Z,CONSOLIDATED,2026-09-22T12:30:09.647Z
2026-06-30,US5951121038,Micron Technology,1005.2,EUR,2026-06-30T20:59:51.000Z,CONSOLIDATED,2026-09-22T12:30:09.647Z
2026-07-01,US5951121038,Micron Technology,910.1,EUR,2026-07-01T20:59:52.000Z,CONSOLIDATED,2026-09-22T12:30:09.647Z
2026-07-02,US5951121038,Micron Technology,855.45,EUR,2026-07-02T20:59:58.000Z,CONSOLIDATED,2026-09-22T12:30:09.647Z
2026-07-03,US5951121038,Micron Technology,911,EUR,2026-07-03T20:57:35.000Z,CONSOLIDATED,2026-09-22T12:30:09.647Z
2026-07-06,US5951121038,Micron Technology,862.4,EUR,2026-07-06T20:59:58.000Z,CONSOLIDATED,2026-09-22T12:30:09.647Z
2026-07-07,US5951121038,Micron Technology,821.5,EUR,2026-07-07T20:59:49.000Z,CONSOLIDATED,2026-09-22T12:30:09.647Z
2026-07-08,US5951121038,Micron Technology,824.25,EUR,2026-07-08T20:59:57.000Z,CONSOLIDATED,2026-09-22T12:30:09.647Z
2026-07-09,US5951121038,Micron Technology,866.95,EUR,2026-07-09T20:59:58.000Z,CONSOLIDATED,2026-09-22T12:30:09.647Z
2026-07-10,US5951121038,Micron Technology,858.95,EUR,2026-07-10T20:59:58.000Z,CONSOLIDATED,2026-09-22T12:30:09.647Z
2026-07-13,US5951121038,Micron Technology,816.85,EUR,2026-07-13T20:59:57.000Z,CONSOLIDATED,2026-09-22T12:30:09.647Z
2026-07-14,US5951121038,Micron Technology,859.35,EUR,2026-07-14T20:59:36.000Z,CONSOLIDATED,2026-09-22T12:30:09.647Z
2026-07-15,US5951121038,Micron Technology,788.7,EUR,2026-07-15T20:59:30.000Z,CONSOLIDATED,2026-09-22T12:30:09.647Z
2026-07-16,US5951121038,Micron Technology,748.75,EUR,2026-07-16T20:59:58.000Z,CONSOLIDATED,2026-09-22T12:30:09.647Z
2026-07-17,US5951121038,Micron Technology,738.7,EUR,2026-07-17T20:59:57.000Z,CONSOLIDATED,2026-09-22T12:30:09.647Z
2026-07-20,US5951121038,Micron Technology,763.75,EUR,2026-07-20T20:59:57.000Z,CONSOLIDATED,2026-09-22T12:30:09.647Z
2026-07-21,US5951121038,Micron Technology,858.75,EUR,2026-07-21T20:59:57.000Z,CONSOLIDATED,2026-09-22T12:30:09.647Z
2026-07-22,US5951121038,Micron Technology,854.2,EUR,2026-07-22T20:59:58.000Z,CONSOLIDATED,2026-09-22T12:30:09.647Z
2026-07-23,US5951121038,Micron Technology,874.35,EUR,2026-07-23T20:59:58.000Z,CONSOLIDATED,2026-09-22T12:30:09.647Z
2026-07-24,US5951121038,Micron Technology,809.65,EUR,2026-07-24T20:59:57.000Z,CONSOLIDATED,2026-09-22T12:30:09.647Z
2026-07-27,US5951121038,Micron Technology,788.1,EUR,2026-07-27T20:59:57.000Z,CONSOLIDATED,2026-09-22T12:30:09.647Z
2026-07-28,US5951121038,Micron Technology,725.9,EUR,2026-07-28T20:59:57.000Z,CONSOLIDATED,2026-09-22T12:30:09.647Z
2026-07-29,US5951121038,Micron Technology,624.8,EUR,2026-07-29T20:59:58.000Z,CONSOLIDATED,2026-09-22T12:30:09.647Z
2026-07-30,US5951121038,Micron Technology,770.9,EUR,2026-07-30T20:59:58.000Z,CONSOLIDATED,2026-09-22T12:30:09.647Z
2026-07-31,US5951121038,Micron Technology,709.55,EUR,2026-07-31T20:59:58.000Z,CONSOLIDATED,2026-09-22T12:30:09.647Z
2026-08-03,US5951121038,Micron Technology,719.95,EUR,2026-08-03T20:59:48.000Z,CONSOLIDATED,2026-09-22T12:30:09.647Z
2026-08-04,US5951121038,Micron Technology,763.6,EUR,2026-08-04T20:59:56.000Z,CONSOLIDATED,2026-09-22T12:30:09.647Z
2026-08-05,US5951121038,Micron Technology,775.7,EUR,2026-08-05T20:59:58.000Z,CONSOLIDATED,2026-09-22T12:30:09.647Z
2026-08-06,US5951121038,Micron Technology,768.55,EUR,2026-08-06T20:59:57.000Z,CONSOLIDATED,2026-09-22T12:30:09.647Z
2026-08-07,US5951121038,Micron Technology,758.3,EUR,2026-08-07T20:59:58.000Z,CONSOLIDATED,2026-09-22T12:30:09.647Z
2026-08-10,US5951121038,Micron Technology,750.95,EUR,2026-08-10T20:59:58.000Z,CONSOLIDATED,2026-09-22T12:30:09.647Z
2026-08-11,US5951121038,Micron Technology,750.1,EUR,2026-08-11T20:59:57.000Z,CONSOLIDATED,2026-09-22T12:30:09.647Z
2026-08-12,US5951121038,Micron Technology,792.5,EUR,2026-08-12T20:59:54.000Z,CONSOLIDATED,2026-09-22T12:30:09.647Z
2026-08-13,US5951121038,Micron Technology,833.35,EUR,2026-08-13T20:59:55.000Z,CONSOLIDATED,2026-09-22T12:30:09.647Z
2026-08-14,US5951121038,Micron Technology,839,EUR,2026-08-14T20:59:55.000Z,CONSOLIDATED,2026-09-22T12:30:09.647Z
2026-08-17,US5951121038,Micron Technology,872.5,EUR,2026-08-17T20:59:58.000Z,CONSOLIDATED,2026-09-22T12:30:09.647Z
2026-08-18,US5951121038,Micron Technology,811.35,EUR,2026-08-18T20:59:57.000Z,CONSOLIDATED,2026-09-22T12:30:09.647Z
2026-08-19,US5951121038,Micron Technology,804.75,EUR,2026-08-19T20:59:57.000Z,CONSOLIDATED,2026-09-22T12:30:09.647Z
2026-08-20,US5951121038,Micron Technology,832.85,EUR,2026-08-20T20:59:51.000Z,CONSOLIDATED,2026-09-22T12:30:09.647Z
2026-08-21,US5951121038,Micron Technology,826.3,EUR,2026-08-21T20:59:54.000Z,CONSOLIDATED,2026-09-22T12:30:09.647Z
2026-08-24,US5951121038,Micron Technology,780.05,EUR,2026-08-24T20:59:53.000Z,CONSOLIDATED,2026-09-22T12:30:09.647Z
2026-08-25,US5951121038,Micron Technology,799.2,EUR,2026-08-25T20:59:58.000Z,CONSOLIDATED,2026-09-22T12:30:09.647Z
2026-08-26,US5951121038,Micron Technology,816.6,EUR,2026-08-26T20:59:57.000Z,CONSOLIDATED,2026-09-22T12:30:09.647Z
2026-08-27,US5951121038,Micron Technology,795.8,EUR,2026-08-27T20:59:55.000Z,CONSOLIDATED,2026-09-22T12:30:09.647Z
2026-08-28,US5951121038,Micron Technology,804.7,EUR,2026-08-28T20:59:58.000Z,CONSOLIDATED,2026-09-22T12:30:09.647Z
2026-08-31,US5951121038,Micron Technology,821.45,EUR,2026-08-31T20:59:51.000Z,CONSOLIDATED,2026-09-22T12:30:09.647Z
2026-09-01,US5951121038,Micron Technology,804.25,EUR,2026-09-01T20:59:58.000Z,CONSOLIDATED,2026-09-22T12:30:09.647Z
2026-09-02,US5951121038,Micron Technology,819.75,EUR,2026-09-02T20:59:57.000Z,CONSOLIDATED,2026-09-22T12:30:09.647Z
2026-09-03,US5951121038,Micron Technology,820.95,EUR,2026-09-03T20:59:57.000Z,CONSOLIDATED,2026-09-22T12:30:09.647Z
2026-09-04,US5951121038,Micron Technology,872.6,EUR,2026-09-04T20:59:58.000Z,CONSOLIDATED,2026-09-22T12:30:09.647Z
2026-09-07,US5951121038,Micron Technology,894.25,EUR,2026-09-07T20:59:51.000Z,CONSOLIDATED,2026-09-22T12:30:09.647Z
2026-09-08,US5951121038,Micron Technology,863.4,EUR,2026-09-08T20:59:56.000Z,CONSOLIDATED,2026-09-22T12:30:09.647Z
2026-09-09,US5951121038,Micron Technology,883,EUR,2026-09-09T20:59:44.000Z,CONSOLIDATED,2026-09-22T12:30:09.647Z
2026-09-10,US5951121038,Micron Technology,841.95,EUR,2026-09-10T20:59:55.000Z,CONSOLIDATED,2026-09-22T12:30:09.647Z
2026-09-11,US5951121038,Micron Technology,840.75,EUR,2026-09-11T20:59:28.000Z,CONSOLIDATED,2026-09-22T12:30:09.647Z
2026-09-14,US5951121038,Micron Technology,802.35,EUR,2026-09-14T20:59:51.000Z,CONSOLIDATED,2026-09-22T12:30:09.647Z
2026-09-15,US5951121038,Micron Technology,803.25,EUR,2026-09-15T20:59:58.000Z,CONSOLIDATED,2026-09-22T12:30:09.647Z
2026-09-16,US5951121038,Micron Technology,810.35,EUR,2026-09-16T20:59:53.000Z,CONSOLIDATED,2026-09-22T12:30:09.647Z
2026-09-17,US5951121038,Micron Technology,854.3,EUR,2026-09-17T20:59:55.000Z,CONSOLIDATED,2026-09-22T12:30:09.647Z
2026-09-18,US5951121038,Micron Technology,883.5,EUR,2026-09-18T20:59:58.000Z,CONSOLIDATED,2026-09-22T12:30:09.647Z
2026-09-21,US5951121038,Micron Technology,909.05,EUR,2026-09-21T20:59:57.000Z,CONSOLIDATED,2026-09-22T12:30:09.647Z
2026-01-02,FI0009000681,Nokia,5.563,EUR,2026-01-02T21:53:12.000Z,CONSOLIDATED,2026-09-22T12:30:10.704Z
2026-01-05,FI0009000681,Nokia,5.549,EUR,2026-01-05T21:31:24.000Z,CONSOLIDATED,2026-09-22T12:30:10.704Z
2026-01-06,FI0009000681,Nokia,5.491,EUR,2026-01-06T20:58:45.000Z,CONSOLIDATED,2026-09-22T12:30:10.704Z
2026-01-07,FI0009000681,Nokia,5.81,EUR,2026-01-07T21:55:26.000Z,CONSOLIDATED,2026-09-22T12:30:10.704Z
2026-01-08,FI0009000681,Nokia,5.605,EUR,2026-01-08T21:36:11.000Z,CONSOLIDATED,2026-09-22T12:30:10.704Z
2026-01-09,FI0009000681,Nokia,5.583,EUR,2026-01-09T21:00:01.000Z,CONSOLIDATED,2026-09-22T12:30:10.704Z
2026-01-12,FI0009000681,Nokia,5.629,EUR,2026-01-12T21:00:01.000Z,CONSOLIDATED,2026-09-22T12:30:10.704Z
2026-01-13,FI0009000681,Nokia,5.593,EUR,2026-01-13T21:00:01.000Z,CONSOLIDATED,2026-09-22T12:30:10.704Z
2026-01-14,FI0009000681,Nokia,5.525,EUR,2026-01-14T21:00:04.000Z,CONSOLIDATED,2026-09-22T12:30:10.704Z
2026-01-15,FI0009000681,Nokia,5.723,EUR,2026-01-15T21:25:30.000Z,CONSOLIDATED,2026-09-22T12:30:10.704Z
2026-01-16,FI0009000681,Nokia,5.711,EUR,2026-01-16T21:10:07.000Z,CONSOLIDATED,2026-09-22T12:30:10.704Z
2026-01-19,FI0009000681,Nokia,5.627,EUR,2026-01-19T21:00:01.000Z,CONSOLIDATED,2026-09-22T12:30:10.704Z
2026-01-20,FI0009000681,Nokia,5.497,EUR,2026-01-20T21:17:55.000Z,CONSOLIDATED,2026-09-22T12:30:10.704Z
2026-01-21,FI0009000681,Nokia,5.555,EUR,2026-01-21T21:00:09.000Z,CONSOLIDATED,2026-09-22T12:30:10.704Z
2026-01-22,FI0009000681,Nokia,5.573,EUR,2026-01-22T21:00:01.000Z,CONSOLIDATED,2026-09-22T12:30:10.704Z
2026-01-23,FI0009000681,Nokia,5.723,EUR,2026-01-23T21:55:15.000Z,CONSOLIDATED,2026-09-22T12:30:10.704Z
2026-01-26,FI0009000681,Nokia,5.793,EUR,2026-01-26T21:16:20.000Z,CONSOLIDATED,2026-09-22T12:30:10.704Z
2026-01-27,FI0009000681,Nokia,5.777,EUR,2026-01-27T21:37:20.000Z,CONSOLIDATED,2026-09-22T12:30:10.704Z
2026-01-28,FI0009000681,Nokia,5.669,EUR,2026-01-28T21:52:06.000Z,CONSOLIDATED,2026-09-22T12:30:10.704Z
2026-01-29,FI0009000681,Nokia,5.278,EUR,2026-01-29T21:59:19.000Z,CONSOLIDATED,2026-09-22T12:30:10.704Z
2026-01-30,FI0009000681,Nokia,5.413,EUR,2026-01-30T21:00:02.000Z,CONSOLIDATED,2026-09-22T12:30:10.704Z
2026-02-02,FI0009000681,Nokia,5.582,EUR,2026-02-02T21:00:05.000Z,CONSOLIDATED,2026-09-22T12:30:10.704Z
2026-02-03,FI0009000681,Nokia,5.65,EUR,2026-02-03T21:03:59.000Z,CONSOLIDATED,2026-09-22T12:30:10.704Z
2026-02-04,FI0009000681,Nokia,5.759,EUR,2026-02-04T21:00:02.000Z,CONSOLIDATED,2026-09-22T12:30:10.704Z
2026-02-05,FI0009000681,Nokia,5.825,EUR,2026-02-05T21:49:17.000Z,CONSOLIDATED,2026-09-22T12:30:10.704Z
2026-02-06,FI0009000681,Nokia,5.965,EUR,2026-02-06T21:40:07.000Z,CONSOLIDATED,2026-09-22T12:30:10.704Z
2026-02-09,FI0009000681,Nokia,5.985,EUR,2026-02-09T21:58:04.000Z,CONSOLIDATED,2026-09-22T12:30:10.704Z
2026-02-10,FI0009000681,Nokia,5.973,EUR,2026-02-10T21:00:03.000Z,CONSOLIDATED,2026-09-22T12:30:10.704Z
2026-02-11,FI0009000681,Nokia,6.137,EUR,2026-02-11T21:22:20.000Z,CONSOLIDATED,2026-09-22T12:30:10.704Z
2026-02-12,FI0009000681,Nokia,5.871,EUR,2026-02-12T21:12:13.000Z,CONSOLIDATED,2026-09-22T12:30:10.704Z
2026-02-13,FI0009000681,Nokia,5.933,EUR,2026-02-13T21:52:30.000Z,CONSOLIDATED,2026-09-22T12:30:10.704Z
2026-02-16,FI0009000681,Nokia,5.954,EUR,2026-02-16T21:55:39.000Z,CONSOLIDATED,2026-09-22T12:30:10.704Z
2026-02-17,FI0009000681,Nokia,6.146,EUR,2026-02-17T21:33:22.000Z,CONSOLIDATED,2026-09-22T12:30:10.704Z
2026-02-18,FI0009000681,Nokia,6.306,EUR,2026-02-18T21:59:37.000Z,CONSOLIDATED,2026-09-22T12:30:10.704Z
2026-02-19,FI0009000681,Nokia,6.45,EUR,2026-02-19T20:59:57.000Z,CONSOLIDATED,2026-09-22T12:30:10.704Z
2026-02-20,FI0009000681,Nokia,6.593,EUR,2026-02-20T21:27:42.000Z,CONSOLIDATED,2026-09-22T12:30:10.704Z
2026-02-23,FI0009000681,Nokia,6.422,EUR,2026-02-23T21:00:19.000Z,CONSOLIDATED,2026-09-22T12:30:10.704Z
2026-02-24,FI0009000681,Nokia,6.343,EUR,2026-02-24T21:55:25.000Z,CONSOLIDATED,2026-09-22T12:30:10.704Z
2026-02-25,FI0009000681,Nokia,6.438,EUR,2026-02-25T21:11:14.000Z,CONSOLIDATED,2026-09-22T12:30:10.704Z
2026-02-26,FI0009000681,Nokia,6.326,EUR,2026-02-26T21:55:48.000Z,CONSOLIDATED,2026-09-22T12:30:10.704Z
2026-02-27,FI0009000681,Nokia,6.521,EUR,2026-02-27T21:59:23.000Z,CONSOLIDATED,2026-09-22T12:30:10.704Z
2026-03-02,FI0009000681,Nokia,7.021,EUR,2026-03-02T21:27:56.000Z,CONSOLIDATED,2026-09-22T12:30:10.704Z
2026-03-03,FI0009000681,Nokia,6.929,EUR,2026-03-03T21:17:35.000Z,CONSOLIDATED,2026-09-22T12:30:10.704Z
2026-03-04,FI0009000681,Nokia,7.015,EUR,2026-03-04T21:00:03.000Z,CONSOLIDATED,2026-09-22T12:30:10.704Z
2026-03-05,FI0009000681,Nokia,6.76,EUR,2026-03-05T21:00:03.000Z,CONSOLIDATED,2026-09-22T12:30:10.704Z
2026-03-06,FI0009000681,Nokia,6.66,EUR,2026-03-06T21:00:04.000Z,CONSOLIDATED,2026-09-22T12:30:10.704Z
2026-03-09,FI0009000681,Nokia,6.761,EUR,2026-03-09T21:55:59.000Z,CONSOLIDATED,2026-09-22T12:30:10.704Z
2026-03-10,FI0009000681,Nokia,6.733,EUR,2026-03-10T21:06:45.000Z,CONSOLIDATED,2026-09-22T12:30:10.704Z
2026-03-11,FI0009000681,Nokia,6.8,EUR,2026-03-11T21:33:05.000Z,CONSOLIDATED,2026-09-22T12:30:10.704Z
2026-03-12,FI0009000681,Nokia,7.047,EUR,2026-03-12T21:05:01.000Z,CONSOLIDATED,2026-09-22T12:30:10.704Z
2026-03-13,FI0009000681,Nokia,7.166,EUR,2026-03-13T21:03:44.000Z,CONSOLIDATED,2026-09-22T12:30:10.704Z
2026-03-16,FI0009000681,Nokia,7.505,EUR,2026-03-16T21:32:53.000Z,CONSOLIDATED,2026-09-22T12:30:10.704Z
2026-03-17,FI0009000681,Nokia,7.414,EUR,2026-03-17T21:51:06.000Z,CONSOLIDATED,2026-09-22T12:30:10.704Z
2026-03-18,FI0009000681,Nokia,7.299,EUR,2026-03-18T21:01:41.000Z,CONSOLIDATED,2026-09-22T12:30:10.704Z
2026-03-19,FI0009000681,Nokia,7.122,EUR,2026-03-19T21:00:03.000Z,CONSOLIDATED,2026-09-22T12:30:10.704Z
2026-03-20,FI0009000681,Nokia,6.88,EUR,2026-03-20T21:28:07.000Z,CONSOLIDATED,2026-09-22T12:30:10.704Z
2026-03-23,FI0009000681,Nokia,6.925,EUR,2026-03-23T21:24:32.000Z,CONSOLIDATED,2026-09-22T12:30:10.704Z
2026-03-24,FI0009000681,Nokia,7.093,EUR,2026-03-24T21:19:16.000Z,CONSOLIDATED,2026-09-22T12:30:10.704Z
2026-03-25,FI0009000681,Nokia,7.269,EUR,2026-03-25T21:24:55.000Z,CONSOLIDATED,2026-09-22T12:30:10.704Z
2026-03-26,FI0009000681,Nokia,7.187,EUR,2026-03-26T21:00:21.000Z,CONSOLIDATED,2026-09-22T12:30:10.704Z
2026-03-27,FI0009000681,Nokia,6.893,EUR,2026-03-27T21:14:42.000Z,CONSOLIDATED,2026-09-22T12:30:10.704Z
2026-03-30,FI0009000681,Nokia,6.935,EUR,2026-03-30T20:00:00.000Z,CONSOLIDATED,2026-09-22T12:30:10.704Z
2026-03-31,FI0009000681,Nokia,6.943,EUR,2026-03-31T20:43:57.000Z,CONSOLIDATED,2026-09-22T12:30:10.704Z
2026-04-01,FI0009000681,Nokia,7.131,EUR,2026-04-01T20:46:41.000Z,CONSOLIDATED,2026-09-22T12:30:10.704Z
2026-04-02,FI0009000681,Nokia,7.569,EUR,2026-04-02T20:41:36.000Z,CONSOLIDATED,2026-09-22T12:30:10.704Z
2026-04-07,FI0009000681,Nokia,7.585,EUR,2026-04-07T20:35:21.000Z,CONSOLIDATED,2026-09-22T12:30:10.704Z
2026-04-08,FI0009000681,Nokia,8.007,EUR,2026-04-08T20:42:53.000Z,CONSOLIDATED,2026-09-22T12:30:10.704Z
2026-04-09,FI0009000681,Nokia,8.075,EUR,2026-04-09T20:00:03.000Z,CONSOLIDATED,2026-09-22T12:30:10.704Z
2026-04-10,FI0009000681,Nokia,8.063,EUR,2026-04-10T20:21:51.000Z,CONSOLIDATED,2026-09-22T12:30:10.704Z
2026-04-13,FI0009000681,Nokia,8.739,EUR,2026-04-13T20:58:57.000Z,CONSOLIDATED,2026-09-22T12:30:10.704Z
2026-04-14,FI0009000681,Nokia,8.778,EUR,2026-04-14T20:32:33.000Z,CONSOLIDATED,2026-09-22T12:30:10.704Z
2026-04-15,FI0009000681,Nokia,8.479,EUR,2026-04-15T20:00:02.000Z,CONSOLIDATED,2026-09-22T12:30:10.704Z
2026-04-16,FI0009000681,Nokia,8.705,EUR,2026-04-16T20:00:03.000Z,CONSOLIDATED,2026-09-22T12:30:10.704Z
2026-04-17,FI0009000681,Nokia,8.687,EUR,2026-04-17T20:31:14.000Z,CONSOLIDATED,2026-09-22T12:30:10.704Z
2026-04-20,FI0009000681,Nokia,8.957,EUR,2026-04-20T20:28:36.000Z,CONSOLIDATED,2026-09-22T12:30:10.704Z
2026-04-21,FI0009000681,Nokia,8.822,EUR,2026-04-21T20:57:21.000Z,CONSOLIDATED,2026-09-22T12:30:10.704Z
2026-04-22,FI0009000681,Nokia,8.359,EUR,2026-04-22T20:59:30.000Z,CONSOLIDATED,2026-09-22T12:30:10.704Z
2026-04-23,FI0009000681,Nokia,8.863,EUR,2026-04-23T20:54:38.000Z,CONSOLIDATED,2026-09-22T12:30:10.704Z
2026-04-24,FI0009000681,Nokia,8.989,EUR,2026-04-24T20:59:56.000Z,CONSOLIDATED,2026-09-22T12:30:10.704Z
2026-04-27,FI0009000681,Nokia,9.337,EUR,2026-04-27T20:57:52.000Z,CONSOLIDATED,2026-09-22T12:30:10.704Z
2026-04-28,FI0009000681,Nokia,9.587,EUR,2026-04-28T20:59:06.000Z,CONSOLIDATED,2026-09-22T12:30:10.704Z
2026-04-29,FI0009000681,Nokia,10.655,EUR,2026-04-29T20:59:03.000Z,CONSOLIDATED,2026-09-22T12:30:10.704Z
2026-04-30,FI0009000681,Nokia,11.1175,EUR,2026-04-30T20:59:36.000Z,CONSOLIDATED,2026-09-22T12:30:10.704Z
2026-05-04,FI0009000681,Nokia,11.1625,EUR,2026-05-04T20:59:42.000Z,CONSOLIDATED,2026-09-22T12:30:10.704Z
2026-05-05,FI0009000681,Nokia,11.41,EUR,2026-05-05T20:59:58.000Z,CONSOLIDATED,2026-09-22T12:30:10.704Z
2026-05-06,FI0009000681,Nokia,11.185,EUR,2026-05-06T20:59:59.000Z,CONSOLIDATED,2026-09-22T12:30:10.704Z
2026-05-07,FI0009000681,Nokia,10.4525,EUR,2026-05-07T20:59:59.000Z,CONSOLIDATED,2026-09-22T12:30:10.704Z
2026-05-08,FI0009000681,Nokia,10.935,EUR,2026-05-08T20:59:52.000Z,CONSOLIDATED,2026-09-22T12:30:10.704Z
2026-05-11,FI0009000681,Nokia,11.7425,EUR,2026-05-11T20:59:54.000Z,CONSOLIDATED,2026-09-22T12:30:10.704Z
2026-05-12,FI0009000681,Nokia,11.1975,EUR,2026-05-12T20:59:59.000Z,CONSOLIDATED,2026-09-22T12:30:10.704Z
2026-05-13,FI0009000681,Nokia,12.765,EUR,2026-05-13T20:59:53.000Z,CONSOLIDATED,2026-09-22T12:30:10.704Z
2026-05-14,FI0009000681,Nokia,12.43,EUR,2026-05-14T20:54:33.000Z,CONSOLIDATED,2026-09-22T12:30:10.704Z
2026-05-15,FI0009000681,Nokia,11.9575,EUR,2026-05-15T20:59:07.000Z,CONSOLIDATED,2026-09-22T12:30:10.704Z
2026-05-18,FI0009000681,Nokia,11.7925,EUR,2026-05-18T20:59:59.000Z,CONSOLIDATED,2026-09-22T12:30:10.704Z
2026-05-19,FI0009000681,Nokia,11.7625,EUR,2026-05-19T20:59:58.000Z,CONSOLIDATED,2026-09-22T12:30:10.704Z
2026-05-20,FI0009000681,Nokia,11.755,EUR,2026-05-20T20:56:45.000Z,CONSOLIDATED,2026-09-22T12:30:10.704Z
2026-05-21,FI0009000681,Nokia,12.2075,EUR,2026-05-21T20:59:29.000Z,CONSOLIDATED,2026-09-22T12:30:10.704Z
2026-05-22,FI0009000681,Nokia,13.2825,EUR,2026-05-22T20:59:47.000Z,CONSOLIDATED,2026-09-22T12:30:10.704Z
2026-05-25,FI0009000681,Nokia,13.54,EUR,2026-05-25T20:53:37.000Z,CONSOLIDATED,2026-09-22T12:30:10.704Z
2026-05-26,FI0009000681,Nokia,14.1525,EUR,2026-05-26T20:59:59.000Z,CONSOLIDATED,2026-09-22T12:30:10.704Z
2026-05-27,FI0009000681,Nokia,13.525,EUR,2026-05-27T20:46:32.000Z,CONSOLIDATED,2026-09-22T12:30:10.704Z
2026-05-28,FI0009000681,Nokia,13.125,EUR,2026-05-28T20:59:51.000Z,CONSOLIDATED,2026-09-22T12:30:10.704Z
2026-05-29,FI0009000681,Nokia,12.7675,EUR,2026-05-29T20:59:32.000Z,CONSOLIDATED,2026-09-22T12:30:10.704Z
2026-06-01,FI0009000681,Nokia,13.965,EUR,2026-06-01T20:59:49.000Z,CONSOLIDATED,2026-09-22T12:30:10.704Z
2026-06-02,FI0009000681,Nokia,14.5,EUR,2026-06-02T20:57:47.000Z,CONSOLIDATED,2026-09-22T12:30:10.704Z
2026-06-03,FI0009000681,Nokia,14.1125,EUR,2026-06-03T20:59:55.000Z,CONSOLIDATED,2026-09-22T12:30:10.704Z
2026-06-04,FI0009000681,Nokia,14.1625,EUR,2026-06-04T20:59:00.000Z,CONSOLIDATED,2026-09-22T12:30:10.704Z
2026-06-05,FI0009000681,Nokia,12.2475,EUR,2026-06-05T20:59:47.000Z,CONSOLIDATED,2026-09-22T12:30:10.704Z
2026-06-08,FI0009000681,Nokia,12.565,EUR,2026-06-08T20:59:51.000Z,CONSOLIDATED,2026-09-22T12:30:10.704Z
2026-06-09,FI0009000681,Nokia,12.0175,EUR,2026-06-09T20:57:45.000Z,CONSOLIDATED,2026-09-22T12:30:10.704Z
2026-06-10,FI0009000681,Nokia,11.4625,EUR,2026-06-10T20:59:48.000Z,CONSOLIDATED,2026-09-22T12:30:10.704Z
2026-06-11,FI0009000681,Nokia,12.2225,EUR,2026-06-11T20:59:03.000Z,CONSOLIDATED,2026-09-22T12:30:10.704Z
2026-06-12,FI0009000681,Nokia,12.81,EUR,2026-06-12T20:58:30.000Z,CONSOLIDATED,2026-09-22T12:30:10.704Z
2026-06-15,FI0009000681,Nokia,12.6925,EUR,2026-06-15T20:57:53.000Z,CONSOLIDATED,2026-09-22T12:30:10.704Z
2026-06-16,FI0009000681,Nokia,12.145,EUR,2026-06-16T20:59:56.000Z,CONSOLIDATED,2026-09-22T12:30:10.704Z
2026-06-17,FI0009000681,Nokia,12.04,EUR,2026-06-17T20:59:14.000Z,CONSOLIDATED,2026-09-22T12:30:10.704Z
2026-06-18,FI0009000681,Nokia,11.83,EUR,2026-06-18T20:59:58.000Z,CONSOLIDATED,2026-09-22T12:30:10.704Z
2026-06-19,FI0009000681,Nokia,11.8725,EUR,2026-06-19T20:58:46.000Z,CONSOLIDATED,2026-09-22T12:30:10.704Z
2026-06-22,FI0009000681,Nokia,12.595,EUR,2026-06-22T20:59:58.000Z,CONSOLIDATED,2026-09-22T12:30:10.704Z
2026-06-23,FI0009000681,Nokia,12.04,EUR,2026-06-23T20:59:54.000Z,CONSOLIDATED,2026-09-22T12:30:10.704Z
2026-06-24,FI0009000681,Nokia,12.495,EUR,2026-06-24T20:59:54.000Z,CONSOLIDATED,2026-09-22T12:30:10.704Z
2026-06-25,FI0009000681,Nokia,12.3225,EUR,2026-06-25T20:59:56.000Z,CONSOLIDATED,2026-09-22T12:30:10.704Z
2026-06-26,FI0009000681,Nokia,11.44,EUR,2026-06-26T20:59:39.000Z,CONSOLIDATED,2026-09-22T12:30:10.704Z
2026-06-29,FI0009000681,Nokia,11.3175,EUR,2026-06-29T20:59:57.000Z,CONSOLIDATED,2026-09-22T12:30:10.704Z
2026-06-30,FI0009000681,Nokia,11.61,EUR,2026-06-30T20:59:56.000Z,CONSOLIDATED,2026-09-22T12:30:10.704Z
2026-07-01,FI0009000681,Nokia,11.325,EUR,2026-07-01T20:59:48.000Z,CONSOLIDATED,2026-09-22T12:30:10.704Z
2026-07-02,FI0009000681,Nokia,10.5975,EUR,2026-07-02T20:59:43.000Z,CONSOLIDATED,2026-09-22T12:30:10.704Z
2026-07-03,FI0009000681,Nokia,11.1775,EUR,2026-07-03T20:30:31.000Z,CONSOLIDATED,2026-09-22T12:30:10.704Z
2026-07-06,FI0009000681,Nokia,10.945,EUR,2026-07-06T20:59:58.000Z,CONSOLIDATED,2026-09-22T12:30:10.704Z
2026-07-07,FI0009000681,Nokia,10.3275,EUR,2026-07-07T20:59:05.000Z,CONSOLIDATED,2026-09-22T12:30:10.704Z
2026-07-08,FI0009000681,Nokia,10.4675,EUR,2026-07-08T20:36:59.000Z,CONSOLIDATED,2026-09-22T12:30:10.704Z
2026-07-09,FI0009000681,Nokia,11.345,EUR,2026-07-09T20:59:48.000Z,CONSOLIDATED,2026-09-22T12:30:10.704Z
2026-07-10,FI0009000681,Nokia,10.9275,EUR,2026-07-10T20:59:56.000Z,CONSOLIDATED,2026-09-22T12:30:10.704Z
2026-07-13,FI0009000681,Nokia,10.3,EUR,2026-07-13T20:59:48.000Z,CONSOLIDATED,2026-09-22T12:30:10.704Z
2026-07-14,FI0009000681,Nokia,10.3175,EUR,2026-07-14T20:59:01.000Z,CONSOLIDATED,2026-09-22T12:30:10.704Z
2026-07-15,FI0009000681,Nokia,9.841,EUR,2026-07-15T20:59:54.000Z,CONSOLIDATED,2026-09-22T12:30:10.704Z
2026-07-16,FI0009000681,Nokia,9.117,EUR,2026-07-16T20:59:30.000Z,CONSOLIDATED,2026-09-22T12:30:10.704Z
2026-07-17,FI0009000681,Nokia,8.846,EUR,2026-07-17T20:55:08.000Z,CONSOLIDATED,2026-09-22T12:30:10.704Z
2026-07-20,FI0009000681,Nokia,8.901,EUR,2026-07-20T20:59:57.000Z,CONSOLIDATED,2026-09-22T12:30:10.704Z
2026-07-21,FI0009000681,Nokia,9.466,EUR,2026-07-21T20:59:56.000Z,CONSOLIDATED,2026-09-22T12:30:10.704Z
2026-07-22,FI0009000681,Nokia,9.323,EUR,2026-07-22T20:59:20.000Z,CONSOLIDATED,2026-09-22T12:30:10.704Z
2026-07-23,FI0009000681,Nokia,8.664,EUR,2026-07-23T20:59:52.000Z,CONSOLIDATED,2026-09-22T12:30:10.704Z
2026-07-24,FI0009000681,Nokia,8.077,EUR,2026-07-24T20:53:53.000Z,CONSOLIDATED,2026-09-22T12:30:10.704Z
2026-07-27,FI0009000681,Nokia,8.163,EUR,2026-07-27T20:59:54.000Z,CONSOLIDATED,2026-09-22T12:30:10.704Z
2026-07-28,FI0009000681,Nokia,7.857,EUR,2026-07-28T20:52:33.000Z,CONSOLIDATED,2026-09-22T12:30:10.704Z
2026-07-29,FI0009000681,Nokia,7.306,EUR,2026-07-29T20:59:58.000Z,CONSOLIDATED,2026-09-22T12:30:10.704Z
2026-07-30,FI0009000681,Nokia,8.012,EUR,2026-07-30T20:59:53.000Z,CONSOLIDATED,2026-09-22T12:30:10.704Z
2026-07-31,FI0009000681,Nokia,7.958,EUR,2026-07-31T20:59:15.000Z,CONSOLIDATED,2026-09-22T12:30:10.704Z
2026-08-03,FI0009000681,Nokia,8.163,EUR,2026-08-03T20:59:13.000Z,CONSOLIDATED,2026-09-22T12:30:10.704Z
2026-08-04,FI0009000681,Nokia,8.685,EUR,2026-08-04T20:59:20.000Z,CONSOLIDATED,2026-09-22T12:30:10.704Z
2026-08-05,FI0009000681,Nokia,8.369,EUR,2026-08-05T20:56:36.000Z,CONSOLIDATED,2026-09-22T12:30:10.704Z
2026-08-06,FI0009000681,Nokia,8.205,EUR,2026-08-06T20:58:42.000Z,CONSOLIDATED,2026-09-22T12:30:10.704Z
2026-08-07,FI0009000681,Nokia,8.156,EUR,2026-08-07T20:57:22.000Z,CONSOLIDATED,2026-09-22T12:30:10.704Z
2026-08-10,FI0009000681,Nokia,8.032,EUR,2026-08-10T20:52:09.000Z,CONSOLIDATED,2026-09-22T12:30:10.704Z
2026-08-11,FI0009000681,Nokia,8.27,EUR,2026-08-11T20:59:50.000Z,CONSOLIDATED,2026-09-22T12:30:10.704Z
2026-08-12,FI0009000681,Nokia,9.078,EUR,2026-08-12T20:57:51.000Z,CONSOLIDATED,2026-09-22T12:30:10.704Z
2026-08-13,FI0009000681,Nokia,9.278,EUR,2026-08-13T20:58:55.000Z,CONSOLIDATED,2026-09-22T12:30:10.704Z
2026-08-14,FI0009000681,Nokia,9.311,EUR,2026-08-14T20:58:34.000Z,CONSOLIDATED,2026-09-22T12:30:10.704Z
2026-08-17,FI0009000681,Nokia,9.366,EUR,2026-08-17T20:45:27.000Z,CONSOLIDATED,2026-09-22T12:30:10.704Z
2026-08-18,FI0009000681,Nokia,8.978,EUR,2026-08-18T20:57:40.000Z,CONSOLIDATED,2026-09-22T12:30:10.704Z
2026-08-19,FI0009000681,Nokia,8.757,EUR,2026-08-19T20:59:44.000Z,CONSOLIDATED,2026-09-22T12:30:10.704Z
2026-08-20,FI0009000681,Nokia,8.739,EUR,2026-08-20T20:55:47.000Z,CONSOLIDATED,2026-09-22T12:30:10.704Z
2026-08-21,FI0009000681,Nokia,8.801,EUR,2026-08-21T20:55:58.000Z,CONSOLIDATED,2026-09-22T12:30:10.704Z
2026-08-24,FI0009000681,Nokia,8.559,EUR,2026-08-24T20:55:39.000Z,CONSOLIDATED,2026-09-22T12:30:10.704Z
2026-08-25,FI0009000681,Nokia,8.885,EUR,2026-08-25T20:59:38.000Z,CONSOLIDATED,2026-09-22T12:30:10.704Z
2026-08-26,FI0009000681,Nokia,8.954,EUR,2026-08-26T20:58:53.000Z,CONSOLIDATED,2026-09-22T12:30:10.704Z
2026-08-27,FI0009000681,Nokia,9.133,EUR,2026-08-27T20:58:48.000Z,CONSOLIDATED,2026-09-22T12:30:10.704Z
2026-08-28,FI0009000681,Nokia,8.855,EUR,2026-08-28T20:52:50.000Z,CONSOLIDATED,2026-09-22T12:30:10.704Z
2026-08-31,FI0009000681,Nokia,8.762,EUR,2026-08-31T20:59:31.000Z,CONSOLIDATED,2026-09-22T12:30:10.704Z
2026-09-01,FI0009000681,Nokia,8.666,EUR,2026-09-01T20:42:55.000Z,CONSOLIDATED,2026-09-22T12:30:10.704Z
2026-09-02,FI0009000681,Nokia,8.538,EUR,2026-09-02T20:59:23.000Z,CONSOLIDATED,2026-09-22T12:30:10.704Z
2026-09-03,FI0009000681,Nokia,8.399,EUR,2026-09-03T20:59:26.000Z,CONSOLIDATED,2026-09-22T12:30:10.704Z
2026-09-04,FI0009000681,Nokia,8.69,EUR,2026-09-04T20:59:27.000Z,CONSOLIDATED,2026-09-22T12:30:10.704Z
2026-09-07,FI0009000681,Nokia,9.214,EUR,2026-09-07T20:45:31.000Z,CONSOLIDATED,2026-09-22T12:30:10.704Z
2026-09-08,FI0009000681,Nokia,9.189,EUR,2026-09-08T20:55:12.000Z,CONSOLIDATED,2026-09-22T12:30:10.704Z
2026-09-09,FI0009000681,Nokia,9.288,EUR,2026-09-09T20:59:52.000Z,CONSOLIDATED,2026-09-22T12:30:10.704Z
2026-09-10,FI0009000681,Nokia,9.188,EUR,2026-09-10T20:58:40.000Z,CONSOLIDATED,2026-09-22T12:30:10.704Z
2026-09-11,FI0009000681,Nokia,9.629,EUR,2026-09-11T20:55:31.000Z,CONSOLIDATED,2026-09-22T12:30:10.704Z
2026-09-14,FI0009000681,Nokia,8.524,EUR,2026-09-14T20:58:49.000Z,CONSOLIDATED,2026-09-22T12:30:10.704Z
2026-09-15,FI0009000681,Nokia,8.619,EUR,2026-09-15T20:58:52.000Z,CONSOLIDATED,2026-09-22T12:30:10.704Z
2026-09-16,FI0009000681,Nokia,8.913,EUR,2026-09-16T20:59:53.000Z,CONSOLIDATED,2026-09-22T12:30:10.704Z
2026-09-17,FI0009000681,Nokia,9.309,EUR,2026-09-17T20:59:38.000Z,CONSOLIDATED,2026-09-22T12:30:10.704Z
2026-09-18,FI0009000681,Nokia,9.308,EUR,2026-09-18T20:58:43.000Z,CONSOLIDATED,2026-09-22T12:30:10.704Z
2026-09-21,FI0009000681,Nokia,9.549,EUR,2026-09-21T20:59:32.000Z,CONSOLIDATED,2026-09-22T12:30:10.704Z
2026-01-02,US69608A1088,Palantir Technologies,144.3,EUR,2026-01-02T21:59:57.000Z,CONSOLIDATED,2026-09-22T12:30:10.849Z
2026-01-05,US69608A1088,Palantir Technologies,148.49,EUR,2026-01-05T21:59:46.000Z,CONSOLIDATED,2026-09-22T12:30:10.849Z
2026-01-06,US69608A1088,Palantir Technologies,153.54,EUR,2026-01-06T21:59:58.000Z,CONSOLIDATED,2026-09-22T12:30:10.849Z
2026-01-07,US69608A1088,Palantir Technologies,159.28,EUR,2026-01-07T21:59:58.000Z,CONSOLIDATED,2026-09-22T12:30:10.849Z
2026-01-08,US69608A1088,Palantir Technologies,151.58,EUR,2026-01-08T21:59:57.000Z,CONSOLIDATED,2026-09-22T12:30:10.849Z
2026-01-09,US69608A1088,Palantir Technologies,152.5,EUR,2026-01-09T21:58:55.000Z,CONSOLIDATED,2026-09-22T12:30:10.849Z
2026-01-12,US69608A1088,Palantir Technologies,153.67,EUR,2026-01-12T21:59:56.000Z,CONSOLIDATED,2026-09-22T12:30:10.849Z
2026-01-13,US69608A1088,Palantir Technologies,153.66,EUR,2026-01-13T21:59:57.000Z,CONSOLIDATED,2026-09-22T12:30:10.849Z
2026-01-14,US69608A1088,Palantir Technologies,152.8,EUR,2026-01-14T21:59:34.000Z,CONSOLIDATED,2026-09-22T12:30:10.849Z
2026-01-15,US69608A1088,Palantir Technologies,152.61,EUR,2026-01-15T21:59:57.000Z,CONSOLIDATED,2026-09-22T12:30:10.849Z
2026-01-16,US69608A1088,Palantir Technologies,147.67,EUR,2026-01-16T21:59:44.000Z,CONSOLIDATED,2026-09-22T12:30:10.849Z
2026-01-19,US69608A1088,Palantir Technologies,143.87,EUR,2026-01-19T21:57:28.000Z,CONSOLIDATED,2026-09-22T12:30:10.849Z
2026-01-20,US69608A1088,Palantir Technologies,143.82,EUR,2026-01-20T21:59:51.000Z,CONSOLIDATED,2026-09-22T12:30:10.849Z
2026-01-21,US69608A1088,Palantir Technologies,142.44,EUR,2026-01-21T21:59:52.000Z,CONSOLIDATED,2026-09-22T12:30:10.849Z
2026-01-22,US69608A1088,Palantir Technologies,140.72,EUR,2026-01-22T21:59:56.000Z,CONSOLIDATED,2026-09-22T12:30:10.849Z
2026-01-23,US69608A1088,Palantir Technologies,143.24,EUR,2026-01-23T21:59:55.000Z,CONSOLIDATED,2026-09-22T12:30:10.849Z
2026-01-26,US69608A1088,Palantir Technologies,140.92,EUR,2026-01-26T21:59:57.000Z,CONSOLIDATED,2026-09-22T12:30:10.849Z
2026-01-27,US69608A1088,Palantir Technologies,137.41,EUR,2026-01-27T21:59:58.000Z,CONSOLIDATED,2026-09-22T12:30:10.849Z
2026-01-28,US69608A1088,Palantir Technologies,133.72,EUR,2026-01-28T21:59:57.000Z,CONSOLIDATED,2026-09-22T12:30:10.849Z
2026-01-29,US69608A1088,Palantir Technologies,126.88,EUR,2026-01-29T21:59:56.000Z,CONSOLIDATED,2026-09-22T12:30:10.849Z
2026-01-30,US69608A1088,Palantir Technologies,124.09,EUR,2026-01-30T21:59:57.000Z,CONSOLIDATED,2026-09-22T12:30:10.849Z
2026-02-02,US69608A1088,Palantir Technologies,134.64,EUR,2026-02-02T21:59:58.000Z,CONSOLIDATED,2026-09-22T12:30:10.849Z
2026-02-03,US69608A1088,Palantir Technologies,132.7,EUR,2026-02-03T21:59:48.000Z,CONSOLIDATED,2026-09-22T12:30:10.849Z
2026-02-04,US69608A1088,Palantir Technologies,118.71,EUR,2026-02-04T21:59:52.000Z,CONSOLIDATED,2026-09-22T12:30:10.849Z
2026-02-05,US69608A1088,Palantir Technologies,106.68,EUR,2026-02-05T21:59:58.000Z,CONSOLIDATED,2026-09-22T12:30:10.849Z
2026-02-06,US69608A1088,Palantir Technologies,114.74,EUR,2026-02-06T21:59:45.000Z,CONSOLIDATED,2026-09-22T12:30:10.849Z
2026-02-09,US69608A1088,Palantir Technologies,120.67,EUR,2026-02-09T21:59:58.000Z,CONSOLIDATED,2026-09-22T12:30:10.849Z
2026-02-10,US69608A1088,Palantir Technologies,117.48,EUR,2026-02-10T21:59:57.000Z,CONSOLIDATED,2026-09-22T12:30:10.849Z
2026-02-11,US69608A1088,Palantir Technologies,114.48,EUR,2026-02-11T21:59:58.000Z,CONSOLIDATED,2026-09-22T12:30:10.849Z
2026-02-12,US69608A1088,Palantir Technologies,108.72,EUR,2026-02-12T21:59:50.000Z,CONSOLIDATED,2026-09-22T12:30:10.849Z
2026-02-13,US69608A1088,Palantir Technologies,111.22,EUR,2026-02-13T21:59:57.000Z,CONSOLIDATED,2026-09-22T12:30:10.849Z
2026-02-16,US69608A1088,Palantir Technologies,109.3,EUR,2026-02-16T21:59:18.000Z,CONSOLIDATED,2026-09-22T12:30:10.849Z
2026-02-17,US69608A1088,Palantir Technologies,112.05,EUR,2026-02-17T21:59:54.000Z,CONSOLIDATED,2026-09-22T12:30:10.849Z
2026-02-18,US69608A1088,Palantir Technologies,114.94,EUR,2026-02-18T21:59:45.000Z,CONSOLIDATED,2026-09-22T12:30:10.849Z
2026-02-19,US69608A1088,Palantir Technologies,114.33,EUR,2026-02-19T21:59:55.000Z,CONSOLIDATED,2026-09-22T12:30:10.849Z
2026-02-20,US69608A1088,Palantir Technologies,114.52,EUR,2026-02-20T21:59:58.000Z,CONSOLIDATED,2026-09-22T12:30:10.849Z
2026-02-23,US69608A1088,Palantir Technologies,110.78,EUR,2026-02-23T21:59:20.000Z,CONSOLIDATED,2026-09-22T12:30:10.849Z
2026-02-24,US69608A1088,Palantir Technologies,109.13,EUR,2026-02-24T21:59:57.000Z,CONSOLIDATED,2026-09-22T12:30:10.849Z
2026-02-25,US69608A1088,Palantir Technologies,113.89,EUR,2026-02-25T21:59:46.000Z,CONSOLIDATED,2026-09-22T12:30:10.849Z
2026-02-26,US69608A1088,Palantir Technologies,115.7,EUR,2026-02-26T21:59:51.000Z,CONSOLIDATED,2026-09-22T12:30:10.849Z
2026-02-27,US69608A1088,Palantir Technologies,115.8,EUR,2026-02-27T21:59:58.000Z,CONSOLIDATED,2026-09-22T12:30:10.849Z
2026-03-02,US69608A1088,Palantir Technologies,124.36,EUR,2026-03-02T21:59:43.000Z,CONSOLIDATED,2026-09-22T12:30:10.849Z
2026-03-03,US69608A1088,Palantir Technologies,126.87,EUR,2026-03-03T21:59:57.000Z,CONSOLIDATED,2026-09-22T12:30:10.849Z
2026-03-04,US69608A1088,Palantir Technologies,131.44,EUR,2026-03-04T21:59:58.000Z,CONSOLIDATED,2026-09-22T12:30:10.849Z
2026-03-05,US69608A1088,Palantir Technologies,131.18,EUR,2026-03-05T21:59:55.000Z,CONSOLIDATED,2026-09-22T12:30:10.849Z
2026-03-06,US69608A1088,Palantir Technologies,134.91,EUR,2026-03-06T21:59:46.000Z,CONSOLIDATED,2026-09-22T12:30:10.849Z
2026-03-09,US69608A1088,Palantir Technologies,133.56,EUR,2026-03-09T21:59:58.000Z,CONSOLIDATED,2026-09-22T12:30:10.849Z
2026-03-10,US69608A1088,Palantir Technologies,129.96,EUR,2026-03-10T21:59:51.000Z,CONSOLIDATED,2026-09-22T12:30:10.849Z
2026-03-11,US69608A1088,Palantir Technologies,130.62,EUR,2026-03-11T21:59:55.000Z,CONSOLIDATED,2026-09-22T12:30:10.849Z
2026-03-12,US69608A1088,Palantir Technologies,132.36,EUR,2026-03-12T21:58:35.000Z,CONSOLIDATED,2026-09-22T12:30:10.849Z
2026-03-13,US69608A1088,Palantir Technologies,132.09,EUR,2026-03-13T21:59:47.000Z,CONSOLIDATED,2026-09-22T12:30:10.849Z
2026-03-16,US69608A1088,Palantir Technologies,132.6,EUR,2026-03-16T21:59:59.000Z,CONSOLIDATED,2026-09-22T12:30:10.849Z
2026-03-17,US69608A1088,Palantir Technologies,134.15,EUR,2026-03-17T21:59:06.000Z,CONSOLIDATED,2026-09-22T12:30:10.849Z
2026-03-18,US69608A1088,Palantir Technologies,133.05,EUR,2026-03-18T21:59:51.000Z,CONSOLIDATED,2026-09-22T12:30:10.849Z
2026-03-19,US69608A1088,Palantir Technologies,134.13,EUR,2026-03-19T21:59:52.000Z,CONSOLIDATED,2026-09-22T12:30:10.849Z
2026-03-20,US69608A1088,Palantir Technologies,131.02,EUR,2026-03-20T21:59:35.000Z,CONSOLIDATED,2026-09-22T12:30:10.849Z
2026-03-23,US69608A1088,Palantir Technologies,138.39,EUR,2026-03-23T21:59:58.000Z,CONSOLIDATED,2026-09-22T12:30:10.849Z
2026-03-24,US69608A1088,Palantir Technologies,134.22,EUR,2026-03-24T21:59:50.000Z,CONSOLIDATED,2026-09-22T12:30:10.849Z
2026-03-25,US69608A1088,Palantir Technologies,134.09,EUR,2026-03-25T21:59:58.000Z,CONSOLIDATED,2026-09-22T12:30:10.849Z
2026-03-26,US69608A1088,Palantir Technologies,128.15,EUR,2026-03-26T21:59:56.000Z,CONSOLIDATED,2026-09-22T12:30:10.849Z
2026-03-27,US69608A1088,Palantir Technologies,123.75,EUR,2026-03-27T21:58:15.000Z,CONSOLIDATED,2026-09-22T12:30:10.849Z
2026-03-30,US69608A1088,Palantir Technologies,119.61,EUR,2026-03-30T20:59:59.000Z,CONSOLIDATED,2026-09-22T12:30:10.849Z
2026-03-31,US69608A1088,Palantir Technologies,126.64,EUR,2026-03-31T20:59:59.000Z,CONSOLIDATED,2026-09-22T12:30:10.849Z
2026-04-01,US69608A1088,Palantir Technologies,126.56,EUR,2026-04-01T20:59:58.000Z,CONSOLIDATED,2026-09-22T12:30:10.849Z
2026-04-02,US69608A1088,Palantir Technologies,128.43,EUR,2026-04-02T20:59:56.000Z,CONSOLIDATED,2026-09-22T12:30:10.849Z
2026-04-07,US69608A1088,Palantir Technologies,129.62,EUR,2026-04-07T20:59:59.000Z,CONSOLIDATED,2026-09-22T12:30:10.849Z
2026-04-08,US69608A1088,Palantir Technologies,120.97,EUR,2026-04-08T20:59:57.000Z,CONSOLIDATED,2026-09-22T12:30:10.849Z
2026-04-09,US69608A1088,Palantir Technologies,111.2,EUR,2026-04-09T20:59:41.000Z,CONSOLIDATED,2026-09-22T12:30:10.849Z
2026-04-10,US69608A1088,Palantir Technologies,109.43,EUR,2026-04-10T20:59:58.000Z,CONSOLIDATED,2026-09-22T12:30:10.849Z
2026-04-13,US69608A1088,Palantir Technologies,112.87,EUR,2026-04-13T20:59:59.000Z,CONSOLIDATED,2026-09-22T12:30:10.849Z
2026-04-14,US69608A1088,Palantir Technologies,114.89,EUR,2026-04-14T20:59:40.000Z,CONSOLIDATED,2026-09-22T12:30:10.849Z
2026-04-15,US69608A1088,Palantir Technologies,120.34,EUR,2026-04-15T20:59:39.000Z,CONSOLIDATED,2026-09-22T12:30:10.849Z
2026-04-16,US69608A1088,Palantir Technologies,121.33,EUR,2026-04-16T20:59:29.000Z,CONSOLIDATED,2026-09-22T12:30:10.849Z
2026-04-17,US69608A1088,Palantir Technologies,124.53,EUR,2026-04-17T20:59:49.000Z,CONSOLIDATED,2026-09-22T12:30:10.849Z
2026-04-20,US69608A1088,Palantir Technologies,123.54,EUR,2026-04-20T20:59:58.000Z,CONSOLIDATED,2026-09-22T12:30:10.849Z
2026-04-21,US69608A1088,Palantir Technologies,124.83,EUR,2026-04-21T20:59:58.000Z,CONSOLIDATED,2026-09-22T12:30:10.849Z
2026-04-22,US69608A1088,Palantir Technologies,128.99,EUR,2026-04-22T20:59:55.000Z,CONSOLIDATED,2026-09-22T12:30:10.849Z
2026-04-23,US69608A1088,Palantir Technologies,121.49,EUR,2026-04-23T20:59:58.000Z,CONSOLIDATED,2026-09-22T12:30:10.849Z
2026-04-24,US69608A1088,Palantir Technologies,121.88,EUR,2026-04-24T20:59:55.000Z,CONSOLIDATED,2026-09-22T12:30:10.849Z
2026-04-27,US69608A1088,Palantir Technologies,121.78,EUR,2026-04-27T20:59:55.000Z,CONSOLIDATED,2026-09-22T12:30:10.849Z
2026-04-28,US69608A1088,Palantir Technologies,120.3,EUR,2026-04-28T20:59:57.000Z,CONSOLIDATED,2026-09-22T12:30:10.849Z
2026-04-29,US69608A1088,Palantir Technologies,116.81,EUR,2026-04-29T20:59:58.000Z,CONSOLIDATED,2026-09-22T12:30:10.849Z
2026-04-30,US69608A1088,Palantir Technologies,119.73,EUR,2026-04-30T20:59:57.000Z,CONSOLIDATED,2026-09-22T12:30:10.849Z
2026-05-04,US69608A1088,Palantir Technologies,126.33,EUR,2026-05-04T20:59:58.000Z,CONSOLIDATED,2026-09-22T12:30:10.849Z
2026-05-05,US69608A1088,Palantir Technologies,115.48,EUR,2026-05-05T20:59:52.000Z,CONSOLIDATED,2026-09-22T12:30:10.849Z
2026-05-06,US69608A1088,Palantir Technologies,113.47,EUR,2026-05-06T20:59:48.000Z,CONSOLIDATED,2026-09-22T12:30:10.849Z
2026-05-07,US69608A1088,Palantir Technologies,116.54,EUR,2026-05-07T20:59:59.000Z,CONSOLIDATED,2026-09-22T12:30:10.849Z
2026-05-08,US69608A1088,Palantir Technologies,116.64,EUR,2026-05-08T20:59:58.000Z,CONSOLIDATED,2026-09-22T12:30:10.849Z
2026-05-11,US69608A1088,Palantir Technologies,115.51,EUR,2026-05-11T20:59:54.000Z,CONSOLIDATED,2026-09-22T12:30:10.849Z
2026-05-12,US69608A1088,Palantir Technologies,117.32,EUR,2026-05-12T20:59:40.000Z,CONSOLIDATED,2026-09-22T12:30:10.849Z
2026-05-13,US69608A1088,Palantir Technologies,111.12,EUR,2026-05-13T20:59:57.000Z,CONSOLIDATED,2026-09-22T12:30:10.849Z
2026-05-14,US69608A1088,Palantir Technologies,114.44,EUR,2026-05-14T20:59:29.000Z,CONSOLIDATED,2026-09-22T12:30:10.849Z
2026-05-15,US69608A1088,Palantir Technologies,115.06,EUR,2026-05-15T20:59:35.000Z,CONSOLIDATED,2026-09-22T12:30:10.849Z
2026-05-18,US69608A1088,Palantir Technologies,115.55,EUR,2026-05-18T20:59:57.000Z,CONSOLIDATED,2026-09-22T12:30:10.849Z
2026-05-19,US69608A1088,Palantir Technologies,116.18,EUR,2026-05-19T20:59:55.000Z,CONSOLIDATED,2026-09-22T12:30:10.849Z
2026-05-20,US69608A1088,Palantir Technologies,117.15,EUR,2026-05-20T20:59:57.000Z,CONSOLIDATED,2026-09-22T12:30:10.849Z
2026-05-21,US69608A1088,Palantir Technologies,118.09,EUR,2026-05-21T20:59:14.000Z,CONSOLIDATED,2026-09-22T12:30:10.849Z
2026-05-22,US69608A1088,Palantir Technologies,117.61,EUR,2026-05-22T20:59:55.000Z,CONSOLIDATED,2026-09-22T12:30:10.849Z
2026-05-25,US69608A1088,Palantir Technologies,119.01,EUR,2026-05-25T20:50:18.000Z,CONSOLIDATED,2026-09-22T12:30:10.849Z
2026-05-26,US69608A1088,Palantir Technologies,116.97,EUR,2026-05-26T20:59:49.000Z,CONSOLIDATED,2026-09-22T12:30:10.849Z
2026-05-27,US69608A1088,Palantir Technologies,114.43,EUR,2026-05-27T20:59:58.000Z,CONSOLIDATED,2026-09-22T12:30:10.849Z
2026-05-28,US69608A1088,Palantir Technologies,123.02,EUR,2026-05-28T20:59:42.000Z,CONSOLIDATED,2026-09-22T12:30:10.849Z
2026-05-29,US69608A1088,Palantir Technologies,134.12,EUR,2026-05-29T20:59:57.000Z,CONSOLIDATED,2026-09-22T12:30:10.849Z
2026-06-01,US69608A1088,Palantir Technologies,137.04,EUR,2026-06-01T20:59:55.000Z,CONSOLIDATED,2026-09-22T12:30:10.849Z
2026-06-02,US69608A1088,Palantir Technologies,130.57,EUR,2026-06-02T20:59:56.000Z,CONSOLIDATED,2026-09-22T12:30:10.849Z
2026-06-03,US69608A1088,Palantir Technologies,121.51,EUR,2026-06-03T20:59:55.000Z,CONSOLIDATED,2026-09-22T12:30:10.849Z
2026-06-04,US69608A1088,Palantir Technologies,121.74,EUR,2026-06-04T20:59:53.000Z,CONSOLIDATED,2026-09-22T12:30:10.849Z
2026-06-05,US69608A1088,Palantir Technologies,116.55,EUR,2026-06-05T20:59:56.000Z,CONSOLIDATED,2026-09-22T12:30:10.849Z
2026-06-08,US69608A1088,Palantir Technologies,118.02,EUR,2026-06-08T20:54:51.000Z,CONSOLIDATED,2026-09-22T12:30:10.849Z
2026-06-09,US69608A1088,Palantir Technologies,115.03,EUR,2026-06-09T20:59:36.000Z,CONSOLIDATED,2026-09-22T12:30:10.849Z
2026-06-10,US69608A1088,Palantir Technologies,112.14,EUR,2026-06-10T20:59:53.000Z,CONSOLIDATED,2026-09-22T12:30:10.849Z
2026-06-11,US69608A1088,Palantir Technologies,113.67,EUR,2026-06-11T20:59:57.000Z,CONSOLIDATED,2026-09-22T12:30:10.849Z
2026-06-12,US69608A1088,Palantir Technologies,110.71,EUR,2026-06-12T20:59:55.000Z,CONSOLIDATED,2026-09-22T12:30:10.849Z
2026-06-15,US69608A1088,Palantir Technologies,116.39,EUR,2026-06-15T20:59:58.000Z,CONSOLIDATED,2026-09-22T12:30:10.849Z
2026-06-16,US69608A1088,Palantir Technologies,114.26,EUR,2026-06-16T20:59:51.000Z,CONSOLIDATED,2026-09-22T12:30:10.849Z
2026-06-17,US69608A1088,Palantir Technologies,114.58,EUR,2026-06-17T20:59:58.000Z,CONSOLIDATED,2026-09-22T12:30:10.849Z
2026-06-18,US69608A1088,Palantir Technologies,112.44,EUR,2026-06-18T20:59:57.000Z,CONSOLIDATED,2026-09-22T12:30:10.849Z
2026-06-19,US69608A1088,Palantir Technologies,111.49,EUR,2026-06-19T20:07:03.000Z,CONSOLIDATED,2026-09-22T12:30:10.849Z
2026-06-22,US69608A1088,Palantir Technologies,104.43,EUR,2026-06-22T20:59:58.000Z,CONSOLIDATED,2026-09-22T12:30:10.849Z
2026-06-23,US69608A1088,Palantir Technologies,102.55,EUR,2026-06-23T20:59:52.000Z,CONSOLIDATED,2026-09-22T12:30:10.849Z
2026-06-24,US69608A1088,Palantir Technologies,99.29,EUR,2026-06-24T20:59:46.000Z,CONSOLIDATED,2026-09-22T12:30:10.849Z
2026-06-25,US69608A1088,Palantir Technologies,94.635,EUR,2026-06-25T20:59:58.000Z,CONSOLIDATED,2026-09-22T12:30:10.849Z
2026-06-26,US69608A1088,Palantir Technologies,98.865,EUR,2026-06-26T20:59:55.000Z,CONSOLIDATED,2026-09-22T12:30:10.849Z
2026-06-29,US69608A1088,Palantir Technologies,101.18,EUR,2026-06-29T20:59:44.000Z,CONSOLIDATED,2026-09-22T12:30:10.849Z
2026-06-30,US69608A1088,Palantir Technologies,103.08,EUR,2026-06-30T20:59:58.000Z,CONSOLIDATED,2026-09-22T12:30:10.849Z
2026-07-01,US69608A1088,Palantir Technologies,109.88,EUR,2026-07-01T20:59:57.000Z,CONSOLIDATED,2026-09-22T12:30:10.849Z
2026-07-02,US69608A1088,Palantir Technologies,113.26,EUR,2026-07-02T20:59:55.000Z,CONSOLIDATED,2026-09-22T12:30:10.849Z
2026-07-03,US69608A1088,Palantir Technologies,112.36,EUR,2026-07-03T20:45:26.000Z,CONSOLIDATED,2026-09-22T12:30:10.849Z
2026-07-06,US69608A1088,Palantir Technologies,116.11,EUR,2026-07-06T20:59:31.000Z,CONSOLIDATED,2026-09-22T12:30:10.849Z
2026-07-07,US69608A1088,Palantir Technologies,118.07,EUR,2026-07-07T20:59:47.000Z,CONSOLIDATED,2026-09-22T12:30:10.849Z
2026-07-08,US69608A1088,Palantir Technologies,115.59,EUR,2026-07-08T20:58:23.000Z,CONSOLIDATED,2026-09-22T12:30:10.849Z
2026-07-09,US69608A1088,Palantir Technologies,112.68,EUR,2026-07-09T20:59:51.000Z,CONSOLIDATED,2026-09-22T12:30:10.849Z
2026-07-10,US69608A1088,Palantir Technologies,110.98,EUR,2026-07-10T20:59:17.000Z,CONSOLIDATED,2026-09-22T12:30:10.849Z
2026-07-13,US69608A1088,Palantir Technologies,113.64,EUR,2026-07-13T20:59:56.000Z,CONSOLIDATED,2026-09-22T12:30:10.849Z
2026-07-14,US69608A1088,Palantir Technologies,117.07,EUR,2026-07-14T20:59:53.000Z,CONSOLIDATED,2026-09-22T12:30:10.849Z
2026-07-15,US69608A1088,Palantir Technologies,116.66,EUR,2026-07-15T20:59:48.000Z,CONSOLIDATED,2026-09-22T12:30:10.849Z
2026-07-16,US69608A1088,Palantir Technologies,116.98,EUR,2026-07-16T20:59:58.000Z,CONSOLIDATED,2026-09-22T12:30:10.849Z
2026-07-17,US69608A1088,Palantir Technologies,115.48,EUR,2026-07-17T20:59:58.000Z,CONSOLIDATED,2026-09-22T12:30:10.849Z
2026-07-20,US69608A1088,Palantir Technologies,117.74,EUR,2026-07-20T20:59:57.000Z,CONSOLIDATED,2026-09-22T12:30:10.849Z
2026-07-21,US69608A1088,Palantir Technologies,116.07,EUR,2026-07-21T20:59:14.000Z,CONSOLIDATED,2026-09-22T12:30:10.849Z
2026-07-22,US69608A1088,Palantir Technologies,109.63,EUR,2026-07-22T20:59:57.000Z,CONSOLIDATED,2026-09-22T12:30:10.849Z
2026-07-23,US69608A1088,Palantir Technologies,107.88,EUR,2026-07-23T20:59:57.000Z,CONSOLIDATED,2026-09-22T12:30:10.849Z
2026-07-24,US69608A1088,Palantir Technologies,108.14,EUR,2026-07-24T20:59:45.000Z,CONSOLIDATED,2026-09-22T12:30:10.849Z
2026-07-27,US69608A1088,Palantir Technologies,115.6,EUR,2026-07-27T20:59:58.000Z,CONSOLIDATED,2026-09-22T12:30:10.849Z
2026-07-28,US69608A1088,Palantir Technologies,108.49,EUR,2026-07-28T20:59:47.000Z,CONSOLIDATED,2026-09-22T12:30:10.849Z
2026-07-29,US69608A1088,Palantir Technologies,105.79,EUR,2026-07-29T20:59:55.000Z,CONSOLIDATED,2026-09-22T12:30:10.849Z
2026-07-30,US69608A1088,Palantir Technologies,106.25,EUR,2026-07-30T20:59:56.000Z,CONSOLIDATED,2026-09-22T12:30:10.849Z
2026-07-31,US69608A1088,Palantir Technologies,106.33,EUR,2026-07-31T20:59:58.000Z,CONSOLIDATED,2026-09-22T12:30:10.849Z
2026-08-03,US69608A1088,Palantir Technologies,122.37,EUR,2026-08-03T20:59:58.000Z,CONSOLIDATED,2026-09-22T12:30:10.849Z
2026-08-04,US69608A1088,Palantir Technologies,139.42,EUR,2026-08-04T20:59:57.000Z,CONSOLIDATED,2026-09-22T12:30:10.849Z
2026-08-05,US69608A1088,Palantir Technologies,136.47,EUR,2026-08-05T20:59:58.000Z,CONSOLIDATED,2026-09-22T12:30:10.849Z
2026-08-06,US69608A1088,Palantir Technologies,135.22,EUR,2026-08-06T20:59:58.000Z,CONSOLIDATED,2026-09-22T12:30:10.849Z
2026-08-07,US69608A1088,Palantir Technologies,148.37,EUR,2026-08-07T20:59:58.000Z,CONSOLIDATED,2026-09-22T12:30:10.849Z
2026-08-10,US69608A1088,Palantir Technologies,150.55,EUR,2026-08-10T20:59:55.000Z,CONSOLIDATED,2026-09-22T12:30:10.849Z
2026-08-11,US69608A1088,Palantir Technologies,150.76,EUR,2026-08-11T20:59:58.000Z,CONSOLIDATED,2026-09-22T12:30:10.849Z
2026-08-12,US69608A1088,Palantir Technologies,148.34,EUR,2026-08-12T20:59:47.000Z,CONSOLIDATED,2026-09-22T12:30:10.849Z
2026-08-13,US69608A1088,Palantir Technologies,154.39,EUR,2026-08-13T20:59:58.000Z,CONSOLIDATED,2026-09-22T12:30:10.849Z
2026-08-14,US69608A1088,Palantir Technologies,150.26,EUR,2026-08-14T20:59:56.000Z,CONSOLIDATED,2026-09-22T12:30:10.849Z
2026-08-17,US69608A1088,Palantir Technologies,148.61,EUR,2026-08-17T20:59:57.000Z,CONSOLIDATED,2026-09-22T12:30:10.849Z
2026-08-18,US69608A1088,Palantir Technologies,147.95,EUR,2026-08-18T20:59:58.000Z,CONSOLIDATED,2026-09-22T12:30:10.849Z
2026-08-19,US69608A1088,Palantir Technologies,150.15,EUR,2026-08-19T20:59:58.000Z,CONSOLIDATED,2026-09-22T12:30:10.849Z
2026-08-20,US69608A1088,Palantir Technologies,148.95,EUR,2026-08-20T20:59:51.000Z,CONSOLIDATED,2026-09-22T12:30:10.849Z
2026-08-21,US69608A1088,Palantir Technologies,153.91,EUR,2026-08-21T20:59:52.000Z,CONSOLIDATED,2026-09-22T12:30:10.849Z
2026-08-24,US69608A1088,Palantir Technologies,150.79,EUR,2026-08-24T20:59:56.000Z,CONSOLIDATED,2026-09-22T12:30:10.849Z
2026-08-25,US69608A1088,Palantir Technologies,147.76,EUR,2026-08-25T20:59:58.000Z,CONSOLIDATED,2026-09-22T12:30:10.849Z
2026-08-26,US69608A1088,Palantir Technologies,153.07,EUR,2026-08-26T20:59:57.000Z,CONSOLIDATED,2026-09-22T12:30:10.849Z
2026-08-27,US69608A1088,Palantir Technologies,158.73,EUR,2026-08-27T20:59:11.000Z,CONSOLIDATED,2026-09-22T12:30:10.849Z
2026-08-28,US69608A1088,Palantir Technologies,160.51,EUR,2026-08-28T20:59:58.000Z,CONSOLIDATED,2026-09-22T12:30:10.849Z
2026-08-31,US69608A1088,Palantir Technologies,160.46,EUR,2026-08-31T20:59:55.000Z,CONSOLIDATED,2026-09-22T12:30:10.849Z
2026-09-01,US69608A1088,Palantir Technologies,154.83,EUR,2026-09-01T20:59:30.000Z,CONSOLIDATED,2026-09-22T12:30:10.849Z
2026-09-02,US69608A1088,Palantir Technologies,146.45,EUR,2026-09-02T20:59:51.000Z,CONSOLIDATED,2026-09-22T12:30:10.849Z
2026-09-03,US69608A1088,Palantir Technologies,156.92,EUR,2026-09-03T20:59:57.000Z,CONSOLIDATED,2026-09-22T12:30:10.849Z
2026-09-04,US69608A1088,Palantir Technologies,149.87,EUR,2026-09-04T20:59:21.000Z,CONSOLIDATED,2026-09-22T12:30:10.849Z
2026-09-07,US69608A1088,Palantir Technologies,149.38,EUR,2026-09-07T20:35:34.000Z,CONSOLIDATED,2026-09-22T12:30:10.849Z
2026-09-08,US69608A1088,Palantir Technologies,146.85,EUR,2026-09-08T20:59:51.000Z,CONSOLIDATED,2026-09-22T12:30:10.849Z
2026-09-09,US69608A1088,Palantir Technologies,145.92,EUR,2026-09-09T20:59:45.000Z,CONSOLIDATED,2026-09-22T12:30:10.849Z
2026-09-10,US69608A1088,Palantir Technologies,143.1,EUR,2026-09-10T20:59:58.000Z,CONSOLIDATED,2026-09-22T12:30:10.849Z
2026-09-11,US69608A1088,Palantir Technologies,144.28,EUR,2026-09-11T20:59:35.000Z,CONSOLIDATED,2026-09-22T12:30:10.849Z
2026-09-14,US69608A1088,Palantir Technologies,150.11,EUR,2026-09-14T20:59:48.000Z,CONSOLIDATED,2026-09-22T12:30:10.849Z
2026-09-15,US69608A1088,Palantir Technologies,149.53,EUR,2026-09-15T20:59:55.000Z,CONSOLIDATED,2026-09-22T12:30:10.849Z
2026-09-16,US69608A1088,Palantir Technologies,151.93,EUR,2026-09-16T20:59:58.000Z,CONSOLIDATED,2026-09-22T12:30:10.849Z
2026-09-17,US69608A1088,Palantir Technologies,153.08,EUR,2026-09-17T20:59:34.000Z,CONSOLIDATED,2026-09-22T12:30:10.849Z
2026-09-18,US69608A1088,Palantir Technologies,154.67,EUR,2026-09-18T20:59:51.000Z,CONSOLIDATED,2026-09-22T12:30:10.849Z
2026-09-21,US69608A1088,Palantir Technologies,159.48,EUR,2026-09-21T20:59:47.000Z,CONSOLIDATED,2026-09-22T12:30:10.849Z
2026-01-02,US78392B1070,SK Hynix GDR,407,EUR,2026-01-02T21:59:49.000Z,CONSOLIDATED,2026-09-22T12:30:09.827Z
2026-01-05,US78392B1070,SK Hynix GDR,415.5,EUR,2026-01-05T21:15:52.000Z,CONSOLIDATED,2026-09-22T12:30:09.827Z
2026-01-06,US78392B1070,SK Hynix GDR,450,EUR,2026-01-06T21:58:26.000Z,CONSOLIDATED,2026-09-22T12:30:09.827Z
2026-01-07,US78392B1070,SK Hynix GDR,444.5,EUR,2026-01-07T21:59:49.000Z,CONSOLIDATED,2026-09-22T12:30:09.827Z
2026-01-08,US78392B1070,SK Hynix GDR,444,EUR,2026-01-08T21:58:58.000Z,CONSOLIDATED,2026-09-22T12:30:09.827Z
2026-01-09,US78392B1070,SK Hynix GDR,454.5,EUR,2026-01-09T21:59:33.000Z,CONSOLIDATED,2026-09-22T12:30:09.827Z
2026-01-12,US78392B1070,SK Hynix GDR,444.5,EUR,2026-01-12T21:59:38.000Z,CONSOLIDATED,2026-09-22T12:30:09.827Z
2026-01-13,US78392B1070,SK Hynix GDR,425.5,EUR,2026-01-13T21:59:42.000Z,CONSOLIDATED,2026-09-22T12:30:09.827Z
2026-01-14,US78392B1070,SK Hynix GDR,428,EUR,2026-01-14T21:21:34.000Z,CONSOLIDATED,2026-09-22T12:30:09.827Z
2026-01-15,US78392B1070,SK Hynix GDR,447.5,EUR,2026-01-15T21:51:40.000Z,CONSOLIDATED,2026-09-22T12:30:09.827Z
2026-01-16,US78392B1070,SK Hynix GDR,449.5,EUR,2026-01-16T21:10:40.000Z,CONSOLIDATED,2026-09-22T12:30:09.827Z
2026-01-19,US78392B1070,SK Hynix GDR,439.5,EUR,2026-01-19T21:08:54.000Z,CONSOLIDATED,2026-09-22T12:30:09.827Z
2026-01-20,US78392B1070,SK Hynix GDR,427.5,EUR,2026-01-20T21:02:52.000Z,CONSOLIDATED,2026-09-22T12:30:09.827Z
2026-01-21,US78392B1070,SK Hynix GDR,445.5,EUR,2026-01-21T21:44:57.000Z,CONSOLIDATED,2026-09-22T12:30:09.827Z
2026-01-22,US78392B1070,SK Hynix GDR,447,EUR,2026-01-22T21:51:34.000Z,CONSOLIDATED,2026-09-22T12:30:09.827Z
2026-01-23,US78392B1070,SK Hynix GDR,449.5,EUR,2026-01-23T21:50:28.000Z,CONSOLIDATED,2026-09-22T12:30:09.827Z
2026-01-26,US78392B1070,SK Hynix GDR,437.5,EUR,2026-01-26T21:59:39.000Z,CONSOLIDATED,2026-09-22T12:30:09.827Z
2026-01-27,US78392B1070,SK Hynix GDR,478.5,EUR,2026-01-27T21:39:43.000Z,CONSOLIDATED,2026-09-22T12:30:09.827Z
2026-01-28,US78392B1070,SK Hynix GDR,512,EUR,2026-01-28T21:51:40.000Z,CONSOLIDATED,2026-09-22T12:30:09.827Z
2026-01-29,US78392B1070,SK Hynix GDR,497.5,EUR,2026-01-29T21:49:49.000Z,CONSOLIDATED,2026-09-22T12:30:09.827Z
2026-01-30,US78392B1070,SK Hynix GDR,512,EUR,2026-01-30T21:25:57.000Z,CONSOLIDATED,2026-09-22T12:30:09.827Z
2026-02-02,US78392B1070,SK Hynix GDR,522,EUR,2026-02-02T21:59:07.000Z,CONSOLIDATED,2026-09-22T12:30:09.827Z
2026-02-03,US78392B1070,SK Hynix GDR,527,EUR,2026-02-03T21:56:05.000Z,CONSOLIDATED,2026-09-22T12:30:09.827Z
2026-02-04,US78392B1070,SK Hynix GDR,492,EUR,2026-02-04T21:57:52.000Z,CONSOLIDATED,2026-09-22T12:30:09.827Z
2026-02-05,US78392B1070,SK Hynix GDR,479,EUR,2026-02-05T21:56:57.000Z,CONSOLIDATED,2026-09-22T12:30:09.827Z
2026-02-06,US78392B1070,SK Hynix GDR,518,EUR,2026-02-06T21:56:22.000Z,CONSOLIDATED,2026-09-22T12:30:09.827Z
2026-02-09,US78392B1070,SK Hynix GDR,522,EUR,2026-02-09T21:56:04.000Z,CONSOLIDATED,2026-09-22T12:30:09.827Z
2026-02-10,US78392B1070,SK Hynix GDR,511,EUR,2026-02-10T21:59:25.000Z,CONSOLIDATED,2026-09-22T12:30:09.827Z
2026-02-11,US78392B1070,SK Hynix GDR,520,EUR,2026-02-11T21:24:10.000Z,CONSOLIDATED,2026-09-22T12:30:09.827Z
2026-02-12,US78392B1070,SK Hynix GDR,528,EUR,2026-02-12T21:49:00.000Z,CONSOLIDATED,2026-09-22T12:30:09.827Z
2026-02-13,US78392B1070,SK Hynix GDR,531,EUR,2026-02-13T21:41:00.000Z,CONSOLIDATED,2026-09-22T12:30:09.827Z
2026-02-16,US78392B1070,SK Hynix GDR,524,EUR,2026-02-16T21:02:39.000Z,CONSOLIDATED,2026-09-22T12:30:09.827Z
2026-02-17,US78392B1070,SK Hynix GDR,515,EUR,2026-02-17T21:06:10.000Z,CONSOLIDATED,2026-09-22T12:30:09.827Z
2026-02-18,US78392B1070,SK Hynix GDR,524,EUR,2026-02-18T21:02:43.000Z,CONSOLIDATED,2026-09-22T12:30:09.827Z
2026-02-19,US78392B1070,SK Hynix GDR,523,EUR,2026-02-19T21:46:33.000Z,CONSOLIDATED,2026-09-22T12:30:09.827Z
2026-02-20,US78392B1070,SK Hynix GDR,571,EUR,2026-02-20T21:55:39.000Z,CONSOLIDATED,2026-09-22T12:30:09.827Z
2026-02-23,US78392B1070,SK Hynix GDR,566,EUR,2026-02-23T21:59:57.000Z,CONSOLIDATED,2026-09-22T12:30:09.827Z
2026-02-24,US78392B1070,SK Hynix GDR,613,EUR,2026-02-24T21:58:29.000Z,CONSOLIDATED,2026-09-22T12:30:09.827Z
2026-02-25,US78392B1070,SK Hynix GDR,653,EUR,2026-02-25T21:54:15.000Z,CONSOLIDATED,2026-09-22T12:30:09.827Z
2026-02-26,US78392B1070,SK Hynix GDR,645,EUR,2026-02-26T21:37:12.000Z,CONSOLIDATED,2026-09-22T12:30:09.827Z
2026-02-27,US78392B1070,SK Hynix GDR,606,EUR,2026-02-27T21:19:55.000Z,CONSOLIDATED,2026-09-22T12:30:09.827Z
2026-03-02,US78392B1070,SK Hynix GDR,630,EUR,2026-03-02T21:19:30.000Z,CONSOLIDATED,2026-09-22T12:30:09.827Z
2026-03-03,US78392B1070,SK Hynix GDR,548,EUR,2026-03-03T21:42:59.000Z,CONSOLIDATED,2026-09-22T12:30:09.827Z
2026-03-04,US78392B1070,SK Hynix GDR,569,EUR,2026-03-04T21:56:49.000Z,CONSOLIDATED,2026-09-22T12:30:09.827Z
2026-03-05,US78392B1070,SK Hynix GDR,531,EUR,2026-03-05T21:51:04.000Z,CONSOLIDATED,2026-09-22T12:30:09.827Z
2026-03-06,US78392B1070,SK Hynix GDR,500.5,EUR,2026-03-06T21:58:41.000Z,CONSOLIDATED,2026-09-22T12:30:09.827Z
2026-03-09,US78392B1070,SK Hynix GDR,534,EUR,2026-03-09T21:52:56.000Z,CONSOLIDATED,2026-09-22T12:30:09.827Z
2026-03-10,US78392B1070,SK Hynix GDR,560,EUR,2026-03-10T21:59:33.000Z,CONSOLIDATED,2026-09-22T12:30:09.827Z
2026-03-11,US78392B1070,SK Hynix GDR,562,EUR,2026-03-11T21:58:00.000Z,CONSOLIDATED,2026-09-22T12:30:09.827Z
2026-03-12,US78392B1070,SK Hynix GDR,518,EUR,2026-03-12T21:54:17.000Z,CONSOLIDATED,2026-09-22T12:30:09.827Z
2026-03-13,US78392B1070,SK Hynix GDR,529,EUR,2026-03-13T21:53:37.000Z,CONSOLIDATED,2026-09-22T12:30:09.827Z
2026-03-16,US78392B1070,SK Hynix GDR,597,EUR,2026-03-16T21:41:52.000Z,CONSOLIDATED,2026-09-22T12:30:09.827Z
2026-03-17,US78392B1070,SK Hynix GDR,595,EUR,2026-03-17T21:56:10.000Z,CONSOLIDATED,2026-09-22T12:30:09.827Z
2026-03-18,US78392B1070,SK Hynix GDR,607,EUR,2026-03-18T21:03:53.000Z,CONSOLIDATED,2026-09-22T12:30:09.827Z
2026-03-19,US78392B1070,SK Hynix GDR,591,EUR,2026-03-19T21:57:39.000Z,CONSOLIDATED,2026-09-22T12:30:09.827Z
2026-03-20,US78392B1070,SK Hynix GDR,553,EUR,2026-03-20T21:51:33.000Z,CONSOLIDATED,2026-09-22T12:30:09.827Z
2026-03-23,US78392B1070,SK Hynix GDR,573,EUR,2026-03-23T21:58:28.000Z,CONSOLIDATED,2026-09-22T12:30:09.827Z
2026-03-24,US78392B1070,SK Hynix GDR,576,EUR,2026-03-24T21:52:51.000Z,CONSOLIDATED,2026-09-22T12:30:09.827Z
2026-03-25,US78392B1070,SK Hynix GDR,560,EUR,2026-03-25T21:56:42.000Z,CONSOLIDATED,2026-09-22T12:30:09.827Z
2026-03-26,US78392B1070,SK Hynix GDR,529,EUR,2026-03-26T21:48:13.000Z,CONSOLIDATED,2026-09-22T12:30:09.827Z
2026-03-27,US78392B1070,SK Hynix GDR,509,EUR,2026-03-27T21:43:50.000Z,CONSOLIDATED,2026-09-22T12:30:09.827Z
2026-03-30,US78392B1070,SK Hynix GDR,473.5,EUR,2026-03-30T20:51:50.000Z,CONSOLIDATED,2026-09-22T12:30:09.827Z
2026-03-31,US78392B1070,SK Hynix GDR,516,EUR,2026-03-31T20:51:37.000Z,CONSOLIDATED,2026-09-22T12:30:09.827Z
2026-04-01,US78392B1070,SK Hynix GDR,522,EUR,2026-04-01T20:51:33.000Z,CONSOLIDATED,2026-09-22T12:30:09.827Z
2026-04-02,US78392B1070,SK Hynix GDR,501,EUR,2026-04-02T20:52:40.000Z,CONSOLIDATED,2026-09-22T12:30:09.827Z
2026-04-07,US78392B1070,SK Hynix GDR,524,EUR,2026-04-07T20:59:57.000Z,CONSOLIDATED,2026-09-22T12:30:09.827Z
2026-04-08,US78392B1070,SK Hynix GDR,597,EUR,2026-04-08T20:43:58.000Z,CONSOLIDATED,2026-09-22T12:30:09.827Z
2026-04-09,US78392B1070,SK Hynix GDR,600,EUR,2026-04-09T20:52:53.000Z,CONSOLIDATED,2026-09-22T12:30:09.827Z
2026-04-10,US78392B1070,SK Hynix GDR,588,EUR,2026-04-10T20:19:06.000Z,CONSOLIDATED,2026-09-22T12:30:09.827Z
2026-04-13,US78392B1070,SK Hynix GDR,616,EUR,2026-04-13T20:50:21.000Z,CONSOLIDATED,2026-09-22T12:30:09.827Z
2026-04-14,US78392B1070,SK Hynix GDR,656,EUR,2026-04-14T20:21:31.000Z,CONSOLIDATED,2026-09-22T12:30:09.827Z
2026-04-15,US78392B1070,SK Hynix GDR,657,EUR,2026-04-15T20:59:44.000Z,CONSOLIDATED,2026-09-22T12:30:09.827Z
2026-04-16,US78392B1070,SK Hynix GDR,667,EUR,2026-04-16T20:54:19.000Z,CONSOLIDATED,2026-09-22T12:30:09.827Z
2026-04-17,US78392B1070,SK Hynix GDR,692,EUR,2026-04-17T20:56:10.000Z,CONSOLIDATED,2026-09-22T12:30:09.827Z
2026-04-20,US78392B1070,SK Hynix GDR,689,EUR,2026-04-20T20:53:52.000Z,CONSOLIDATED,2026-09-22T12:30:09.827Z
2026-04-21,US78392B1070,SK Hynix GDR,713,EUR,2026-04-21T20:59:24.000Z,CONSOLIDATED,2026-09-22T12:30:09.827Z
2026-04-22,US78392B1070,SK Hynix GDR,742,EUR,2026-04-22T20:55:19.000Z,CONSOLIDATED,2026-09-22T12:30:09.827Z
2026-04-23,US78392B1070,SK Hynix GDR,714,EUR,2026-04-23T20:54:27.000Z,CONSOLIDATED,2026-09-22T12:30:09.827Z
2026-04-24,US78392B1070,SK Hynix GDR,742,EUR,2026-04-24T20:56:33.000Z,CONSOLIDATED,2026-09-22T12:30:09.827Z
2026-04-27,US78392B1070,SK Hynix GDR,765,EUR,2026-04-27T20:37:42.000Z,CONSOLIDATED,2026-09-22T12:30:09.827Z
2026-04-28,US78392B1070,SK Hynix GDR,747,EUR,2026-04-28T20:55:05.000Z,CONSOLIDATED,2026-09-22T12:30:09.827Z
2026-04-29,US78392B1070,SK Hynix GDR,743,EUR,2026-04-29T20:59:20.000Z,CONSOLIDATED,2026-09-22T12:30:09.827Z
2026-04-30,US78392B1070,SK Hynix GDR,755,EUR,2026-04-30T20:42:12.000Z,CONSOLIDATED,2026-09-22T12:30:09.827Z
2026-05-04,US78392B1070,SK Hynix GDR,831,EUR,2026-05-04T20:53:56.000Z,CONSOLIDATED,2026-09-22T12:30:09.827Z
2026-05-05,US78392B1070,SK Hynix GDR,910,EUR,2026-05-05T20:58:14.000Z,CONSOLIDATED,2026-09-22T12:30:09.827Z
2026-05-06,US78392B1070,SK Hynix GDR,1002,EUR,2026-05-06T20:58:37.000Z,CONSOLIDATED,2026-09-22T12:30:09.827Z
2026-05-07,US78392B1070,SK Hynix GDR,938,EUR,2026-05-07T20:54:47.000Z,CONSOLIDATED,2026-09-22T12:30:09.827Z
2026-05-08,US78392B1070,SK Hynix GDR,1072.5,EUR,2026-05-08T20:58:39.000Z,CONSOLIDATED,2026-09-22T12:30:09.827Z
2026-05-11,US78392B1070,SK Hynix GDR,1152.5,EUR,2026-05-11T20:58:46.000Z,CONSOLIDATED,2026-09-22T12:30:09.827Z
2026-05-12,US78392B1070,SK Hynix GDR,1062.5,EUR,2026-05-12T20:45:07.000Z,CONSOLIDATED,2026-09-22T12:30:09.827Z
2026-05-13,US78392B1070,SK Hynix GDR,1150,EUR,2026-05-13T20:55:54.000Z,CONSOLIDATED,2026-09-22T12:30:09.827Z
2026-05-14,US78392B1070,SK Hynix GDR,1140,EUR,2026-05-14T20:56:28.000Z,CONSOLIDATED,2026-09-22T12:30:09.827Z
2026-05-15,US78392B1070,SK Hynix GDR,1060,EUR,2026-05-15T20:59:30.000Z,CONSOLIDATED,2026-09-22T12:30:09.827Z
2026-05-18,US78392B1070,SK Hynix GDR,1030,EUR,2026-05-18T20:59:08.000Z,CONSOLIDATED,2026-09-22T12:30:09.827Z
2026-05-19,US78392B1070,SK Hynix GDR,1025,EUR,2026-05-19T20:38:46.000Z,CONSOLIDATED,2026-09-22T12:30:09.827Z
2026-05-20,US78392B1070,SK Hynix GDR,1042.5,EUR,2026-05-20T20:58:42.000Z,CONSOLIDATED,2026-09-22T12:30:09.827Z
2026-05-21,US78392B1070,SK Hynix GDR,1100,EUR,2026-05-21T20:56:38.000Z,CONSOLIDATED,2026-09-22T12:30:09.827Z
2026-05-22,US78392B1070,SK Hynix GDR,1040,EUR,2026-05-22T20:56:23.000Z,CONSOLIDATED,2026-09-22T12:30:09.827Z
2026-05-25,US78392B1070,SK Hynix GDR,1140,EUR,2026-05-25T20:52:35.000Z,CONSOLIDATED,2026-09-22T12:30:09.827Z
2026-05-26,US78392B1070,SK Hynix GDR,1290,EUR,2026-05-26T20:58:37.000Z,CONSOLIDATED,2026-09-22T12:30:09.827Z
2026-05-27,US78392B1070,SK Hynix GDR,1280,EUR,2026-05-27T20:44:33.000Z,CONSOLIDATED,2026-09-22T12:30:09.827Z
2026-05-28,US78392B1070,SK Hynix GDR,1365,EUR,2026-05-28T20:46:01.000Z,CONSOLIDATED,2026-09-22T12:30:09.827Z
2026-05-29,US78392B1070,SK Hynix GDR,1340,EUR,2026-05-29T20:54:37.000Z,CONSOLIDATED,2026-09-22T12:30:09.827Z
2026-06-01,US78392B1070,SK Hynix GDR,1430,EUR,2026-06-01T20:57:37.000Z,CONSOLIDATED,2026-09-22T12:30:09.827Z
2026-06-02,US78392B1070,SK Hynix GDR,1390,EUR,2026-06-02T20:56:30.000Z,CONSOLIDATED,2026-09-22T12:30:09.827Z
2026-06-03,US78392B1070,SK Hynix GDR,1372.5,EUR,2026-06-03T20:54:48.000Z,CONSOLIDATED,2026-09-22T12:30:09.827Z
2026-06-04,US78392B1070,SK Hynix GDR,1295,EUR,2026-06-04T20:45:39.000Z,CONSOLIDATED,2026-09-22T12:30:09.827Z
2026-06-05,US78392B1070,SK Hynix GDR,1042.5,EUR,2026-06-05T20:59:35.000Z,CONSOLIDATED,2026-09-22T12:30:09.827Z
2026-06-08,US78392B1070,SK Hynix GDR,1177.5,EUR,2026-06-08T20:59:45.000Z,CONSOLIDATED,2026-09-22T12:30:09.827Z
2026-06-09,US78392B1070,SK Hynix GDR,1187.5,EUR,2026-06-09T20:59:54.000Z,CONSOLIDATED,2026-09-22T12:30:09.827Z
2026-06-10,US78392B1070,SK Hynix GDR,1117.5,EUR,2026-06-10T20:59:25.000Z,CONSOLIDATED,2026-09-22T12:30:09.827Z
2026-06-11,US78392B1070,SK Hynix GDR,1295,EUR,2026-06-11T20:58:36.000Z,CONSOLIDATED,2026-09-22T12:30:09.827Z
2026-06-12,US78392B1070,SK Hynix GDR,1280,EUR,2026-06-12T20:59:32.000Z,CONSOLIDATED,2026-09-22T12:30:09.827Z
2026-06-15,US78392B1070,SK Hynix GDR,1355,EUR,2026-06-15T20:54:19.000Z,CONSOLIDATED,2026-09-22T12:30:09.827Z
2026-06-16,US78392B1070,SK Hynix GDR,1300,EUR,2026-06-16T20:54:17.000Z,CONSOLIDATED,2026-09-22T12:30:09.827Z
2026-06-17,US78392B1070,SK Hynix GDR,1415,EUR,2026-06-17T20:42:21.000Z,CONSOLIDATED,2026-09-22T12:30:09.827Z
2026-06-18,US78392B1070,SK Hynix GDR,1597.5,EUR,2026-06-18T20:59:10.000Z,CONSOLIDATED,2026-09-22T12:30:09.827Z
2026-06-19,US78392B1070,SK Hynix GDR,1582.5,EUR,2026-06-19T20:51:45.000Z,CONSOLIDATED,2026-09-22T12:30:09.827Z
2026-06-22,US78392B1070,SK Hynix GDR,1722.5,EUR,2026-06-22T20:58:57.000Z,CONSOLIDATED,2026-09-22T12:30:09.827Z
2026-06-23,US78392B1070,SK Hynix GDR,1492.5,EUR,2026-06-23T20:59:22.000Z,CONSOLIDATED,2026-09-22T12:30:09.827Z
2026-06-24,US78392B1070,SK Hynix GDR,1635,EUR,2026-06-24T20:59:30.000Z,CONSOLIDATED,2026-09-22T12:30:09.827Z
2026-06-25,US78392B1070,SK Hynix GDR,1625,EUR,2026-06-25T20:58:17.000Z,CONSOLIDATED,2026-09-22T12:30:09.827Z
2026-06-26,US78392B1070,SK Hynix GDR,1550,EUR,2026-06-26T20:57:20.000Z,CONSOLIDATED,2026-09-22T12:30:09.827Z
2026-06-29,US78392B1070,SK Hynix GDR,1500,EUR,2026-06-29T20:56:36.000Z,CONSOLIDATED,2026-09-22T12:30:09.827Z
2026-06-30,US78392B1070,SK Hynix GDR,1565,EUR,2026-06-30T20:59:04.000Z,CONSOLIDATED,2026-09-22T12:30:09.827Z
2026-07-01,US78392B1070,SK Hynix GDR,1405,EUR,2026-07-01T20:57:10.000Z,CONSOLIDATED,2026-09-22T12:30:09.827Z
2026-07-02,US78392B1070,SK Hynix GDR,1285,EUR,2026-07-02T20:59:55.000Z,CONSOLIDATED,2026-09-22T12:30:09.827Z
2026-07-03,US78392B1070,SK Hynix GDR,1407.5,EUR,2026-07-03T20:58:17.000Z,CONSOLIDATED,2026-09-22T12:30:09.827Z
2026-07-06,US78392B1070,SK Hynix GDR,1400,EUR,2026-07-06T20:58:11.000Z,CONSOLIDATED,2026-09-22T12:30:09.827Z
2026-07-07,US78392B1070,SK Hynix GDR,1267.5,EUR,2026-07-07T20:59:52.000Z,CONSOLIDATED,2026-09-22T12:30:09.827Z
2026-07-08,US78392B1070,SK Hynix GDR,1315,EUR,2026-07-08T20:55:25.000Z,CONSOLIDATED,2026-09-22T12:30:09.827Z
2026-07-09,US78392B1070,SK Hynix GDR,1427.5,EUR,2026-07-09T20:59:36.000Z,CONSOLIDATED,2026-09-22T12:30:09.827Z
2026-07-10,US78392B1070,SK Hynix GDR,1302.5,EUR,2026-07-10T20:57:28.000Z,CONSOLIDATED,2026-09-22T12:30:09.827Z
2026-07-13,US78392B1070,SK Hynix GDR,1097.5,EUR,2026-07-13T20:58:00.000Z,CONSOLIDATED,2026-09-22T12:30:09.827Z
2026-07-14,US78392B1070,SK Hynix GDR,1237.5,EUR,2026-07-14T20:58:55.000Z,CONSOLIDATED,2026-09-22T12:30:09.827Z
2026-07-15,US78392B1070,SK Hynix GDR,1147.5,EUR,2026-07-15T20:55:06.000Z,CONSOLIDATED,2026-09-22T12:30:09.827Z
2026-07-16,US78392B1070,SK Hynix GDR,1001,EUR,2026-07-16T20:59:06.000Z,CONSOLIDATED,2026-09-22T12:30:09.827Z
2026-07-17,US78392B1070,SK Hynix GDR,1009,EUR,2026-07-17T20:59:19.000Z,CONSOLIDATED,2026-09-22T12:30:09.827Z
2026-07-20,US78392B1070,SK Hynix GDR,1045,EUR,2026-07-20T20:48:29.000Z,CONSOLIDATED,2026-09-22T12:30:09.827Z
2026-07-21,US78392B1070,SK Hynix GDR,1165,EUR,2026-07-21T20:59:49.000Z,CONSOLIDATED,2026-09-22T12:30:09.827Z
2026-07-22,US78392B1070,SK Hynix GDR,1115,EUR,2026-07-22T20:50:27.000Z,CONSOLIDATED,2026-09-22T12:30:09.827Z
2026-07-23,US78392B1070,SK Hynix GDR,1130,EUR,2026-07-23T20:40:15.000Z,CONSOLIDATED,2026-09-22T12:30:09.827Z
2026-07-24,US78392B1070,SK Hynix GDR,1025,EUR,2026-07-24T20:53:52.000Z,CONSOLIDATED,2026-09-22T12:30:09.827Z
2026-07-27,US78392B1070,SK Hynix GDR,1012.5,EUR,2026-07-27T20:58:16.000Z,CONSOLIDATED,2026-09-22T12:30:09.827Z
2026-07-28,US78392B1070,SK Hynix GDR,922,EUR,2026-07-28T20:59:52.000Z,CONSOLIDATED,2026-09-22T12:30:09.827Z
2026-07-29,US78392B1070,SK Hynix GDR,820,EUR,2026-07-29T20:59:23.000Z,CONSOLIDATED,2026-09-22T12:30:09.827Z
2026-07-30,US78392B1070,SK Hynix GDR,971,EUR,2026-07-30T20:58:10.000Z,CONSOLIDATED,2026-09-22T12:30:09.827Z
2026-07-31,US78392B1070,SK Hynix GDR,952,EUR,2026-07-31T20:59:52.000Z,CONSOLIDATED,2026-09-22T12:30:09.827Z
2026-08-03,US78392B1070,SK Hynix GDR,958,EUR,2026-08-03T20:56:32.000Z,CONSOLIDATED,2026-09-22T12:30:09.827Z
2026-08-04,US78392B1070,SK Hynix GDR,1015,EUR,2026-08-04T20:43:05.000Z,CONSOLIDATED,2026-09-22T12:30:09.827Z
2026-08-05,US78392B1070,SK Hynix GDR,979,EUR,2026-08-05T20:32:15.000Z,CONSOLIDATED,2026-09-22T12:30:09.827Z
2026-08-06,US78392B1070,SK Hynix GDR,930,EUR,2026-08-06T20:54:22.000Z,CONSOLIDATED,2026-09-22T12:30:09.827Z
2026-08-07,US78392B1070,SK Hynix GDR,898,EUR,2026-08-07T20:58:29.000Z,CONSOLIDATED,2026-09-22T12:30:09.827Z
2026-08-10,US78392B1070,SK Hynix GDR,868,EUR,2026-08-10T20:59:43.000Z,CONSOLIDATED,2026-09-22T12:30:09.827Z
2026-08-11,US78392B1070,SK Hynix GDR,904,EUR,2026-08-11T20:35:30.000Z,CONSOLIDATED,2026-09-22T12:30:09.827Z
2026-08-12,US78392B1070,SK Hynix GDR,979,EUR,2026-08-12T20:46:01.000Z,CONSOLIDATED,2026-09-22T12:30:09.827Z
2026-08-13,US78392B1070,SK Hynix GDR,1042.5,EUR,2026-08-13T20:57:18.000Z,CONSOLIDATED,2026-09-22T12:30:09.827Z
2026-08-14,US78392B1070,SK Hynix GDR,1017.5,EUR,2026-08-14T20:52:55.000Z,CONSOLIDATED,2026-09-22T12:30:09.827Z
2026-08-17,US78392B1070,SK Hynix GDR,1065,EUR,2026-08-17T20:48:13.000Z,CONSOLIDATED,2026-09-22T12:30:09.827Z
2026-08-18,US78392B1070,SK Hynix GDR,970,EUR,2026-08-18T20:55:58.000Z,CONSOLIDATED,2026-09-22T12:30:09.827Z
2026-08-19,US78392B1070,SK Hynix GDR,987,EUR,2026-08-19T20:57:07.000Z,CONSOLIDATED,2026-09-22T12:30:09.827Z
2026-08-20,US78392B1070,SK Hynix GDR,1045,EUR,2026-08-20T20:46:54.000Z,CONSOLIDATED,2026-09-22T12:30:09.827Z
2026-08-21,US78392B1070,SK Hynix GDR,1065,EUR,2026-08-21T20:47:56.000Z,CONSOLIDATED,2026-09-22T12:30:09.827Z
2026-08-24,US78392B1070,SK Hynix GDR,1010,EUR,2026-08-24T20:00:02.000Z,CONSOLIDATED,2026-09-22T12:30:09.827Z
2026-08-25,US78392B1070,SK Hynix GDR,1045,EUR,2026-08-25T20:43:59.000Z,CONSOLIDATED,2026-09-22T12:30:09.827Z
2026-08-26,US78392B1070,SK Hynix GDR,1037.5,EUR,2026-08-26T20:58:38.000Z,CONSOLIDATED,2026-09-22T12:30:09.827Z
2026-08-27,US78392B1070,SK Hynix GDR,1057.5,EUR,2026-08-27T20:27:53.000Z,CONSOLIDATED,2026-09-22T12:30:09.827Z
2026-08-28,US78392B1070,SK Hynix GDR,1035,EUR,2026-08-28T20:00:02.000Z,CONSOLIDATED,2026-09-22T12:30:09.827Z
2026-08-31,US78392B1070,SK Hynix GDR,1050,EUR,2026-08-31T20:35:51.000Z,CONSOLIDATED,2026-09-22T12:30:09.827Z
2026-09-01,US78392B1070,SK Hynix GDR,1025,EUR,2026-09-01T20:13:16.000Z,CONSOLIDATED,2026-09-22T12:30:09.827Z
2026-09-02,US78392B1070,SK Hynix GDR,1037.5,EUR,2026-09-02T20:38:22.000Z,CONSOLIDATED,2026-09-22T12:30:09.827Z
2026-09-03,US78392B1070,SK Hynix GDR,1032.5,EUR,2026-09-03T20:39:05.000Z,CONSOLIDATED,2026-09-22T12:30:09.827Z
2026-09-04,US78392B1070,SK Hynix GDR,1090,EUR,2026-09-04T20:47:14.000Z,CONSOLIDATED,2026-09-22T12:30:09.827Z
2026-09-07,US78392B1070,SK Hynix GDR,1150,EUR,2026-09-07T20:54:12.000Z,CONSOLIDATED,2026-09-22T12:30:09.827Z
2026-09-08,US78392B1070,SK Hynix GDR,1157.5,EUR,2026-09-08T20:57:55.000Z,CONSOLIDATED,2026-09-22T12:30:09.827Z
2026-09-09,US78392B1070,SK Hynix GDR,1220,EUR,2026-09-09T20:57:37.000Z,CONSOLIDATED,2026-09-22T12:30:09.827Z
2026-09-10,US78392B1070,SK Hynix GDR,1150,EUR,2026-09-10T20:39:33.000Z,CONSOLIDATED,2026-09-22T12:30:09.827Z
2026-09-11,US78392B1070,SK Hynix GDR,1165,EUR,2026-09-11T20:57:21.000Z,CONSOLIDATED,2026-09-22T12:30:09.827Z
2026-09-14,US78392B1070,SK Hynix GDR,1070,EUR,2026-09-14T20:38:01.000Z,CONSOLIDATED,2026-09-22T12:30:09.827Z
2026-09-15,US78392B1070,SK Hynix GDR,1060,EUR,2026-09-15T20:41:58.000Z,CONSOLIDATED,2026-09-22T12:30:09.827Z
2026-09-16,US78392B1070,SK Hynix GDR,1092.5,EUR,2026-09-16T20:48:44.000Z,CONSOLIDATED,2026-09-22T12:30:09.827Z
2026-09-17,US78392B1070,SK Hynix GDR,1130,EUR,2026-09-17T20:40:08.000Z,CONSOLIDATED,2026-09-22T12:30:09.827Z
2026-09-18,US78392B1070,SK Hynix GDR,1167.5,EUR,2026-09-18T20:54:06.000Z,CONSOLIDATED,2026-09-22T12:30:09.827Z
2026-09-21,US78392B1070,SK Hynix GDR,1197.5,EUR,2026-09-21T20:29:14.000Z,CONSOLIDATED,2026-09-22T12:30:09.827Z
2026-01-02,US7960508882,Samsung Electronics GDR,1920,EUR,2026-01-02T21:00:01.000Z,CONSOLIDATED,2026-09-22T12:30:10.849Z
2026-01-05,US7960508882,Samsung Electronics GDR,2055,EUR,2026-01-05T21:59:28.000Z,CONSOLIDATED,2026-09-22T12:30:10.849Z
2026-01-06,US7960508882,Samsung Electronics GDR,2050,EUR,2026-01-06T21:59:57.000Z,CONSOLIDATED,2026-09-22T12:30:10.849Z
2026-01-07,US7960508882,Samsung Electronics GDR,2070,EUR,2026-01-07T21:00:42.000Z,CONSOLIDATED,2026-09-22T12:30:10.849Z
2026-01-08,US7960508882,Samsung Electronics GDR,2002.5,EUR,2026-01-08T21:59:11.000Z,CONSOLIDATED,2026-09-22T12:30:10.849Z
2026-01-09,US7960508882,Samsung Electronics GDR,2090,EUR,2026-01-09T21:58:26.000Z,CONSOLIDATED,2026-09-22T12:30:10.849Z
2026-01-12,US7960508882,Samsung Electronics GDR,2050,EUR,2026-01-12T21:23:56.000Z,CONSOLIDATED,2026-09-22T12:30:10.849Z
2026-01-13,US7960508882,Samsung Electronics GDR,1962.5,EUR,2026-01-13T21:59:58.000Z,CONSOLIDATED,2026-09-22T12:30:10.849Z
2026-01-14,US7960508882,Samsung Electronics GDR,2035,EUR,2026-01-14T21:51:43.000Z,CONSOLIDATED,2026-09-22T12:30:10.849Z
2026-01-15,US7960508882,Samsung Electronics GDR,2145,EUR,2026-01-15T21:59:33.000Z,CONSOLIDATED,2026-09-22T12:30:10.849Z
2026-01-16,US7960508882,Samsung Electronics GDR,2185,EUR,2026-01-16T21:50:17.000Z,CONSOLIDATED,2026-09-22T12:30:10.849Z
2026-01-19,US7960508882,Samsung Electronics GDR,2195,EUR,2026-01-19T21:07:27.000Z,CONSOLIDATED,2026-09-22T12:30:10.849Z
2026-01-20,US7960508882,Samsung Electronics GDR,2105,EUR,2026-01-20T21:31:32.000Z,CONSOLIDATED,2026-09-22T12:30:10.849Z
2026-01-21,US7960508882,Samsung Electronics GDR,2240,EUR,2026-01-21T21:58:34.000Z,CONSOLIDATED,2026-09-22T12:30:10.849Z
2026-01-22,US7960508882,Samsung Electronics GDR,2220,EUR,2026-01-22T21:59:49.000Z,CONSOLIDATED,2026-09-22T12:30:10.849Z
2026-01-23,US7960508882,Samsung Electronics GDR,2215,EUR,2026-01-23T21:41:06.000Z,CONSOLIDATED,2026-09-22T12:30:10.849Z
2026-01-26,US7960508882,Samsung Electronics GDR,2235,EUR,2026-01-26T21:00:01.000Z,CONSOLIDATED,2026-09-22T12:30:10.849Z
2026-01-27,US7960508882,Samsung Electronics GDR,2335,EUR,2026-01-27T21:48:17.000Z,CONSOLIDATED,2026-09-22T12:30:10.849Z
2026-01-28,US7960508882,Samsung Electronics GDR,2355,EUR,2026-01-28T21:56:01.000Z,CONSOLIDATED,2026-09-22T12:30:10.849Z
2026-01-29,US7960508882,Samsung Electronics GDR,2330,EUR,2026-01-29T21:02:55.000Z,CONSOLIDATED,2026-09-22T12:30:10.849Z
2026-01-30,US7960508882,Samsung Electronics GDR,2300,EUR,2026-01-30T21:46:33.000Z,CONSOLIDATED,2026-09-22T12:30:10.849Z
2026-02-02,US7960508882,Samsung Electronics GDR,2300,EUR,2026-02-02T21:47:58.000Z,CONSOLIDATED,2026-09-22T12:30:10.849Z
2026-02-03,US7960508882,Samsung Electronics GDR,2415,EUR,2026-02-03T21:48:10.000Z,CONSOLIDATED,2026-09-22T12:30:10.849Z
2026-02-04,US7960508882,Samsung Electronics GDR,2305,EUR,2026-02-04T21:26:59.000Z,CONSOLIDATED,2026-09-22T12:30:10.849Z
2026-02-05,US7960508882,Samsung Electronics GDR,2290,EUR,2026-02-05T21:59:51.000Z,CONSOLIDATED,2026-09-22T12:30:10.849Z
2026-02-06,US7960508882,Samsung Electronics GDR,2400,EUR,2026-02-06T21:02:59.000Z,CONSOLIDATED,2026-09-22T12:30:10.849Z
2026-02-09,US7960508882,Samsung Electronics GDR,2455,EUR,2026-02-09T21:59:10.000Z,CONSOLIDATED,2026-09-22T12:30:10.849Z
2026-02-10,US7960508882,Samsung Electronics GDR,2385,EUR,2026-02-10T21:59:58.000Z,CONSOLIDATED,2026-09-22T12:30:10.849Z
2026-02-11,US7960508882,Samsung Electronics GDR,2475,EUR,2026-02-11T21:55:10.000Z,CONSOLIDATED,2026-09-22T12:30:10.849Z
2026-02-12,US7960508882,Samsung Electronics GDR,2540,EUR,2026-02-12T21:39:28.000Z,CONSOLIDATED,2026-09-22T12:30:10.849Z
2026-02-13,US7960508882,Samsung Electronics GDR,2655,EUR,2026-02-13T21:57:42.000Z,CONSOLIDATED,2026-09-22T12:30:10.849Z
2026-02-16,US7960508882,Samsung Electronics GDR,2690,EUR,2026-02-16T21:02:39.000Z,CONSOLIDATED,2026-09-22T12:30:10.849Z
2026-02-17,US7960508882,Samsung Electronics GDR,2585,EUR,2026-02-17T21:00:02.000Z,CONSOLIDATED,2026-09-22T12:30:10.849Z
2026-02-18,US7960508882,Samsung Electronics GDR,2670,EUR,2026-02-18T21:28:39.000Z,CONSOLIDATED,2026-09-22T12:30:10.849Z
2026-02-19,US7960508882,Samsung Electronics GDR,2790,EUR,2026-02-19T21:58:32.000Z,CONSOLIDATED,2026-09-22T12:30:10.849Z
2026-02-20,US7960508882,Samsung Electronics GDR,2860,EUR,2026-02-20T21:59:25.000Z,CONSOLIDATED,2026-09-22T12:30:10.849Z
2026-02-23,US7960508882,Samsung Electronics GDR,2820,EUR,2026-02-23T21:54:19.000Z,CONSOLIDATED,2026-09-22T12:30:10.849Z
2026-02-24,US7960508882,Samsung Electronics GDR,3015,EUR,2026-02-24T21:59:38.000Z,CONSOLIDATED,2026-09-22T12:30:10.849Z
2026-02-25,US7960508882,Samsung Electronics GDR,3065,EUR,2026-02-25T21:50:03.000Z,CONSOLIDATED,2026-09-22T12:30:10.849Z
2026-02-26,US7960508882,Samsung Electronics GDR,3140,EUR,2026-02-26T21:56:00.000Z,CONSOLIDATED,2026-09-22T12:30:10.849Z
2026-02-27,US7960508882,Samsung Electronics GDR,3050,EUR,2026-02-27T21:02:51.000Z,CONSOLIDATED,2026-09-22T12:30:10.849Z
2026-03-02,US7960508882,Samsung Electronics GDR,3050,EUR,2026-03-02T21:57:14.000Z,CONSOLIDATED,2026-09-22T12:30:10.849Z
2026-03-03,US7960508882,Samsung Electronics GDR,2770,EUR,2026-03-03T21:41:30.000Z,CONSOLIDATED,2026-09-22T12:30:10.849Z
2026-03-04,US7960508882,Samsung Electronics GDR,2875,EUR,2026-03-04T21:38:22.000Z,CONSOLIDATED,2026-09-22T12:30:10.849Z
2026-03-05,US7960508882,Samsung Electronics GDR,2620,EUR,2026-03-05T21:35:06.000Z,CONSOLIDATED,2026-09-22T12:30:10.849Z
2026-03-06,US7960508882,Samsung Electronics GDR,2610,EUR,2026-03-06T21:59:13.000Z,CONSOLIDATED,2026-09-22T12:30:10.849Z
2026-03-09,US7960508882,Samsung Electronics GDR,2770,EUR,2026-03-09T21:43:29.000Z,CONSOLIDATED,2026-09-22T12:30:10.849Z
2026-03-10,US7960508882,Samsung Electronics GDR,2790,EUR,2026-03-10T21:55:39.000Z,CONSOLIDATED,2026-09-22T12:30:10.849Z
2026-03-11,US7960508882,Samsung Electronics GDR,2760,EUR,2026-03-11T21:56:37.000Z,CONSOLIDATED,2026-09-22T12:30:10.849Z
2026-03-12,US7960508882,Samsung Electronics GDR,2620,EUR,2026-03-12T21:55:37.000Z,CONSOLIDATED,2026-09-22T12:30:10.849Z
2026-03-13,US7960508882,Samsung Electronics GDR,2660,EUR,2026-03-13T21:02:52.000Z,CONSOLIDATED,2026-09-22T12:30:10.849Z
2026-03-16,US7960508882,Samsung Electronics GDR,2860,EUR,2026-03-16T21:57:36.000Z,CONSOLIDATED,2026-09-22T12:30:10.849Z
2026-03-17,US7960508882,Samsung Electronics GDR,2880,EUR,2026-03-17T21:47:15.000Z,CONSOLIDATED,2026-09-22T12:30:10.849Z
2026-03-18,US7960508882,Samsung Electronics GDR,2965,EUR,2026-03-18T21:59:45.000Z,CONSOLIDATED,2026-09-22T12:30:10.849Z
2026-03-19,US7960508882,Samsung Electronics GDR,2845,EUR,2026-03-19T21:59:56.000Z,CONSOLIDATED,2026-09-22T12:30:10.849Z
2026-03-20,US7960508882,Samsung Electronics GDR,2640,EUR,2026-03-20T21:45:03.000Z,CONSOLIDATED,2026-09-22T12:30:10.849Z
2026-03-23,US7960508882,Samsung Electronics GDR,2775,EUR,2026-03-23T21:57:28.000Z,CONSOLIDATED,2026-09-22T12:30:10.849Z
2026-03-24,US7960508882,Samsung Electronics GDR,2800,EUR,2026-03-24T21:03:05.000Z,CONSOLIDATED,2026-09-22T12:30:10.849Z
2026-03-25,US7960508882,Samsung Electronics GDR,2690,EUR,2026-03-25T21:11:53.000Z,CONSOLIDATED,2026-09-22T12:30:10.849Z
2026-03-26,US7960508882,Samsung Electronics GDR,2430,EUR,2026-03-26T21:51:41.000Z,CONSOLIDATED,2026-09-22T12:30:10.849Z
2026-03-27,US7960508882,Samsung Electronics GDR,2500,EUR,2026-03-27T21:08:02.000Z,CONSOLIDATED,2026-09-22T12:30:10.849Z
2026-03-30,US7960508882,Samsung Electronics GDR,2360,EUR,2026-03-30T20:51:58.000Z,CONSOLIDATED,2026-09-22T12:30:10.849Z
2026-03-31,US7960508882,Samsung Electronics GDR,2585,EUR,2026-03-31T20:59:59.000Z,CONSOLIDATED,2026-09-22T12:30:10.849Z
2026-04-01,US7960508882,Samsung Electronics GDR,2705,EUR,2026-04-01T20:59:50.000Z,CONSOLIDATED,2026-09-22T12:30:10.849Z
2026-04-02,US7960508882,Samsung Electronics GDR,2665,EUR,2026-04-02T20:43:29.000Z,CONSOLIDATED,2026-09-22T12:30:10.849Z
2026-04-07,US7960508882,Samsung Electronics GDR,2720,EUR,2026-04-07T20:12:12.000Z,CONSOLIDATED,2026-09-22T12:30:10.849Z
2026-04-08,US7960508882,Samsung Electronics GDR,3040,EUR,2026-04-08T20:57:22.000Z,CONSOLIDATED,2026-09-22T12:30:10.849Z
2026-04-09,US7960508882,Samsung Electronics GDR,3015,EUR,2026-04-09T20:59:58.000Z,CONSOLIDATED,2026-09-22T12:30:10.849Z
2026-04-10,US7960508882,Samsung Electronics GDR,2980,EUR,2026-04-10T20:26:57.000Z,CONSOLIDATED,2026-09-22T12:30:10.849Z
2026-04-13,US7960508882,Samsung Electronics GDR,2930,EUR,2026-04-13T20:51:02.000Z,CONSOLIDATED,2026-09-22T12:30:10.849Z
2026-04-14,US7960508882,Samsung Electronics GDR,3035,EUR,2026-04-14T20:07:49.000Z,CONSOLIDATED,2026-09-22T12:30:10.849Z
2026-04-15,US7960508882,Samsung Electronics GDR,3015,EUR,2026-04-15T20:57:15.000Z,CONSOLIDATED,2026-09-22T12:30:10.849Z
2026-04-16,US7960508882,Samsung Electronics GDR,3170,EUR,2026-04-16T20:03:01.000Z,CONSOLIDATED,2026-09-22T12:30:10.849Z
2026-04-17,US7960508882,Samsung Electronics GDR,3245,EUR,2026-04-17T20:27:56.000Z,CONSOLIDATED,2026-09-22T12:30:10.849Z
2026-04-20,US7960508882,Samsung Electronics GDR,3200,EUR,2026-04-20T20:02:47.000Z,CONSOLIDATED,2026-09-22T12:30:10.849Z
2026-04-21,US7960508882,Samsung Electronics GDR,3060,EUR,2026-04-21T20:56:03.000Z,CONSOLIDATED,2026-09-22T12:30:10.849Z
2026-04-22,US7960508882,Samsung Electronics GDR,3205,EUR,2026-04-22T20:59:57.000Z,CONSOLIDATED,2026-09-22T12:30:10.849Z
2026-04-23,US7960508882,Samsung Electronics GDR,3185,EUR,2026-04-23T20:35:21.000Z,CONSOLIDATED,2026-09-22T12:30:10.849Z
2026-04-24,US7960508882,Samsung Electronics GDR,3170,EUR,2026-04-24T20:59:53.000Z,CONSOLIDATED,2026-09-22T12:30:10.849Z
2026-04-27,US7960508882,Samsung Electronics GDR,3290,EUR,2026-04-27T20:53:59.000Z,CONSOLIDATED,2026-09-22T12:30:10.849Z
2026-04-28,US7960508882,Samsung Electronics GDR,3130,EUR,2026-04-28T20:59:51.000Z,CONSOLIDATED,2026-09-22T12:30:10.849Z
2026-04-29,US7960508882,Samsung Electronics GDR,3220,EUR,2026-04-29T20:51:02.000Z,CONSOLIDATED,2026-09-22T12:30:10.849Z
2026-04-30,US7960508882,Samsung Electronics GDR,3235,EUR,2026-04-30T20:59:49.000Z,CONSOLIDATED,2026-09-22T12:30:10.849Z
2026-05-04,US7960508882,Samsung Electronics GDR,3360,EUR,2026-05-04T20:59:44.000Z,CONSOLIDATED,2026-09-22T12:30:10.849Z
2026-05-05,US7960508882,Samsung Electronics GDR,3520,EUR,2026-05-05T20:59:57.000Z,CONSOLIDATED,2026-09-22T12:30:10.849Z
2026-05-06,US7960508882,Samsung Electronics GDR,3920,EUR,2026-05-06T20:59:50.000Z,CONSOLIDATED,2026-09-22T12:30:10.849Z
2026-05-07,US7960508882,Samsung Electronics GDR,3835,EUR,2026-05-07T20:56:23.000Z,CONSOLIDATED,2026-09-22T12:30:10.849Z
2026-05-08,US7960508882,Samsung Electronics GDR,4000,EUR,2026-05-08T20:55:38.000Z,CONSOLIDATED,2026-09-22T12:30:10.849Z
2026-05-11,US7960508882,Samsung Electronics GDR,4140,EUR,2026-05-11T20:49:37.000Z,CONSOLIDATED,2026-09-22T12:30:10.849Z
2026-05-12,US7960508882,Samsung Electronics GDR,3830,EUR,2026-05-12T20:57:12.000Z,CONSOLIDATED,2026-09-22T12:30:10.849Z
2026-05-13,US7960508882,Samsung Electronics GDR,4060,EUR,2026-05-13T20:11:46.000Z,CONSOLIDATED,2026-09-22T12:30:10.849Z
2026-05-14,US7960508882,Samsung Electronics GDR,4175,EUR,2026-05-14T20:58:29.000Z,CONSOLIDATED,2026-09-22T12:30:10.849Z
2026-05-15,US7960508882,Samsung Electronics GDR,3960,EUR,2026-05-15T20:56:36.000Z,CONSOLIDATED,2026-09-22T12:30:10.849Z
2026-05-18,US7960508882,Samsung Electronics GDR,3900,EUR,2026-05-18T20:49:48.000Z,CONSOLIDATED,2026-09-22T12:30:10.849Z
2026-05-19,US7960508882,Samsung Electronics GDR,4000,EUR,2026-05-19T20:02:53.000Z,CONSOLIDATED,2026-09-22T12:30:10.849Z
2026-05-20,US7960508882,Samsung Electronics GDR,4160,EUR,2026-05-20T20:48:45.000Z,CONSOLIDATED,2026-09-22T12:30:10.849Z
2026-05-21,US7960508882,Samsung Electronics GDR,4250,EUR,2026-05-21T20:38:11.000Z,CONSOLIDATED,2026-09-22T12:30:10.849Z
2026-05-22,US7960508882,Samsung Electronics GDR,4125,EUR,2026-05-22T20:56:49.000Z,CONSOLIDATED,2026-09-22T12:30:10.849Z
2026-05-25,US7960508882,Samsung Electronics GDR,4230,EUR,2026-05-25T20:50:01.000Z,CONSOLIDATED,2026-09-22T12:30:10.849Z
2026-05-26,US7960508882,Samsung Electronics GDR,4440,EUR,2026-05-26T20:58:35.000Z,CONSOLIDATED,2026-09-22T12:30:10.849Z
2026-05-27,US7960508882,Samsung Electronics GDR,4345,EUR,2026-05-27T20:48:14.000Z,CONSOLIDATED,2026-09-22T12:30:10.849Z
2026-05-28,US7960508882,Samsung Electronics GDR,4400,EUR,2026-05-28T20:55:05.000Z,CONSOLIDATED,2026-09-22T12:30:10.849Z
2026-05-29,US7960508882,Samsung Electronics GDR,4575,EUR,2026-05-29T20:59:37.000Z,CONSOLIDATED,2026-09-22T12:30:10.849Z
2026-06-01,US7960508882,Samsung Electronics GDR,5030,EUR,2026-06-01T20:59:00.000Z,CONSOLIDATED,2026-09-22T12:30:10.849Z
2026-06-02,US7960508882,Samsung Electronics GDR,5110,EUR,2026-06-02T20:58:18.000Z,CONSOLIDATED,2026-09-22T12:30:10.849Z
2026-06-03,US7960508882,Samsung Electronics GDR,5090,EUR,2026-06-03T20:51:59.000Z,CONSOLIDATED,2026-09-22T12:30:10.849Z
2026-06-04,US7960508882,Samsung Electronics GDR,4925,EUR,2026-06-04T20:59:20.000Z,CONSOLIDATED,2026-09-22T12:30:10.849Z
2026-06-05,US7960508882,Samsung Electronics GDR,4135,EUR,2026-06-05T20:59:32.000Z,CONSOLIDATED,2026-09-22T12:30:10.849Z
2026-06-08,US7960508882,Samsung Electronics GDR,4455,EUR,2026-06-08T20:49:58.000Z,CONSOLIDATED,2026-09-22T12:30:10.849Z
2026-06-09,US7960508882,Samsung Electronics GDR,4340,EUR,2026-06-09T20:57:59.000Z,CONSOLIDATED,2026-09-22T12:30:10.849Z
2026-06-10,US7960508882,Samsung Electronics GDR,4145,EUR,2026-06-10T20:59:48.000Z,CONSOLIDATED,2026-09-22T12:30:10.849Z
2026-06-11,US7960508882,Samsung Electronics GDR,4675,EUR,2026-06-11T20:59:23.000Z,CONSOLIDATED,2026-09-22T12:30:10.849Z
2026-06-12,US7960508882,Samsung Electronics GDR,4640,EUR,2026-06-12T20:53:42.000Z,CONSOLIDATED,2026-09-22T12:30:10.849Z
2026-06-15,US7960508882,Samsung Electronics GDR,4920,EUR,2026-06-15T20:57:51.000Z,CONSOLIDATED,2026-09-22T12:30:10.849Z
2026-06-16,US7960508882,Samsung Electronics GDR,4600,EUR,2026-06-16T20:59:14.000Z,CONSOLIDATED,2026-09-22T12:30:10.849Z
2026-06-17,US7960508882,Samsung Electronics GDR,4790,EUR,2026-06-17T20:57:44.000Z,CONSOLIDATED,2026-09-22T12:30:10.849Z
2026-06-18,US7960508882,Samsung Electronics GDR,5220,EUR,2026-06-18T20:56:33.000Z,CONSOLIDATED,2026-09-22T12:30:10.849Z
2026-06-19,US7960508882,Samsung Electronics GDR,5020,EUR,2026-06-19T20:59:28.000Z,CONSOLIDATED,2026-09-22T12:30:10.849Z
2026-06-22,US7960508882,Samsung Electronics GDR,5140,EUR,2026-06-22T20:50:15.000Z,CONSOLIDATED,2026-09-22T12:30:10.849Z
2026-06-23,US7960508882,Samsung Electronics GDR,4475,EUR,2026-06-23T20:44:00.000Z,CONSOLIDATED,2026-09-22T12:30:10.849Z
2026-06-24,US7960508882,Samsung Electronics GDR,4945,EUR,2026-06-24T20:56:36.000Z,CONSOLIDATED,2026-09-22T12:30:10.849Z
2026-06-25,US7960508882,Samsung Electronics GDR,5005,EUR,2026-06-25T20:57:44.000Z,CONSOLIDATED,2026-09-22T12:30:10.849Z
2026-06-26,US7960508882,Samsung Electronics GDR,4800,EUR,2026-06-26T20:58:29.000Z,CONSOLIDATED,2026-09-22T12:30:10.849Z
2026-06-29,US7960508882,Samsung Electronics GDR,4630,EUR,2026-06-29T20:49:36.000Z,CONSOLIDATED,2026-09-22T12:30:10.849Z
2026-06-30,US7960508882,Samsung Electronics GDR,4715,EUR,2026-06-30T20:56:31.000Z,CONSOLIDATED,2026-09-22T12:30:10.849Z
2026-07-01,US7960508882,Samsung Electronics GDR,4350,EUR,2026-07-01T20:49:27.000Z,CONSOLIDATED,2026-09-22T12:30:10.849Z
2026-07-02,US7960508882,Samsung Electronics GDR,4020,EUR,2026-07-02T20:51:15.000Z,CONSOLIDATED,2026-09-22T12:30:10.849Z
2026-07-03,US7960508882,Samsung Electronics GDR,4450,EUR,2026-07-03T20:50:08.000Z,CONSOLIDATED,2026-09-22T12:30:10.849Z
2026-07-06,US7960508882,Samsung Electronics GDR,4570,EUR,2026-07-06T20:59:58.000Z,CONSOLIDATED,2026-09-22T12:30:10.849Z
2026-07-07,US7960508882,Samsung Electronics GDR,4235,EUR,2026-07-07T20:51:34.000Z,CONSOLIDATED,2026-09-22T12:30:10.849Z
2026-07-08,US7960508882,Samsung Electronics GDR,4235,EUR,2026-07-08T20:47:07.000Z,CONSOLIDATED,2026-09-22T12:30:10.849Z
2026-07-09,US7960508882,Samsung Electronics GDR,4295,EUR,2026-07-09T20:59:48.000Z,CONSOLIDATED,2026-09-22T12:30:10.849Z
2026-07-10,US7960508882,Samsung Electronics GDR,4220,EUR,2026-07-10T20:52:34.000Z,CONSOLIDATED,2026-09-22T12:30:10.849Z
2026-07-13,US7960508882,Samsung Electronics GDR,3815,EUR,2026-07-13T20:14:37.000Z,CONSOLIDATED,2026-09-22T12:30:10.849Z
2026-07-14,US7960508882,Samsung Electronics GDR,4115,EUR,2026-07-14T20:48:15.000Z,CONSOLIDATED,2026-09-22T12:30:10.849Z
2026-07-15,US7960508882,Samsung Electronics GDR,3885,EUR,2026-07-15T20:59:54.000Z,CONSOLIDATED,2026-09-22T12:30:10.849Z
2026-07-16,US7960508882,Samsung Electronics GDR,3600,EUR,2026-07-16T20:59:58.000Z,CONSOLIDATED,2026-09-22T12:30:10.849Z
2026-07-17,US7960508882,Samsung Electronics GDR,3655,EUR,2026-07-17T20:09:00.000Z,CONSOLIDATED,2026-09-22T12:30:10.849Z
2026-07-20,US7960508882,Samsung Electronics GDR,3700,EUR,2026-07-20T20:59:50.000Z,CONSOLIDATED,2026-09-22T12:30:10.849Z
2026-07-21,US7960508882,Samsung Electronics GDR,4050,EUR,2026-07-21T20:41:44.000Z,CONSOLIDATED,2026-09-22T12:30:10.849Z
2026-07-22,US7960508882,Samsung Electronics GDR,3955,EUR,2026-07-22T20:21:15.000Z,CONSOLIDATED,2026-09-22T12:30:10.849Z
2026-07-23,US7960508882,Samsung Electronics GDR,3965,EUR,2026-07-23T20:54:26.000Z,CONSOLIDATED,2026-09-22T12:30:10.849Z
2026-07-24,US7960508882,Samsung Electronics GDR,3665,EUR,2026-07-24T20:58:51.000Z,CONSOLIDATED,2026-09-22T12:30:10.849Z
2026-07-27,US7960508882,Samsung Electronics GDR,3635,EUR,2026-07-27T20:58:16.000Z,CONSOLIDATED,2026-09-22T12:30:10.849Z
2026-07-28,US7960508882,Samsung Electronics GDR,3345,EUR,2026-07-28T20:38:52.000Z,CONSOLIDATED,2026-09-22T12:30:10.849Z
2026-07-29,US7960508882,Samsung Electronics GDR,3155,EUR,2026-07-29T20:59:37.000Z,CONSOLIDATED,2026-09-22T12:30:10.849Z
2026-07-30,US7960508882,Samsung Electronics GDR,3660,EUR,2026-07-30T20:59:44.000Z,CONSOLIDATED,2026-09-22T12:30:10.849Z
2026-07-31,US7960508882,Samsung Electronics GDR,3585,EUR,2026-07-31T20:56:37.000Z,CONSOLIDATED,2026-09-22T12:30:10.849Z
2026-08-03,US7960508882,Samsung Electronics GDR,3675,EUR,2026-08-03T20:02:48.000Z,CONSOLIDATED,2026-09-22T12:30:10.849Z
2026-08-04,US7960508882,Samsung Electronics GDR,3890,EUR,2026-08-04T20:42:16.000Z,CONSOLIDATED,2026-09-22T12:30:10.849Z
2026-08-05,US7960508882,Samsung Electronics GDR,3740,EUR,2026-08-05T20:49:41.000Z,CONSOLIDATED,2026-09-22T12:30:10.849Z
2026-08-06,US7960508882,Samsung Electronics GDR,3605,EUR,2026-08-06T20:59:17.000Z,CONSOLIDATED,2026-09-22T12:30:10.849Z
2026-08-07,US7960508882,Samsung Electronics GDR,3570,EUR,2026-08-07T20:58:19.000Z,CONSOLIDATED,2026-09-22T12:30:10.849Z
2026-08-10,US7960508882,Samsung Electronics GDR,3480,EUR,2026-08-10T20:56:39.000Z,CONSOLIDATED,2026-09-22T12:30:10.849Z
2026-08-11,US7960508882,Samsung Electronics GDR,3735,EUR,2026-08-11T20:24:07.000Z,CONSOLIDATED,2026-09-22T12:30:10.849Z
2026-08-12,US7960508882,Samsung Electronics GDR,4035,EUR,2026-08-12T20:53:10.000Z,CONSOLIDATED,2026-09-22T12:30:10.849Z
2026-08-13,US7960508882,Samsung Electronics GDR,4195,EUR,2026-08-13T20:55:45.000Z,CONSOLIDATED,2026-09-22T12:30:10.849Z
2026-08-14,US7960508882,Samsung Electronics GDR,4115,EUR,2026-08-14T20:00:15.000Z,CONSOLIDATED,2026-09-22T12:30:10.849Z
2026-08-17,US7960508882,Samsung Electronics GDR,4315,EUR,2026-08-17T20:51:48.000Z,CONSOLIDATED,2026-09-22T12:30:10.849Z
2026-08-18,US7960508882,Samsung Electronics GDR,3895,EUR,2026-08-18T20:21:42.000Z,CONSOLIDATED,2026-09-22T12:30:10.849Z
2026-08-19,US7960508882,Samsung Electronics GDR,3935,EUR,2026-08-19T20:34:50.000Z,CONSOLIDATED,2026-09-22T12:30:10.849Z
2026-08-20,US7960508882,Samsung Electronics GDR,4125,EUR,2026-08-20T20:47:57.000Z,CONSOLIDATED,2026-09-22T12:30:10.849Z
2026-08-21,US7960508882,Samsung Electronics GDR,4160,EUR,2026-08-21T20:14:34.000Z,CONSOLIDATED,2026-09-22T12:30:10.849Z
2026-08-24,US7960508882,Samsung Electronics GDR,3915,EUR,2026-08-24T20:50:03.000Z,CONSOLIDATED,2026-09-22T12:30:10.849Z
2026-08-25,US7960508882,Samsung Electronics GDR,4020,EUR,2026-08-25T20:02:49.000Z,CONSOLIDATED,2026-09-22T12:30:10.849Z
2026-08-26,US7960508882,Samsung Electronics GDR,4065,EUR,2026-08-26T20:59:05.000Z,CONSOLIDATED,2026-09-22T12:30:10.849Z
2026-08-27,US7960508882,Samsung Electronics GDR,4030,EUR,2026-08-27T20:55:37.000Z,CONSOLIDATED,2026-09-22T12:30:10.849Z
2026-08-28,US7960508882,Samsung Electronics GDR,4005,EUR,2026-08-28T20:49:51.000Z,CONSOLIDATED,2026-09-22T12:30:10.849Z
2026-08-31,US7960508882,Samsung Electronics GDR,4025,EUR,2026-08-31T20:50:04.000Z,CONSOLIDATED,2026-09-22T12:30:10.849Z
2026-09-01,US7960508882,Samsung Electronics GDR,3925,EUR,2026-09-01T20:20:24.000Z,CONSOLIDATED,2026-09-22T12:30:10.849Z
2026-09-02,US7960508882,Samsung Electronics GDR,4010,EUR,2026-09-02T20:57:43.000Z,CONSOLIDATED,2026-09-22T12:30:10.849Z
2026-09-03,US7960508882,Samsung Electronics GDR,4010,EUR,2026-09-03T20:07:46.000Z,CONSOLIDATED,2026-09-22T12:30:10.849Z
2026-09-04,US7960508882,Samsung Electronics GDR,4260,EUR,2026-09-04T20:55:37.000Z,CONSOLIDATED,2026-09-22T12:30:10.849Z
2026-09-07,US7960508882,Samsung Electronics GDR,4355,EUR,2026-09-07T20:46:11.000Z,CONSOLIDATED,2026-09-22T12:30:10.849Z
2026-09-08,US7960508882,Samsung Electronics GDR,4335,EUR,2026-09-08T20:57:13.000Z,CONSOLIDATED,2026-09-22T12:30:10.849Z
2026-09-09,US7960508882,Samsung Electronics GDR,4280,EUR,2026-09-09T20:02:51.000Z,CONSOLIDATED,2026-09-22T12:30:10.849Z
2026-09-10,US7960508882,Samsung Electronics GDR,4110,EUR,2026-09-10T20:53:59.000Z,CONSOLIDATED,2026-09-22T12:30:10.849Z
2026-09-11,US7960508882,Samsung Electronics GDR,4225,EUR,2026-09-11T20:19:17.000Z,CONSOLIDATED,2026-09-22T12:30:10.849Z
2026-09-14,US7960508882,Samsung Electronics GDR,3925,EUR,2026-09-14T20:56:29.000Z,CONSOLIDATED,2026-09-22T12:30:10.849Z
2026-09-15,US7960508882,Samsung Electronics GDR,3920,EUR,2026-09-15T20:42:51.000Z,CONSOLIDATED,2026-09-22T12:30:10.849Z
2026-09-16,US7960508882,Samsung Electronics GDR,3950,EUR,2026-09-16T20:40:04.000Z,CONSOLIDATED,2026-09-22T12:30:10.849Z
2026-09-17,US7960508882,Samsung Electronics GDR,4130,EUR,2026-09-17T20:24:43.000Z,CONSOLIDATED,2026-09-22T12:30:10.849Z
2026-09-18,US7960508882,Samsung Electronics GDR,4095,EUR,2026-09-18T20:40:59.000Z,CONSOLIDATED,2026-09-22T12:30:10.849Z
2026-09-21,US7960508882,Samsung Electronics GDR,4395,EUR,2026-09-21T20:57:17.000Z,CONSOLIDATED,2026-09-22T12:30:10.849Z
2026-01-02,IE00BKVD2N49,Seagate Technology Hldgs,245.325,EUR,2026-01-02T21:59:57.000Z,CONSOLIDATED,2026-09-22T12:30:10.968Z
2026-01-05,IE00BKVD2N49,Seagate Technology Hldgs,247.275,EUR,2026-01-05T21:58:54.000Z,CONSOLIDATED,2026-09-22T12:30:10.968Z
2026-01-06,IE00BKVD2N49,Seagate Technology Hldgs,283.275,EUR,2026-01-06T21:54:38.000Z,CONSOLIDATED,2026-09-22T12:30:10.968Z
2026-01-07,IE00BKVD2N49,Seagate Technology Hldgs,264.05,EUR,2026-01-07T21:58:48.000Z,CONSOLIDATED,2026-09-22T12:30:10.968Z
2026-01-08,IE00BKVD2N49,Seagate Technology Hldgs,244.1,EUR,2026-01-08T21:59:12.000Z,CONSOLIDATED,2026-09-22T12:30:10.968Z
2026-01-09,IE00BKVD2N49,Seagate Technology Hldgs,261.2,EUR,2026-01-09T21:58:55.000Z,CONSOLIDATED,2026-09-22T12:30:10.968Z
2026-01-12,IE00BKVD2N49,Seagate Technology Hldgs,275.575,EUR,2026-01-12T21:59:56.000Z,CONSOLIDATED,2026-09-22T12:30:10.968Z
2026-01-13,IE00BKVD2N49,Seagate Technology Hldgs,274.1,EUR,2026-01-13T21:58:33.000Z,CONSOLIDATED,2026-09-22T12:30:10.968Z
2026-01-14,IE00BKVD2N49,Seagate Technology Hldgs,268.125,EUR,2026-01-14T21:59:40.000Z,CONSOLIDATED,2026-09-22T12:30:10.968Z
2026-01-15,IE00BKVD2N49,Seagate Technology Hldgs,275.9,EUR,2026-01-15T21:51:18.000Z,CONSOLIDATED,2026-09-22T12:30:10.968Z
2026-01-16,IE00BKVD2N49,Seagate Technology Hldgs,281.3,EUR,2026-01-16T21:59:03.000Z,CONSOLIDATED,2026-09-22T12:30:10.968Z
2026-01-19,IE00BKVD2N49,Seagate Technology Hldgs,280.7,EUR,2026-01-19T21:59:35.000Z,CONSOLIDATED,2026-09-22T12:30:10.968Z
2026-01-20,IE00BKVD2N49,Seagate Technology Hldgs,278.175,EUR,2026-01-20T21:59:32.000Z,CONSOLIDATED,2026-09-22T12:30:10.968Z
2026-01-21,IE00BKVD2N49,Seagate Technology Hldgs,295.725,EUR,2026-01-21T21:57:05.000Z,CONSOLIDATED,2026-09-22T12:30:10.968Z
2026-01-22,IE00BKVD2N49,Seagate Technology Hldgs,294.3,EUR,2026-01-22T21:59:37.000Z,CONSOLIDATED,2026-09-22T12:30:10.968Z
2026-01-23,IE00BKVD2N49,Seagate Technology Hldgs,292.6,EUR,2026-01-23T21:59:51.000Z,CONSOLIDATED,2026-09-22T12:30:10.968Z
2026-01-26,IE00BKVD2N49,Seagate Technology Hldgs,302.275,EUR,2026-01-26T21:59:57.000Z,CONSOLIDATED,2026-09-22T12:30:10.968Z
2026-01-27,IE00BKVD2N49,Seagate Technology Hldgs,306.4,EUR,2026-01-27T21:59:57.000Z,CONSOLIDATED,2026-09-22T12:30:10.968Z
2026-01-28,IE00BKVD2N49,Seagate Technology Hldgs,375.6,EUR,2026-01-28T21:57:42.000Z,CONSOLIDATED,2026-09-22T12:30:10.968Z
2026-01-29,IE00BKVD2N49,Seagate Technology Hldgs,382.625,EUR,2026-01-29T21:59:56.000Z,CONSOLIDATED,2026-09-22T12:30:10.968Z
2026-01-30,IE00BKVD2N49,Seagate Technology Hldgs,342.7,EUR,2026-01-30T21:59:45.000Z,CONSOLIDATED,2026-09-22T12:30:10.968Z
2026-02-02,IE00BKVD2N49,Seagate Technology Hldgs,368.05,EUR,2026-02-02T21:59:54.000Z,CONSOLIDATED,2026-09-22T12:30:10.968Z
2026-02-03,IE00BKVD2N49,Seagate Technology Hldgs,374.825,EUR,2026-02-03T21:57:19.000Z,CONSOLIDATED,2026-09-22T12:30:10.968Z
2026-02-04,IE00BKVD2N49,Seagate Technology Hldgs,362.45,EUR,2026-02-04T21:59:52.000Z,CONSOLIDATED,2026-09-22T12:30:10.968Z
2026-02-05,IE00BKVD2N49,Seagate Technology Hldgs,339.075,EUR,2026-02-05T21:57:57.000Z,CONSOLIDATED,2026-09-22T12:30:10.968Z
2026-02-06,IE00BKVD2N49,Seagate Technology Hldgs,363.8,EUR,2026-02-06T21:58:43.000Z,CONSOLIDATED,2026-09-22T12:30:10.968Z
2026-02-09,IE00BKVD2N49,Seagate Technology Hldgs,356.975,EUR,2026-02-09T21:58:37.000Z,CONSOLIDATED,2026-09-22T12:30:10.968Z
2026-02-10,IE00BKVD2N49,Seagate Technology Hldgs,333.95,EUR,2026-02-10T21:59:53.000Z,CONSOLIDATED,2026-09-22T12:30:10.968Z
2026-02-11,IE00BKVD2N49,Seagate Technology Hldgs,342.85,EUR,2026-02-11T21:59:48.000Z,CONSOLIDATED,2026-09-22T12:30:10.968Z
2026-02-12,IE00BKVD2N49,Seagate Technology Hldgs,365.55,EUR,2026-02-12T21:58:58.000Z,CONSOLIDATED,2026-09-22T12:30:10.968Z
2026-02-13,IE00BKVD2N49,Seagate Technology Hldgs,358.9,EUR,2026-02-13T21:57:17.000Z,CONSOLIDATED,2026-09-22T12:30:10.968Z
2026-02-16,IE00BKVD2N49,Seagate Technology Hldgs,357.8,EUR,2026-02-16T21:59:28.000Z,CONSOLIDATED,2026-09-22T12:30:10.968Z
2026-02-17,IE00BKVD2N49,Seagate Technology Hldgs,350.75,EUR,2026-02-17T21:58:00.000Z,CONSOLIDATED,2026-09-22T12:30:10.968Z
2026-02-18,IE00BKVD2N49,Seagate Technology Hldgs,360.275,EUR,2026-02-18T21:59:17.000Z,CONSOLIDATED,2026-09-22T12:30:10.968Z
2026-02-19,IE00BKVD2N49,Seagate Technology Hldgs,346.675,EUR,2026-02-19T21:59:18.000Z,CONSOLIDATED,2026-09-22T12:30:10.968Z
2026-02-20,IE00BKVD2N49,Seagate Technology Hldgs,349.2,EUR,2026-02-20T21:58:17.000Z,CONSOLIDATED,2026-09-22T12:30:10.968Z
2026-02-23,IE00BKVD2N49,Seagate Technology Hldgs,346.225,EUR,2026-02-23T21:57:08.000Z,CONSOLIDATED,2026-09-22T12:30:10.968Z
2026-02-24,IE00BKVD2N49,Seagate Technology Hldgs,336.15,EUR,2026-02-24T21:59:54.000Z,CONSOLIDATED,2026-09-22T12:30:10.968Z
2026-02-25,IE00BKVD2N49,Seagate Technology Hldgs,359.1,EUR,2026-02-25T21:58:03.000Z,CONSOLIDATED,2026-09-22T12:30:10.968Z
2026-02-26,IE00BKVD2N49,Seagate Technology Hldgs,346.325,EUR,2026-02-26T21:58:56.000Z,CONSOLIDATED,2026-09-22T12:30:10.968Z
2026-02-27,IE00BKVD2N49,Seagate Technology Hldgs,344.175,EUR,2026-02-27T21:59:48.000Z,CONSOLIDATED,2026-09-22T12:30:10.968Z
2026-03-02,IE00BKVD2N49,Seagate Technology Hldgs,324.15,EUR,2026-03-02T21:59:53.000Z,CONSOLIDATED,2026-09-22T12:30:10.968Z
2026-03-03,IE00BKVD2N49,Seagate Technology Hldgs,306.45,EUR,2026-03-03T21:58:14.000Z,CONSOLIDATED,2026-09-22T12:30:10.968Z
2026-03-04,IE00BKVD2N49,Seagate Technology Hldgs,322.95,EUR,2026-03-04T21:42:23.000Z,CONSOLIDATED,2026-09-22T12:30:10.968Z
2026-03-05,IE00BKVD2N49,Seagate Technology Hldgs,315.575,EUR,2026-03-05T21:59:46.000Z,CONSOLIDATED,2026-09-22T12:30:10.968Z
2026-03-06,IE00BKVD2N49,Seagate Technology Hldgs,303.5,EUR,2026-03-06T21:59:46.000Z,CONSOLIDATED,2026-09-22T12:30:10.968Z
2026-03-09,IE00BKVD2N49,Seagate Technology Hldgs,321.3,EUR,2026-03-09T21:59:33.000Z,CONSOLIDATED,2026-09-22T12:30:10.968Z
2026-03-10,IE00BKVD2N49,Seagate Technology Hldgs,331.65,EUR,2026-03-10T21:55:54.000Z,CONSOLIDATED,2026-09-22T12:30:10.968Z
2026-03-11,IE00BKVD2N49,Seagate Technology Hldgs,333.05,EUR,2026-03-11T21:59:19.000Z,CONSOLIDATED,2026-09-22T12:30:10.968Z
2026-03-12,IE00BKVD2N49,Seagate Technology Hldgs,325.15,EUR,2026-03-12T21:57:38.000Z,CONSOLIDATED,2026-09-22T12:30:10.968Z
2026-03-13,IE00BKVD2N49,Seagate Technology Hldgs,334.35,EUR,2026-03-13T21:55:08.000Z,CONSOLIDATED,2026-09-22T12:30:10.968Z
2026-03-16,IE00BKVD2N49,Seagate Technology Hldgs,347.675,EUR,2026-03-16T21:59:41.000Z,CONSOLIDATED,2026-09-22T12:30:10.968Z
2026-03-17,IE00BKVD2N49,Seagate Technology Hldgs,365.525,EUR,2026-03-17T21:52:52.000Z,CONSOLIDATED,2026-09-22T12:30:10.968Z
2026-03-18,IE00BKVD2N49,Seagate Technology Hldgs,351.525,EUR,2026-03-18T21:59:51.000Z,CONSOLIDATED,2026-09-22T12:30:10.968Z
2026-03-19,IE00BKVD2N49,Seagate Technology Hldgs,376.55,EUR,2026-03-19T21:59:58.000Z,CONSOLIDATED,2026-09-22T12:30:10.968Z
2026-03-20,IE00BKVD2N49,Seagate Technology Hldgs,358.6,EUR,2026-03-20T21:48:50.000Z,CONSOLIDATED,2026-09-22T12:30:10.968Z
2026-03-23,IE00BKVD2N49,Seagate Technology Hldgs,348.15,EUR,2026-03-23T21:59:59.000Z,CONSOLIDATED,2026-09-22T12:30:10.968Z
2026-03-24,IE00BKVD2N49,Seagate Technology Hldgs,370.375,EUR,2026-03-24T21:59:24.000Z,CONSOLIDATED,2026-09-22T12:30:10.968Z
2026-03-25,IE00BKVD2N49,Seagate Technology Hldgs,357.1,EUR,2026-03-25T21:45:00.000Z,CONSOLIDATED,2026-09-22T12:30:10.968Z
2026-03-26,IE00BKVD2N49,Seagate Technology Hldgs,328.9,EUR,2026-03-26T21:59:13.000Z,CONSOLIDATED,2026-09-22T12:30:10.968Z
2026-03-27,IE00BKVD2N49,Seagate Technology Hldgs,328.55,EUR,2026-03-27T21:33:10.000Z,CONSOLIDATED,2026-09-22T12:30:10.968Z
2026-03-30,IE00BKVD2N49,Seagate Technology Hldgs,315.475,EUR,2026-03-30T20:59:17.000Z,CONSOLIDATED,2026-09-22T12:30:10.968Z
2026-03-31,IE00BKVD2N49,Seagate Technology Hldgs,339.075,EUR,2026-03-31T20:59:34.000Z,CONSOLIDATED,2026-09-22T12:30:10.968Z
2026-04-01,IE00BKVD2N49,Seagate Technology Hldgs,365.95,EUR,2026-04-01T20:59:33.000Z,CONSOLIDATED,2026-09-22T12:30:10.968Z
2026-04-02,IE00BKVD2N49,Seagate Technology Hldgs,372.15,EUR,2026-04-02T20:54:54.000Z,CONSOLIDATED,2026-09-22T12:30:10.968Z
2026-04-07,IE00BKVD2N49,Seagate Technology Hldgs,405,EUR,2026-04-07T20:56:55.000Z,CONSOLIDATED,2026-09-22T12:30:10.968Z
2026-04-08,IE00BKVD2N49,Seagate Technology Hldgs,424.5,EUR,2026-04-08T20:33:29.000Z,CONSOLIDATED,2026-09-22T12:30:10.968Z
2026-04-09,IE00BKVD2N49,Seagate Technology Hldgs,429.5,EUR,2026-04-09T20:52:11.000Z,CONSOLIDATED,2026-09-22T12:30:10.968Z
2026-04-10,IE00BKVD2N49,Seagate Technology Hldgs,430,EUR,2026-04-10T20:33:37.000Z,CONSOLIDATED,2026-09-22T12:30:10.968Z
2026-04-13,IE00BKVD2N49,Seagate Technology Hldgs,439.5,EUR,2026-04-13T20:55:59.000Z,CONSOLIDATED,2026-09-22T12:30:10.968Z
2026-04-14,IE00BKVD2N49,Seagate Technology Hldgs,451,EUR,2026-04-14T20:51:34.000Z,CONSOLIDATED,2026-09-22T12:30:10.968Z
2026-04-15,IE00BKVD2N49,Seagate Technology Hldgs,440,EUR,2026-04-15T20:34:31.000Z,CONSOLIDATED,2026-09-22T12:30:10.968Z
2026-04-16,IE00BKVD2N49,Seagate Technology Hldgs,449.5,EUR,2026-04-16T20:59:51.000Z,CONSOLIDATED,2026-09-22T12:30:10.968Z
2026-04-17,IE00BKVD2N49,Seagate Technology Hldgs,464.5,EUR,2026-04-17T20:56:18.000Z,CONSOLIDATED,2026-09-22T12:30:10.968Z
2026-04-20,IE00BKVD2N49,Seagate Technology Hldgs,459,EUR,2026-04-20T20:58:26.000Z,CONSOLIDATED,2026-09-22T12:30:10.968Z
2026-04-21,IE00BKVD2N49,Seagate Technology Hldgs,481,EUR,2026-04-21T20:57:39.000Z,CONSOLIDATED,2026-09-22T12:30:10.968Z
2026-04-22,IE00BKVD2N49,Seagate Technology Hldgs,495,EUR,2026-04-22T20:44:34.000Z,CONSOLIDATED,2026-09-22T12:30:10.968Z
2026-04-23,IE00BKVD2N49,Seagate Technology Hldgs,505,EUR,2026-04-23T20:56:47.000Z,CONSOLIDATED,2026-09-22T12:30:10.968Z
2026-04-24,IE00BKVD2N49,Seagate Technology Hldgs,499,EUR,2026-04-24T20:59:09.000Z,CONSOLIDATED,2026-09-22T12:30:10.968Z
2026-04-27,IE00BKVD2N49,Seagate Technology Hldgs,507,EUR,2026-04-27T20:49:42.000Z,CONSOLIDATED,2026-09-22T12:30:10.968Z
2026-04-28,IE00BKVD2N49,Seagate Technology Hldgs,563,EUR,2026-04-28T20:59:11.000Z,CONSOLIDATED,2026-09-22T12:30:10.968Z
2026-04-29,IE00BKVD2N49,Seagate Technology Hldgs,547,EUR,2026-04-29T20:59:31.000Z,CONSOLIDATED,2026-09-22T12:30:10.968Z
2026-04-30,IE00BKVD2N49,Seagate Technology Hldgs,563,EUR,2026-04-30T20:58:21.000Z,CONSOLIDATED,2026-09-22T12:30:10.968Z
2026-05-04,IE00BKVD2N49,Seagate Technology Hldgs,629,EUR,2026-05-04T20:55:52.000Z,CONSOLIDATED,2026-09-22T12:30:10.968Z
2026-05-05,IE00BKVD2N49,Seagate Technology Hldgs,662,EUR,2026-05-05T20:53:59.000Z,CONSOLIDATED,2026-09-22T12:30:10.968Z
2026-05-06,IE00BKVD2N49,Seagate Technology Hldgs,663,EUR,2026-05-06T20:59:11.000Z,CONSOLIDATED,2026-09-22T12:30:10.968Z
2026-05-07,IE00BKVD2N49,Seagate Technology Hldgs,649,EUR,2026-05-07T20:59:29.000Z,CONSOLIDATED,2026-09-22T12:30:10.968Z
2026-05-08,IE00BKVD2N49,Seagate Technology Hldgs,663,EUR,2026-05-08T20:55:15.000Z,CONSOLIDATED,2026-09-22T12:30:10.968Z
2026-05-11,IE00BKVD2N49,Seagate Technology Hldgs,707,EUR,2026-05-11T20:56:52.000Z,CONSOLIDATED,2026-09-22T12:30:10.968Z
2026-05-12,IE00BKVD2N49,Seagate Technology Hldgs,687,EUR,2026-05-12T20:52:54.000Z,CONSOLIDATED,2026-09-22T12:30:10.968Z
2026-05-13,IE00BKVD2N49,Seagate Technology Hldgs,697,EUR,2026-05-13T20:59:31.000Z,CONSOLIDATED,2026-09-22T12:30:10.968Z
2026-05-14,IE00BKVD2N49,Seagate Technology Hldgs,687,EUR,2026-05-14T20:57:32.000Z,CONSOLIDATED,2026-09-22T12:30:10.968Z
2026-05-15,IE00BKVD2N49,Seagate Technology Hldgs,683,EUR,2026-05-15T20:47:39.000Z,CONSOLIDATED,2026-09-22T12:30:10.968Z
2026-05-18,IE00BKVD2N49,Seagate Technology Hldgs,633,EUR,2026-05-18T20:33:06.000Z,CONSOLIDATED,2026-09-22T12:30:10.968Z
2026-05-19,IE00BKVD2N49,Seagate Technology Hldgs,631,EUR,2026-05-19T20:48:01.000Z,CONSOLIDATED,2026-09-22T12:30:10.968Z
2026-05-20,IE00BKVD2N49,Seagate Technology Hldgs,645,EUR,2026-05-20T20:58:19.000Z,CONSOLIDATED,2026-09-22T12:30:10.968Z
2026-05-21,IE00BKVD2N49,Seagate Technology Hldgs,699,EUR,2026-05-21T20:58:59.000Z,CONSOLIDATED,2026-09-22T12:30:10.968Z
2026-05-22,IE00BKVD2N49,Seagate Technology Hldgs,701,EUR,2026-05-22T20:36:34.000Z,CONSOLIDATED,2026-09-22T12:30:10.968Z
2026-05-25,IE00BKVD2N49,Seagate Technology Hldgs,714,EUR,2026-05-25T20:15:30.000Z,CONSOLIDATED,2026-09-22T12:30:10.968Z
2026-05-26,IE00BKVD2N49,Seagate Technology Hldgs,730,EUR,2026-05-26T20:59:51.000Z,CONSOLIDATED,2026-09-22T12:30:10.968Z
2026-05-27,IE00BKVD2N49,Seagate Technology Hldgs,752,EUR,2026-05-27T20:53:12.000Z,CONSOLIDATED,2026-09-22T12:30:10.968Z
2026-05-28,IE00BKVD2N49,Seagate Technology Hldgs,757,EUR,2026-05-28T20:58:01.000Z,CONSOLIDATED,2026-09-22T12:30:10.968Z
2026-05-29,IE00BKVD2N49,Seagate Technology Hldgs,753,EUR,2026-05-29T20:35:57.000Z,CONSOLIDATED,2026-09-22T12:30:10.968Z
2026-06-01,IE00BKVD2N49,Seagate Technology Hldgs,794,EUR,2026-06-01T20:53:52.000Z,CONSOLIDATED,2026-09-22T12:30:10.968Z
2026-06-02,IE00BKVD2N49,Seagate Technology Hldgs,798,EUR,2026-06-02T20:39:38.000Z,CONSOLIDATED,2026-09-22T12:30:10.968Z
2026-06-03,IE00BKVD2N49,Seagate Technology Hldgs,807,EUR,2026-06-03T20:58:13.000Z,CONSOLIDATED,2026-09-22T12:30:10.968Z
2026-06-04,IE00BKVD2N49,Seagate Technology Hldgs,794,EUR,2026-06-04T20:47:45.000Z,CONSOLIDATED,2026-09-22T12:30:10.968Z
2026-06-05,IE00BKVD2N49,Seagate Technology Hldgs,733,EUR,2026-06-05T20:59:41.000Z,CONSOLIDATED,2026-09-22T12:30:10.968Z
2026-06-08,IE00BKVD2N49,Seagate Technology Hldgs,761,EUR,2026-06-08T20:56:58.000Z,CONSOLIDATED,2026-09-22T12:30:10.968Z
2026-06-09,IE00BKVD2N49,Seagate Technology Hldgs,734,EUR,2026-06-09T20:59:20.000Z,CONSOLIDATED,2026-09-22T12:30:10.968Z
2026-06-10,IE00BKVD2N49,Seagate Technology Hldgs,701,EUR,2026-06-10T20:57:13.000Z,CONSOLIDATED,2026-09-22T12:30:10.968Z
2026-06-11,IE00BKVD2N49,Seagate Technology Hldgs,748,EUR,2026-06-11T20:59:29.000Z,CONSOLIDATED,2026-09-22T12:30:10.968Z
2026-06-12,IE00BKVD2N49,Seagate Technology Hldgs,805,EUR,2026-06-12T20:58:54.000Z,CONSOLIDATED,2026-09-22T12:30:10.968Z
2026-06-15,IE00BKVD2N49,Seagate Technology Hldgs,877,EUR,2026-06-15T20:55:09.000Z,CONSOLIDATED,2026-09-22T12:30:10.968Z
2026-06-16,IE00BKVD2N49,Seagate Technology Hldgs,891,EUR,2026-06-16T20:57:08.000Z,CONSOLIDATED,2026-09-22T12:30:10.968Z
2026-06-17,IE00BKVD2N49,Seagate Technology Hldgs,937,EUR,2026-06-17T20:56:41.000Z,CONSOLIDATED,2026-09-22T12:30:10.968Z
2026-06-18,IE00BKVD2N49,Seagate Technology Hldgs,934,EUR,2026-06-18T20:55:03.000Z,CONSOLIDATED,2026-09-22T12:30:10.968Z
2026-06-19,IE00BKVD2N49,Seagate Technology Hldgs,931,EUR,2026-06-19T20:59:31.000Z,CONSOLIDATED,2026-09-22T12:30:10.968Z
2026-06-22,IE00BKVD2N49,Seagate Technology Hldgs,960,EUR,2026-06-22T20:22:28.000Z,CONSOLIDATED,2026-09-22T12:30:10.968Z
2026-06-23,IE00BKVD2N49,Seagate Technology Hldgs,922,EUR,2026-06-23T20:59:58.000Z,CONSOLIDATED,2026-09-22T12:30:10.968Z
2026-06-24,IE00BKVD2N49,Seagate Technology Hldgs,949,EUR,2026-06-24T20:59:45.000Z,CONSOLIDATED,2026-09-22T12:30:10.968Z
2026-06-25,IE00BKVD2N49,Seagate Technology Hldgs,900,EUR,2026-06-25T20:59:24.000Z,CONSOLIDATED,2026-09-22T12:30:10.968Z
2026-06-26,IE00BKVD2N49,Seagate Technology Hldgs,784,EUR,2026-06-26T20:58:30.000Z,CONSOLIDATED,2026-09-22T12:30:10.968Z
2026-06-29,IE00BKVD2N49,Seagate Technology Hldgs,846,EUR,2026-06-29T20:56:09.000Z,CONSOLIDATED,2026-09-22T12:30:10.968Z
2026-06-30,IE00BKVD2N49,Seagate Technology Hldgs,842,EUR,2026-06-30T20:58:21.000Z,CONSOLIDATED,2026-09-22T12:30:10.968Z
2026-07-01,IE00BKVD2N49,Seagate Technology Hldgs,800,EUR,2026-07-01T20:59:02.000Z,CONSOLIDATED,2026-09-22T12:30:10.968Z
2026-07-02,IE00BKVD2N49,Seagate Technology Hldgs,724,EUR,2026-07-02T20:57:52.000Z,CONSOLIDATED,2026-09-22T12:30:10.968Z
2026-07-03,IE00BKVD2N49,Seagate Technology Hldgs,745,EUR,2026-07-03T20:52:52.000Z,CONSOLIDATED,2026-09-22T12:30:10.968Z
2026-07-06,IE00BKVD2N49,Seagate Technology Hldgs,756,EUR,2026-07-06T20:56:17.000Z,CONSOLIDATED,2026-09-22T12:30:10.968Z
2026-07-07,IE00BKVD2N49,Seagate Technology Hldgs,724,EUR,2026-07-07T20:56:08.000Z,CONSOLIDATED,2026-09-22T12:30:10.968Z
2026-07-08,IE00BKVD2N49,Seagate Technology Hldgs,746,EUR,2026-07-08T20:51:51.000Z,CONSOLIDATED,2026-09-22T12:30:10.968Z
2026-07-09,IE00BKVD2N49,Seagate Technology Hldgs,780,EUR,2026-07-09T20:59:01.000Z,CONSOLIDATED,2026-09-22T12:30:10.968Z
2026-07-10,IE00BKVD2N49,Seagate Technology Hldgs,800,EUR,2026-07-10T20:51:11.000Z,CONSOLIDATED,2026-09-22T12:30:10.968Z
2026-07-13,IE00BKVD2N49,Seagate Technology Hldgs,754,EUR,2026-07-13T20:58:37.000Z,CONSOLIDATED,2026-09-22T12:30:10.968Z
2026-07-14,IE00BKVD2N49,Seagate Technology Hldgs,766,EUR,2026-07-14T20:45:28.000Z,CONSOLIDATED,2026-09-22T12:30:10.968Z
2026-07-15,IE00BKVD2N49,Seagate Technology Hldgs,722,EUR,2026-07-15T20:39:27.000Z,CONSOLIDATED,2026-09-22T12:30:10.968Z
2026-07-16,IE00BKVD2N49,Seagate Technology Hldgs,654,EUR,2026-07-16T20:53:41.000Z,CONSOLIDATED,2026-09-22T12:30:10.968Z
2026-07-17,IE00BKVD2N49,Seagate Technology Hldgs,688,EUR,2026-07-17T20:59:29.000Z,CONSOLIDATED,2026-09-22T12:30:10.968Z
2026-07-20,IE00BKVD2N49,Seagate Technology Hldgs,704,EUR,2026-07-20T20:49:00.000Z,CONSOLIDATED,2026-09-22T12:30:10.968Z
2026-07-21,IE00BKVD2N49,Seagate Technology Hldgs,788,EUR,2026-07-21T20:57:52.000Z,CONSOLIDATED,2026-09-22T12:30:10.968Z
2026-07-22,IE00BKVD2N49,Seagate Technology Hldgs,802,EUR,2026-07-22T20:59:20.000Z,CONSOLIDATED,2026-09-22T12:30:10.968Z
2026-07-23,IE00BKVD2N49,Seagate Technology Hldgs,810,EUR,2026-07-23T20:50:09.000Z,CONSOLIDATED,2026-09-22T12:30:10.968Z
2026-07-24,IE00BKVD2N49,Seagate Technology Hldgs,748,EUR,2026-07-24T20:43:32.000Z,CONSOLIDATED,2026-09-22T12:30:10.968Z
2026-07-27,IE00BKVD2N49,Seagate Technology Hldgs,720,EUR,2026-07-27T20:59:41.000Z,CONSOLIDATED,2026-09-22T12:30:10.968Z
2026-07-28,IE00BKVD2N49,Seagate Technology Hldgs,710,EUR,2026-07-28T20:59:50.000Z,CONSOLIDATED,2026-09-22T12:30:10.968Z
2026-07-29,IE00BKVD2N49,Seagate Technology Hldgs,664,EUR,2026-07-29T20:59:57.000Z,CONSOLIDATED,2026-09-22T12:30:10.968Z
2026-07-30,IE00BKVD2N49,Seagate Technology Hldgs,748,EUR,2026-07-30T20:58:10.000Z,CONSOLIDATED,2026-09-22T12:30:10.968Z
2026-07-31,IE00BKVD2N49,Seagate Technology Hldgs,736,EUR,2026-07-31T20:59:58.000Z,CONSOLIDATED,2026-09-22T12:30:10.968Z
2026-08-03,IE00BKVD2N49,Seagate Technology Hldgs,722,EUR,2026-08-03T20:48:01.000Z,CONSOLIDATED,2026-09-22T12:30:10.968Z
2026-08-04,IE00BKVD2N49,Seagate Technology Hldgs,728,EUR,2026-08-04T20:59:55.000Z,CONSOLIDATED,2026-09-22T12:30:10.968Z
2026-08-05,IE00BKVD2N49,Seagate Technology Hldgs,708,EUR,2026-08-05T20:58:49.000Z,CONSOLIDATED,2026-09-22T12:30:10.968Z
2026-08-06,IE00BKVD2N49,Seagate Technology Hldgs,742,EUR,2026-08-06T20:41:50.000Z,CONSOLIDATED,2026-09-22T12:30:10.968Z
2026-08-07,IE00BKVD2N49,Seagate Technology Hldgs,704,EUR,2026-08-07T20:48:46.000Z,CONSOLIDATED,2026-09-22T12:30:10.968Z
2026-08-10,IE00BKVD2N49,Seagate Technology Hldgs,696,EUR,2026-08-10T20:56:53.000Z,CONSOLIDATED,2026-09-22T12:30:10.968Z
2026-08-11,IE00BKVD2N49,Seagate Technology Hldgs,712,EUR,2026-08-11T20:50:36.000Z,CONSOLIDATED,2026-09-22T12:30:10.968Z
2026-08-12,IE00BKVD2N49,Seagate Technology Hldgs,760,EUR,2026-08-12T20:42:05.000Z,CONSOLIDATED,2026-09-22T12:30:10.968Z
2026-08-13,IE00BKVD2N49,Seagate Technology Hldgs,808,EUR,2026-08-13T20:57:01.000Z,CONSOLIDATED,2026-09-22T12:30:10.968Z
2026-08-14,IE00BKVD2N49,Seagate Technology Hldgs,842,EUR,2026-08-14T20:47:01.000Z,CONSOLIDATED,2026-09-22T12:30:10.968Z
2026-08-17,IE00BKVD2N49,Seagate Technology Hldgs,858,EUR,2026-08-17T20:54:19.000Z,CONSOLIDATED,2026-09-22T12:30:10.968Z
2026-08-18,IE00BKVD2N49,Seagate Technology Hldgs,782,EUR,2026-08-18T20:47:55.000Z,CONSOLIDATED,2026-09-22T12:30:10.968Z
2026-08-19,IE00BKVD2N49,Seagate Technology Hldgs,716,EUR,2026-08-19T20:59:01.000Z,CONSOLIDATED,2026-09-22T12:30:10.968Z
2026-08-20,IE00BKVD2N49,Seagate Technology Hldgs,728,EUR,2026-08-20T20:37:39.000Z,CONSOLIDATED,2026-09-22T12:30:10.968Z
2026-08-21,IE00BKVD2N49,Seagate Technology Hldgs,728,EUR,2026-08-21T20:37:16.000Z,CONSOLIDATED,2026-09-22T12:30:10.968Z
2026-08-24,IE00BKVD2N49,Seagate Technology Hldgs,682,EUR,2026-08-24T20:58:16.000Z,CONSOLIDATED,2026-09-22T12:30:10.968Z
2026-08-25,IE00BKVD2N49,Seagate Technology Hldgs,702,EUR,2026-08-25T20:48:51.000Z,CONSOLIDATED,2026-09-22T12:30:10.968Z
2026-08-26,IE00BKVD2N49,Seagate Technology Hldgs,734,EUR,2026-08-26T20:57:13.000Z,CONSOLIDATED,2026-09-22T12:30:10.968Z
2026-08-27,IE00BKVD2N49,Seagate Technology Hldgs,724,EUR,2026-08-27T20:52:47.000Z,CONSOLIDATED,2026-09-22T12:30:10.968Z
2026-08-28,IE00BKVD2N49,Seagate Technology Hldgs,716,EUR,2026-08-28T20:59:09.000Z,CONSOLIDATED,2026-09-22T12:30:10.968Z
2026-08-31,IE00BKVD2N49,Seagate Technology Hldgs,714,EUR,2026-08-31T20:25:59.000Z,CONSOLIDATED,2026-09-22T12:30:10.968Z
2026-09-01,IE00BKVD2N49,Seagate Technology Hldgs,703.95,EUR,2026-09-01T20:58:38.000Z,CONSOLIDATED,2026-09-22T12:30:10.968Z
2026-09-02,IE00BKVD2N49,Seagate Technology Hldgs,694,EUR,2026-09-02T20:48:18.000Z,CONSOLIDATED,2026-09-22T12:30:10.968Z
2026-09-03,IE00BKVD2N49,Seagate Technology Hldgs,686,EUR,2026-09-03T20:22:00.000Z,CONSOLIDATED,2026-09-22T12:30:10.968Z
2026-09-04,IE00BKVD2N49,Seagate Technology Hldgs,729.95,EUR,2026-09-04T20:30:55.000Z,CONSOLIDATED,2026-09-22T12:30:10.968Z
2026-09-07,IE00BKVD2N49,Seagate Technology Hldgs,727.05,EUR,2026-09-07T20:59:56.000Z,CONSOLIDATED,2026-09-22T12:30:10.968Z
2026-09-08,IE00BKVD2N49,Seagate Technology Hldgs,778,EUR,2026-09-08T20:18:10.000Z,CONSOLIDATED,2026-09-22T12:30:10.968Z
2026-09-09,IE00BKVD2N49,Seagate Technology Hldgs,766,EUR,2026-09-09T20:58:04.000Z,CONSOLIDATED,2026-09-22T12:30:10.968Z
2026-09-10,IE00BKVD2N49,Seagate Technology Hldgs,744,EUR,2026-09-10T20:58:21.000Z,CONSOLIDATED,2026-09-22T12:30:10.968Z
2026-09-11,IE00BKVD2N49,Seagate Technology Hldgs,716,EUR,2026-09-11T20:59:42.000Z,CONSOLIDATED,2026-09-22T12:30:10.968Z
2026-09-14,IE00BKVD2N49,Seagate Technology Hldgs,700,EUR,2026-09-14T20:40:34.000Z,CONSOLIDATED,2026-09-22T12:30:10.968Z
2026-09-15,IE00BKVD2N49,Seagate Technology Hldgs,668,EUR,2026-09-15T20:47:17.000Z,CONSOLIDATED,2026-09-22T12:30:10.968Z
2026-09-16,IE00BKVD2N49,Seagate Technology Hldgs,683,EUR,2026-09-16T20:23:14.000Z,CONSOLIDATED,2026-09-22T12:30:10.968Z
2026-09-17,IE00BKVD2N49,Seagate Technology Hldgs,698,EUR,2026-09-17T20:56:34.000Z,CONSOLIDATED,2026-09-22T12:30:10.968Z
2026-09-18,IE00BKVD2N49,Seagate Technology Hldgs,750,EUR,2026-09-18T20:59:36.000Z,CONSOLIDATED,2026-09-22T12:30:10.968Z
2026-09-21,IE00BKVD2N49,Seagate Technology Hldgs,763,EUR,2026-09-21T20:59:48.000Z,CONSOLIDATED,2026-09-22T12:30:10.968Z
2026-06-12,US84615Q1031,SpaceX,141.22,EUR,2026-06-12T20:59:57.000Z,CONSOLIDATED,2026-09-22T12:30:10.968Z
2026-06-15,US84615Q1031,SpaceX,166.71,EUR,2026-06-15T20:59:57.000Z,CONSOLIDATED,2026-09-22T12:30:10.968Z
2026-06-16,US84615Q1031,SpaceX,175.07,EUR,2026-06-16T20:59:53.000Z,CONSOLIDATED,2026-09-22T12:30:10.968Z
2026-06-17,US84615Q1031,SpaceX,168.42,EUR,2026-06-17T20:59:57.000Z,CONSOLIDATED,2026-09-22T12:30:10.968Z
2026-06-18,US84615Q1031,SpaceX,159.15,EUR,2026-06-18T20:59:56.000Z,CONSOLIDATED,2026-09-22T12:30:10.968Z
2026-06-19,US84615Q1031,SpaceX,156.8,EUR,2026-06-19T20:55:24.000Z,CONSOLIDATED,2026-09-22T12:30:10.968Z
2026-06-22,US84615Q1031,SpaceX,136.36,EUR,2026-06-22T20:59:57.000Z,CONSOLIDATED,2026-09-22T12:30:10.968Z
2026-06-23,US84615Q1031,SpaceX,138.08,EUR,2026-06-23T20:59:53.000Z,CONSOLIDATED,2026-09-22T12:30:10.968Z
2026-06-24,US84615Q1031,SpaceX,135.48,EUR,2026-06-24T20:59:58.000Z,CONSOLIDATED,2026-09-22T12:30:10.968Z
2026-06-25,US84615Q1031,SpaceX,134.02,EUR,2026-06-25T20:59:57.000Z,CONSOLIDATED,2026-09-22T12:30:10.968Z
2026-06-26,US84615Q1031,SpaceX,133.66,EUR,2026-06-26T20:59:54.000Z,CONSOLIDATED,2026-09-22T12:30:10.968Z
2026-06-29,US84615Q1031,SpaceX,143.33,EUR,2026-06-29T20:59:46.000Z,CONSOLIDATED,2026-09-22T12:30:10.968Z
2026-06-30,US84615Q1031,SpaceX,149.17,EUR,2026-06-30T20:59:58.000Z,CONSOLIDATED,2026-09-22T12:30:10.968Z
2026-07-01,US84615Q1031,SpaceX,139.12,EUR,2026-07-01T20:59:57.000Z,CONSOLIDATED,2026-09-22T12:30:10.968Z
2026-07-02,US84615Q1031,SpaceX,140.16,EUR,2026-07-02T20:59:45.000Z,CONSOLIDATED,2026-09-22T12:30:10.968Z
2026-07-03,US84615Q1031,SpaceX,141.68,EUR,2026-07-03T20:57:51.000Z,CONSOLIDATED,2026-09-22T12:30:10.968Z
2026-07-06,US84615Q1031,SpaceX,138.28,EUR,2026-07-06T20:59:55.000Z,CONSOLIDATED,2026-09-22T12:30:10.968Z
2026-07-07,US84615Q1031,SpaceX,132.34,EUR,2026-07-07T20:59:51.000Z,CONSOLIDATED,2026-09-22T12:30:10.968Z
2026-07-08,US84615Q1031,SpaceX,130.89,EUR,2026-07-08T20:59:57.000Z,CONSOLIDATED,2026-09-22T12:30:10.968Z
2026-07-09,US84615Q1031,SpaceX,133.62,EUR,2026-07-09T20:59:48.000Z,CONSOLIDATED,2026-09-22T12:30:10.968Z
2026-07-10,US84615Q1031,SpaceX,127.77,EUR,2026-07-10T20:59:58.000Z,CONSOLIDATED,2026-09-22T12:30:10.968Z
2026-07-13,US84615Q1031,SpaceX,121.86,EUR,2026-07-13T20:59:12.000Z,CONSOLIDATED,2026-09-22T12:30:10.968Z
2026-07-14,US84615Q1031,SpaceX,119.76,EUR,2026-07-14T20:59:51.000Z,CONSOLIDATED,2026-09-22T12:30:10.968Z
2026-07-15,US84615Q1031,SpaceX,118.47,EUR,2026-07-15T20:59:51.000Z,CONSOLIDATED,2026-09-22T12:30:10.968Z
2026-07-16,US84615Q1031,SpaceX,114.93,EUR,2026-07-16T20:59:58.000Z,CONSOLIDATED,2026-09-22T12:30:10.968Z
2026-07-17,US84615Q1031,SpaceX,108.34,EUR,2026-07-17T20:59:58.000Z,CONSOLIDATED,2026-09-22T12:30:10.968Z
2026-07-20,US84615Q1031,SpaceX,105.54,EUR,2026-07-20T20:59:58.000Z,CONSOLIDATED,2026-09-22T12:30:10.968Z
2026-07-21,US84615Q1031,SpaceX,109.16,EUR,2026-07-21T20:59:51.000Z,CONSOLIDATED,2026-09-22T12:30:10.968Z
2026-07-22,US84615Q1031,SpaceX,101.81,EUR,2026-07-22T20:59:55.000Z,CONSOLIDATED,2026-09-22T12:30:10.968Z
2026-07-23,US84615Q1031,SpaceX,103.59,EUR,2026-07-23T20:59:57.000Z,CONSOLIDATED,2026-09-22T12:30:10.968Z
2026-07-24,US84615Q1031,SpaceX,101.12,EUR,2026-07-24T20:59:49.000Z,CONSOLIDATED,2026-09-22T12:30:10.968Z
2026-07-27,US84615Q1031,SpaceX,99.325,EUR,2026-07-27T20:59:57.000Z,CONSOLIDATED,2026-09-22T12:30:10.968Z
2026-07-28,US84615Q1031,SpaceX,102.42,EUR,2026-07-28T20:59:25.000Z,CONSOLIDATED,2026-09-22T12:30:10.968Z
2026-07-29,US84615Q1031,SpaceX,97.64,EUR,2026-07-29T20:59:51.000Z,CONSOLIDATED,2026-09-22T12:30:10.968Z
2026-07-30,US84615Q1031,SpaceX,97.76,EUR,2026-07-30T20:59:50.000Z,CONSOLIDATED,2026-09-22T12:30:10.968Z
2026-07-31,US84615Q1031,SpaceX,93.68,EUR,2026-07-31T20:59:58.000Z,CONSOLIDATED,2026-09-22T12:30:10.968Z
2026-08-03,US84615Q1031,SpaceX,99.335,EUR,2026-08-03T20:59:57.000Z,CONSOLIDATED,2026-09-22T12:30:10.968Z
2026-08-04,US84615Q1031,SpaceX,102.66,EUR,2026-08-04T20:59:58.000Z,CONSOLIDATED,2026-09-22T12:30:10.968Z
2026-08-05,US84615Q1031,SpaceX,93.955,EUR,2026-08-05T20:59:57.000Z,CONSOLIDATED,2026-09-22T12:30:10.968Z
2026-08-06,US84615Q1031,SpaceX,99.06,EUR,2026-08-06T20:59:58.000Z,CONSOLIDATED,2026-09-22T12:30:10.968Z
2026-08-07,US84615Q1031,SpaceX,115.75,EUR,2026-08-07T20:59:58.000Z,CONSOLIDATED,2026-09-22T12:30:10.968Z
2026-08-10,US84615Q1031,SpaceX,119,EUR,2026-08-10T20:59:56.000Z,CONSOLIDATED,2026-09-22T12:30:10.968Z
2026-08-11,US84615Q1031,SpaceX,115,EUR,2026-08-11T20:59:57.000Z,CONSOLIDATED,2026-09-22T12:30:10.968Z
2026-08-12,US84615Q1031,SpaceX,126.65,EUR,2026-08-12T20:59:58.000Z,CONSOLIDATED,2026-09-22T12:30:10.968Z
2026-08-13,US84615Q1031,SpaceX,123.02,EUR,2026-08-13T20:59:57.000Z,CONSOLIDATED,2026-09-22T12:30:10.968Z
2026-08-14,US84615Q1031,SpaceX,120.94,EUR,2026-08-14T20:59:46.000Z,CONSOLIDATED,2026-09-22T12:30:10.968Z
2026-08-17,US84615Q1031,SpaceX,125.8,EUR,2026-08-17T20:59:54.000Z,CONSOLIDATED,2026-09-22T12:30:10.968Z
2026-08-18,US84615Q1031,SpaceX,123.56,EUR,2026-08-18T20:59:58.000Z,CONSOLIDATED,2026-09-22T12:30:10.968Z
2026-08-19,US84615Q1031,SpaceX,119.59,EUR,2026-08-19T20:59:57.000Z,CONSOLIDATED,2026-09-22T12:30:10.968Z
2026-08-20,US84615Q1031,SpaceX,114.18,EUR,2026-08-20T20:59:56.000Z,CONSOLIDATED,2026-09-22T12:30:10.968Z
2026-08-21,US84615Q1031,SpaceX,117.19,EUR,2026-08-21T20:59:52.000Z,CONSOLIDATED,2026-09-22T12:30:10.968Z
2026-08-24,US84615Q1031,SpaceX,115.66,EUR,2026-08-24T20:59:51.000Z,CONSOLIDATED,2026-09-22T12:30:10.968Z
2026-08-25,US84615Q1031,SpaceX,118.13,EUR,2026-08-25T20:59:41.000Z,CONSOLIDATED,2026-09-22T12:30:10.968Z
2026-08-26,US84615Q1031,SpaceX,119.69,EUR,2026-08-26T20:59:58.000Z,CONSOLIDATED,2026-09-22T12:30:10.968Z
2026-08-27,US84615Q1031,SpaceX,120.68,EUR,2026-08-27T20:59:57.000Z,CONSOLIDATED,2026-09-22T12:30:10.968Z
2026-08-28,US84615Q1031,SpaceX,121.63,EUR,2026-08-28T20:59:58.000Z,CONSOLIDATED,2026-09-22T12:30:10.968Z
2026-08-31,US84615Q1031,SpaceX,123.52,EUR,2026-08-31T20:59:58.000Z,CONSOLIDATED,2026-09-22T12:30:10.968Z
2026-09-01,US84615Q1031,SpaceX,122.59,EUR,2026-09-01T20:59:47.000Z,CONSOLIDATED,2026-09-22T12:30:10.968Z
2026-09-02,US84615Q1031,SpaceX,121.11,EUR,2026-09-02T20:59:58.000Z,CONSOLIDATED,2026-09-22T12:30:10.968Z
2026-09-03,US84615Q1031,SpaceX,128.74,EUR,2026-09-03T20:59:57.000Z,CONSOLIDATED,2026-09-22T12:30:10.968Z
2026-09-04,US84615Q1031,SpaceX,127.29,EUR,2026-09-04T20:59:58.000Z,CONSOLIDATED,2026-09-22T12:30:10.968Z
2026-09-07,US84615Q1031,SpaceX,129.04,EUR,2026-09-07T20:50:13.000Z,CONSOLIDATED,2026-09-22T12:30:10.968Z
2026-09-08,US84615Q1031,SpaceX,131.76,EUR,2026-09-08T20:59:34.000Z,CONSOLIDATED,2026-09-22T12:30:10.968Z
2026-09-09,US84615Q1031,SpaceX,126.33,EUR,2026-09-09T20:59:45.000Z,CONSOLIDATED,2026-09-22T12:30:10.968Z
2026-09-10,US84615Q1031,SpaceX,127.5,EUR,2026-09-10T20:59:58.000Z,CONSOLIDATED,2026-09-22T12:30:10.968Z
2026-09-11,US84615Q1031,SpaceX,130.08,EUR,2026-09-11T20:59:36.000Z,CONSOLIDATED,2026-09-22T12:30:10.968Z
2026-09-14,US84615Q1031,SpaceX,128.45,EUR,2026-09-14T20:59:51.000Z,CONSOLIDATED,2026-09-22T12:30:10.968Z
2026-09-15,US84615Q1031,SpaceX,124.09,EUR,2026-09-15T20:59:53.000Z,CONSOLIDATED,2026-09-22T12:30:10.968Z
2026-09-16,US84615Q1031,SpaceX,131.72,EUR,2026-09-16T20:59:57.000Z,CONSOLIDATED,2026-09-22T12:30:10.968Z
2026-09-17,US84615Q1031,SpaceX,135.29,EUR,2026-09-17T20:59:56.000Z,CONSOLIDATED,2026-09-22T12:30:10.968Z
2026-09-18,US84615Q1031,SpaceX,132.7,EUR,2026-09-18T20:59:58.000Z,CONSOLIDATED,2026-09-22T12:30:10.968Z
2026-09-21,US84615Q1031,SpaceX,132.92,EUR,2026-09-21T20:59:56.000Z,CONSOLIDATED,2026-09-22T12:30:10.968Z
2026-01-02,US8740391003,Taiwan Semiconductor Manufact. ADR,273,EUR,2026-01-02T21:52:13.000Z,CONSOLIDATED,2026-09-22T12:30:09.827Z
2026-01-05,US8740391003,Taiwan Semiconductor Manufact. ADR,276,EUR,2026-01-05T21:55:09.000Z,CONSOLIDATED,2026-09-22T12:30:09.827Z
2026-01-06,US8740391003,Taiwan Semiconductor Manufact. ADR,280,EUR,2026-01-06T21:56:41.000Z,CONSOLIDATED,2026-09-22T12:30:09.827Z
2026-01-07,US8740391003,Taiwan Semiconductor Manufact. ADR,273.25,EUR,2026-01-07T21:58:22.000Z,CONSOLIDATED,2026-09-22T12:30:09.827Z
2026-01-08,US8740391003,Taiwan Semiconductor Manufact. ADR,272.75,EUR,2026-01-08T21:59:16.000Z,CONSOLIDATED,2026-09-22T12:30:09.827Z
2026-01-09,US8740391003,Taiwan Semiconductor Manufact. ADR,278.25,EUR,2026-01-09T21:59:16.000Z,CONSOLIDATED,2026-09-22T12:30:09.827Z
2026-01-12,US8740391003,Taiwan Semiconductor Manufact. ADR,284.5,EUR,2026-01-12T21:57:29.000Z,CONSOLIDATED,2026-09-22T12:30:09.827Z
2026-01-13,US8740391003,Taiwan Semiconductor Manufact. ADR,284.75,EUR,2026-01-13T21:57:50.000Z,CONSOLIDATED,2026-09-22T12:30:09.827Z
2026-01-14,US8740391003,Taiwan Semiconductor Manufact. ADR,280.75,EUR,2026-01-14T21:59:45.000Z,CONSOLIDATED,2026-09-22T12:30:09.827Z
2026-01-15,US8740391003,Taiwan Semiconductor Manufact. ADR,294,EUR,2026-01-15T21:54:31.000Z,CONSOLIDATED,2026-09-22T12:30:09.827Z
2026-01-16,US8740391003,Taiwan Semiconductor Manufact. ADR,295.25,EUR,2026-01-16T21:58:39.000Z,CONSOLIDATED,2026-09-22T12:30:09.827Z
2026-01-19,US8740391003,Taiwan Semiconductor Manufact. ADR,293.75,EUR,2026-01-19T21:00:01.000Z,CONSOLIDATED,2026-09-22T12:30:09.827Z
2026-01-20,US8740391003,Taiwan Semiconductor Manufact. ADR,280.25,EUR,2026-01-20T21:59:15.000Z,CONSOLIDATED,2026-09-22T12:30:09.827Z
2026-01-21,US8740391003,Taiwan Semiconductor Manufact. ADR,280.25,EUR,2026-01-21T21:59:32.000Z,CONSOLIDATED,2026-09-22T12:30:09.827Z
2026-01-22,US8740391003,Taiwan Semiconductor Manufact. ADR,278.5,EUR,2026-01-22T21:59:46.000Z,CONSOLIDATED,2026-09-22T12:30:09.827Z
2026-01-23,US8740391003,Taiwan Semiconductor Manufact. ADR,283,EUR,2026-01-23T21:52:31.000Z,CONSOLIDATED,2026-09-22T12:30:09.827Z
2026-01-26,US8740391003,Taiwan Semiconductor Manufact. ADR,280.25,EUR,2026-01-26T21:57:32.000Z,CONSOLIDATED,2026-09-22T12:30:09.827Z
2026-01-27,US8740391003,Taiwan Semiconductor Manufact. ADR,281.75,EUR,2026-01-27T21:47:05.000Z,CONSOLIDATED,2026-09-22T12:30:09.827Z
2026-01-28,US8740391003,Taiwan Semiconductor Manufact. ADR,287,EUR,2026-01-28T21:41:22.000Z,CONSOLIDATED,2026-09-22T12:30:09.827Z
2026-01-29,US8740391003,Taiwan Semiconductor Manufact. ADR,283.5,EUR,2026-01-29T21:57:54.000Z,CONSOLIDATED,2026-09-22T12:30:09.827Z
2026-01-30,US8740391003,Taiwan Semiconductor Manufact. ADR,279,EUR,2026-01-30T21:59:56.000Z,CONSOLIDATED,2026-09-22T12:30:09.827Z
2026-02-02,US8740391003,Taiwan Semiconductor Manufact. ADR,290.5,EUR,2026-02-02T21:58:16.000Z,CONSOLIDATED,2026-09-22T12:30:09.827Z
2026-02-03,US8740391003,Taiwan Semiconductor Manufact. ADR,284,EUR,2026-02-03T21:59:04.000Z,CONSOLIDATED,2026-09-22T12:30:09.827Z
2026-02-04,US8740391003,Taiwan Semiconductor Manufact. ADR,282,EUR,2026-02-04T21:59:54.000Z,CONSOLIDATED,2026-09-22T12:30:09.827Z
2026-02-05,US8740391003,Taiwan Semiconductor Manufact. ADR,275.5,EUR,2026-02-05T21:57:35.000Z,CONSOLIDATED,2026-09-22T12:30:09.827Z
2026-02-06,US8740391003,Taiwan Semiconductor Manufact. ADR,296,EUR,2026-02-06T21:53:35.000Z,CONSOLIDATED,2026-09-22T12:30:09.827Z
2026-02-09,US8740391003,Taiwan Semiconductor Manufact. ADR,298.25,EUR,2026-02-09T21:59:03.000Z,CONSOLIDATED,2026-09-22T12:30:09.827Z
2026-02-10,US8740391003,Taiwan Semiconductor Manufact. ADR,304,EUR,2026-02-10T21:59:57.000Z,CONSOLIDATED,2026-09-22T12:30:09.827Z
2026-02-11,US8740391003,Taiwan Semiconductor Manufact. ADR,314.75,EUR,2026-02-11T21:59:24.000Z,CONSOLIDATED,2026-09-22T12:30:09.827Z
2026-02-12,US8740391003,Taiwan Semiconductor Manufact. ADR,312.75,EUR,2026-02-12T21:59:19.000Z,CONSOLIDATED,2026-09-22T12:30:09.827Z
2026-02-13,US8740391003,Taiwan Semiconductor Manufact. ADR,309,EUR,2026-02-13T21:59:18.000Z,CONSOLIDATED,2026-09-22T12:30:09.827Z
2026-02-16,US8740391003,Taiwan Semiconductor Manufact. ADR,313.25,EUR,2026-02-16T21:59:17.000Z,CONSOLIDATED,2026-09-22T12:30:09.827Z
2026-02-17,US8740391003,Taiwan Semiconductor Manufact. ADR,308.25,EUR,2026-02-17T21:59:18.000Z,CONSOLIDATED,2026-09-22T12:30:09.827Z
2026-02-18,US8740391003,Taiwan Semiconductor Manufact. ADR,307.75,EUR,2026-02-18T21:59:17.000Z,CONSOLIDATED,2026-09-22T12:30:09.827Z
2026-02-19,US8740391003,Taiwan Semiconductor Manufact. ADR,306,EUR,2026-02-19T21:59:19.000Z,CONSOLIDATED,2026-09-22T12:30:09.827Z
2026-02-20,US8740391003,Taiwan Semiconductor Manufact. ADR,313.75,EUR,2026-02-20T21:59:19.000Z,CONSOLIDATED,2026-09-22T12:30:09.827Z
2026-02-23,US8740391003,Taiwan Semiconductor Manufact. ADR,314.25,EUR,2026-02-23T21:59:19.000Z,CONSOLIDATED,2026-09-22T12:30:09.827Z
2026-02-24,US8740391003,Taiwan Semiconductor Manufact. ADR,327.75,EUR,2026-02-24T21:59:18.000Z,CONSOLIDATED,2026-09-22T12:30:09.827Z
2026-02-25,US8740391003,Taiwan Semiconductor Manufact. ADR,333.75,EUR,2026-02-25T21:59:51.000Z,CONSOLIDATED,2026-09-22T12:30:09.827Z
2026-02-26,US8740391003,Taiwan Semiconductor Manufact. ADR,319.25,EUR,2026-02-26T21:47:50.000Z,CONSOLIDATED,2026-09-22T12:30:09.827Z
2026-02-27,US8740391003,Taiwan Semiconductor Manufact. ADR,316.75,EUR,2026-02-27T21:56:14.000Z,CONSOLIDATED,2026-09-22T12:30:09.827Z
2026-03-02,US8740391003,Taiwan Semiconductor Manufact. ADR,316.25,EUR,2026-03-02T21:53:43.000Z,CONSOLIDATED,2026-09-22T12:30:09.827Z
2026-03-03,US8740391003,Taiwan Semiconductor Manufact. ADR,304.25,EUR,2026-03-03T21:45:38.000Z,CONSOLIDATED,2026-09-22T12:30:09.827Z
2026-03-04,US8740391003,Taiwan Semiconductor Manufact. ADR,307.75,EUR,2026-03-04T21:56:04.000Z,CONSOLIDATED,2026-09-22T12:30:09.827Z
2026-03-05,US8740391003,Taiwan Semiconductor Manufact. ADR,305,EUR,2026-03-05T21:54:06.000Z,CONSOLIDATED,2026-09-22T12:30:09.827Z
2026-03-06,US8740391003,Taiwan Semiconductor Manufact. ADR,291.25,EUR,2026-03-06T21:59:48.000Z,CONSOLIDATED,2026-09-22T12:30:09.827Z
2026-03-09,US8740391003,Taiwan Semiconductor Manufact. ADR,304,EUR,2026-03-09T21:58:33.000Z,CONSOLIDATED,2026-09-22T12:30:09.827Z
2026-03-10,US8740391003,Taiwan Semiconductor Manufact. ADR,300,EUR,2026-03-10T21:59:33.000Z,CONSOLIDATED,2026-09-22T12:30:09.827Z
2026-03-11,US8740391003,Taiwan Semiconductor Manufact. ADR,305.5,EUR,2026-03-11T21:57:15.000Z,CONSOLIDATED,2026-09-22T12:30:09.827Z
2026-03-12,US8740391003,Taiwan Semiconductor Manufact. ADR,293,EUR,2026-03-12T21:53:39.000Z,CONSOLIDATED,2026-09-22T12:30:09.827Z
2026-03-13,US8740391003,Taiwan Semiconductor Manufact. ADR,296,EUR,2026-03-13T21:48:45.000Z,CONSOLIDATED,2026-09-22T12:30:09.827Z
2026-03-16,US8740391003,Taiwan Semiconductor Manufact. ADR,295.25,EUR,2026-03-16T21:44:58.000Z,CONSOLIDATED,2026-09-22T12:30:09.827Z
2026-03-17,US8740391003,Taiwan Semiconductor Manufact. ADR,300,EUR,2026-03-17T21:54:05.000Z,CONSOLIDATED,2026-09-22T12:30:09.827Z
2026-03-18,US8740391003,Taiwan Semiconductor Manufact. ADR,295.25,EUR,2026-03-18T21:59:54.000Z,CONSOLIDATED,2026-09-22T12:30:09.827Z
2026-03-19,US8740391003,Taiwan Semiconductor Manufact. ADR,293,EUR,2026-03-19T21:59:15.000Z,CONSOLIDATED,2026-09-22T12:30:09.827Z
2026-03-20,US8740391003,Taiwan Semiconductor Manufact. ADR,285,EUR,2026-03-20T21:43:13.000Z,CONSOLIDATED,2026-09-22T12:30:09.827Z
2026-03-23,US8740391003,Taiwan Semiconductor Manufact. ADR,291.5,EUR,2026-03-23T21:46:22.000Z,CONSOLIDATED,2026-09-22T12:30:09.827Z
2026-03-24,US8740391003,Taiwan Semiconductor Manufact. ADR,299.25,EUR,2026-03-24T21:49:33.000Z,CONSOLIDATED,2026-09-22T12:30:09.827Z
2026-03-25,US8740391003,Taiwan Semiconductor Manufact. ADR,300.25,EUR,2026-03-25T21:57:21.000Z,CONSOLIDATED,2026-09-22T12:30:09.827Z
2026-03-26,US8740391003,Taiwan Semiconductor Manufact. ADR,285.5,EUR,2026-03-26T21:59:03.000Z,CONSOLIDATED,2026-09-22T12:30:09.827Z
2026-03-27,US8740391003,Taiwan Semiconductor Manufact. ADR,283.5,EUR,2026-03-27T21:52:05.000Z,CONSOLIDATED,2026-09-22T12:30:09.827Z
2026-03-30,US8740391003,Taiwan Semiconductor Manufact. ADR,277,EUR,2026-03-30T20:59:58.000Z,CONSOLIDATED,2026-09-22T12:30:09.827Z
2026-03-31,US8740391003,Taiwan Semiconductor Manufact. ADR,292,EUR,2026-03-31T20:39:13.000Z,CONSOLIDATED,2026-09-22T12:30:09.827Z
2026-04-01,US8740391003,Taiwan Semiconductor Manufact. ADR,294.75,EUR,2026-04-01T20:47:38.000Z,CONSOLIDATED,2026-09-22T12:30:09.827Z
2026-04-02,US8740391003,Taiwan Semiconductor Manufact. ADR,293.75,EUR,2026-04-02T20:50:55.000Z,CONSOLIDATED,2026-09-22T12:30:09.827Z
2026-04-07,US8740391003,Taiwan Semiconductor Manufact. ADR,297.5,EUR,2026-04-07T20:59:53.000Z,CONSOLIDATED,2026-09-22T12:30:09.827Z
2026-04-08,US8740391003,Taiwan Semiconductor Manufact. ADR,312.25,EUR,2026-04-08T20:52:05.000Z,CONSOLIDATED,2026-09-22T12:30:09.827Z
2026-04-09,US8740391003,Taiwan Semiconductor Manufact. ADR,313.25,EUR,2026-04-09T20:59:32.000Z,CONSOLIDATED,2026-09-22T12:30:09.827Z
2026-04-10,US8740391003,Taiwan Semiconductor Manufact. ADR,316,EUR,2026-04-10T20:58:36.000Z,CONSOLIDATED,2026-09-22T12:30:09.827Z
2026-04-13,US8740391003,Taiwan Semiconductor Manufact. ADR,316.5,EUR,2026-04-13T20:59:25.000Z,CONSOLIDATED,2026-09-22T12:30:09.827Z
2026-04-14,US8740391003,Taiwan Semiconductor Manufact. ADR,323.5,EUR,2026-04-14T20:59:51.000Z,CONSOLIDATED,2026-09-22T12:30:09.827Z
2026-04-15,US8740391003,Taiwan Semiconductor Manufact. ADR,319.5,EUR,2026-04-15T20:58:39.000Z,CONSOLIDATED,2026-09-22T12:30:09.827Z
2026-04-16,US8740391003,Taiwan Semiconductor Manufact. ADR,309.5,EUR,2026-04-16T20:59:38.000Z,CONSOLIDATED,2026-09-22T12:30:09.827Z
2026-04-17,US8740391003,Taiwan Semiconductor Manufact. ADR,315.25,EUR,2026-04-17T20:59:48.000Z,CONSOLIDATED,2026-09-22T12:30:09.827Z
2026-04-20,US8740391003,Taiwan Semiconductor Manufact. ADR,310.25,EUR,2026-04-20T20:59:44.000Z,CONSOLIDATED,2026-09-22T12:30:09.827Z
2026-04-21,US8740391003,Taiwan Semiconductor Manufact. ADR,314.75,EUR,2026-04-21T20:51:14.000Z,CONSOLIDATED,2026-09-22T12:30:09.827Z
2026-04-22,US8740391003,Taiwan Semiconductor Manufact. ADR,330.5,EUR,2026-04-22T20:59:32.000Z,CONSOLIDATED,2026-09-22T12:30:09.827Z
2026-04-23,US8740391003,Taiwan Semiconductor Manufact. ADR,326.75,EUR,2026-04-23T20:55:43.000Z,CONSOLIDATED,2026-09-22T12:30:09.827Z
2026-04-24,US8740391003,Taiwan Semiconductor Manufact. ADR,343.5,EUR,2026-04-24T20:59:09.000Z,CONSOLIDATED,2026-09-22T12:30:09.827Z
2026-04-27,US8740391003,Taiwan Semiconductor Manufact. ADR,346,EUR,2026-04-27T20:58:53.000Z,CONSOLIDATED,2026-09-22T12:30:09.827Z
2026-04-28,US8740391003,Taiwan Semiconductor Manufact. ADR,335.75,EUR,2026-04-28T20:56:29.000Z,CONSOLIDATED,2026-09-22T12:30:09.827Z
2026-04-29,US8740391003,Taiwan Semiconductor Manufact. ADR,333,EUR,2026-04-29T20:59:52.000Z,CONSOLIDATED,2026-09-22T12:30:09.827Z
2026-04-30,US8740391003,Taiwan Semiconductor Manufact. ADR,335.5,EUR,2026-04-30T20:59:50.000Z,CONSOLIDATED,2026-09-22T12:30:09.827Z
2026-05-04,US8740391003,Taiwan Semiconductor Manufact. ADR,342.75,EUR,2026-05-04T20:59:26.000Z,CONSOLIDATED,2026-09-22T12:30:09.827Z
2026-05-05,US8740391003,Taiwan Semiconductor Manufact. ADR,337.75,EUR,2026-05-05T20:58:38.000Z,CONSOLIDATED,2026-09-22T12:30:09.827Z
2026-05-06,US8740391003,Taiwan Semiconductor Manufact. ADR,356.5,EUR,2026-05-06T20:58:53.000Z,CONSOLIDATED,2026-09-22T12:30:09.827Z
2026-05-07,US8740391003,Taiwan Semiconductor Manufact. ADR,352.5,EUR,2026-05-07T20:57:13.000Z,CONSOLIDATED,2026-09-22T12:30:09.827Z
2026-05-08,US8740391003,Taiwan Semiconductor Manufact. ADR,348.75,EUR,2026-05-08T20:53:02.000Z,CONSOLIDATED,2026-09-22T12:30:09.827Z
2026-05-11,US8740391003,Taiwan Semiconductor Manufact. ADR,343.5,EUR,2026-05-11T20:53:23.000Z,CONSOLIDATED,2026-09-22T12:30:09.827Z
2026-05-12,US8740391003,Taiwan Semiconductor Manufact. ADR,337.75,EUR,2026-05-12T20:59:58.000Z,CONSOLIDATED,2026-09-22T12:30:09.827Z
2026-05-13,US8740391003,Taiwan Semiconductor Manufact. ADR,342.5,EUR,2026-05-13T20:59:55.000Z,CONSOLIDATED,2026-09-22T12:30:09.827Z
2026-05-14,US8740391003,Taiwan Semiconductor Manufact. ADR,357.5,EUR,2026-05-14T20:59:49.000Z,CONSOLIDATED,2026-09-22T12:30:09.827Z
2026-05-15,US8740391003,Taiwan Semiconductor Manufact. ADR,348.25,EUR,2026-05-15T20:59:58.000Z,CONSOLIDATED,2026-09-22T12:30:09.827Z
2026-05-18,US8740391003,Taiwan Semiconductor Manufact. ADR,339.25,EUR,2026-05-18T20:58:13.000Z,CONSOLIDATED,2026-09-22T12:30:09.827Z
2026-05-19,US8740391003,Taiwan Semiconductor Manufact. ADR,339,EUR,2026-05-19T20:59:45.000Z,CONSOLIDATED,2026-09-22T12:30:09.827Z
2026-05-20,US8740391003,Taiwan Semiconductor Manufact. ADR,345.5,EUR,2026-05-20T20:59:31.000Z,CONSOLIDATED,2026-09-22T12:30:09.827Z
2026-05-21,US8740391003,Taiwan Semiconductor Manufact. ADR,349.5,EUR,2026-05-21T20:58:58.000Z,CONSOLIDATED,2026-09-22T12:30:09.827Z
2026-05-22,US8740391003,Taiwan Semiconductor Manufact. ADR,348.25,EUR,2026-05-22T20:58:34.000Z,CONSOLIDATED,2026-09-22T12:30:09.827Z
2026-05-25,US8740391003,Taiwan Semiconductor Manufact. ADR,356.75,EUR,2026-05-25T20:16:44.000Z,CONSOLIDATED,2026-09-22T12:30:09.827Z
2026-05-26,US8740391003,Taiwan Semiconductor Manufact. ADR,354.75,EUR,2026-05-26T20:59:33.000Z,CONSOLIDATED,2026-09-22T12:30:09.827Z
2026-05-27,US8740391003,Taiwan Semiconductor Manufact. ADR,363.5,EUR,2026-05-27T20:56:50.000Z,CONSOLIDATED,2026-09-22T12:30:09.827Z
2026-05-28,US8740391003,Taiwan Semiconductor Manufact. ADR,363.5,EUR,2026-05-28T20:58:54.000Z,CONSOLIDATED,2026-09-22T12:30:09.827Z
2026-05-29,US8740391003,Taiwan Semiconductor Manufact. ADR,360.25,EUR,2026-05-29T20:59:02.000Z,CONSOLIDATED,2026-09-22T12:30:09.827Z
2026-06-01,US8740391003,Taiwan Semiconductor Manufact. ADR,376.5,EUR,2026-06-01T20:57:28.000Z,CONSOLIDATED,2026-09-22T12:30:09.827Z
2026-06-02,US8740391003,Taiwan Semiconductor Manufact. ADR,383,EUR,2026-06-02T20:43:28.000Z,CONSOLIDATED,2026-09-22T12:30:09.827Z
2026-06-03,US8740391003,Taiwan Semiconductor Manufact. ADR,376.75,EUR,2026-06-03T20:59:40.000Z,CONSOLIDATED,2026-09-22T12:30:09.827Z
2026-06-04,US8740391003,Taiwan Semiconductor Manufact. ADR,381.75,EUR,2026-06-04T20:55:22.000Z,CONSOLIDATED,2026-09-22T12:30:09.827Z
2026-06-05,US8740391003,Taiwan Semiconductor Manufact. ADR,360.25,EUR,2026-06-05T20:59:47.000Z,CONSOLIDATED,2026-09-22T12:30:09.827Z
2026-06-08,US8740391003,Taiwan Semiconductor Manufact. ADR,370.5,EUR,2026-06-08T20:49:52.000Z,CONSOLIDATED,2026-09-22T12:30:09.827Z
2026-06-09,US8740391003,Taiwan Semiconductor Manufact. ADR,370.5,EUR,2026-06-09T20:59:31.000Z,CONSOLIDATED,2026-09-22T12:30:09.827Z
2026-06-10,US8740391003,Taiwan Semiconductor Manufact. ADR,354.25,EUR,2026-06-10T20:58:49.000Z,CONSOLIDATED,2026-09-22T12:30:09.827Z
2026-06-11,US8740391003,Taiwan Semiconductor Manufact. ADR,362.5,EUR,2026-06-11T20:50:51.000Z,CONSOLIDATED,2026-09-22T12:30:09.827Z
2026-06-12,US8740391003,Taiwan Semiconductor Manufact. ADR,367,EUR,2026-06-12T20:54:07.000Z,CONSOLIDATED,2026-09-22T12:30:09.827Z
2026-06-15,US8740391003,Taiwan Semiconductor Manufact. ADR,380,EUR,2026-06-15T20:59:56.000Z,CONSOLIDATED,2026-09-22T12:30:09.827Z
2026-06-16,US8740391003,Taiwan Semiconductor Manufact. ADR,367.5,EUR,2026-06-16T20:59:57.000Z,CONSOLIDATED,2026-09-22T12:30:09.827Z
2026-06-17,US8740391003,Taiwan Semiconductor Manufact. ADR,377.5,EUR,2026-06-17T20:59:57.000Z,CONSOLIDATED,2026-09-22T12:30:09.827Z
2026-06-18,US8740391003,Taiwan Semiconductor Manufact. ADR,403.5,EUR,2026-06-18T20:59:02.000Z,CONSOLIDATED,2026-09-22T12:30:09.827Z
2026-06-19,US8740391003,Taiwan Semiconductor Manufact. ADR,404.75,EUR,2026-06-19T20:58:21.000Z,CONSOLIDATED,2026-09-22T12:30:09.827Z
2026-06-22,US8740391003,Taiwan Semiconductor Manufact. ADR,409.25,EUR,2026-06-22T20:58:49.000Z,CONSOLIDATED,2026-09-22T12:30:09.827Z
2026-06-23,US8740391003,Taiwan Semiconductor Manufact. ADR,385.5,EUR,2026-06-23T20:59:30.000Z,CONSOLIDATED,2026-09-22T12:30:09.827Z
2026-06-24,US8740391003,Taiwan Semiconductor Manufact. ADR,400.5,EUR,2026-06-24T20:59:48.000Z,CONSOLIDATED,2026-09-22T12:30:09.827Z
2026-06-25,US8740391003,Taiwan Semiconductor Manufact. ADR,383.75,EUR,2026-06-25T20:59:40.000Z,CONSOLIDATED,2026-09-22T12:30:09.827Z
2026-06-26,US8740391003,Taiwan Semiconductor Manufact. ADR,379.5,EUR,2026-06-26T20:59:40.000Z,CONSOLIDATED,2026-09-22T12:30:09.827Z
2026-06-29,US8740391003,Taiwan Semiconductor Manufact. ADR,397,EUR,2026-06-29T20:57:57.000Z,CONSOLIDATED,2026-09-22T12:30:09.827Z
2026-06-30,US8740391003,Taiwan Semiconductor Manufact. ADR,417,EUR,2026-06-30T20:54:12.000Z,CONSOLIDATED,2026-09-22T12:30:09.827Z
2026-07-01,US8740391003,Taiwan Semiconductor Manufact. ADR,393,EUR,2026-07-01T20:58:23.000Z,CONSOLIDATED,2026-09-22T12:30:09.827Z
2026-07-02,US8740391003,Taiwan Semiconductor Manufact. ADR,380,EUR,2026-07-02T20:55:53.000Z,CONSOLIDATED,2026-09-22T12:30:09.827Z
2026-07-03,US8740391003,Taiwan Semiconductor Manufact. ADR,395,EUR,2026-07-03T20:54:35.000Z,CONSOLIDATED,2026-09-22T12:30:09.827Z
2026-07-06,US8740391003,Taiwan Semiconductor Manufact. ADR,396.5,EUR,2026-07-06T20:58:20.000Z,CONSOLIDATED,2026-09-22T12:30:09.827Z
2026-07-07,US8740391003,Taiwan Semiconductor Manufact. ADR,380,EUR,2026-07-07T20:50:01.000Z,CONSOLIDATED,2026-09-22T12:30:09.827Z
2026-07-08,US8740391003,Taiwan Semiconductor Manufact. ADR,381.5,EUR,2026-07-08T20:59:37.000Z,CONSOLIDATED,2026-09-22T12:30:09.827Z
2026-07-09,US8740391003,Taiwan Semiconductor Manufact. ADR,383.75,EUR,2026-07-09T20:59:40.000Z,CONSOLIDATED,2026-09-22T12:30:09.827Z
2026-07-10,US8740391003,Taiwan Semiconductor Manufact. ADR,381,EUR,2026-07-10T20:57:19.000Z,CONSOLIDATED,2026-09-22T12:30:09.827Z
2026-07-13,US8740391003,Taiwan Semiconductor Manufact. ADR,371,EUR,2026-07-13T20:53:17.000Z,CONSOLIDATED,2026-09-22T12:30:09.827Z
2026-07-14,US8740391003,Taiwan Semiconductor Manufact. ADR,369.25,EUR,2026-07-14T20:58:19.000Z,CONSOLIDATED,2026-09-22T12:30:09.827Z
2026-07-15,US8740391003,Taiwan Semiconductor Manufact. ADR,367,EUR,2026-07-15T20:59:52.000Z,CONSOLIDATED,2026-09-22T12:30:09.827Z
2026-07-16,US8740391003,Taiwan Semiconductor Manufact. ADR,358,EUR,2026-07-16T20:58:33.000Z,CONSOLIDATED,2026-09-22T12:30:09.827Z
2026-07-17,US8740391003,Taiwan Semiconductor Manufact. ADR,347.5,EUR,2026-07-17T20:59:23.000Z,CONSOLIDATED,2026-09-22T12:30:09.827Z
2026-07-20,US8740391003,Taiwan Semiconductor Manufact. ADR,352.5,EUR,2026-07-20T20:59:58.000Z,CONSOLIDATED,2026-09-22T12:30:09.827Z
2026-07-21,US8740391003,Taiwan Semiconductor Manufact. ADR,373,EUR,2026-07-21T20:59:53.000Z,CONSOLIDATED,2026-09-22T12:30:09.827Z
2026-07-22,US8740391003,Taiwan Semiconductor Manufact. ADR,370.5,EUR,2026-07-22T20:59:55.000Z,CONSOLIDATED,2026-09-22T12:30:09.827Z
2026-07-23,US8740391003,Taiwan Semiconductor Manufact. ADR,366.25,EUR,2026-07-23T20:58:03.000Z,CONSOLIDATED,2026-09-22T12:30:09.827Z
2026-07-24,US8740391003,Taiwan Semiconductor Manufact. ADR,354.75,EUR,2026-07-24T20:59:58.000Z,CONSOLIDATED,2026-09-22T12:30:09.827Z
2026-07-27,US8740391003,Taiwan Semiconductor Manufact. ADR,350.5,EUR,2026-07-27T20:59:34.000Z,CONSOLIDATED,2026-09-22T12:30:09.827Z
2026-07-28,US8740391003,Taiwan Semiconductor Manufact. ADR,346.25,EUR,2026-07-28T20:58:28.000Z,CONSOLIDATED,2026-09-22T12:30:09.827Z
2026-07-29,US8740391003,Taiwan Semiconductor Manufact. ADR,324.5,EUR,2026-07-29T20:59:05.000Z,CONSOLIDATED,2026-09-22T12:30:09.827Z
2026-07-30,US8740391003,Taiwan Semiconductor Manufact. ADR,351,EUR,2026-07-30T20:59:39.000Z,CONSOLIDATED,2026-09-22T12:30:09.827Z
2026-07-31,US8740391003,Taiwan Semiconductor Manufact. ADR,350.5,EUR,2026-07-31T20:59:55.000Z,CONSOLIDATED,2026-09-22T12:30:09.827Z
2026-08-03,US8740391003,Taiwan Semiconductor Manufact. ADR,353.75,EUR,2026-08-03T20:55:26.000Z,CONSOLIDATED,2026-09-22T12:30:09.827Z
2026-08-04,US8740391003,Taiwan Semiconductor Manufact. ADR,358.5,EUR,2026-08-04T20:58:54.000Z,CONSOLIDATED,2026-09-22T12:30:09.827Z
2026-08-05,US8740391003,Taiwan Semiconductor Manufact. ADR,357,EUR,2026-08-05T20:58:47.000Z,CONSOLIDATED,2026-09-22T12:30:09.827Z
2026-08-06,US8740391003,Taiwan Semiconductor Manufact. ADR,363,EUR,2026-08-06T20:59:09.000Z,CONSOLIDATED,2026-09-22T12:30:09.827Z
2026-08-07,US8740391003,Taiwan Semiconductor Manufact. ADR,363.5,EUR,2026-08-07T20:58:17.000Z,CONSOLIDATED,2026-09-22T12:30:09.827Z
2026-08-10,US8740391003,Taiwan Semiconductor Manufact. ADR,363.25,EUR,2026-08-10T20:56:53.000Z,CONSOLIDATED,2026-09-22T12:30:09.827Z
2026-08-11,US8740391003,Taiwan Semiconductor Manufact. ADR,366,EUR,2026-08-11T20:38:33.000Z,CONSOLIDATED,2026-09-22T12:30:09.827Z
2026-08-12,US8740391003,Taiwan Semiconductor Manufact. ADR,372.5,EUR,2026-08-12T20:59:56.000Z,CONSOLIDATED,2026-09-22T12:30:09.827Z
2026-08-13,US8740391003,Taiwan Semiconductor Manufact. ADR,374.75,EUR,2026-08-13T20:56:34.000Z,CONSOLIDATED,2026-09-22T12:30:09.827Z
2026-08-14,US8740391003,Taiwan Semiconductor Manufact. ADR,368.5,EUR,2026-08-14T20:58:58.000Z,CONSOLIDATED,2026-09-22T12:30:09.827Z
2026-08-17,US8740391003,Taiwan Semiconductor Manufact. ADR,371.75,EUR,2026-08-17T20:49:38.000Z,CONSOLIDATED,2026-09-22T12:30:09.827Z
2026-08-18,US8740391003,Taiwan Semiconductor Manufact. ADR,357,EUR,2026-08-18T20:57:51.000Z,CONSOLIDATED,2026-09-22T12:30:09.827Z
2026-08-19,US8740391003,Taiwan Semiconductor Manufact. ADR,353,EUR,2026-08-19T20:59:20.000Z,CONSOLIDATED,2026-09-22T12:30:09.827Z
2026-08-20,US8740391003,Taiwan Semiconductor Manufact. ADR,356,EUR,2026-08-20T20:59:50.000Z,CONSOLIDATED,2026-09-22T12:30:09.827Z
2026-08-21,US8740391003,Taiwan Semiconductor Manufact. ADR,358.5,EUR,2026-08-21T20:57:15.000Z,CONSOLIDATED,2026-09-22T12:30:09.827Z
2026-08-24,US8740391003,Taiwan Semiconductor Manufact. ADR,351,EUR,2026-08-24T20:59:47.000Z,CONSOLIDATED,2026-09-22T12:30:09.827Z
2026-08-25,US8740391003,Taiwan Semiconductor Manufact. ADR,357.5,EUR,2026-08-25T20:57:29.000Z,CONSOLIDATED,2026-09-22T12:30:09.827Z
2026-08-26,US8740391003,Taiwan Semiconductor Manufact. ADR,360.5,EUR,2026-08-26T20:59:36.000Z,CONSOLIDATED,2026-09-22T12:30:09.827Z
2026-08-27,US8740391003,Taiwan Semiconductor Manufact. ADR,365.75,EUR,2026-08-27T20:55:18.000Z,CONSOLIDATED,2026-09-22T12:30:09.827Z
2026-08-28,US8740391003,Taiwan Semiconductor Manufact. ADR,361.25,EUR,2026-08-28T20:59:57.000Z,CONSOLIDATED,2026-09-22T12:30:09.827Z
2026-08-31,US8740391003,Taiwan Semiconductor Manufact. ADR,358,EUR,2026-08-31T20:53:11.000Z,CONSOLIDATED,2026-09-22T12:30:09.827Z
2026-09-01,US8740391003,Taiwan Semiconductor Manufact. ADR,357.25,EUR,2026-09-01T20:54:14.000Z,CONSOLIDATED,2026-09-22T12:30:09.827Z
2026-09-02,US8740391003,Taiwan Semiconductor Manufact. ADR,357.25,EUR,2026-09-02T20:59:47.000Z,CONSOLIDATED,2026-09-22T12:30:09.827Z
2026-09-03,US8740391003,Taiwan Semiconductor Manufact. ADR,358.5,EUR,2026-09-03T20:56:25.000Z,CONSOLIDATED,2026-09-22T12:30:09.827Z
2026-09-04,US8740391003,Taiwan Semiconductor Manufact. ADR,368.25,EUR,2026-09-04T20:56:02.000Z,CONSOLIDATED,2026-09-22T12:30:09.827Z
2026-09-07,US8740391003,Taiwan Semiconductor Manufact. ADR,373.5,EUR,2026-09-07T20:48:59.000Z,CONSOLIDATED,2026-09-22T12:30:09.827Z
2026-09-08,US8740391003,Taiwan Semiconductor Manufact. ADR,377,EUR,2026-09-08T20:46:55.000Z,CONSOLIDATED,2026-09-22T12:30:09.827Z
2026-09-09,US8740391003,Taiwan Semiconductor Manufact. ADR,374,EUR,2026-09-09T20:59:09.000Z,CONSOLIDATED,2026-09-22T12:30:09.827Z
2026-09-10,US8740391003,Taiwan Semiconductor Manufact. ADR,369,EUR,2026-09-10T20:55:14.000Z,CONSOLIDATED,2026-09-22T12:30:09.827Z
2026-09-11,US8740391003,Taiwan Semiconductor Manufact. ADR,372.75,EUR,2026-09-11T20:57:35.000Z,CONSOLIDATED,2026-09-22T12:30:09.827Z
2026-09-14,US8740391003,Taiwan Semiconductor Manufact. ADR,364,EUR,2026-09-14T20:59:51.000Z,CONSOLIDATED,2026-09-22T12:30:09.827Z
2026-09-15,US8740391003,Taiwan Semiconductor Manufact. ADR,359.25,EUR,2026-09-15T20:56:45.000Z,CONSOLIDATED,2026-09-22T12:30:09.827Z
2026-09-16,US8740391003,Taiwan Semiconductor Manufact. ADR,364.25,EUR,2026-09-16T20:59:53.000Z,CONSOLIDATED,2026-09-22T12:30:09.827Z
2026-09-17,US8740391003,Taiwan Semiconductor Manufact. ADR,374.75,EUR,2026-09-17T20:55:27.000Z,CONSOLIDATED,2026-09-22T12:30:09.827Z
2026-09-18,US8740391003,Taiwan Semiconductor Manufact. ADR,377.75,EUR,2026-09-18T20:56:27.000Z,CONSOLIDATED,2026-09-22T12:30:09.827Z
2026-09-21,US8740391003,Taiwan Semiconductor Manufact. ADR,388,EUR,2026-09-21T20:59:55.000Z,CONSOLIDATED,2026-09-22T12:30:09.827Z
2026-01-02,US8740541094,Take-Two Interactive Softw.,214.625,EUR,2026-01-02T21:54:09.000Z,CONSOLIDATED,2026-09-22T12:30:10.968Z
2026-01-05,US8740541094,Take-Two Interactive Softw.,219.5,EUR,2026-01-05T21:58:44.000Z,CONSOLIDATED,2026-09-22T12:30:10.968Z
2026-01-06,US8740541094,Take-Two Interactive Softw.,217.575,EUR,2026-01-06T21:59:48.000Z,CONSOLIDATED,2026-09-22T12:30:10.968Z
2026-01-07,US8740541094,Take-Two Interactive Softw.,219.825,EUR,2026-01-07T21:59:58.000Z,CONSOLIDATED,2026-09-22T12:30:10.968Z
2026-01-08,US8740541094,Take-Two Interactive Softw.,216.5,EUR,2026-01-08T21:59:57.000Z,CONSOLIDATED,2026-09-22T12:30:10.968Z
2026-01-09,US8740541094,Take-Two Interactive Softw.,215.525,EUR,2026-01-09T21:58:51.000Z,CONSOLIDATED,2026-09-22T12:30:10.968Z
2026-01-12,US8740541094,Take-Two Interactive Softw.,213.325,EUR,2026-01-12T21:59:56.000Z,CONSOLIDATED,2026-09-22T12:30:10.968Z
2026-01-13,US8740541094,Take-Two Interactive Softw.,212.525,EUR,2026-01-13T21:59:54.000Z,CONSOLIDATED,2026-09-22T12:30:10.968Z
2026-01-14,US8740541094,Take-Two Interactive Softw.,210.8,EUR,2026-01-14T21:59:31.000Z,CONSOLIDATED,2026-09-22T12:30:10.968Z
2026-01-15,US8740541094,Take-Two Interactive Softw.,210.425,EUR,2026-01-15T21:59:00.000Z,CONSOLIDATED,2026-09-22T12:30:10.968Z
2026-01-16,US8740541094,Take-Two Interactive Softw.,206.975,EUR,2026-01-16T21:59:30.000Z,CONSOLIDATED,2026-09-22T12:30:10.968Z
2026-01-19,US8740541094,Take-Two Interactive Softw.,203.775,EUR,2026-01-19T21:01:13.000Z,CONSOLIDATED,2026-09-22T12:30:10.968Z
2026-01-20,US8740541094,Take-Two Interactive Softw.,205.225,EUR,2026-01-20T21:55:50.000Z,CONSOLIDATED,2026-09-22T12:30:10.968Z
2026-01-21,US8740541094,Take-Two Interactive Softw.,203.85,EUR,2026-01-21T21:59:11.000Z,CONSOLIDATED,2026-09-22T12:30:10.968Z
2026-01-22,US8740541094,Take-Two Interactive Softw.,205.1,EUR,2026-01-22T21:59:58.000Z,CONSOLIDATED,2026-09-22T12:30:10.968Z
2026-01-23,US8740541094,Take-Two Interactive Softw.,207.775,EUR,2026-01-23T21:59:43.000Z,CONSOLIDATED,2026-09-22T12:30:10.968Z
2026-01-26,US8740541094,Take-Two Interactive Softw.,206.775,EUR,2026-01-26T21:59:57.000Z,CONSOLIDATED,2026-09-22T12:30:10.968Z
2026-01-27,US8740541094,Take-Two Interactive Softw.,203.875,EUR,2026-01-27T21:59:57.000Z,CONSOLIDATED,2026-09-22T12:30:10.968Z
2026-01-28,US8740541094,Take-Two Interactive Softw.,203.45,EUR,2026-01-28T21:59:58.000Z,CONSOLIDATED,2026-09-22T12:30:10.968Z
2026-01-29,US8740541094,Take-Two Interactive Softw.,199.375,EUR,2026-01-29T21:58:47.000Z,CONSOLIDATED,2026-09-22T12:30:10.968Z
2026-01-30,US8740541094,Take-Two Interactive Softw.,186.4,EUR,2026-01-30T21:59:57.000Z,CONSOLIDATED,2026-09-22T12:30:10.968Z
2026-02-02,US8740541094,Take-Two Interactive Softw.,187.94,EUR,2026-02-02T21:59:45.000Z,CONSOLIDATED,2026-09-22T12:30:10.968Z
2026-02-03,US8740541094,Take-Two Interactive Softw.,188.68,EUR,2026-02-03T21:59:33.000Z,CONSOLIDATED,2026-09-22T12:30:10.968Z
2026-02-04,US8740541094,Take-Two Interactive Softw.,169.86,EUR,2026-02-04T21:59:53.000Z,CONSOLIDATED,2026-09-22T12:30:10.968Z
2026-02-05,US8740541094,Take-Two Interactive Softw.,164.14,EUR,2026-02-05T21:59:49.000Z,CONSOLIDATED,2026-09-22T12:30:10.968Z
2026-02-06,US8740541094,Take-Two Interactive Softw.,165.48,EUR,2026-02-06T21:59:42.000Z,CONSOLIDATED,2026-09-22T12:30:10.968Z
2026-02-09,US8740541094,Take-Two Interactive Softw.,173.19,EUR,2026-02-09T21:59:58.000Z,CONSOLIDATED,2026-09-22T12:30:10.968Z
2026-02-10,US8740541094,Take-Two Interactive Softw.,176.8,EUR,2026-02-10T21:59:03.000Z,CONSOLIDATED,2026-09-22T12:30:10.968Z
2026-02-11,US8740541094,Take-Two Interactive Softw.,172.92,EUR,2026-02-11T21:59:17.000Z,CONSOLIDATED,2026-09-22T12:30:10.968Z
2026-02-12,US8740541094,Take-Two Interactive Softw.,160.9,EUR,2026-02-12T21:59:37.000Z,CONSOLIDATED,2026-09-22T12:30:10.968Z
2026-02-13,US8740541094,Take-Two Interactive Softw.,163.36,EUR,2026-02-13T21:59:55.000Z,CONSOLIDATED,2026-09-22T12:30:10.968Z
2026-02-16,US8740541094,Take-Two Interactive Softw.,165.49,EUR,2026-02-16T21:59:16.000Z,CONSOLIDATED,2026-09-22T12:30:10.968Z
2026-02-17,US8740541094,Take-Two Interactive Softw.,163.57,EUR,2026-02-17T21:59:51.000Z,CONSOLIDATED,2026-09-22T12:30:10.968Z
2026-02-18,US8740541094,Take-Two Interactive Softw.,169.13,EUR,2026-02-18T21:59:58.000Z,CONSOLIDATED,2026-09-22T12:30:10.968Z
2026-02-19,US8740541094,Take-Two Interactive Softw.,172,EUR,2026-02-19T21:59:47.000Z,CONSOLIDATED,2026-09-22T12:30:10.968Z
2026-02-20,US8740541094,Take-Two Interactive Softw.,169.47,EUR,2026-02-20T21:59:18.000Z,CONSOLIDATED,2026-09-22T12:30:10.968Z
2026-02-23,US8740541094,Take-Two Interactive Softw.,165.96,EUR,2026-02-23T21:59:47.000Z,CONSOLIDATED,2026-09-22T12:30:10.968Z
2026-02-24,US8740541094,Take-Two Interactive Softw.,172.52,EUR,2026-02-24T21:59:39.000Z,CONSOLIDATED,2026-09-22T12:30:10.968Z
2026-02-25,US8740541094,Take-Two Interactive Softw.,175.97,EUR,2026-02-25T21:59:17.000Z,CONSOLIDATED,2026-09-22T12:30:10.968Z
2026-02-26,US8740541094,Take-Two Interactive Softw.,180.84,EUR,2026-02-26T21:59:56.000Z,CONSOLIDATED,2026-09-22T12:30:10.968Z
2026-02-27,US8740541094,Take-Two Interactive Softw.,179.58,EUR,2026-02-27T21:59:58.000Z,CONSOLIDATED,2026-09-22T12:30:10.968Z
2026-03-02,US8740541094,Take-Two Interactive Softw.,181.42,EUR,2026-03-02T21:59:39.000Z,CONSOLIDATED,2026-09-22T12:30:10.968Z
2026-03-03,US8740541094,Take-Two Interactive Softw.,186.85,EUR,2026-03-03T21:59:57.000Z,CONSOLIDATED,2026-09-22T12:30:10.968Z
2026-03-04,US8740541094,Take-Two Interactive Softw.,185.41,EUR,2026-03-04T21:59:42.000Z,CONSOLIDATED,2026-09-22T12:30:10.968Z
2026-03-05,US8740541094,Take-Two Interactive Softw.,182.57,EUR,2026-03-05T21:59:54.000Z,CONSOLIDATED,2026-09-22T12:30:10.968Z
2026-03-06,US8740541094,Take-Two Interactive Softw.,182.04,EUR,2026-03-06T21:59:51.000Z,CONSOLIDATED,2026-09-22T12:30:10.968Z
2026-03-09,US8740541094,Take-Two Interactive Softw.,184.18,EUR,2026-03-09T21:59:59.000Z,CONSOLIDATED,2026-09-22T12:30:10.968Z
2026-03-10,US8740541094,Take-Two Interactive Softw.,180.54,EUR,2026-03-10T21:58:50.000Z,CONSOLIDATED,2026-09-22T12:30:10.968Z
2026-03-11,US8740541094,Take-Two Interactive Softw.,182.25,EUR,2026-03-11T21:59:40.000Z,CONSOLIDATED,2026-09-22T12:30:10.968Z
2026-03-12,US8740541094,Take-Two Interactive Softw.,182.62,EUR,2026-03-12T21:58:59.000Z,CONSOLIDATED,2026-09-22T12:30:10.968Z
2026-03-13,US8740541094,Take-Two Interactive Softw.,182.74,EUR,2026-03-13T21:58:11.000Z,CONSOLIDATED,2026-09-22T12:30:10.968Z
2026-03-16,US8740541094,Take-Two Interactive Softw.,181.16,EUR,2026-03-16T21:59:59.000Z,CONSOLIDATED,2026-09-22T12:30:10.968Z
2026-03-17,US8740541094,Take-Two Interactive Softw.,180.05,EUR,2026-03-17T21:58:40.000Z,CONSOLIDATED,2026-09-22T12:30:10.968Z
2026-03-18,US8740541094,Take-Two Interactive Softw.,179.3,EUR,2026-03-18T21:58:42.000Z,CONSOLIDATED,2026-09-22T12:30:10.968Z
2026-03-19,US8740541094,Take-Two Interactive Softw.,174.14,EUR,2026-03-19T21:59:58.000Z,CONSOLIDATED,2026-09-22T12:30:10.968Z
2026-03-20,US8740541094,Take-Two Interactive Softw.,174.99,EUR,2026-03-20T21:56:29.000Z,CONSOLIDATED,2026-09-22T12:30:10.968Z
2026-03-23,US8740541094,Take-Two Interactive Softw.,173.19,EUR,2026-03-23T21:59:00.000Z,CONSOLIDATED,2026-09-22T12:30:10.968Z
2026-03-24,US8740541094,Take-Two Interactive Softw.,167.19,EUR,2026-03-24T21:59:50.000Z,CONSOLIDATED,2026-09-22T12:30:10.968Z
2026-03-25,US8740541094,Take-Two Interactive Softw.,167.25,EUR,2026-03-25T21:46:04.000Z,CONSOLIDATED,2026-09-22T12:30:10.968Z
2026-03-26,US8740541094,Take-Two Interactive Softw.,167.39,EUR,2026-03-26T21:59:50.000Z,CONSOLIDATED,2026-09-22T12:30:10.968Z
2026-03-27,US8740541094,Take-Two Interactive Softw.,165.33,EUR,2026-03-27T21:54:39.000Z,CONSOLIDATED,2026-09-22T12:30:10.968Z
2026-03-30,US8740541094,Take-Two Interactive Softw.,167.48,EUR,2026-03-30T20:58:02.000Z,CONSOLIDATED,2026-09-22T12:30:10.968Z
2026-03-31,US8740541094,Take-Two Interactive Softw.,171.7,EUR,2026-03-31T20:59:54.000Z,CONSOLIDATED,2026-09-22T12:30:10.968Z
2026-04-01,US8740541094,Take-Two Interactive Softw.,170.6,EUR,2026-04-01T20:59:58.000Z,CONSOLIDATED,2026-09-22T12:30:10.968Z
2026-04-02,US8740541094,Take-Two Interactive Softw.,175.11,EUR,2026-04-02T20:59:39.000Z,CONSOLIDATED,2026-09-22T12:30:10.968Z
2026-04-07,US8740541094,Take-Two Interactive Softw.,171.1,EUR,2026-04-07T20:58:54.000Z,CONSOLIDATED,2026-09-22T12:30:10.968Z
2026-04-08,US8740541094,Take-Two Interactive Softw.,173.27,EUR,2026-04-08T20:58:39.000Z,CONSOLIDATED,2026-09-22T12:30:10.968Z
2026-04-09,US8740541094,Take-Two Interactive Softw.,169.22,EUR,2026-04-09T20:59:30.000Z,CONSOLIDATED,2026-09-22T12:30:10.968Z
2026-04-10,US8740541094,Take-Two Interactive Softw.,168,EUR,2026-04-10T20:30:02.000Z,CONSOLIDATED,2026-09-22T12:30:10.968Z
2026-04-13,US8740541094,Take-Two Interactive Softw.,171.63,EUR,2026-04-13T20:59:21.000Z,CONSOLIDATED,2026-09-22T12:30:10.968Z
2026-04-14,US8740541094,Take-Two Interactive Softw.,173.95,EUR,2026-04-14T20:59:31.000Z,CONSOLIDATED,2026-09-22T12:30:10.968Z
2026-04-15,US8740541094,Take-Two Interactive Softw.,181.48,EUR,2026-04-15T20:55:28.000Z,CONSOLIDATED,2026-09-22T12:30:10.968Z
2026-04-16,US8740541094,Take-Two Interactive Softw.,181.68,EUR,2026-04-16T20:52:56.000Z,CONSOLIDATED,2026-09-22T12:30:10.968Z
2026-04-17,US8740541094,Take-Two Interactive Softw.,180.34,EUR,2026-04-17T20:59:20.000Z,CONSOLIDATED,2026-09-22T12:30:10.968Z
2026-04-20,US8740541094,Take-Two Interactive Softw.,183.1,EUR,2026-04-20T20:57:47.000Z,CONSOLIDATED,2026-09-22T12:30:10.968Z
2026-04-21,US8740541094,Take-Two Interactive Softw.,185.5,EUR,2026-04-21T20:59:58.000Z,CONSOLIDATED,2026-09-22T12:30:10.968Z
2026-04-22,US8740541094,Take-Two Interactive Softw.,185.75,EUR,2026-04-22T20:51:49.000Z,CONSOLIDATED,2026-09-22T12:30:10.968Z
2026-04-23,US8740541094,Take-Two Interactive Softw.,180.05,EUR,2026-04-23T20:57:45.000Z,CONSOLIDATED,2026-09-22T12:30:10.968Z
2026-04-24,US8740541094,Take-Two Interactive Softw.,179.95,EUR,2026-04-24T20:59:36.000Z,CONSOLIDATED,2026-09-22T12:30:10.968Z
2026-04-27,US8740541094,Take-Two Interactive Softw.,182.35,EUR,2026-04-27T20:28:39.000Z,CONSOLIDATED,2026-09-22T12:30:10.968Z
2026-04-28,US8740541094,Take-Two Interactive Softw.,182.65,EUR,2026-04-28T20:58:32.000Z,CONSOLIDATED,2026-09-22T12:30:10.968Z
2026-04-29,US8740541094,Take-Two Interactive Softw.,184.17,EUR,2026-04-29T20:59:58.000Z,CONSOLIDATED,2026-09-22T12:30:10.968Z
2026-04-30,US8740541094,Take-Two Interactive Softw.,182.7,EUR,2026-04-30T20:58:39.000Z,CONSOLIDATED,2026-09-22T12:30:10.968Z
2026-05-04,US8740541094,Take-Two Interactive Softw.,192.65,EUR,2026-05-04T20:57:29.000Z,CONSOLIDATED,2026-09-22T12:30:10.968Z
2026-05-05,US8740541094,Take-Two Interactive Softw.,190.84,EUR,2026-05-05T20:59:30.000Z,CONSOLIDATED,2026-09-22T12:30:10.968Z
2026-05-06,US8740541094,Take-Two Interactive Softw.,188.95,EUR,2026-05-06T20:59:30.000Z,CONSOLIDATED,2026-09-22T12:30:10.968Z
2026-05-07,US8740541094,Take-Two Interactive Softw.,190.85,EUR,2026-05-07T20:57:07.000Z,CONSOLIDATED,2026-09-22T12:30:10.968Z
2026-05-08,US8740541094,Take-Two Interactive Softw.,187.25,EUR,2026-05-08T20:56:08.000Z,CONSOLIDATED,2026-09-22T12:30:10.968Z
2026-05-11,US8740541094,Take-Two Interactive Softw.,188.47,EUR,2026-05-11T20:58:43.000Z,CONSOLIDATED,2026-09-22T12:30:10.968Z
2026-05-12,US8740541094,Take-Two Interactive Softw.,193,EUR,2026-05-12T20:52:56.000Z,CONSOLIDATED,2026-09-22T12:30:10.968Z
2026-05-13,US8740541094,Take-Two Interactive Softw.,193.85,EUR,2026-05-13T20:59:10.000Z,CONSOLIDATED,2026-09-22T12:30:10.968Z
2026-05-14,US8740541094,Take-Two Interactive Softw.,207.65,EUR,2026-05-14T20:58:03.000Z,CONSOLIDATED,2026-09-22T12:30:10.968Z
2026-05-15,US8740541094,Take-Two Interactive Softw.,207.95,EUR,2026-05-15T20:58:49.000Z,CONSOLIDATED,2026-09-22T12:30:10.968Z
2026-05-18,US8740541094,Take-Two Interactive Softw.,207.95,EUR,2026-05-18T20:56:35.000Z,CONSOLIDATED,2026-09-22T12:30:10.968Z
2026-05-19,US8740541094,Take-Two Interactive Softw.,205.25,EUR,2026-05-19T20:56:22.000Z,CONSOLIDATED,2026-09-22T12:30:10.968Z
2026-05-20,US8740541094,Take-Two Interactive Softw.,204.9,EUR,2026-05-20T20:56:25.000Z,CONSOLIDATED,2026-09-22T12:30:10.968Z
2026-05-21,US8740541094,Take-Two Interactive Softw.,217.45,EUR,2026-05-21T20:59:57.000Z,CONSOLIDATED,2026-09-22T12:30:10.968Z
2026-05-22,US8740541094,Take-Two Interactive Softw.,196.5,EUR,2026-05-22T20:59:11.000Z,CONSOLIDATED,2026-09-22T12:30:10.968Z
2026-05-25,US8740541094,Take-Two Interactive Softw.,198.65,EUR,2026-05-25T20:50:56.000Z,CONSOLIDATED,2026-09-22T12:30:10.968Z
2026-05-26,US8740541094,Take-Two Interactive Softw.,190.2,EUR,2026-05-26T20:58:47.000Z,CONSOLIDATED,2026-09-22T12:30:10.968Z
2026-05-27,US8740541094,Take-Two Interactive Softw.,189.45,EUR,2026-05-27T20:59:24.000Z,CONSOLIDATED,2026-09-22T12:30:10.968Z
2026-05-28,US8740541094,Take-Two Interactive Softw.,186.67,EUR,2026-05-28T20:59:59.000Z,CONSOLIDATED,2026-09-22T12:30:10.968Z
2026-05-29,US8740541094,Take-Two Interactive Softw.,193.58,EUR,2026-05-29T20:59:57.000Z,CONSOLIDATED,2026-09-22T12:30:10.968Z
2026-06-01,US8740541094,Take-Two Interactive Softw.,194.95,EUR,2026-06-01T20:55:40.000Z,CONSOLIDATED,2026-09-22T12:30:10.968Z
2026-06-02,US8740541094,Take-Two Interactive Softw.,190.55,EUR,2026-06-02T20:59:19.000Z,CONSOLIDATED,2026-09-22T12:30:10.968Z
2026-06-03,US8740541094,Take-Two Interactive Softw.,186.65,EUR,2026-06-03T20:59:57.000Z,CONSOLIDATED,2026-09-22T12:30:10.968Z
2026-06-04,US8740541094,Take-Two Interactive Softw.,186.95,EUR,2026-06-04T20:59:54.000Z,CONSOLIDATED,2026-09-22T12:30:10.968Z
2026-06-05,US8740541094,Take-Two Interactive Softw.,185.6,EUR,2026-06-05T20:59:47.000Z,CONSOLIDATED,2026-09-22T12:30:10.968Z
2026-06-08,US8740541094,Take-Two Interactive Softw.,183.05,EUR,2026-06-08T20:59:59.000Z,CONSOLIDATED,2026-09-22T12:30:10.968Z
2026-06-09,US8740541094,Take-Two Interactive Softw.,183.55,EUR,2026-06-09T20:59:28.000Z,CONSOLIDATED,2026-09-22T12:30:10.968Z
2026-06-10,US8740541094,Take-Two Interactive Softw.,182.4,EUR,2026-06-10T20:59:31.000Z,CONSOLIDATED,2026-09-22T12:30:10.968Z
2026-06-11,US8740541094,Take-Two Interactive Softw.,182.05,EUR,2026-06-11T20:57:48.000Z,CONSOLIDATED,2026-09-22T12:30:10.968Z
2026-06-12,US8740541094,Take-Two Interactive Softw.,182.95,EUR,2026-06-12T20:55:41.000Z,CONSOLIDATED,2026-09-22T12:30:10.968Z
2026-06-15,US8740541094,Take-Two Interactive Softw.,186.72,EUR,2026-06-15T20:59:57.000Z,CONSOLIDATED,2026-09-22T12:30:10.968Z
2026-06-16,US8740541094,Take-Two Interactive Softw.,197.4,EUR,2026-06-16T20:55:00.000Z,CONSOLIDATED,2026-09-22T12:30:10.968Z
2026-06-17,US8740541094,Take-Two Interactive Softw.,198.45,EUR,2026-06-17T20:58:13.000Z,CONSOLIDATED,2026-09-22T12:30:10.968Z
2026-06-18,US8740541094,Take-Two Interactive Softw.,209.025,EUR,2026-06-18T20:58:28.000Z,CONSOLIDATED,2026-09-22T12:30:10.968Z
2026-06-19,US8740541094,Take-Two Interactive Softw.,211.175,EUR,2026-06-19T20:52:53.000Z,CONSOLIDATED,2026-09-22T12:30:10.968Z
2026-06-22,US8740541094,Take-Two Interactive Softw.,209.65,EUR,2026-06-22T20:57:05.000Z,CONSOLIDATED,2026-09-22T12:30:10.968Z
2026-06-23,US8740541094,Take-Two Interactive Softw.,213.95,EUR,2026-06-23T20:59:25.000Z,CONSOLIDATED,2026-09-22T12:30:10.968Z
2026-06-24,US8740541094,Take-Two Interactive Softw.,208.975,EUR,2026-06-24T20:59:59.000Z,CONSOLIDATED,2026-09-22T12:30:10.968Z
2026-06-25,US8740541094,Take-Two Interactive Softw.,210.1,EUR,2026-06-25T20:59:08.000Z,CONSOLIDATED,2026-09-22T12:30:10.968Z
2026-06-26,US8740541094,Take-Two Interactive Softw.,208.9,EUR,2026-06-26T20:59:39.000Z,CONSOLIDATED,2026-09-22T12:30:10.968Z
2026-06-29,US8740541094,Take-Two Interactive Softw.,216.475,EUR,2026-06-29T20:59:57.000Z,CONSOLIDATED,2026-09-22T12:30:10.968Z
2026-06-30,US8740541094,Take-Two Interactive Softw.,217.275,EUR,2026-06-30T20:59:58.000Z,CONSOLIDATED,2026-09-22T12:30:10.968Z
2026-07-01,US8740541094,Take-Two Interactive Softw.,220.025,EUR,2026-07-01T20:59:25.000Z,CONSOLIDATED,2026-09-22T12:30:10.968Z
2026-07-02,US8740541094,Take-Two Interactive Softw.,222.975,EUR,2026-07-02T20:59:41.000Z,CONSOLIDATED,2026-09-22T12:30:10.968Z
2026-07-03,US8740541094,Take-Two Interactive Softw.,223.025,EUR,2026-07-03T20:23:21.000Z,CONSOLIDATED,2026-09-22T12:30:10.968Z
2026-07-06,US8740541094,Take-Two Interactive Softw.,225.4,EUR,2026-07-06T20:47:09.000Z,CONSOLIDATED,2026-09-22T12:30:10.968Z
2026-07-07,US8740541094,Take-Two Interactive Softw.,226.15,EUR,2026-07-07T20:59:05.000Z,CONSOLIDATED,2026-09-22T12:30:10.968Z
2026-07-08,US8740541094,Take-Two Interactive Softw.,220.1,EUR,2026-07-08T20:55:34.000Z,CONSOLIDATED,2026-09-22T12:30:10.968Z
2026-07-09,US8740541094,Take-Two Interactive Softw.,216.75,EUR,2026-07-09T20:59:58.000Z,CONSOLIDATED,2026-09-22T12:30:10.968Z
2026-07-10,US8740541094,Take-Two Interactive Softw.,213.2,EUR,2026-07-10T20:59:36.000Z,CONSOLIDATED,2026-09-22T12:30:10.968Z
2026-07-13,US8740541094,Take-Two Interactive Softw.,214.2,EUR,2026-07-13T20:44:02.000Z,CONSOLIDATED,2026-09-22T12:30:10.968Z
2026-07-14,US8740541094,Take-Two Interactive Softw.,207.9,EUR,2026-07-14T20:53:51.000Z,CONSOLIDATED,2026-09-22T12:30:10.968Z
2026-07-15,US8740541094,Take-Two Interactive Softw.,212.775,EUR,2026-07-15T20:55:05.000Z,CONSOLIDATED,2026-09-22T12:30:10.968Z
2026-07-16,US8740541094,Take-Two Interactive Softw.,209.6,EUR,2026-07-16T20:49:44.000Z,CONSOLIDATED,2026-09-22T12:30:10.968Z
2026-07-17,US8740541094,Take-Two Interactive Softw.,206.75,EUR,2026-07-17T20:50:35.000Z,CONSOLIDATED,2026-09-22T12:30:10.968Z
2026-07-20,US8740541094,Take-Two Interactive Softw.,209.4,EUR,2026-07-20T20:55:33.000Z,CONSOLIDATED,2026-09-22T12:30:10.968Z
2026-07-21,US8740541094,Take-Two Interactive Softw.,207.5,EUR,2026-07-21T20:57:28.000Z,CONSOLIDATED,2026-09-22T12:30:10.968Z
2026-07-22,US8740541094,Take-Two Interactive Softw.,205.05,EUR,2026-07-22T20:58:59.000Z,CONSOLIDATED,2026-09-22T12:30:10.968Z
2026-07-23,US8740541094,Take-Two Interactive Softw.,202.4,EUR,2026-07-23T20:46:59.000Z,CONSOLIDATED,2026-09-22T12:30:10.968Z
2026-07-24,US8740541094,Take-Two Interactive Softw.,204.35,EUR,2026-07-24T20:59:45.000Z,CONSOLIDATED,2026-09-22T12:30:10.968Z
2026-07-27,US8740541094,Take-Two Interactive Softw.,214.6,EUR,2026-07-27T20:59:57.000Z,CONSOLIDATED,2026-09-22T12:30:10.968Z
2026-07-28,US8740541094,Take-Two Interactive Softw.,217.65,EUR,2026-07-28T20:58:03.000Z,CONSOLIDATED,2026-09-22T12:30:10.968Z
2026-07-29,US8740541094,Take-Two Interactive Softw.,214.875,EUR,2026-07-29T20:59:42.000Z,CONSOLIDATED,2026-09-22T12:30:10.968Z
2026-07-30,US8740541094,Take-Two Interactive Softw.,213.85,EUR,2026-07-30T20:59:54.000Z,CONSOLIDATED,2026-09-22T12:30:10.968Z
2026-07-31,US8740541094,Take-Two Interactive Softw.,209.65,EUR,2026-07-31T20:59:52.000Z,CONSOLIDATED,2026-09-22T12:30:10.968Z
2026-08-03,US8740541094,Take-Two Interactive Softw.,212.775,EUR,2026-08-03T20:59:47.000Z,CONSOLIDATED,2026-09-22T12:30:10.968Z
2026-08-04,US8740541094,Take-Two Interactive Softw.,208.825,EUR,2026-08-04T20:58:26.000Z,CONSOLIDATED,2026-09-22T12:30:10.968Z
2026-08-05,US8740541094,Take-Two Interactive Softw.,203.8,EUR,2026-08-05T20:59:45.000Z,CONSOLIDATED,2026-09-22T12:30:10.968Z
2026-08-06,US8740541094,Take-Two Interactive Softw.,202.2,EUR,2026-08-06T20:51:59.000Z,CONSOLIDATED,2026-09-22T12:30:10.968Z
2026-08-07,US8740541094,Take-Two Interactive Softw.,213.075,EUR,2026-08-07T20:59:58.000Z,CONSOLIDATED,2026-09-22T12:30:10.968Z
2026-08-10,US8740541094,Take-Two Interactive Softw.,219.55,EUR,2026-08-10T20:45:45.000Z,CONSOLIDATED,2026-09-22T12:30:10.968Z
2026-08-11,US8740541094,Take-Two Interactive Softw.,217.05,EUR,2026-08-11T20:45:00.000Z,CONSOLIDATED,2026-09-22T12:30:10.968Z
2026-08-12,US8740541094,Take-Two Interactive Softw.,210.925,EUR,2026-08-12T20:51:00.000Z,CONSOLIDATED,2026-09-22T12:30:10.968Z
2026-08-13,US8740541094,Take-Two Interactive Softw.,210.125,EUR,2026-08-13T20:56:56.000Z,CONSOLIDATED,2026-09-22T12:30:10.968Z
2026-08-14,US8740541094,Take-Two Interactive Softw.,213.35,EUR,2026-08-14T20:59:57.000Z,CONSOLIDATED,2026-09-22T12:30:10.968Z
2026-08-17,US8740541094,Take-Two Interactive Softw.,208.65,EUR,2026-08-17T20:58:42.000Z,CONSOLIDATED,2026-09-22T12:30:10.968Z
2026-08-18,US8740541094,Take-Two Interactive Softw.,209.15,EUR,2026-08-18T20:59:21.000Z,CONSOLIDATED,2026-09-22T12:30:10.968Z
2026-08-19,US8740541094,Take-Two Interactive Softw.,203.075,EUR,2026-08-19T20:59:57.000Z,CONSOLIDATED,2026-09-22T12:30:10.968Z
2026-08-20,US8740541094,Take-Two Interactive Softw.,205.975,EUR,2026-08-20T20:59:33.000Z,CONSOLIDATED,2026-09-22T12:30:10.968Z
2026-08-21,US8740541094,Take-Two Interactive Softw.,208.225,EUR,2026-08-21T20:59:52.000Z,CONSOLIDATED,2026-09-22T12:30:10.968Z
2026-08-24,US8740541094,Take-Two Interactive Softw.,200.675,EUR,2026-08-24T20:59:50.000Z,CONSOLIDATED,2026-09-22T12:30:10.968Z
2026-08-25,US8740541094,Take-Two Interactive Softw.,199.72,EUR,2026-08-25T20:58:52.000Z,CONSOLIDATED,2026-09-22T12:30:10.968Z
2026-08-26,US8740541094,Take-Two Interactive Softw.,201.175,EUR,2026-08-26T20:55:32.000Z,CONSOLIDATED,2026-09-22T12:30:10.968Z
2026-08-27,US8740541094,Take-Two Interactive Softw.,200.06,EUR,2026-08-27T20:57:06.000Z,CONSOLIDATED,2026-09-22T12:30:10.968Z
2026-08-28,US8740541094,Take-Two Interactive Softw.,203.4,EUR,2026-08-28T20:59:57.000Z,CONSOLIDATED,2026-09-22T12:30:10.968Z
2026-08-31,US8740541094,Take-Two Interactive Softw.,190.15,EUR,2026-08-31T20:59:56.000Z,CONSOLIDATED,2026-09-22T12:30:10.968Z
2026-09-01,US8740541094,Take-Two Interactive Softw.,187.05,EUR,2026-09-01T20:59:21.000Z,CONSOLIDATED,2026-09-22T12:30:10.968Z
2026-09-02,US8740541094,Take-Two Interactive Softw.,186.55,EUR,2026-09-02T20:57:32.000Z,CONSOLIDATED,2026-09-22T12:30:10.968Z
2026-09-03,US8740541094,Take-Two Interactive Softw.,184.18,EUR,2026-09-03T20:58:59.000Z,CONSOLIDATED,2026-09-22T12:30:10.968Z
2026-09-04,US8740541094,Take-Two Interactive Softw.,185.01,EUR,2026-09-04T20:54:32.000Z,CONSOLIDATED,2026-09-22T12:30:10.968Z
2026-09-07,US8740541094,Take-Two Interactive Softw.,186.33,EUR,2026-09-07T20:51:55.000Z,CONSOLIDATED,2026-09-22T12:30:10.968Z
2026-09-08,US8740541094,Take-Two Interactive Softw.,183.5,EUR,2026-09-08T20:56:06.000Z,CONSOLIDATED,2026-09-22T12:30:10.968Z
2026-09-09,US8740541094,Take-Two Interactive Softw.,181.56,EUR,2026-09-09T20:36:18.000Z,CONSOLIDATED,2026-09-22T12:30:10.968Z
2026-09-10,US8740541094,Take-Two Interactive Softw.,186.88,EUR,2026-09-10T20:57:10.000Z,CONSOLIDATED,2026-09-22T12:30:10.968Z
2026-09-11,US8740541094,Take-Two Interactive Softw.,185.75,EUR,2026-09-11T20:55:01.000Z,CONSOLIDATED,2026-09-22T12:30:10.968Z
2026-09-14,US8740541094,Take-Two Interactive Softw.,193.01,EUR,2026-09-14T20:55:11.000Z,CONSOLIDATED,2026-09-22T12:30:10.968Z
2026-09-15,US8740541094,Take-Two Interactive Softw.,183.93,EUR,2026-09-15T20:59:56.000Z,CONSOLIDATED,2026-09-22T12:30:10.968Z
2026-09-16,US8740541094,Take-Two Interactive Softw.,184.86,EUR,2026-09-16T20:59:58.000Z,CONSOLIDATED,2026-09-22T12:30:10.968Z
2026-09-17,US8740541094,Take-Two Interactive Softw.,183.8,EUR,2026-09-17T20:59:55.000Z,CONSOLIDATED,2026-09-22T12:30:10.968Z
2026-09-18,US8740541094,Take-Two Interactive Softw.,179.29,EUR,2026-09-18T20:59:58.000Z,CONSOLIDATED,2026-09-22T12:30:10.968Z
2026-09-21,US8740541094,Take-Two Interactive Softw.,183.1,EUR,2026-09-21T20:59:38.000Z,CONSOLIDATED,2026-09-22T12:30:10.968Z
2026-01-02,LU2333563281,Tonies,10.33,EUR,2026-01-02T20:58:01.000Z,CONSOLIDATED,2026-09-22T12:30:11.104Z
2026-01-05,LU2333563281,Tonies,10.37,EUR,2026-01-05T21:00:01.000Z,CONSOLIDATED,2026-09-22T12:30:11.104Z
2026-01-06,LU2333563281,Tonies,10.59,EUR,2026-01-06T19:55:19.000Z,CONSOLIDATED,2026-09-22T12:30:11.104Z
2026-01-07,LU2333563281,Tonies,10.87,EUR,2026-01-07T21:57:37.000Z,CONSOLIDATED,2026-09-22T12:30:11.104Z
2026-01-08,LU2333563281,Tonies,10.75,EUR,2026-01-08T21:00:00.000Z,CONSOLIDATED,2026-09-22T12:30:11.104Z
2026-01-09,LU2333563281,Tonies,10.87,EUR,2026-01-09T21:00:02.000Z,CONSOLIDATED,2026-09-22T12:30:11.104Z
2026-01-12,LU2333563281,Tonies,10.86,EUR,2026-01-12T21:00:00.000Z,CONSOLIDATED,2026-09-22T12:30:11.104Z
2026-01-13,LU2333563281,Tonies,10.77,EUR,2026-01-13T21:00:00.000Z,CONSOLIDATED,2026-09-22T12:30:11.104Z
2026-01-14,LU2333563281,Tonies,10.65,EUR,2026-01-14T21:59:16.000Z,CONSOLIDATED,2026-09-22T12:30:11.104Z
2026-01-15,LU2333563281,Tonies,10.73,EUR,2026-01-15T21:38:11.000Z,CONSOLIDATED,2026-09-22T12:30:11.104Z
2026-01-16,LU2333563281,Tonies,10.89,EUR,2026-01-16T21:00:01.000Z,CONSOLIDATED,2026-09-22T12:30:11.104Z
2026-01-19,LU2333563281,Tonies,10.43,EUR,2026-01-19T21:00:02.000Z,CONSOLIDATED,2026-09-22T12:30:11.104Z
2026-01-20,LU2333563281,Tonies,10.62,EUR,2026-01-20T21:00:01.000Z,CONSOLIDATED,2026-09-22T12:30:11.104Z
2026-01-21,LU2333563281,Tonies,10.72,EUR,2026-01-21T21:00:03.000Z,CONSOLIDATED,2026-09-22T12:30:11.104Z
2026-01-22,LU2333563281,Tonies,11.12,EUR,2026-01-22T21:00:01.000Z,CONSOLIDATED,2026-09-22T12:30:11.104Z
2026-01-23,LU2333563281,Tonies,11.19,EUR,2026-01-23T21:27:07.000Z,CONSOLIDATED,2026-09-22T12:30:11.104Z
2026-01-26,LU2333563281,Tonies,11.04,EUR,2026-01-26T21:00:03.000Z,CONSOLIDATED,2026-09-22T12:30:11.104Z
2026-01-27,LU2333563281,Tonies,10.83,EUR,2026-01-27T21:00:02.000Z,CONSOLIDATED,2026-09-22T12:30:11.104Z
2026-01-28,LU2333563281,Tonies,10.32,EUR,2026-01-28T21:57:50.000Z,CONSOLIDATED,2026-09-22T12:30:11.104Z
2026-01-29,LU2333563281,Tonies,10.09,EUR,2026-01-29T21:58:24.000Z,CONSOLIDATED,2026-09-22T12:30:11.104Z
2026-01-30,LU2333563281,Tonies,10.29,EUR,2026-01-30T21:00:01.000Z,CONSOLIDATED,2026-09-22T12:30:11.104Z
2026-02-02,LU2333563281,Tonies,10.37,EUR,2026-02-02T21:59:00.000Z,CONSOLIDATED,2026-09-22T12:30:11.104Z
2026-02-03,LU2333563281,Tonies,10.22,EUR,2026-02-03T21:33:47.000Z,CONSOLIDATED,2026-09-22T12:30:11.104Z
2026-02-04,LU2333563281,Tonies,10.51,EUR,2026-02-04T21:00:02.000Z,CONSOLIDATED,2026-09-22T12:30:11.104Z
2026-02-05,LU2333563281,Tonies,10.81,EUR,2026-02-05T21:09:13.000Z,CONSOLIDATED,2026-09-22T12:30:11.104Z
2026-02-06,LU2333563281,Tonies,11,EUR,2026-02-06T21:58:03.000Z,CONSOLIDATED,2026-09-22T12:30:11.104Z
2026-02-09,LU2333563281,Tonies,11.78,EUR,2026-02-09T21:58:10.000Z,CONSOLIDATED,2026-09-22T12:30:11.104Z
2026-02-10,LU2333563281,Tonies,11.56,EUR,2026-02-10T20:58:01.000Z,CONSOLIDATED,2026-09-22T12:30:11.104Z
2026-02-11,LU2333563281,Tonies,11.55,EUR,2026-02-11T21:00:02.000Z,CONSOLIDATED,2026-09-22T12:30:11.104Z
2026-02-12,LU2333563281,Tonies,11.11,EUR,2026-02-12T21:00:03.000Z,CONSOLIDATED,2026-09-22T12:30:11.104Z
2026-02-13,LU2333563281,Tonies,11.01,EUR,2026-02-13T21:19:46.000Z,CONSOLIDATED,2026-09-22T12:30:11.104Z
2026-02-16,LU2333563281,Tonies,11.07,EUR,2026-02-16T21:38:47.000Z,CONSOLIDATED,2026-09-22T12:30:11.104Z
2026-02-17,LU2333563281,Tonies,11.05,EUR,2026-02-17T21:51:36.000Z,CONSOLIDATED,2026-09-22T12:30:11.104Z
2026-02-18,LU2333563281,Tonies,11.21,EUR,2026-02-18T21:27:17.000Z,CONSOLIDATED,2026-09-22T12:30:11.104Z
2026-02-19,LU2333563281,Tonies,11.41,EUR,2026-02-19T21:00:01.000Z,CONSOLIDATED,2026-09-22T12:30:11.104Z
2026-02-20,LU2333563281,Tonies,11.66,EUR,2026-02-20T21:00:00.000Z,CONSOLIDATED,2026-09-22T12:30:11.104Z
2026-02-23,LU2333563281,Tonies,11.61,EUR,2026-02-23T21:59:22.000Z,CONSOLIDATED,2026-09-22T12:30:11.104Z
2026-02-24,LU2333563281,Tonies,11.48,EUR,2026-02-24T21:00:04.000Z,CONSOLIDATED,2026-09-22T12:30:11.104Z
2026-02-25,LU2333563281,Tonies,11.38,EUR,2026-02-25T21:23:46.000Z,CONSOLIDATED,2026-09-22T12:30:11.104Z
2026-02-26,LU2333563281,Tonies,11.63,EUR,2026-02-26T21:43:00.000Z,CONSOLIDATED,2026-09-22T12:30:11.104Z
2026-02-27,LU2333563281,Tonies,11.57,EUR,2026-02-27T21:55:36.000Z,CONSOLIDATED,2026-09-22T12:30:11.104Z
2026-03-02,LU2333563281,Tonies,11.36,EUR,2026-03-02T21:00:03.000Z,CONSOLIDATED,2026-09-22T12:30:11.104Z
2026-03-03,LU2333563281,Tonies,10.99,EUR,2026-03-03T21:17:52.000Z,CONSOLIDATED,2026-09-22T12:30:11.104Z
2026-03-04,LU2333563281,Tonies,11.11,EUR,2026-03-04T21:00:00.000Z,CONSOLIDATED,2026-09-22T12:30:11.104Z
2026-03-05,LU2333563281,Tonies,10.71,EUR,2026-03-05T21:00:03.000Z,CONSOLIDATED,2026-09-22T12:30:11.104Z
2026-03-06,LU2333563281,Tonies,10.73,EUR,2026-03-06T21:00:01.000Z,CONSOLIDATED,2026-09-22T12:30:11.104Z
2026-03-09,LU2333563281,Tonies,10.39,EUR,2026-03-09T21:06:31.000Z,CONSOLIDATED,2026-09-22T12:30:11.104Z
2026-03-10,LU2333563281,Tonies,10.7,EUR,2026-03-10T21:28:13.000Z,CONSOLIDATED,2026-09-22T12:30:11.104Z
2026-03-11,LU2333563281,Tonies,10.77,EUR,2026-03-11T21:46:57.000Z,CONSOLIDATED,2026-09-22T12:30:11.104Z
2026-03-12,LU2333563281,Tonies,10.71,EUR,2026-03-12T21:00:00.000Z,CONSOLIDATED,2026-09-22T12:30:11.104Z
2026-03-13,LU2333563281,Tonies,10.65,EUR,2026-03-13T21:58:16.000Z,CONSOLIDATED,2026-09-22T12:30:11.104Z
2026-03-16,LU2333563281,Tonies,10.71,EUR,2026-03-16T21:56:40.000Z,CONSOLIDATED,2026-09-22T12:30:11.104Z
2026-03-17,LU2333563281,Tonies,10.87,EUR,2026-03-17T20:59:04.000Z,CONSOLIDATED,2026-09-22T12:30:11.104Z
2026-03-18,LU2333563281,Tonies,10.4,EUR,2026-03-18T21:01:21.000Z,CONSOLIDATED,2026-09-22T12:30:11.104Z
2026-03-19,LU2333563281,Tonies,10.33,EUR,2026-03-19T21:47:44.000Z,CONSOLIDATED,2026-09-22T12:30:11.104Z
2026-03-20,LU2333563281,Tonies,9.68,EUR,2026-03-20T21:28:07.000Z,CONSOLIDATED,2026-09-22T12:30:11.104Z
2026-03-23,LU2333563281,Tonies,10.42,EUR,2026-03-23T21:44:05.000Z,CONSOLIDATED,2026-09-22T12:30:11.104Z
2026-03-24,LU2333563281,Tonies,10.13,EUR,2026-03-24T21:00:01.000Z,CONSOLIDATED,2026-09-22T12:30:11.104Z
2026-03-25,LU2333563281,Tonies,10.44,EUR,2026-03-25T20:59:03.000Z,CONSOLIDATED,2026-09-22T12:30:11.104Z
2026-03-26,LU2333563281,Tonies,10.33,EUR,2026-03-26T21:33:32.000Z,CONSOLIDATED,2026-09-22T12:30:11.104Z
2026-03-27,LU2333563281,Tonies,10.065,EUR,2026-03-27T21:07:41.000Z,CONSOLIDATED,2026-09-22T12:30:11.104Z
2026-03-30,LU2333563281,Tonies,10.09,EUR,2026-03-30T20:39:57.000Z,CONSOLIDATED,2026-09-22T12:30:11.104Z
2026-03-31,LU2333563281,Tonies,10.17,EUR,2026-03-31T20:43:56.000Z,CONSOLIDATED,2026-09-22T12:30:11.104Z
2026-04-01,LU2333563281,Tonies,10.15,EUR,2026-04-01T20:00:04.000Z,CONSOLIDATED,2026-09-22T12:30:11.104Z
2026-04-02,LU2333563281,Tonies,10.085,EUR,2026-04-02T20:00:02.000Z,CONSOLIDATED,2026-09-22T12:30:11.104Z
2026-04-07,LU2333563281,Tonies,10.005,EUR,2026-04-07T19:59:02.000Z,CONSOLIDATED,2026-09-22T12:30:11.104Z
2026-04-08,LU2333563281,Tonies,10.33,EUR,2026-04-08T20:02:22.000Z,CONSOLIDATED,2026-09-22T12:30:11.104Z
2026-04-09,LU2333563281,Tonies,10.21,EUR,2026-04-09T20:53:36.000Z,CONSOLIDATED,2026-09-22T12:30:11.104Z
2026-04-10,LU2333563281,Tonies,10.3,EUR,2026-04-10T20:59:41.000Z,CONSOLIDATED,2026-09-22T12:30:11.104Z
2026-04-13,LU2333563281,Tonies,10.2,EUR,2026-04-13T20:59:32.000Z,CONSOLIDATED,2026-09-22T12:30:11.104Z
2026-04-14,LU2333563281,Tonies,10.78,EUR,2026-04-14T20:18:40.000Z,CONSOLIDATED,2026-09-22T12:30:11.104Z
2026-04-15,LU2333563281,Tonies,10.035,EUR,2026-04-15T20:54:27.000Z,CONSOLIDATED,2026-09-22T12:30:11.104Z
2026-04-16,LU2333563281,Tonies,9.795,EUR,2026-04-16T20:18:37.000Z,CONSOLIDATED,2026-09-22T12:30:11.104Z
2026-04-17,LU2333563281,Tonies,9.77,EUR,2026-04-17T20:52:24.000Z,CONSOLIDATED,2026-09-22T12:30:11.104Z
2026-04-20,LU2333563281,Tonies,9.98,EUR,2026-04-20T20:30:53.000Z,CONSOLIDATED,2026-09-22T12:30:11.104Z
2026-04-21,LU2333563281,Tonies,9.905,EUR,2026-04-21T20:47:16.000Z,CONSOLIDATED,2026-09-22T12:30:11.104Z
2026-04-22,LU2333563281,Tonies,9.63,EUR,2026-04-22T20:12:40.000Z,CONSOLIDATED,2026-09-22T12:30:11.104Z
2026-04-23,LU2333563281,Tonies,10.005,EUR,2026-04-23T20:28:29.000Z,CONSOLIDATED,2026-09-22T12:30:11.104Z
2026-04-24,LU2333563281,Tonies,10.095,EUR,2026-04-24T20:00:02.000Z,CONSOLIDATED,2026-09-22T12:30:11.104Z
2026-04-27,LU2333563281,Tonies,10.055,EUR,2026-04-27T20:00:01.000Z,CONSOLIDATED,2026-09-22T12:30:11.104Z
2026-04-28,LU2333563281,Tonies,10.37,EUR,2026-04-28T20:00:01.000Z,CONSOLIDATED,2026-09-22T12:30:11.104Z
2026-04-29,LU2333563281,Tonies,10.12,EUR,2026-04-29T20:27:02.000Z,CONSOLIDATED,2026-09-22T12:30:11.104Z
2026-04-30,LU2333563281,Tonies,10.35,EUR,2026-04-30T20:00:01.000Z,CONSOLIDATED,2026-09-22T12:30:11.104Z
2026-05-04,LU2333563281,Tonies,10.19,EUR,2026-05-04T19:59:03.000Z,CONSOLIDATED,2026-09-22T12:30:11.104Z
2026-05-05,LU2333563281,Tonies,10.045,EUR,2026-05-05T20:40:33.000Z,CONSOLIDATED,2026-09-22T12:30:11.104Z
2026-05-06,LU2333563281,Tonies,10.19,EUR,2026-05-06T20:00:02.000Z,CONSOLIDATED,2026-09-22T12:30:11.104Z
2026-05-07,LU2333563281,Tonies,10.04,EUR,2026-05-07T20:47:11.000Z,CONSOLIDATED,2026-09-22T12:30:11.104Z
2026-05-08,LU2333563281,Tonies,10.06,EUR,2026-05-08T20:08:19.000Z,CONSOLIDATED,2026-09-22T12:30:11.104Z
2026-05-11,LU2333563281,Tonies,10.18,EUR,2026-05-11T20:52:18.000Z,CONSOLIDATED,2026-09-22T12:30:11.104Z
2026-05-12,LU2333563281,Tonies,9.92,EUR,2026-05-12T20:00:00.000Z,CONSOLIDATED,2026-09-22T12:30:11.104Z
2026-05-13,LU2333563281,Tonies,10.17,EUR,2026-05-13T20:00:02.000Z,CONSOLIDATED,2026-09-22T12:30:11.104Z
2026-05-14,LU2333563281,Tonies,10.33,EUR,2026-05-14T20:25:52.000Z,CONSOLIDATED,2026-09-22T12:30:11.104Z
2026-05-15,LU2333563281,Tonies,10.5,EUR,2026-05-15T20:08:40.000Z,CONSOLIDATED,2026-09-22T12:30:11.104Z
2026-05-18,LU2333563281,Tonies,10.5,EUR,2026-05-18T20:00:03.000Z,CONSOLIDATED,2026-09-22T12:30:11.104Z
2026-05-19,LU2333563281,Tonies,10.49,EUR,2026-05-19T20:34:32.000Z,CONSOLIDATED,2026-09-22T12:30:11.104Z
2026-05-20,LU2333563281,Tonies,10.54,EUR,2026-05-20T19:58:01.000Z,CONSOLIDATED,2026-09-22T12:30:11.104Z
2026-05-21,LU2333563281,Tonies,10.32,EUR,2026-05-21T20:00:01.000Z,CONSOLIDATED,2026-09-22T12:30:11.104Z
2026-05-22,LU2333563281,Tonies,10.55,EUR,2026-05-22T20:00:03.000Z,CONSOLIDATED,2026-09-22T12:30:11.104Z
2026-05-25,LU2333563281,Tonies,10.59,EUR,2026-05-25T20:57:40.000Z,CONSOLIDATED,2026-09-22T12:30:11.104Z
2026-05-26,LU2333563281,Tonies,10.61,EUR,2026-05-26T20:00:32.000Z,CONSOLIDATED,2026-09-22T12:30:11.104Z
2026-05-27,LU2333563281,Tonies,10.93,EUR,2026-05-27T20:59:58.000Z,CONSOLIDATED,2026-09-22T12:30:11.104Z
2026-05-28,LU2333563281,Tonies,10.98,EUR,2026-05-28T20:00:01.000Z,CONSOLIDATED,2026-09-22T12:30:11.104Z
2026-05-29,LU2333563281,Tonies,10.71,EUR,2026-05-29T20:00:05.000Z,CONSOLIDATED,2026-09-22T12:30:11.104Z
2026-06-01,LU2333563281,Tonies,10.71,EUR,2026-06-01T20:34:49.000Z,CONSOLIDATED,2026-09-22T12:30:11.104Z
2026-06-02,LU2333563281,Tonies,10.55,EUR,2026-06-02T20:21:18.000Z,CONSOLIDATED,2026-09-22T12:30:11.104Z
2026-06-03,LU2333563281,Tonies,10.46,EUR,2026-06-03T20:09:26.000Z,CONSOLIDATED,2026-09-22T12:30:11.104Z
2026-06-04,LU2333563281,Tonies,10.86,EUR,2026-06-04T20:59:58.000Z,CONSOLIDATED,2026-09-22T12:30:11.104Z
2026-06-05,LU2333563281,Tonies,10.78,EUR,2026-06-05T20:00:02.000Z,CONSOLIDATED,2026-09-22T12:30:11.104Z
2026-06-08,LU2333563281,Tonies,10.77,EUR,2026-06-08T20:27:27.000Z,CONSOLIDATED,2026-09-22T12:30:11.104Z
2026-06-09,LU2333563281,Tonies,10.75,EUR,2026-06-09T20:00:01.000Z,CONSOLIDATED,2026-09-22T12:30:11.104Z
2026-06-10,LU2333563281,Tonies,10.71,EUR,2026-06-10T20:00:03.000Z,CONSOLIDATED,2026-09-22T12:30:11.104Z
2026-06-11,LU2333563281,Tonies,10.97,EUR,2026-06-11T20:49:17.000Z,CONSOLIDATED,2026-09-22T12:30:11.104Z
2026-06-12,LU2333563281,Tonies,11.46,EUR,2026-06-12T20:00:01.000Z,CONSOLIDATED,2026-09-22T12:30:11.104Z
2026-06-15,LU2333563281,Tonies,12.03,EUR,2026-06-15T20:59:58.000Z,CONSOLIDATED,2026-09-22T12:30:11.104Z
2026-06-16,LU2333563281,Tonies,12.12,EUR,2026-06-16T20:34:47.000Z,CONSOLIDATED,2026-09-22T12:30:11.104Z
2026-06-17,LU2333563281,Tonies,12.43,EUR,2026-06-17T20:59:58.000Z,CONSOLIDATED,2026-09-22T12:30:11.104Z
2026-06-18,LU2333563281,Tonies,12.63,EUR,2026-06-18T20:54:05.000Z,CONSOLIDATED,2026-09-22T12:30:11.104Z
2026-06-19,LU2333563281,Tonies,12.98,EUR,2026-06-19T20:32:03.000Z,CONSOLIDATED,2026-09-22T12:30:11.104Z
2026-06-22,LU2333563281,Tonies,12.29,EUR,2026-06-22T20:00:04.000Z,CONSOLIDATED,2026-09-22T12:30:11.104Z
2026-06-23,LU2333563281,Tonies,12.66,EUR,2026-06-23T20:34:53.000Z,CONSOLIDATED,2026-09-22T12:30:11.104Z
2026-06-24,LU2333563281,Tonies,12.25,EUR,2026-06-24T20:59:57.000Z,CONSOLIDATED,2026-09-22T12:30:11.104Z
2026-06-25,LU2333563281,Tonies,11.88,EUR,2026-06-25T20:59:58.000Z,CONSOLIDATED,2026-09-22T12:30:11.104Z
2026-06-26,LU2333563281,Tonies,12.42,EUR,2026-06-26T20:59:57.000Z,CONSOLIDATED,2026-09-22T12:30:11.104Z
2026-06-29,LU2333563281,Tonies,12.85,EUR,2026-06-29T20:59:56.000Z,CONSOLIDATED,2026-09-22T12:30:11.104Z
2026-06-30,LU2333563281,Tonies,12.65,EUR,2026-06-30T20:59:58.000Z,CONSOLIDATED,2026-09-22T12:30:11.104Z
2026-07-01,LU2333563281,Tonies,12.8,EUR,2026-07-01T20:59:58.000Z,CONSOLIDATED,2026-09-22T12:30:11.104Z
2026-07-02,LU2333563281,Tonies,12.49,EUR,2026-07-02T20:59:57.000Z,CONSOLIDATED,2026-09-22T12:30:11.104Z
2026-07-03,LU2333563281,Tonies,12.75,EUR,2026-07-03T19:59:15.000Z,CONSOLIDATED,2026-09-22T12:30:11.104Z
2026-07-06,LU2333563281,Tonies,13.15,EUR,2026-07-06T20:59:58.000Z,CONSOLIDATED,2026-09-22T12:30:11.104Z
2026-07-07,LU2333563281,Tonies,12.88,EUR,2026-07-07T20:59:57.000Z,CONSOLIDATED,2026-09-22T12:30:11.104Z
2026-07-08,LU2333563281,Tonies,12.78,EUR,2026-07-08T20:47:44.000Z,CONSOLIDATED,2026-09-22T12:30:11.104Z
2026-07-09,LU2333563281,Tonies,12.82,EUR,2026-07-09T20:00:04.000Z,CONSOLIDATED,2026-09-22T12:30:11.104Z
2026-07-10,LU2333563281,Tonies,12.58,EUR,2026-07-10T20:00:06.000Z,CONSOLIDATED,2026-09-22T12:30:11.104Z
2026-07-13,LU2333563281,Tonies,12.1,EUR,2026-07-13T20:00:03.000Z,CONSOLIDATED,2026-09-22T12:30:11.104Z
2026-07-14,LU2333563281,Tonies,12.18,EUR,2026-07-14T20:04:28.000Z,CONSOLIDATED,2026-09-22T12:30:11.104Z
2026-07-15,LU2333563281,Tonies,12.14,EUR,2026-07-15T20:51:05.000Z,CONSOLIDATED,2026-09-22T12:30:11.104Z
2026-07-16,LU2333563281,Tonies,12.1,EUR,2026-07-16T20:07:36.000Z,CONSOLIDATED,2026-09-22T12:30:11.104Z
2026-07-17,LU2333563281,Tonies,11.99,EUR,2026-07-17T20:00:01.000Z,CONSOLIDATED,2026-09-22T12:30:11.104Z
2026-07-20,LU2333563281,Tonies,11.94,EUR,2026-07-20T20:59:41.000Z,CONSOLIDATED,2026-09-22T12:30:11.104Z
2026-07-21,LU2333563281,Tonies,11.95,EUR,2026-07-21T20:59:56.000Z,CONSOLIDATED,2026-09-22T12:30:11.104Z
2026-07-22,LU2333563281,Tonies,12.25,EUR,2026-07-22T20:59:12.000Z,CONSOLIDATED,2026-09-22T12:30:11.104Z
2026-07-23,LU2333563281,Tonies,12.74,EUR,2026-07-23T20:42:58.000Z,CONSOLIDATED,2026-09-22T12:30:11.104Z
2026-07-24,LU2333563281,Tonies,13.05,EUR,2026-07-24T20:59:57.000Z,CONSOLIDATED,2026-09-22T12:30:11.104Z
2026-07-27,LU2333563281,Tonies,12.72,EUR,2026-07-27T20:00:02.000Z,CONSOLIDATED,2026-09-22T12:30:11.104Z
2026-07-28,LU2333563281,Tonies,12.58,EUR,2026-07-28T20:31:14.000Z,CONSOLIDATED,2026-09-22T12:30:11.104Z
2026-07-29,LU2333563281,Tonies,12.67,EUR,2026-07-29T20:00:03.000Z,CONSOLIDATED,2026-09-22T12:30:11.104Z
2026-07-30,LU2333563281,Tonies,12.52,EUR,2026-07-30T20:00:03.000Z,CONSOLIDATED,2026-09-22T12:30:11.104Z
2026-07-31,LU2333563281,Tonies,12.16,EUR,2026-07-31T19:59:16.000Z,CONSOLIDATED,2026-09-22T12:30:11.104Z
2026-08-03,LU2333563281,Tonies,12.35,EUR,2026-08-03T20:00:02.000Z,CONSOLIDATED,2026-09-22T12:30:11.104Z
2026-08-04,LU2333563281,Tonies,12.46,EUR,2026-08-04T20:39:03.000Z,CONSOLIDATED,2026-09-22T12:30:11.104Z
2026-08-05,LU2333563281,Tonies,12.55,EUR,2026-08-05T20:00:04.000Z,CONSOLIDATED,2026-09-22T12:30:11.104Z
2026-08-06,LU2333563281,Tonies,12.2,EUR,2026-08-06T20:00:10.000Z,CONSOLIDATED,2026-09-22T12:30:11.104Z
2026-08-07,LU2333563281,Tonies,12.13,EUR,2026-08-07T20:30:43.000Z,CONSOLIDATED,2026-09-22T12:30:11.104Z
2026-08-10,LU2333563281,Tonies,12.13,EUR,2026-08-10T20:00:02.000Z,CONSOLIDATED,2026-09-22T12:30:11.104Z
2026-08-11,LU2333563281,Tonies,12.44,EUR,2026-08-11T20:46:00.000Z,CONSOLIDATED,2026-09-22T12:30:11.104Z
2026-08-12,LU2333563281,Tonies,12.44,EUR,2026-08-12T20:00:12.000Z,CONSOLIDATED,2026-09-22T12:30:11.104Z
2026-08-13,LU2333563281,Tonies,12.53,EUR,2026-08-13T20:01:09.000Z,CONSOLIDATED,2026-09-22T12:30:11.104Z
2026-08-14,LU2333563281,Tonies,12.26,EUR,2026-08-14T20:00:04.000Z,CONSOLIDATED,2026-09-22T12:30:11.104Z
2026-08-17,LU2333563281,Tonies,12.17,EUR,2026-08-17T20:00:00.000Z,CONSOLIDATED,2026-09-22T12:30:11.104Z
2026-08-18,LU2333563281,Tonies,12.41,EUR,2026-08-18T20:59:57.000Z,CONSOLIDATED,2026-09-22T12:30:11.104Z
2026-08-19,LU2333563281,Tonies,12.41,EUR,2026-08-19T20:40:39.000Z,CONSOLIDATED,2026-09-22T12:30:11.104Z
2026-08-20,LU2333563281,Tonies,11.77,EUR,2026-08-20T20:50:46.000Z,CONSOLIDATED,2026-09-22T12:30:11.104Z
2026-08-21,LU2333563281,Tonies,11.78,EUR,2026-08-21T20:00:15.000Z,CONSOLIDATED,2026-09-22T12:30:11.104Z
2026-08-24,LU2333563281,Tonies,11.46,EUR,2026-08-24T20:36:17.000Z,CONSOLIDATED,2026-09-22T12:30:11.104Z
2026-08-25,LU2333563281,Tonies,11.97,EUR,2026-08-25T20:00:01.000Z,CONSOLIDATED,2026-09-22T12:30:11.104Z
2026-08-26,LU2333563281,Tonies,11.42,EUR,2026-08-26T20:06:35.000Z,CONSOLIDATED,2026-09-22T12:30:11.104Z
2026-08-27,LU2333563281,Tonies,11.73,EUR,2026-08-27T20:00:01.000Z,CONSOLIDATED,2026-09-22T12:30:11.104Z
2026-08-28,LU2333563281,Tonies,11.79,EUR,2026-08-28T20:35:02.000Z,CONSOLIDATED,2026-09-22T12:30:11.104Z
2026-08-31,LU2333563281,Tonies,11.93,EUR,2026-08-31T20:00:02.000Z,CONSOLIDATED,2026-09-22T12:30:11.104Z
2026-09-01,LU2333563281,Tonies,11.75,EUR,2026-09-01T20:00:03.000Z,CONSOLIDATED,2026-09-22T12:30:11.104Z
2026-09-02,LU2333563281,Tonies,11.67,EUR,2026-09-02T20:00:01.000Z,CONSOLIDATED,2026-09-22T12:30:11.104Z
2026-09-03,LU2333563281,Tonies,11.49,EUR,2026-09-03T20:00:02.000Z,CONSOLIDATED,2026-09-22T12:30:11.104Z
2026-09-04,LU2333563281,Tonies,11.83,EUR,2026-09-04T20:00:02.000Z,CONSOLIDATED,2026-09-22T12:30:11.104Z
2026-09-07,LU2333563281,Tonies,11.89,EUR,2026-09-07T20:00:01.000Z,CONSOLIDATED,2026-09-22T12:30:11.104Z
2026-09-08,LU2333563281,Tonies,12.09,EUR,2026-09-08T20:00:00.000Z,CONSOLIDATED,2026-09-22T12:30:11.104Z
2026-09-09,LU2333563281,Tonies,11.97,EUR,2026-09-09T20:00:00.000Z,CONSOLIDATED,2026-09-22T12:30:11.104Z
2026-09-10,LU2333563281,Tonies,11.73,EUR,2026-09-10T19:59:01.000Z,CONSOLIDATED,2026-09-22T12:30:11.104Z
2026-09-11,LU2333563281,Tonies,11.63,EUR,2026-09-11T19:59:02.000Z,CONSOLIDATED,2026-09-22T12:30:11.104Z
2026-09-14,LU2333563281,Tonies,11.78,EUR,2026-09-14T20:06:05.000Z,CONSOLIDATED,2026-09-22T12:30:11.104Z
2026-09-15,LU2333563281,Tonies,11.43,EUR,2026-09-15T20:56:26.000Z,CONSOLIDATED,2026-09-22T12:30:11.104Z
2026-09-16,LU2333563281,Tonies,11.5,EUR,2026-09-16T20:00:01.000Z,CONSOLIDATED,2026-09-22T12:30:11.104Z
2026-09-17,LU2333563281,Tonies,11.57,EUR,2026-09-17T20:00:02.000Z,CONSOLIDATED,2026-09-22T12:30:11.104Z
2026-09-18,LU2333563281,Tonies,11.48,EUR,2026-09-18T20:50:54.000Z,CONSOLIDATED,2026-09-22T12:30:11.104Z
2026-09-21,LU2333563281,Tonies,11.28,EUR,2026-09-21T20:05:22.000Z,CONSOLIDATED,2026-09-22T12:30:11.104Z
2026-01-02,IT0005239360,UniCredit,71.64,EUR,2026-01-02T21:00:01.000Z,CONSOLIDATED,2026-09-22T12:30:11.104Z
2026-01-05,IT0005239360,UniCredit,71.645,EUR,2026-01-05T21:00:04.000Z,CONSOLIDATED,2026-09-22T12:30:11.104Z
2026-01-06,IT0005239360,UniCredit,71.21,EUR,2026-01-06T20:59:59.000Z,CONSOLIDATED,2026-09-22T12:30:11.104Z
2026-01-07,IT0005239360,UniCredit,70.21,EUR,2026-01-07T21:00:02.000Z,CONSOLIDATED,2026-09-22T12:30:11.104Z
2026-01-08,IT0005239360,UniCredit,71.055,EUR,2026-01-08T21:39:55.000Z,CONSOLIDATED,2026-09-22T12:30:11.104Z
2026-01-09,IT0005239360,UniCredit,70.53,EUR,2026-01-09T21:45:13.000Z,CONSOLIDATED,2026-09-22T12:30:11.104Z
2026-01-12,IT0005239360,UniCredit,71.34,EUR,2026-01-12T21:59:57.000Z,CONSOLIDATED,2026-09-22T12:30:11.104Z
2026-01-13,IT0005239360,UniCredit,71.575,EUR,2026-01-13T21:05:46.000Z,CONSOLIDATED,2026-09-22T12:30:11.104Z
2026-01-14,IT0005239360,UniCredit,71.52,EUR,2026-01-14T21:00:05.000Z,CONSOLIDATED,2026-09-22T12:30:11.104Z
2026-01-15,IT0005239360,UniCredit,72.47,EUR,2026-01-15T21:38:07.000Z,CONSOLIDATED,2026-09-22T12:30:11.104Z
2026-01-16,IT0005239360,UniCredit,72.605,EUR,2026-01-16T21:30:00.000Z,CONSOLIDATED,2026-09-22T12:30:11.104Z
2026-01-19,IT0005239360,UniCredit,71.525,EUR,2026-01-19T21:09:56.000Z,CONSOLIDATED,2026-09-22T12:30:11.104Z
2026-01-20,IT0005239360,UniCredit,70.77,EUR,2026-01-20T21:33:15.000Z,CONSOLIDATED,2026-09-22T12:30:11.104Z
2026-01-21,IT0005239360,UniCredit,71.145,EUR,2026-01-21T21:38:36.000Z,CONSOLIDATED,2026-09-22T12:30:11.104Z
2026-01-22,IT0005239360,UniCredit,72.385,EUR,2026-01-22T21:58:36.000Z,CONSOLIDATED,2026-09-22T12:30:11.104Z
2026-01-23,IT0005239360,UniCredit,71.585,EUR,2026-01-23T21:21:53.000Z,CONSOLIDATED,2026-09-22T12:30:11.104Z
2026-01-26,IT0005239360,UniCredit,72.3,EUR,2026-01-26T21:30:01.000Z,CONSOLIDATED,2026-09-22T12:30:11.104Z
2026-01-27,IT0005239360,UniCredit,73.735,EUR,2026-01-27T21:02:51.000Z,CONSOLIDATED,2026-09-22T12:30:11.104Z
2026-01-28,IT0005239360,UniCredit,72.27,EUR,2026-01-28T21:53:38.000Z,CONSOLIDATED,2026-09-22T12:30:11.104Z
2026-01-29,IT0005239360,UniCredit,72.62,EUR,2026-01-29T21:52:59.000Z,CONSOLIDATED,2026-09-22T12:30:11.104Z
2026-01-30,IT0005239360,UniCredit,73.515,EUR,2026-01-30T21:58:21.000Z,CONSOLIDATED,2026-09-22T12:30:11.104Z
2026-02-02,IT0005239360,UniCredit,75.12,EUR,2026-02-02T21:02:57.000Z,CONSOLIDATED,2026-09-22T12:30:11.104Z
2026-02-03,IT0005239360,UniCredit,76.595,EUR,2026-02-03T21:53:43.000Z,CONSOLIDATED,2026-09-22T12:30:11.104Z
2026-02-04,IT0005239360,UniCredit,76.205,EUR,2026-02-04T21:38:18.000Z,CONSOLIDATED,2026-09-22T12:30:11.104Z
2026-02-05,IT0005239360,UniCredit,73.465,EUR,2026-02-05T21:45:53.000Z,CONSOLIDATED,2026-09-22T12:30:11.104Z
2026-02-06,IT0005239360,UniCredit,74.42,EUR,2026-02-06T21:20:39.000Z,CONSOLIDATED,2026-09-22T12:30:11.104Z
2026-02-09,IT0005239360,UniCredit,79.16,EUR,2026-02-09T21:36:20.000Z,CONSOLIDATED,2026-09-22T12:30:11.104Z
2026-02-10,IT0005239360,UniCredit,77.045,EUR,2026-02-10T21:55:00.000Z,CONSOLIDATED,2026-09-22T12:30:11.104Z
2026-02-11,IT0005239360,UniCredit,74.76,EUR,2026-02-11T21:36:02.000Z,CONSOLIDATED,2026-09-22T12:30:11.104Z
2026-02-12,IT0005239360,UniCredit,74.475,EUR,2026-02-12T21:41:34.000Z,CONSOLIDATED,2026-09-22T12:30:11.104Z
2026-02-13,IT0005239360,UniCredit,71.37,EUR,2026-02-13T21:47:29.000Z,CONSOLIDATED,2026-09-22T12:30:11.104Z
2026-02-16,IT0005239360,UniCredit,71.97,EUR,2026-02-16T21:03:44.000Z,CONSOLIDATED,2026-09-22T12:30:11.104Z
2026-02-17,IT0005239360,UniCredit,73.345,EUR,2026-02-17T21:55:08.000Z,CONSOLIDATED,2026-09-22T12:30:11.104Z
2026-02-18,IT0005239360,UniCredit,74.915,EUR,2026-02-18T21:20:52.000Z,CONSOLIDATED,2026-09-22T12:30:11.104Z
2026-02-19,IT0005239360,UniCredit,73.04,EUR,2026-02-19T21:58:36.000Z,CONSOLIDATED,2026-09-22T12:30:11.104Z
2026-02-20,IT0005239360,UniCredit,73.885,EUR,2026-02-20T21:40:03.000Z,CONSOLIDATED,2026-09-22T12:30:11.104Z
2026-02-23,IT0005239360,UniCredit,73.67,EUR,2026-02-23T21:34:10.000Z,CONSOLIDATED,2026-09-22T12:30:11.104Z
2026-02-24,IT0005239360,UniCredit,72.845,EUR,2026-02-24T21:04:30.000Z,CONSOLIDATED,2026-09-22T12:30:11.104Z
2026-02-25,IT0005239360,UniCredit,74.185,EUR,2026-02-25T21:50:22.000Z,CONSOLIDATED,2026-09-22T12:30:11.104Z
2026-02-26,IT0005239360,UniCredit,73.75,EUR,2026-02-26T21:41:37.000Z,CONSOLIDATED,2026-09-22T12:30:11.104Z
2026-02-27,IT0005239360,UniCredit,72.05,EUR,2026-02-27T21:55:46.000Z,CONSOLIDATED,2026-09-22T12:30:11.104Z
2026-03-02,IT0005239360,UniCredit,70.13,EUR,2026-03-02T21:22:40.000Z,CONSOLIDATED,2026-09-22T12:30:11.104Z
2026-03-03,IT0005239360,UniCredit,67.66,EUR,2026-03-03T21:07:06.000Z,CONSOLIDATED,2026-09-22T12:30:11.104Z
2026-03-04,IT0005239360,UniCredit,69.195,EUR,2026-03-04T21:50:39.000Z,CONSOLIDATED,2026-09-22T12:30:11.104Z
2026-03-05,IT0005239360,UniCredit,67.08,EUR,2026-03-05T21:12:19.000Z,CONSOLIDATED,2026-09-22T12:30:11.104Z
2026-03-06,IT0005239360,UniCredit,66.135,EUR,2026-03-06T21:46:10.000Z,CONSOLIDATED,2026-09-22T12:30:11.104Z
2026-03-09,IT0005239360,UniCredit,67.175,EUR,2026-03-09T21:55:58.000Z,CONSOLIDATED,2026-09-22T12:30:11.104Z
2026-03-10,IT0005239360,UniCredit,68.505,EUR,2026-03-10T21:17:03.000Z,CONSOLIDATED,2026-09-22T12:30:11.104Z
2026-03-11,IT0005239360,UniCredit,67.49,EUR,2026-03-11T21:03:28.000Z,CONSOLIDATED,2026-09-22T12:30:11.104Z
2026-03-12,IT0005239360,UniCredit,64.49,EUR,2026-03-12T21:06:43.000Z,CONSOLIDATED,2026-09-22T12:30:11.104Z
2026-03-13,IT0005239360,UniCredit,62.88,EUR,2026-03-13T21:33:08.000Z,CONSOLIDATED,2026-09-22T12:30:11.104Z
2026-03-16,IT0005239360,UniCredit,64.03,EUR,2026-03-16T21:52:24.000Z,CONSOLIDATED,2026-09-22T12:30:11.104Z
2026-03-17,IT0005239360,UniCredit,64.63,EUR,2026-03-17T21:03:41.000Z,CONSOLIDATED,2026-09-22T12:30:11.104Z
2026-03-18,IT0005239360,UniCredit,62.88,EUR,2026-03-18T21:52:13.000Z,CONSOLIDATED,2026-09-22T12:30:11.104Z
2026-03-19,IT0005239360,UniCredit,62.55,EUR,2026-03-19T21:58:16.000Z,CONSOLIDATED,2026-09-22T12:30:11.104Z
2026-03-20,IT0005239360,UniCredit,59.305,EUR,2026-03-20T21:42:36.000Z,CONSOLIDATED,2026-09-22T12:30:11.104Z
2026-03-23,IT0005239360,UniCredit,62.215,EUR,2026-03-23T21:23:18.000Z,CONSOLIDATED,2026-09-22T12:30:11.104Z
2026-03-24,IT0005239360,UniCredit,62.24,EUR,2026-03-24T21:54:15.000Z,CONSOLIDATED,2026-09-22T12:30:11.104Z
2026-03-25,IT0005239360,UniCredit,62.295,EUR,2026-03-25T21:56:34.000Z,CONSOLIDATED,2026-09-22T12:30:11.104Z
2026-03-26,IT0005239360,UniCredit,60.765,EUR,2026-03-26T21:36:25.000Z,CONSOLIDATED,2026-09-22T12:30:11.104Z
2026-03-27,IT0005239360,UniCredit,59.43,EUR,2026-03-27T21:36:38.000Z,CONSOLIDATED,2026-09-22T12:30:11.104Z
2026-03-30,IT0005239360,UniCredit,59.305,EUR,2026-03-30T20:06:03.000Z,CONSOLIDATED,2026-09-22T12:30:11.104Z
2026-03-31,IT0005239360,UniCredit,62.42,EUR,2026-03-31T20:56:44.000Z,CONSOLIDATED,2026-09-22T12:30:11.104Z
2026-04-01,IT0005239360,UniCredit,64.29,EUR,2026-04-01T20:05:41.000Z,CONSOLIDATED,2026-09-22T12:30:11.104Z
2026-04-02,IT0005239360,UniCredit,62.71,EUR,2026-04-02T20:56:41.000Z,CONSOLIDATED,2026-09-22T12:30:11.104Z
2026-04-07,IT0005239360,UniCredit,63.245,EUR,2026-04-07T20:47:01.000Z,CONSOLIDATED,2026-09-22T12:30:11.104Z
2026-04-08,IT0005239360,UniCredit,67.105,EUR,2026-04-08T20:42:20.000Z,CONSOLIDATED,2026-09-22T12:30:11.104Z
2026-04-09,IT0005239360,UniCredit,67.435,EUR,2026-04-09T20:53:47.000Z,CONSOLIDATED,2026-09-22T12:30:11.104Z
2026-04-10,IT0005239360,UniCredit,68.82,EUR,2026-04-10T20:45:04.000Z,CONSOLIDATED,2026-09-22T12:30:11.104Z
2026-04-13,IT0005239360,UniCredit,68.58,EUR,2026-04-13T20:57:54.000Z,CONSOLIDATED,2026-09-22T12:30:11.104Z
2026-04-14,IT0005239360,UniCredit,70.3,EUR,2026-04-14T20:32:31.000Z,CONSOLIDATED,2026-09-22T12:30:11.104Z
2026-04-15,IT0005239360,UniCredit,70.425,EUR,2026-04-15T20:54:27.000Z,CONSOLIDATED,2026-09-22T12:30:11.104Z
2026-04-16,IT0005239360,UniCredit,69.345,EUR,2026-04-16T20:56:12.000Z,CONSOLIDATED,2026-09-22T12:30:11.104Z
2026-04-17,IT0005239360,UniCredit,72.05,EUR,2026-04-17T20:04:32.000Z,CONSOLIDATED,2026-09-22T12:30:11.104Z
2026-04-20,IT0005239360,UniCredit,68.49,EUR,2026-04-20T20:47:14.000Z,CONSOLIDATED,2026-09-22T12:30:11.104Z
2026-04-21,IT0005239360,UniCredit,66.34,EUR,2026-04-21T20:55:27.000Z,CONSOLIDATED,2026-09-22T12:30:11.104Z
2026-04-22,IT0005239360,UniCredit,65.695,EUR,2026-04-22T20:48:51.000Z,CONSOLIDATED,2026-09-22T12:30:11.104Z
2026-04-23,IT0005239360,UniCredit,63.975,EUR,2026-04-23T20:27:44.000Z,CONSOLIDATED,2026-09-22T12:30:11.104Z
2026-04-24,IT0005239360,UniCredit,64.15,EUR,2026-04-24T20:53:31.000Z,CONSOLIDATED,2026-09-22T12:30:11.104Z
2026-04-27,IT0005239360,UniCredit,64.505,EUR,2026-04-27T20:36:33.000Z,CONSOLIDATED,2026-09-22T12:30:11.104Z
2026-04-28,IT0005239360,UniCredit,65.92,EUR,2026-04-28T20:34:01.000Z,CONSOLIDATED,2026-09-22T12:30:11.104Z
2026-04-29,IT0005239360,UniCredit,65.41,EUR,2026-04-29T20:48:41.000Z,CONSOLIDATED,2026-09-22T12:30:11.104Z
2026-04-30,IT0005239360,UniCredit,65.685,EUR,2026-04-30T20:51:34.000Z,CONSOLIDATED,2026-09-22T12:30:11.104Z
2026-05-04,IT0005239360,UniCredit,63.175,EUR,2026-05-04T20:04:36.000Z,CONSOLIDATED,2026-09-22T12:30:11.104Z
2026-05-05,IT0005239360,UniCredit,67.725,EUR,2026-05-05T20:39:49.000Z,CONSOLIDATED,2026-09-22T12:30:11.104Z
2026-05-06,IT0005239360,UniCredit,71.345,EUR,2026-05-06T20:45:00.000Z,CONSOLIDATED,2026-09-22T12:30:11.104Z
2026-05-07,IT0005239360,UniCredit,70.315,EUR,2026-05-07T20:51:00.000Z,CONSOLIDATED,2026-09-22T12:30:11.104Z
2026-05-08,IT0005239360,UniCredit,70.42,EUR,2026-05-08T20:41:49.000Z,CONSOLIDATED,2026-09-22T12:30:11.104Z
2026-05-11,IT0005239360,UniCredit,70.325,EUR,2026-05-11T20:36:36.000Z,CONSOLIDATED,2026-09-22T12:30:11.104Z
2026-05-12,IT0005239360,UniCredit,70.315,EUR,2026-05-12T20:52:01.000Z,CONSOLIDATED,2026-09-22T12:30:11.104Z
2026-05-13,IT0005239360,UniCredit,71.43,EUR,2026-05-13T20:34:07.000Z,CONSOLIDATED,2026-09-22T12:30:11.104Z
2026-05-14,IT0005239360,UniCredit,72.17,EUR,2026-05-14T20:25:30.000Z,CONSOLIDATED,2026-09-22T12:30:11.104Z
2026-05-15,IT0005239360,UniCredit,71.175,EUR,2026-05-15T20:58:06.000Z,CONSOLIDATED,2026-09-22T12:30:11.104Z
2026-05-18,IT0005239360,UniCredit,71.94,EUR,2026-05-18T20:55:43.000Z,CONSOLIDATED,2026-09-22T12:30:11.104Z
2026-05-19,IT0005239360,UniCredit,70.35,EUR,2026-05-19T20:10:33.000Z,CONSOLIDATED,2026-09-22T12:30:11.104Z
2026-05-20,IT0005239360,UniCredit,72.31,EUR,2026-05-20T20:32:52.000Z,CONSOLIDATED,2026-09-22T12:30:11.104Z
2026-05-21,IT0005239360,UniCredit,71.27,EUR,2026-05-21T20:31:53.000Z,CONSOLIDATED,2026-09-22T12:30:11.104Z
2026-05-22,IT0005239360,UniCredit,71.965,EUR,2026-05-22T20:58:27.000Z,CONSOLIDATED,2026-09-22T12:30:11.104Z
2026-05-25,IT0005239360,UniCredit,74.11,EUR,2026-05-25T20:21:14.000Z,CONSOLIDATED,2026-09-22T12:30:11.104Z
2026-05-26,IT0005239360,UniCredit,73.515,EUR,2026-05-26T20:52:28.000Z,CONSOLIDATED,2026-09-22T12:30:11.104Z
2026-05-27,IT0005239360,UniCredit,73.2,EUR,2026-05-27T20:58:51.000Z,CONSOLIDATED,2026-09-22T12:30:11.104Z
2026-05-28,IT0005239360,UniCredit,73.02,EUR,2026-05-28T20:11:26.000Z,CONSOLIDATED,2026-09-22T12:30:11.104Z
2026-05-29,IT0005239360,UniCredit,73.95,EUR,2026-05-29T20:31:29.000Z,CONSOLIDATED,2026-09-22T12:30:11.104Z
2026-06-01,IT0005239360,UniCredit,73.365,EUR,2026-06-01T20:12:06.000Z,CONSOLIDATED,2026-09-22T12:30:11.104Z
2026-06-02,IT0005239360,UniCredit,75.195,EUR,2026-06-02T20:21:18.000Z,CONSOLIDATED,2026-09-22T12:30:11.104Z
2026-06-03,IT0005239360,UniCredit,73.515,EUR,2026-06-03T20:58:51.000Z,CONSOLIDATED,2026-09-22T12:30:11.104Z
2026-06-04,IT0005239360,UniCredit,73.86,EUR,2026-06-04T20:48:52.000Z,CONSOLIDATED,2026-09-22T12:30:11.104Z
2026-06-05,IT0005239360,UniCredit,72.3,EUR,2026-06-05T20:21:03.000Z,CONSOLIDATED,2026-09-22T12:30:11.104Z
2026-06-08,IT0005239360,UniCredit,71.645,EUR,2026-06-08T20:31:25.000Z,CONSOLIDATED,2026-09-22T12:30:11.104Z
2026-06-09,IT0005239360,UniCredit,72.56,EUR,2026-06-09T20:09:04.000Z,CONSOLIDATED,2026-09-22T12:30:11.104Z
2026-06-10,IT0005239360,UniCredit,70.655,EUR,2026-06-10T20:58:30.000Z,CONSOLIDATED,2026-09-22T12:30:11.104Z
2026-06-11,IT0005239360,UniCredit,71.8,EUR,2026-06-11T20:40:08.000Z,CONSOLIDATED,2026-09-22T12:30:11.104Z
2026-06-12,IT0005239360,UniCredit,73.215,EUR,2026-06-12T20:58:39.000Z,CONSOLIDATED,2026-09-22T12:30:11.104Z
2026-06-15,IT0005239360,UniCredit,74.66,EUR,2026-06-15T20:25:42.000Z,CONSOLIDATED,2026-09-22T12:30:11.104Z
2026-06-16,IT0005239360,UniCredit,77.605,EUR,2026-06-16T20:08:32.000Z,CONSOLIDATED,2026-09-22T12:30:11.104Z
2026-06-17,IT0005239360,UniCredit,79.49,EUR,2026-06-17T20:58:36.000Z,CONSOLIDATED,2026-09-22T12:30:11.104Z
2026-06-18,IT0005239360,UniCredit,80.38,EUR,2026-06-18T20:46:25.000Z,CONSOLIDATED,2026-09-22T12:30:11.104Z
2026-06-19,IT0005239360,UniCredit,79.665,EUR,2026-06-19T20:57:22.000Z,CONSOLIDATED,2026-09-22T12:30:11.104Z
2026-06-22,IT0005239360,UniCredit,80,EUR,2026-06-22T20:56:31.000Z,CONSOLIDATED,2026-09-22T12:30:11.104Z
2026-06-23,IT0005239360,UniCredit,79.15,EUR,2026-06-23T20:56:22.000Z,CONSOLIDATED,2026-09-22T12:30:11.104Z
2026-06-24,IT0005239360,UniCredit,77.8,EUR,2026-06-24T20:32:21.000Z,CONSOLIDATED,2026-09-22T12:30:11.104Z
2026-06-25,IT0005239360,UniCredit,78.075,EUR,2026-06-25T20:53:13.000Z,CONSOLIDATED,2026-09-22T12:30:11.104Z
2026-06-26,IT0005239360,UniCredit,77.07,EUR,2026-06-26T20:43:29.000Z,CONSOLIDATED,2026-09-22T12:30:11.104Z
2026-06-29,IT0005239360,UniCredit,77.12,EUR,2026-06-29T20:57:27.000Z,CONSOLIDATED,2026-09-22T12:30:11.104Z
2026-06-30,IT0005239360,UniCredit,78.27,EUR,2026-06-30T20:58:04.000Z,CONSOLIDATED,2026-09-22T12:30:11.104Z
2026-07-01,IT0005239360,UniCredit,78.465,EUR,2026-07-01T20:36:57.000Z,CONSOLIDATED,2026-09-22T12:30:11.104Z
2026-07-02,IT0005239360,UniCredit,81.635,EUR,2026-07-02T20:46:56.000Z,CONSOLIDATED,2026-09-22T12:30:11.104Z
2026-07-03,IT0005239360,UniCredit,81.885,EUR,2026-07-03T20:58:32.000Z,CONSOLIDATED,2026-09-22T12:30:11.104Z
2026-07-06,IT0005239360,UniCredit,82.26,EUR,2026-07-06T20:34:21.000Z,CONSOLIDATED,2026-09-22T12:30:11.104Z
2026-07-07,IT0005239360,UniCredit,82.45,EUR,2026-07-07T20:23:26.000Z,CONSOLIDATED,2026-09-22T12:30:11.104Z
2026-07-08,IT0005239360,UniCredit,79.94,EUR,2026-07-08T20:33:46.000Z,CONSOLIDATED,2026-09-22T12:30:11.104Z
2026-07-09,IT0005239360,UniCredit,82.015,EUR,2026-07-09T20:54:29.000Z,CONSOLIDATED,2026-09-22T12:30:11.104Z
2026-07-10,IT0005239360,UniCredit,83.21,EUR,2026-07-10T20:56:40.000Z,CONSOLIDATED,2026-09-22T12:30:11.104Z
2026-07-13,IT0005239360,UniCredit,82.05,EUR,2026-07-13T20:46:43.000Z,CONSOLIDATED,2026-09-22T12:30:11.104Z
2026-07-14,IT0005239360,UniCredit,82.13,EUR,2026-07-14T20:29:56.000Z,CONSOLIDATED,2026-09-22T12:30:11.104Z
2026-07-15,IT0005239360,UniCredit,81.345,EUR,2026-07-15T20:51:05.000Z,CONSOLIDATED,2026-09-22T12:30:11.104Z
2026-07-16,IT0005239360,UniCredit,82.275,EUR,2026-07-16T20:07:33.000Z,CONSOLIDATED,2026-09-22T12:30:11.104Z
2026-07-17,IT0005239360,UniCredit,80.275,EUR,2026-07-17T20:28:47.000Z,CONSOLIDATED,2026-09-22T12:30:11.104Z
2026-07-20,IT0005239360,UniCredit,80.685,EUR,2026-07-20T20:55:08.000Z,CONSOLIDATED,2026-09-22T12:30:11.104Z
2026-07-21,IT0005239360,UniCredit,82.82,EUR,2026-07-21T20:59:21.000Z,CONSOLIDATED,2026-09-22T12:30:11.104Z
2026-07-22,IT0005239360,UniCredit,83.665,EUR,2026-07-22T20:36:02.000Z,CONSOLIDATED,2026-09-22T12:30:11.104Z
2026-07-23,IT0005239360,UniCredit,79.735,EUR,2026-07-23T20:28:30.000Z,CONSOLIDATED,2026-09-22T12:30:11.104Z
2026-07-24,IT0005239360,UniCredit,80.25,EUR,2026-07-24T20:30:51.000Z,CONSOLIDATED,2026-09-22T12:30:11.104Z
2026-07-27,IT0005239360,UniCredit,81.94,EUR,2026-07-27T20:58:16.000Z,CONSOLIDATED,2026-09-22T12:30:11.104Z
2026-07-28,IT0005239360,UniCredit,81.395,EUR,2026-07-28T20:50:52.000Z,CONSOLIDATED,2026-09-22T12:30:11.104Z
2026-07-29,IT0005239360,UniCredit,79.73,EUR,2026-07-29T20:35:35.000Z,CONSOLIDATED,2026-09-22T12:30:11.104Z
2026-07-30,IT0005239360,UniCredit,81.505,EUR,2026-07-30T20:48:26.000Z,CONSOLIDATED,2026-09-22T12:30:11.104Z
2026-07-31,IT0005239360,UniCredit,81.64,EUR,2026-07-31T20:54:23.000Z,CONSOLIDATED,2026-09-22T12:30:11.104Z
2026-08-03,IT0005239360,UniCredit,83.655,EUR,2026-08-03T20:43:12.000Z,CONSOLIDATED,2026-09-22T12:30:11.104Z
2026-08-04,IT0005239360,UniCredit,85.28,EUR,2026-08-04T20:18:51.000Z,CONSOLIDATED,2026-09-22T12:30:11.104Z
2026-08-05,IT0005239360,UniCredit,84.99,EUR,2026-08-05T20:03:35.000Z,CONSOLIDATED,2026-09-22T12:30:11.104Z
2026-08-06,IT0005239360,UniCredit,84.61,EUR,2026-08-06T20:49:20.000Z,CONSOLIDATED,2026-09-22T12:30:11.104Z
2026-08-07,IT0005239360,UniCredit,84.515,EUR,2026-08-07T20:59:44.000Z,CONSOLIDATED,2026-09-22T12:30:11.104Z
2026-08-10,IT0005239360,UniCredit,84.41,EUR,2026-08-10T20:57:50.000Z,CONSOLIDATED,2026-09-22T12:30:11.104Z
2026-08-11,IT0005239360,UniCredit,84.565,EUR,2026-08-11T20:55:29.000Z,CONSOLIDATED,2026-09-22T12:30:11.104Z
2026-08-12,IT0005239360,UniCredit,85.08,EUR,2026-08-12T20:44:06.000Z,CONSOLIDATED,2026-09-22T12:30:11.104Z
2026-08-13,IT0005239360,UniCredit,85.585,EUR,2026-08-13T20:43:27.000Z,CONSOLIDATED,2026-09-22T12:30:11.104Z
2026-08-14,IT0005239360,UniCredit,85.32,EUR,2026-08-14T20:08:24.000Z,CONSOLIDATED,2026-09-22T12:30:11.104Z
2026-08-17,IT0005239360,UniCredit,83.875,EUR,2026-08-17T20:41:56.000Z,CONSOLIDATED,2026-09-22T12:30:11.104Z
2026-08-18,IT0005239360,UniCredit,83.405,EUR,2026-08-18T20:44:43.000Z,CONSOLIDATED,2026-09-22T12:30:11.104Z
2026-08-19,IT0005239360,UniCredit,82.385,EUR,2026-08-19T20:02:52.000Z,CONSOLIDATED,2026-09-22T12:30:11.104Z
2026-08-20,IT0005239360,UniCredit,82.82,EUR,2026-08-20T20:17:20.000Z,CONSOLIDATED,2026-09-22T12:30:11.104Z
2026-08-21,IT0005239360,UniCredit,83.48,EUR,2026-08-21T20:49:02.000Z,CONSOLIDATED,2026-09-22T12:30:11.104Z
2026-08-24,IT0005239360,UniCredit,84.35,EUR,2026-08-24T20:05:01.000Z,CONSOLIDATED,2026-09-22T12:30:11.104Z
2026-08-25,IT0005239360,UniCredit,84.395,EUR,2026-08-25T20:50:09.000Z,CONSOLIDATED,2026-09-22T12:30:11.104Z
2026-08-26,IT0005239360,UniCredit,86.055,EUR,2026-08-26T20:53:52.000Z,CONSOLIDATED,2026-09-22T12:30:11.104Z
2026-08-27,IT0005239360,UniCredit,83.67,EUR,2026-08-27T20:16:25.000Z,CONSOLIDATED,2026-09-22T12:30:11.104Z
2026-08-28,IT0005239360,UniCredit,84.6,EUR,2026-08-28T20:46:27.000Z,CONSOLIDATED,2026-09-22T12:30:11.104Z
2026-08-31,IT0005239360,UniCredit,84.05,EUR,2026-08-31T20:04:31.000Z,CONSOLIDATED,2026-09-22T12:30:11.104Z
2026-09-01,IT0005239360,UniCredit,82.925,EUR,2026-09-01T20:06:14.000Z,CONSOLIDATED,2026-09-22T12:30:11.104Z
2026-09-02,IT0005239360,UniCredit,83.94,EUR,2026-09-02T20:46:49.000Z,CONSOLIDATED,2026-09-22T12:30:11.104Z
2026-09-03,IT0005239360,UniCredit,84.55,EUR,2026-09-03T20:52:04.000Z,CONSOLIDATED,2026-09-22T12:30:11.104Z
2026-09-04,IT0005239360,UniCredit,84,EUR,2026-09-04T20:23:19.000Z,CONSOLIDATED,2026-09-22T12:30:11.104Z
2026-09-07,IT0005239360,UniCredit,84,EUR,2026-09-07T20:08:44.000Z,CONSOLIDATED,2026-09-22T12:30:11.104Z
2026-09-08,IT0005239360,UniCredit,84.055,EUR,2026-09-08T20:53:38.000Z,CONSOLIDATED,2026-09-22T12:30:11.104Z
2026-09-09,IT0005239360,UniCredit,84.255,EUR,2026-09-09T20:00:01.000Z,CONSOLIDATED,2026-09-22T12:30:11.104Z
2026-09-10,IT0005239360,UniCredit,83.66,EUR,2026-09-10T20:59:42.000Z,CONSOLIDATED,2026-09-22T12:30:11.104Z
2026-09-11,IT0005239360,UniCredit,85.035,EUR,2026-09-11T20:56:53.000Z,CONSOLIDATED,2026-09-22T12:30:11.104Z
2026-09-14,IT0005239360,UniCredit,84.395,EUR,2026-09-14T20:50:38.000Z,CONSOLIDATED,2026-09-22T12:30:11.104Z
2026-09-15,IT0005239360,UniCredit,82.605,EUR,2026-09-15T20:42:43.000Z,CONSOLIDATED,2026-09-22T12:30:11.104Z
2026-09-16,IT0005239360,UniCredit,82.7,EUR,2026-09-16T20:40:04.000Z,CONSOLIDATED,2026-09-22T12:30:11.104Z
2026-09-17,IT0005239360,UniCredit,83.5,EUR,2026-09-17T20:51:23.000Z,CONSOLIDATED,2026-09-22T12:30:11.104Z
2026-09-18,IT0005239360,UniCredit,81.33,EUR,2026-09-18T20:59:55.000Z,CONSOLIDATED,2026-09-22T12:30:11.104Z
2026-09-21,IT0005239360,UniCredit,84.025,EUR,2026-09-21T20:42:14.000Z,CONSOLIDATED,2026-09-22T12:30:11.104Z
2026-01-02,IE00BMC38736,VanEck Semiconductor (Acc),55.005,EUR,2026-01-02T21:59:43.000Z,CONSOLIDATED,2026-09-22T12:30:09.258Z
2026-01-05,IE00BMC38736,VanEck Semiconductor (Acc),55.91,EUR,2026-01-05T21:59:30.000Z,CONSOLIDATED,2026-09-22T12:30:09.258Z
2026-01-06,IE00BMC38736,VanEck Semiconductor (Acc),57.665,EUR,2026-01-06T21:58:08.000Z,CONSOLIDATED,2026-09-22T12:30:09.258Z
2026-01-07,IE00BMC38736,VanEck Semiconductor (Acc),57.06,EUR,2026-01-07T21:58:22.000Z,CONSOLIDATED,2026-09-22T12:30:09.258Z
2026-01-08,IE00BMC38736,VanEck Semiconductor (Acc),56.195,EUR,2026-01-08T21:59:48.000Z,CONSOLIDATED,2026-09-22T12:30:09.258Z
2026-01-09,IE00BMC38736,VanEck Semiconductor (Acc),58.06,EUR,2026-01-09T21:59:15.000Z,CONSOLIDATED,2026-09-22T12:30:09.258Z
2026-01-12,IE00BMC38736,VanEck Semiconductor (Acc),58.23,EUR,2026-01-12T21:59:56.000Z,CONSOLIDATED,2026-09-22T12:30:09.258Z
2026-01-13,IE00BMC38736,VanEck Semiconductor (Acc),58.595,EUR,2026-01-13T21:59:30.000Z,CONSOLIDATED,2026-09-22T12:30:09.258Z
2026-01-14,IE00BMC38736,VanEck Semiconductor (Acc),58.075,EUR,2026-01-14T21:59:45.000Z,CONSOLIDATED,2026-09-22T12:30:09.258Z
2026-01-15,IE00BMC38736,VanEck Semiconductor (Acc),59.77,EUR,2026-01-15T21:58:49.000Z,CONSOLIDATED,2026-09-22T12:30:09.258Z
2026-01-16,IE00BMC38736,VanEck Semiconductor (Acc),60.61,EUR,2026-01-16T21:59:58.000Z,CONSOLIDATED,2026-09-22T12:30:09.258Z
2026-01-19,IE00BMC38736,VanEck Semiconductor (Acc),59.155,EUR,2026-01-19T21:59:37.000Z,CONSOLIDATED,2026-09-22T12:30:09.258Z
2026-01-20,IE00BMC38736,VanEck Semiconductor (Acc),58.675,EUR,2026-01-20T21:59:55.000Z,CONSOLIDATED,2026-09-22T12:30:09.258Z
2026-01-21,IE00BMC38736,VanEck Semiconductor (Acc),60.905,EUR,2026-01-21T21:59:50.000Z,CONSOLIDATED,2026-09-22T12:30:09.258Z
2026-01-22,IE00BMC38736,VanEck Semiconductor (Acc),60.32,EUR,2026-01-22T21:59:56.000Z,CONSOLIDATED,2026-09-22T12:30:09.258Z
2026-01-23,IE00BMC38736,VanEck Semiconductor (Acc),59.745,EUR,2026-01-23T21:58:51.000Z,CONSOLIDATED,2026-09-22T12:30:09.258Z
2026-01-26,IE00BMC38736,VanEck Semiconductor (Acc),59.295,EUR,2026-01-26T21:59:09.000Z,CONSOLIDATED,2026-09-22T12:30:09.258Z
2026-01-27,IE00BMC38736,VanEck Semiconductor (Acc),60.37,EUR,2026-01-27T21:59:57.000Z,CONSOLIDATED,2026-09-22T12:30:09.258Z
2026-01-28,IE00BMC38736,VanEck Semiconductor (Acc),61.965,EUR,2026-01-28T21:59:53.000Z,CONSOLIDATED,2026-09-22T12:30:09.258Z
2026-01-29,IE00BMC38736,VanEck Semiconductor (Acc),61.45,EUR,2026-01-29T21:59:52.000Z,CONSOLIDATED,2026-09-22T12:30:09.258Z
2026-01-30,IE00BMC38736,VanEck Semiconductor (Acc),59.985,EUR,2026-01-30T21:59:55.000Z,CONSOLIDATED,2026-09-22T12:30:09.258Z
2026-02-02,IE00BMC38736,VanEck Semiconductor (Acc),61.64,EUR,2026-02-02T21:59:24.000Z,CONSOLIDATED,2026-09-22T12:30:09.258Z
2026-02-03,IE00BMC38736,VanEck Semiconductor (Acc),59.34,EUR,2026-02-03T21:59:51.000Z,CONSOLIDATED,2026-09-22T12:30:09.258Z
2026-02-04,IE00BMC38736,VanEck Semiconductor (Acc),57.73,EUR,2026-02-04T21:59:54.000Z,CONSOLIDATED,2026-09-22T12:30:09.258Z
2026-02-05,IE00BMC38736,VanEck Semiconductor (Acc),56.225,EUR,2026-02-05T21:59:56.000Z,CONSOLIDATED,2026-09-22T12:30:09.258Z
2026-02-06,IE00BMC38736,VanEck Semiconductor (Acc),59.69,EUR,2026-02-06T21:17:58.000Z,CONSOLIDATED,2026-09-22T12:30:09.258Z
2026-02-09,IE00BMC38736,VanEck Semiconductor (Acc),59.885,EUR,2026-02-09T21:59:42.000Z,CONSOLIDATED,2026-09-22T12:30:09.258Z
2026-02-10,IE00BMC38736,VanEck Semiconductor (Acc),59.475,EUR,2026-02-10T21:59:57.000Z,CONSOLIDATED,2026-09-22T12:30:09.258Z
2026-02-11,IE00BMC38736,VanEck Semiconductor (Acc),61.35,EUR,2026-02-11T21:52:05.000Z,CONSOLIDATED,2026-09-22T12:30:09.258Z
2026-02-12,IE00BMC38736,VanEck Semiconductor (Acc),60.685,EUR,2026-02-12T21:59:54.000Z,CONSOLIDATED,2026-09-22T12:30:09.258Z
2026-02-13,IE00BMC38736,VanEck Semiconductor (Acc),60.18,EUR,2026-02-13T21:59:48.000Z,CONSOLIDATED,2026-09-22T12:30:09.258Z
2026-02-16,IE00BMC38736,VanEck Semiconductor (Acc),60.245,EUR,2026-02-16T21:58:53.000Z,CONSOLIDATED,2026-09-22T12:30:09.258Z
2026-02-17,IE00BMC38736,VanEck Semiconductor (Acc),60.225,EUR,2026-02-17T21:57:04.000Z,CONSOLIDATED,2026-09-22T12:30:09.258Z
2026-02-18,IE00BMC38736,VanEck Semiconductor (Acc),61.42,EUR,2026-02-18T21:59:50.000Z,CONSOLIDATED,2026-09-22T12:30:09.258Z
2026-02-19,IE00BMC38736,VanEck Semiconductor (Acc),61.22,EUR,2026-02-19T21:59:55.000Z,CONSOLIDATED,2026-09-22T12:30:09.258Z
2026-02-20,IE00BMC38736,VanEck Semiconductor (Acc),61.925,EUR,2026-02-20T21:59:24.000Z,CONSOLIDATED,2026-09-22T12:30:09.258Z
2026-02-23,IE00BMC38736,VanEck Semiconductor (Acc),61.43,EUR,2026-02-23T21:57:46.000Z,CONSOLIDATED,2026-09-22T12:30:09.258Z
2026-02-24,IE00BMC38736,VanEck Semiconductor (Acc),62.77,EUR,2026-02-24T21:59:54.000Z,CONSOLIDATED,2026-09-22T12:30:09.258Z
2026-02-25,IE00BMC38736,VanEck Semiconductor (Acc),64,EUR,2026-02-25T21:59:49.000Z,CONSOLIDATED,2026-09-22T12:30:09.258Z
2026-02-26,IE00BMC38736,VanEck Semiconductor (Acc),61.725,EUR,2026-02-26T21:59:58.000Z,CONSOLIDATED,2026-09-22T12:30:09.258Z
2026-02-27,IE00BMC38736,VanEck Semiconductor (Acc),60.45,EUR,2026-02-27T21:59:50.000Z,CONSOLIDATED,2026-09-22T12:30:09.258Z
2026-03-02,IE00BMC38736,VanEck Semiconductor (Acc),61.18,EUR,2026-03-02T21:57:02.000Z,CONSOLIDATED,2026-09-22T12:30:09.258Z
2026-03-03,IE00BMC38736,VanEck Semiconductor (Acc),58.82,EUR,2026-03-03T21:59:53.000Z,CONSOLIDATED,2026-09-22T12:30:09.258Z
2026-03-04,IE00BMC38736,VanEck Semiconductor (Acc),60.235,EUR,2026-03-04T21:44:32.000Z,CONSOLIDATED,2026-09-22T12:30:09.258Z
2026-03-05,IE00BMC38736,VanEck Semiconductor (Acc),59.68,EUR,2026-03-05T21:39:47.000Z,CONSOLIDATED,2026-09-22T12:30:09.258Z
2026-03-06,IE00BMC38736,VanEck Semiconductor (Acc),57.335,EUR,2026-03-06T21:56:03.000Z,CONSOLIDATED,2026-09-22T12:30:09.258Z
2026-03-09,IE00BMC38736,VanEck Semiconductor (Acc),59.44,EUR,2026-03-09T21:59:55.000Z,CONSOLIDATED,2026-09-22T12:30:09.258Z
2026-03-10,IE00BMC38736,VanEck Semiconductor (Acc),60.12,EUR,2026-03-10T21:54:40.000Z,CONSOLIDATED,2026-09-22T12:30:09.258Z
2026-03-11,IE00BMC38736,VanEck Semiconductor (Acc),60.82,EUR,2026-03-11T21:59:33.000Z,CONSOLIDATED,2026-09-22T12:30:09.258Z
2026-03-12,IE00BMC38736,VanEck Semiconductor (Acc),59.03,EUR,2026-03-12T21:56:59.000Z,CONSOLIDATED,2026-09-22T12:30:09.258Z
2026-03-13,IE00BMC38736,VanEck Semiconductor (Acc),59.47,EUR,2026-03-13T21:59:11.000Z,CONSOLIDATED,2026-09-22T12:30:09.258Z
2026-03-16,IE00BMC38736,VanEck Semiconductor (Acc),60.245,EUR,2026-03-16T21:46:55.000Z,CONSOLIDATED,2026-09-22T12:30:09.258Z
2026-03-17,IE00BMC38736,VanEck Semiconductor (Acc),60.8,EUR,2026-03-17T21:21:38.000Z,CONSOLIDATED,2026-09-22T12:30:09.258Z
2026-03-18,IE00BMC38736,VanEck Semiconductor (Acc),60.35,EUR,2026-03-18T21:59:48.000Z,CONSOLIDATED,2026-09-22T12:30:09.258Z
2026-03-19,IE00BMC38736,VanEck Semiconductor (Acc),60.25,EUR,2026-03-19T21:47:59.000Z,CONSOLIDATED,2026-09-22T12:30:09.258Z
2026-03-20,IE00BMC38736,VanEck Semiconductor (Acc),59.175,EUR,2026-03-20T21:59:56.000Z,CONSOLIDATED,2026-09-22T12:30:09.258Z
2026-03-23,IE00BMC38736,VanEck Semiconductor (Acc),59.35,EUR,2026-03-23T21:00:04.000Z,CONSOLIDATED,2026-09-22T12:30:09.258Z
2026-03-24,IE00BMC38736,VanEck Semiconductor (Acc),60.325,EUR,2026-03-24T21:59:47.000Z,CONSOLIDATED,2026-09-22T12:30:09.258Z
2026-03-25,IE00BMC38736,VanEck Semiconductor (Acc),60.795,EUR,2026-03-25T21:51:42.000Z,CONSOLIDATED,2026-09-22T12:30:09.258Z
2026-03-26,IE00BMC38736,VanEck Semiconductor (Acc),58.055,EUR,2026-03-26T21:00:03.000Z,CONSOLIDATED,2026-09-22T12:30:09.258Z
2026-03-27,IE00BMC38736,VanEck Semiconductor (Acc),56.925,EUR,2026-03-27T21:52:03.000Z,CONSOLIDATED,2026-09-22T12:30:09.258Z
2026-03-30,IE00BMC38736,VanEck Semiconductor (Acc),55.015,EUR,2026-03-30T20:11:04.000Z,CONSOLIDATED,2026-09-22T12:30:09.258Z
2026-03-31,IE00BMC38736,VanEck Semiconductor (Acc),57.815,EUR,2026-03-31T20:59:59.000Z,CONSOLIDATED,2026-09-22T12:30:09.258Z
2026-04-01,IE00BMC38736,VanEck Semiconductor (Acc),59.265,EUR,2026-04-01T20:43:31.000Z,CONSOLIDATED,2026-09-22T12:30:09.258Z
2026-04-02,IE00BMC38736,VanEck Semiconductor (Acc),59.52,EUR,2026-04-02T20:58:51.000Z,CONSOLIDATED,2026-09-22T12:30:09.258Z
2026-04-07,IE00BMC38736,VanEck Semiconductor (Acc),59.69,EUR,2026-04-07T20:59:53.000Z,CONSOLIDATED,2026-09-22T12:30:09.258Z
2026-04-08,IE00BMC38736,VanEck Semiconductor (Acc),63.85,EUR,2026-04-08T20:55:00.000Z,CONSOLIDATED,2026-09-22T12:30:09.258Z
2026-04-09,IE00BMC38736,VanEck Semiconductor (Acc),65.135,EUR,2026-04-09T20:59:31.000Z,CONSOLIDATED,2026-09-22T12:30:09.258Z
2026-04-10,IE00BMC38736,VanEck Semiconductor (Acc),65.885,EUR,2026-04-10T20:59:56.000Z,CONSOLIDATED,2026-09-22T12:30:09.258Z
2026-04-13,IE00BMC38736,VanEck Semiconductor (Acc),67.115,EUR,2026-04-13T20:59:56.000Z,CONSOLIDATED,2026-09-22T12:30:09.258Z
2026-04-14,IE00BMC38736,VanEck Semiconductor (Acc),67.98,EUR,2026-04-14T20:59:50.000Z,CONSOLIDATED,2026-09-22T12:30:09.258Z
2026-04-15,IE00BMC38736,VanEck Semiconductor (Acc),67.81,EUR,2026-04-15T20:02:08.000Z,CONSOLIDATED,2026-09-22T12:30:09.258Z
2026-04-16,IE00BMC38736,VanEck Semiconductor (Acc),68.485,EUR,2026-04-16T20:51:10.000Z,CONSOLIDATED,2026-09-22T12:30:09.258Z
2026-04-17,IE00BMC38736,VanEck Semiconductor (Acc),69.635,EUR,2026-04-17T20:59:48.000Z,CONSOLIDATED,2026-09-22T12:30:09.258Z
2026-04-20,IE00BMC38736,VanEck Semiconductor (Acc),69.27,EUR,2026-04-20T20:59:44.000Z,CONSOLIDATED,2026-09-22T12:30:09.258Z
2026-04-21,IE00BMC38736,VanEck Semiconductor (Acc),69.9,EUR,2026-04-21T20:59:51.000Z,CONSOLIDATED,2026-09-22T12:30:09.258Z
2026-04-22,IE00BMC38736,VanEck Semiconductor (Acc),72.775,EUR,2026-04-22T20:59:56.000Z,CONSOLIDATED,2026-09-22T12:30:09.258Z
2026-04-23,IE00BMC38736,VanEck Semiconductor (Acc),73.7,EUR,2026-04-23T20:59:58.000Z,CONSOLIDATED,2026-09-22T12:30:09.258Z
2026-04-24,IE00BMC38736,VanEck Semiconductor (Acc),76.8,EUR,2026-04-24T20:59:58.000Z,CONSOLIDATED,2026-09-22T12:30:09.258Z
2026-04-27,IE00BMC38736,VanEck Semiconductor (Acc),76.185,EUR,2026-04-27T20:59:07.000Z,CONSOLIDATED,2026-09-22T12:30:09.258Z
2026-04-28,IE00BMC38736,VanEck Semiconductor (Acc),74.095,EUR,2026-04-28T20:59:57.000Z,CONSOLIDATED,2026-09-22T12:30:09.258Z
2026-04-29,IE00BMC38736,VanEck Semiconductor (Acc),75.185,EUR,2026-04-29T20:59:55.000Z,CONSOLIDATED,2026-09-22T12:30:09.258Z
2026-04-30,IE00BMC38736,VanEck Semiconductor (Acc),76.465,EUR,2026-04-30T20:59:45.000Z,CONSOLIDATED,2026-09-22T12:30:09.258Z
2026-05-04,IE00BMC38736,VanEck Semiconductor (Acc),77.3,EUR,2026-05-04T20:59:59.000Z,CONSOLIDATED,2026-09-22T12:30:09.258Z
2026-05-05,IE00BMC38736,VanEck Semiconductor (Acc),81.25,EUR,2026-05-05T20:59:57.000Z,CONSOLIDATED,2026-09-22T12:30:09.258Z
2026-05-06,IE00BMC38736,VanEck Semiconductor (Acc),84.655,EUR,2026-05-06T20:59:59.000Z,CONSOLIDATED,2026-09-22T12:30:09.258Z
2026-05-07,IE00BMC38736,VanEck Semiconductor (Acc),83.085,EUR,2026-05-07T20:59:59.000Z,CONSOLIDATED,2026-09-22T12:30:09.258Z
2026-05-08,IE00BMC38736,VanEck Semiconductor (Acc),87.85,EUR,2026-05-08T20:59:48.000Z,CONSOLIDATED,2026-09-22T12:30:09.258Z
2026-05-11,IE00BMC38736,VanEck Semiconductor (Acc),89.33,EUR,2026-05-11T20:59:51.000Z,CONSOLIDATED,2026-09-22T12:30:09.258Z
2026-05-12,IE00BMC38736,VanEck Semiconductor (Acc),87.045,EUR,2026-05-12T20:56:14.000Z,CONSOLIDATED,2026-09-22T12:30:09.258Z
2026-05-13,IE00BMC38736,VanEck Semiconductor (Acc),89.09,EUR,2026-05-13T20:59:51.000Z,CONSOLIDATED,2026-09-22T12:30:09.258Z
2026-05-14,IE00BMC38736,VanEck Semiconductor (Acc),89.795,EUR,2026-05-14T20:59:45.000Z,CONSOLIDATED,2026-09-22T12:30:09.258Z
2026-05-15,IE00BMC38736,VanEck Semiconductor (Acc),86.675,EUR,2026-05-15T20:59:59.000Z,CONSOLIDATED,2026-09-22T12:30:09.258Z
2026-05-18,IE00BMC38736,VanEck Semiconductor (Acc),84.32,EUR,2026-05-18T20:59:43.000Z,CONSOLIDATED,2026-09-22T12:30:09.258Z
2026-05-19,IE00BMC38736,VanEck Semiconductor (Acc),84.435,EUR,2026-05-19T20:59:56.000Z,CONSOLIDATED,2026-09-22T12:30:09.258Z
2026-05-20,IE00BMC38736,VanEck Semiconductor (Acc),88.26,EUR,2026-05-20T20:59:58.000Z,CONSOLIDATED,2026-09-22T12:30:09.258Z
2026-05-21,IE00BMC38736,VanEck Semiconductor (Acc),88.575,EUR,2026-05-21T20:59:10.000Z,CONSOLIDATED,2026-09-22T12:30:09.258Z
2026-05-22,IE00BMC38736,VanEck Semiconductor (Acc),90.32,EUR,2026-05-22T20:59:18.000Z,CONSOLIDATED,2026-09-22T12:30:09.258Z
2026-05-25,IE00BMC38736,VanEck Semiconductor (Acc),92.825,EUR,2026-05-25T20:56:36.000Z,CONSOLIDATED,2026-09-22T12:30:09.258Z
2026-05-26,IE00BMC38736,VanEck Semiconductor (Acc),95.395,EUR,2026-05-26T20:58:47.000Z,CONSOLIDATED,2026-09-22T12:30:09.258Z
2026-05-27,IE00BMC38736,VanEck Semiconductor (Acc),94.74,EUR,2026-05-27T20:59:57.000Z,CONSOLIDATED,2026-09-22T12:30:09.258Z
2026-05-28,IE00BMC38736,VanEck Semiconductor (Acc),95.2,EUR,2026-05-28T20:59:57.000Z,CONSOLIDATED,2026-09-22T12:30:09.258Z
2026-05-29,IE00BMC38736,VanEck Semiconductor (Acc),95.055,EUR,2026-05-29T20:59:45.000Z,CONSOLIDATED,2026-09-22T12:30:09.258Z
2026-06-01,IE00BMC38736,VanEck Semiconductor (Acc),97.005,EUR,2026-06-01T20:59:35.000Z,CONSOLIDATED,2026-09-22T12:30:09.258Z
2026-06-02,IE00BMC38736,VanEck Semiconductor (Acc),100.94,EUR,2026-06-02T20:08:50.000Z,CONSOLIDATED,2026-09-22T12:30:09.258Z
2026-06-03,IE00BMC38736,VanEck Semiconductor (Acc),101.41,EUR,2026-06-03T20:59:54.000Z,CONSOLIDATED,2026-09-22T12:30:09.258Z
2026-06-04,IE00BMC38736,VanEck Semiconductor (Acc),99.29,EUR,2026-06-04T20:59:52.000Z,CONSOLIDATED,2026-09-22T12:30:09.258Z
2026-06-05,IE00BMC38736,VanEck Semiconductor (Acc),92,EUR,2026-06-05T20:57:31.000Z,CONSOLIDATED,2026-09-22T12:30:09.258Z
2026-06-08,IE00BMC38736,VanEck Semiconductor (Acc),96.015,EUR,2026-06-08T20:59:36.000Z,CONSOLIDATED,2026-09-22T12:30:09.258Z
2026-06-09,IE00BMC38736,VanEck Semiconductor (Acc),94.785,EUR,2026-06-09T20:59:33.000Z,CONSOLIDATED,2026-09-22T12:30:09.258Z
2026-06-10,IE00BMC38736,VanEck Semiconductor (Acc),91.11,EUR,2026-06-10T20:59:48.000Z,CONSOLIDATED,2026-09-22T12:30:09.258Z
2026-06-11,IE00BMC38736,VanEck Semiconductor (Acc),97.52,EUR,2026-06-11T20:59:20.000Z,CONSOLIDATED,2026-09-22T12:30:09.258Z
2026-06-12,IE00BMC38736,VanEck Semiconductor (Acc),100.565,EUR,2026-06-12T20:59:14.000Z,CONSOLIDATED,2026-09-22T12:30:09.258Z
2026-06-15,IE00BMC38736,VanEck Semiconductor (Acc),104.29,EUR,2026-06-15T20:59:54.000Z,CONSOLIDATED,2026-09-22T12:30:09.258Z
2026-06-16,IE00BMC38736,VanEck Semiconductor (Acc),99.485,EUR,2026-06-16T20:59:59.000Z,CONSOLIDATED,2026-09-22T12:30:09.258Z
2026-06-17,IE00BMC38736,VanEck Semiconductor (Acc),102.44,EUR,2026-06-17T20:39:44.000Z,CONSOLIDATED,2026-09-22T12:30:09.258Z
2026-06-18,IE00BMC38736,VanEck Semiconductor (Acc),108.14,EUR,2026-06-18T20:59:40.000Z,CONSOLIDATED,2026-09-22T12:30:09.258Z
2026-06-19,IE00BMC38736,VanEck Semiconductor (Acc),107.56,EUR,2026-06-19T20:50:13.000Z,CONSOLIDATED,2026-09-22T12:30:09.258Z
2026-06-22,IE00BMC38736,VanEck Semiconductor (Acc),110.74,EUR,2026-06-22T20:59:53.000Z,CONSOLIDATED,2026-09-22T12:30:09.258Z
2026-06-23,IE00BMC38736,VanEck Semiconductor (Acc),103.09,EUR,2026-06-23T20:59:39.000Z,CONSOLIDATED,2026-09-22T12:30:09.258Z
2026-06-24,IE00BMC38736,VanEck Semiconductor (Acc),107.17,EUR,2026-06-24T20:59:54.000Z,CONSOLIDATED,2026-09-22T12:30:09.258Z
2026-06-25,IE00BMC38736,VanEck Semiconductor (Acc),105.61,EUR,2026-06-25T20:59:56.000Z,CONSOLIDATED,2026-09-22T12:30:09.258Z
2026-06-26,IE00BMC38736,VanEck Semiconductor (Acc),102.45,EUR,2026-06-26T20:59:39.000Z,CONSOLIDATED,2026-09-22T12:30:09.258Z
2026-06-29,IE00BMC38736,VanEck Semiconductor (Acc),105.94,EUR,2026-06-29T20:59:41.000Z,CONSOLIDATED,2026-09-22T12:30:09.258Z
2026-06-30,IE00BMC38736,VanEck Semiconductor (Acc),110.14,EUR,2026-06-30T20:58:40.000Z,CONSOLIDATED,2026-09-22T12:30:09.258Z
2026-07-01,IE00BMC38736,VanEck Semiconductor (Acc),103.75,EUR,2026-07-01T20:59:01.000Z,CONSOLIDATED,2026-09-22T12:30:09.258Z
2026-07-02,IE00BMC38736,VanEck Semiconductor (Acc),98.38,EUR,2026-07-02T20:59:53.000Z,CONSOLIDATED,2026-09-22T12:30:09.258Z
2026-07-03,IE00BMC38736,VanEck Semiconductor (Acc),101.92,EUR,2026-07-03T20:44:37.000Z,CONSOLIDATED,2026-09-22T12:30:09.258Z
2026-07-06,IE00BMC38736,VanEck Semiconductor (Acc),100.88,EUR,2026-07-06T20:59:07.000Z,CONSOLIDATED,2026-09-22T12:30:09.258Z
2026-07-07,IE00BMC38736,VanEck Semiconductor (Acc),96.08,EUR,2026-07-07T20:58:34.000Z,CONSOLIDATED,2026-09-22T12:30:09.258Z
2026-07-08,IE00BMC38736,VanEck Semiconductor (Acc),97.735,EUR,2026-07-08T20:58:22.000Z,CONSOLIDATED,2026-09-22T12:30:09.258Z
2026-07-09,IE00BMC38736,VanEck Semiconductor (Acc),100.77,EUR,2026-07-09T20:59:58.000Z,CONSOLIDATED,2026-09-22T12:30:09.258Z
2026-07-10,IE00BMC38736,VanEck Semiconductor (Acc),101.3,EUR,2026-07-10T20:42:09.000Z,CONSOLIDATED,2026-09-22T12:30:09.258Z
2026-07-13,IE00BMC38736,VanEck Semiconductor (Acc),97.04,EUR,2026-07-13T20:58:51.000Z,CONSOLIDATED,2026-09-22T12:30:09.258Z
2026-07-14,IE00BMC38736,VanEck Semiconductor (Acc),99.425,EUR,2026-07-14T20:57:02.000Z,CONSOLIDATED,2026-09-22T12:30:09.258Z
2026-07-15,IE00BMC38736,VanEck Semiconductor (Acc),96.825,EUR,2026-07-15T20:10:06.000Z,CONSOLIDATED,2026-09-22T12:30:09.258Z
2026-07-16,IE00BMC38736,VanEck Semiconductor (Acc),93.14,EUR,2026-07-16T20:59:40.000Z,CONSOLIDATED,2026-09-22T12:30:09.258Z
2026-07-17,IE00BMC38736,VanEck Semiconductor (Acc),91.445,EUR,2026-07-17T20:59:48.000Z,CONSOLIDATED,2026-09-22T12:30:09.258Z
2026-07-20,IE00BMC38736,VanEck Semiconductor (Acc),91.975,EUR,2026-07-20T20:59:58.000Z,CONSOLIDATED,2026-09-22T12:30:09.258Z
2026-07-21,IE00BMC38736,VanEck Semiconductor (Acc),97.795,EUR,2026-07-21T20:59:53.000Z,CONSOLIDATED,2026-09-22T12:30:09.258Z
2026-07-22,IE00BMC38736,VanEck Semiconductor (Acc),97.575,EUR,2026-07-22T20:59:57.000Z,CONSOLIDATED,2026-09-22T12:30:09.258Z
2026-07-23,IE00BMC38736,VanEck Semiconductor (Acc),97.45,EUR,2026-07-23T20:57:42.000Z,CONSOLIDATED,2026-09-22T12:30:09.258Z
2026-07-24,IE00BMC38736,VanEck Semiconductor (Acc),93.33,EUR,2026-07-24T20:51:37.000Z,CONSOLIDATED,2026-09-22T12:30:09.258Z
2026-07-27,IE00BMC38736,VanEck Semiconductor (Acc),90.925,EUR,2026-07-27T20:59:34.000Z,CONSOLIDATED,2026-09-22T12:30:09.258Z
2026-07-28,IE00BMC38736,VanEck Semiconductor (Acc),86.785,EUR,2026-07-28T20:59:55.000Z,CONSOLIDATED,2026-09-22T12:30:09.258Z
2026-07-29,IE00BMC38736,VanEck Semiconductor (Acc),81.44,EUR,2026-07-29T20:59:56.000Z,CONSOLIDATED,2026-09-22T12:30:09.258Z
2026-07-30,IE00BMC38736,VanEck Semiconductor (Acc),89.1,EUR,2026-07-30T20:59:58.000Z,CONSOLIDATED,2026-09-22T12:30:09.258Z
2026-07-31,IE00BMC38736,VanEck Semiconductor (Acc),87.96,EUR,2026-07-31T20:59:58.000Z,CONSOLIDATED,2026-09-22T12:30:09.258Z
2026-08-03,IE00BMC38736,VanEck Semiconductor (Acc),89.205,EUR,2026-08-03T20:59:19.000Z,CONSOLIDATED,2026-09-22T12:30:09.258Z
2026-08-04,IE00BMC38736,VanEck Semiconductor (Acc),92.525,EUR,2026-08-04T20:59:46.000Z,CONSOLIDATED,2026-09-22T12:30:09.258Z
2026-08-05,IE00BMC38736,VanEck Semiconductor (Acc),92.755,EUR,2026-08-05T20:59:45.000Z,CONSOLIDATED,2026-09-22T12:30:09.258Z
2026-08-06,IE00BMC38736,VanEck Semiconductor (Acc),93.245,EUR,2026-08-06T20:59:20.000Z,CONSOLIDATED,2026-09-22T12:30:09.258Z
2026-08-07,IE00BMC38736,VanEck Semiconductor (Acc),94.03,EUR,2026-08-07T20:59:53.000Z,CONSOLIDATED,2026-09-22T12:30:09.258Z
2026-08-10,IE00BMC38736,VanEck Semiconductor (Acc),92.91,EUR,2026-08-10T20:59:09.000Z,CONSOLIDATED,2026-09-22T12:30:09.258Z
2026-08-11,IE00BMC38736,VanEck Semiconductor (Acc),93.05,EUR,2026-08-11T20:59:28.000Z,CONSOLIDATED,2026-09-22T12:30:09.258Z
2026-08-12,IE00BMC38736,VanEck Semiconductor (Acc),95.115,EUR,2026-08-12T20:59:56.000Z,CONSOLIDATED,2026-09-22T12:30:09.258Z
2026-08-13,IE00BMC38736,VanEck Semiconductor (Acc),96.265,EUR,2026-08-13T20:59:54.000Z,CONSOLIDATED,2026-09-22T12:30:09.258Z
2026-08-14,IE00BMC38736,VanEck Semiconductor (Acc),95.475,EUR,2026-08-14T20:58:40.000Z,CONSOLIDATED,2026-09-22T12:30:09.258Z
2026-08-17,IE00BMC38736,VanEck Semiconductor (Acc),97.095,EUR,2026-08-17T20:59:56.000Z,CONSOLIDATED,2026-09-22T12:30:09.258Z
2026-08-18,IE00BMC38736,VanEck Semiconductor (Acc),92.55,EUR,2026-08-18T20:59:45.000Z,CONSOLIDATED,2026-09-22T12:30:09.258Z
2026-08-19,IE00BMC38736,VanEck Semiconductor (Acc),89.92,EUR,2026-08-19T20:59:47.000Z,CONSOLIDATED,2026-09-22T12:30:09.258Z
2026-08-20,IE00BMC38736,VanEck Semiconductor (Acc),90.175,EUR,2026-08-20T20:59:57.000Z,CONSOLIDATED,2026-09-22T12:30:09.258Z
2026-08-21,IE00BMC38736,VanEck Semiconductor (Acc),89.95,EUR,2026-08-21T20:57:57.000Z,CONSOLIDATED,2026-09-22T12:30:09.258Z
2026-08-24,IE00BMC38736,VanEck Semiconductor (Acc),87.695,EUR,2026-08-24T20:58:54.000Z,CONSOLIDATED,2026-09-22T12:30:09.258Z
2026-08-25,IE00BMC38736,VanEck Semiconductor (Acc),89.095,EUR,2026-08-25T20:54:35.000Z,CONSOLIDATED,2026-09-22T12:30:09.258Z
2026-08-26,IE00BMC38736,VanEck Semiconductor (Acc),89.655,EUR,2026-08-26T20:59:55.000Z,CONSOLIDATED,2026-09-22T12:30:09.258Z
2026-08-27,IE00BMC38736,VanEck Semiconductor (Acc),90.905,EUR,2026-08-27T20:58:04.000Z,CONSOLIDATED,2026-09-22T12:30:09.258Z
2026-08-28,IE00BMC38736,VanEck Semiconductor (Acc),89.24,EUR,2026-08-28T20:59:57.000Z,CONSOLIDATED,2026-09-22T12:30:09.258Z
2026-08-31,IE00BMC38736,VanEck Semiconductor (Acc),89.39,EUR,2026-08-31T20:54:30.000Z,CONSOLIDATED,2026-09-22T12:30:09.258Z
2026-09-01,IE00BMC38736,VanEck Semiconductor (Acc),87.895,EUR,2026-09-01T20:57:34.000Z,CONSOLIDATED,2026-09-22T12:30:09.258Z
2026-09-02,IE00BMC38736,VanEck Semiconductor (Acc),88.4,EUR,2026-09-02T20:59:58.000Z,CONSOLIDATED,2026-09-22T12:30:09.258Z
2026-09-03,IE00BMC38736,VanEck Semiconductor (Acc),88.31,EUR,2026-09-03T20:50:07.000Z,CONSOLIDATED,2026-09-22T12:30:09.258Z
2026-09-04,IE00BMC38736,VanEck Semiconductor (Acc),90.925,EUR,2026-09-04T20:03:40.000Z,CONSOLIDATED,2026-09-22T12:30:09.258Z
2026-09-07,IE00BMC38736,VanEck Semiconductor (Acc),92.18,EUR,2026-09-07T20:43:58.000Z,CONSOLIDATED,2026-09-22T12:30:09.258Z
2026-09-08,IE00BMC38736,VanEck Semiconductor (Acc),93.105,EUR,2026-09-08T20:47:00.000Z,CONSOLIDATED,2026-09-22T12:30:09.258Z
2026-09-09,IE00BMC38736,VanEck Semiconductor (Acc),93.17,EUR,2026-09-09T20:59:09.000Z,CONSOLIDATED,2026-09-22T12:30:09.258Z
2026-09-10,IE00BMC38736,VanEck Semiconductor (Acc),90.805,EUR,2026-09-10T20:58:52.000Z,CONSOLIDATED,2026-09-22T12:30:09.258Z
2026-09-11,IE00BMC38736,VanEck Semiconductor (Acc),91.875,EUR,2026-09-11T20:00:07.000Z,CONSOLIDATED,2026-09-22T12:30:09.258Z
2026-09-14,IE00BMC38736,VanEck Semiconductor (Acc),88.05,EUR,2026-09-14T20:59:51.000Z,CONSOLIDATED,2026-09-22T12:30:09.258Z
2026-09-15,IE00BMC38736,VanEck Semiconductor (Acc),87.98,EUR,2026-09-15T20:57:22.000Z,CONSOLIDATED,2026-09-22T12:30:09.258Z
2026-09-16,IE00BMC38736,VanEck Semiconductor (Acc),88.835,EUR,2026-09-16T20:59:53.000Z,CONSOLIDATED,2026-09-22T12:30:09.258Z
2026-09-17,IE00BMC38736,VanEck Semiconductor (Acc),91.915,EUR,2026-09-17T20:59:50.000Z,CONSOLIDATED,2026-09-22T12:30:09.258Z
2026-09-18,IE00BMC38736,VanEck Semiconductor (Acc),93.755,EUR,2026-09-18T20:54:51.000Z,CONSOLIDATED,2026-09-22T12:30:09.258Z
2026-09-21,IE00BMC38736,VanEck Semiconductor (Acc),97.92,EUR,2026-09-21T20:58:56.000Z,CONSOLIDATED,2026-09-22T12:30:09.258Z
2026-01-02,IE00BK5BQT80,Vanguard FTSE All-World (Acc),145.88,EUR,2026-01-02T21:59:30.000Z,CONSOLIDATED,2026-09-22T12:30:09.258Z
2026-01-05,IE00BK5BQT80,Vanguard FTSE All-World (Acc),147,EUR,2026-01-05T21:59:56.000Z,CONSOLIDATED,2026-09-22T12:30:09.258Z
2026-01-06,IE00BK5BQT80,Vanguard FTSE All-World (Acc),148.15,EUR,2026-01-06T21:59:41.000Z,CONSOLIDATED,2026-09-22T12:30:09.258Z
2026-01-07,IE00BK5BQT80,Vanguard FTSE All-World (Acc),147.75,EUR,2026-01-07T21:59:53.000Z,CONSOLIDATED,2026-09-22T12:30:09.258Z
2026-01-08,IE00BK5BQT80,Vanguard FTSE All-World (Acc),148.05,EUR,2026-01-08T21:58:16.000Z,CONSOLIDATED,2026-09-22T12:30:09.258Z
2026-01-09,IE00BK5BQT80,Vanguard FTSE All-World (Acc),149.09,EUR,2026-01-09T21:58:55.000Z,CONSOLIDATED,2026-09-22T12:30:09.258Z
2026-01-12,IE00BK5BQT80,Vanguard FTSE All-World (Acc),149.28,EUR,2026-01-12T21:59:57.000Z,CONSOLIDATED,2026-09-22T12:30:09.258Z
2026-01-13,IE00BK5BQT80,Vanguard FTSE All-World (Acc),149.12,EUR,2026-01-13T21:49:31.000Z,CONSOLIDATED,2026-09-22T12:30:09.258Z
2026-01-14,IE00BK5BQT80,Vanguard FTSE All-World (Acc),148.79,EUR,2026-01-14T21:59:38.000Z,CONSOLIDATED,2026-09-22T12:30:09.258Z
2026-01-15,IE00BK5BQT80,Vanguard FTSE All-World (Acc),149.65,EUR,2026-01-15T21:57:36.000Z,CONSOLIDATED,2026-09-22T12:30:09.258Z
2026-01-16,IE00BK5BQT80,Vanguard FTSE All-World (Acc),149.79,EUR,2026-01-16T21:59:40.000Z,CONSOLIDATED,2026-09-22T12:30:09.258Z
2026-01-19,IE00BK5BQT80,Vanguard FTSE All-World (Acc),148.18,EUR,2026-01-19T21:52:54.000Z,CONSOLIDATED,2026-09-22T12:30:09.258Z
2026-01-20,IE00BK5BQT80,Vanguard FTSE All-World (Acc),145.6,EUR,2026-01-20T21:58:09.000Z,CONSOLIDATED,2026-09-22T12:30:09.258Z
2026-01-21,IE00BK5BQT80,Vanguard FTSE All-World (Acc),147.95,EUR,2026-01-21T21:59:27.000Z,CONSOLIDATED,2026-09-22T12:30:09.258Z
2026-01-22,IE00BK5BQT80,Vanguard FTSE All-World (Acc),147.58,EUR,2026-01-22T21:59:58.000Z,CONSOLIDATED,2026-09-22T12:30:09.258Z
2026-01-23,IE00BK5BQT80,Vanguard FTSE All-World (Acc),146.94,EUR,2026-01-23T21:59:46.000Z,CONSOLIDATED,2026-09-22T12:30:09.258Z
2026-01-26,IE00BK5BQT80,Vanguard FTSE All-World (Acc),147.14,EUR,2026-01-26T21:59:13.000Z,CONSOLIDATED,2026-09-22T12:30:09.258Z
2026-01-27,IE00BK5BQT80,Vanguard FTSE All-World (Acc),146.5,EUR,2026-01-27T21:59:51.000Z,CONSOLIDATED,2026-09-22T12:30:09.258Z
2026-01-28,IE00BK5BQT80,Vanguard FTSE All-World (Acc),147.47,EUR,2026-01-28T21:59:40.000Z,CONSOLIDATED,2026-09-22T12:30:09.258Z
2026-01-29,IE00BK5BQT80,Vanguard FTSE All-World (Acc),147.05,EUR,2026-01-29T21:59:30.000Z,CONSOLIDATED,2026-09-22T12:30:09.258Z
2026-01-30,IE00BK5BQT80,Vanguard FTSE All-World (Acc),147.34,EUR,2026-01-30T21:58:36.000Z,CONSOLIDATED,2026-09-22T12:30:09.258Z
2026-02-02,IE00BK5BQT80,Vanguard FTSE All-World (Acc),148.83,EUR,2026-02-02T21:59:52.000Z,CONSOLIDATED,2026-09-22T12:30:09.258Z
2026-02-03,IE00BK5BQT80,Vanguard FTSE All-World (Acc),147.64,EUR,2026-02-03T21:59:09.000Z,CONSOLIDATED,2026-09-22T12:30:09.258Z
2026-02-04,IE00BK5BQT80,Vanguard FTSE All-World (Acc),147.76,EUR,2026-02-04T21:59:32.000Z,CONSOLIDATED,2026-09-22T12:30:09.258Z
2026-02-05,IE00BK5BQT80,Vanguard FTSE All-World (Acc),145.66,EUR,2026-02-05T21:59:42.000Z,CONSOLIDATED,2026-09-22T12:30:09.258Z
2026-02-06,IE00BK5BQT80,Vanguard FTSE All-World (Acc),148.38,EUR,2026-02-06T21:59:47.000Z,CONSOLIDATED,2026-09-22T12:30:09.258Z
2026-02-09,IE00BK5BQT80,Vanguard FTSE All-World (Acc),148.31,EUR,2026-02-09T21:59:31.000Z,CONSOLIDATED,2026-09-22T12:30:09.258Z
2026-02-10,IE00BK5BQT80,Vanguard FTSE All-World (Acc),148.53,EUR,2026-02-10T21:55:33.000Z,CONSOLIDATED,2026-09-22T12:30:09.258Z
2026-02-11,IE00BK5BQT80,Vanguard FTSE All-World (Acc),149.35,EUR,2026-02-11T21:59:44.000Z,CONSOLIDATED,2026-09-22T12:30:09.258Z
2026-02-12,IE00BK5BQT80,Vanguard FTSE All-World (Acc),147.48,EUR,2026-02-12T21:59:28.000Z,CONSOLIDATED,2026-09-22T12:30:09.258Z
2026-02-13,IE00BK5BQT80,Vanguard FTSE All-World (Acc),147.33,EUR,2026-02-13T21:59:48.000Z,CONSOLIDATED,2026-09-22T12:30:09.258Z
2026-02-16,IE00BK5BQT80,Vanguard FTSE All-World (Acc),147.62,EUR,2026-02-16T21:58:59.000Z,CONSOLIDATED,2026-09-22T12:30:09.258Z
2026-02-17,IE00BK5BQT80,Vanguard FTSE All-World (Acc),147.8,EUR,2026-02-17T21:59:52.000Z,CONSOLIDATED,2026-09-22T12:30:09.258Z
2026-02-18,IE00BK5BQT80,Vanguard FTSE All-World (Acc),149.29,EUR,2026-02-18T21:59:41.000Z,CONSOLIDATED,2026-09-22T12:30:09.258Z
2026-02-19,IE00BK5BQT80,Vanguard FTSE All-World (Acc),149.12,EUR,2026-02-19T21:59:47.000Z,CONSOLIDATED,2026-09-22T12:30:09.258Z
2026-02-20,IE00BK5BQT80,Vanguard FTSE All-World (Acc),150.23,EUR,2026-02-20T21:55:46.000Z,CONSOLIDATED,2026-09-22T12:30:09.258Z
2026-02-23,IE00BK5BQT80,Vanguard FTSE All-World (Acc),149.06,EUR,2026-02-23T21:58:13.000Z,CONSOLIDATED,2026-09-22T12:30:09.258Z
2026-02-24,IE00BK5BQT80,Vanguard FTSE All-World (Acc),150.16,EUR,2026-02-24T21:50:35.000Z,CONSOLIDATED,2026-09-22T12:30:09.258Z
2026-02-25,IE00BK5BQT80,Vanguard FTSE All-World (Acc),151.42,EUR,2026-02-25T21:59:42.000Z,CONSOLIDATED,2026-09-22T12:30:09.258Z
2026-02-26,IE00BK5BQT80,Vanguard FTSE All-World (Acc),150.39,EUR,2026-02-26T21:58:11.000Z,CONSOLIDATED,2026-09-22T12:30:09.258Z
2026-02-27,IE00BK5BQT80,Vanguard FTSE All-World (Acc),149.78,EUR,2026-02-27T21:59:52.000Z,CONSOLIDATED,2026-09-22T12:30:09.258Z
2026-03-02,IE00BK5BQT80,Vanguard FTSE All-World (Acc),150.32,EUR,2026-03-02T21:50:41.000Z,CONSOLIDATED,2026-09-22T12:30:09.258Z
2026-03-03,IE00BK5BQT80,Vanguard FTSE All-World (Acc),148.29,EUR,2026-03-03T21:52:41.000Z,CONSOLIDATED,2026-09-22T12:30:09.258Z
2026-03-04,IE00BK5BQT80,Vanguard FTSE All-World (Acc),149.44,EUR,2026-03-04T21:59:44.000Z,CONSOLIDATED,2026-09-22T12:30:09.258Z
2026-03-05,IE00BK5BQT80,Vanguard FTSE All-World (Acc),147.99,EUR,2026-03-05T21:59:43.000Z,CONSOLIDATED,2026-09-22T12:30:09.258Z
2026-03-06,IE00BK5BQT80,Vanguard FTSE All-World (Acc),146.47,EUR,2026-03-06T21:59:34.000Z,CONSOLIDATED,2026-09-22T12:30:09.258Z
2026-03-09,IE00BK5BQT80,Vanguard FTSE All-World (Acc),147.55,EUR,2026-03-09T21:59:10.000Z,CONSOLIDATED,2026-09-22T12:30:09.258Z
2026-03-10,IE00BK5BQT80,Vanguard FTSE All-World (Acc),148.03,EUR,2026-03-10T21:57:37.000Z,CONSOLIDATED,2026-09-22T12:30:09.258Z
2026-03-11,IE00BK5BQT80,Vanguard FTSE All-World (Acc),147.84,EUR,2026-03-11T21:59:33.000Z,CONSOLIDATED,2026-09-22T12:30:09.258Z
2026-03-12,IE00BK5BQT80,Vanguard FTSE All-World (Acc),146.57,EUR,2026-03-12T21:58:55.000Z,CONSOLIDATED,2026-09-22T12:30:09.258Z
2026-03-13,IE00BK5BQT80,Vanguard FTSE All-World (Acc),146.33,EUR,2026-03-13T21:59:57.000Z,CONSOLIDATED,2026-09-22T12:30:09.258Z
2026-03-16,IE00BK5BQT80,Vanguard FTSE All-World (Acc),147.22,EUR,2026-03-16T21:40:43.000Z,CONSOLIDATED,2026-09-22T12:30:09.258Z
2026-03-17,IE00BK5BQT80,Vanguard FTSE All-World (Acc),147.64,EUR,2026-03-17T21:55:39.000Z,CONSOLIDATED,2026-09-22T12:30:09.258Z
2026-03-18,IE00BK5BQT80,Vanguard FTSE All-World (Acc),146.14,EUR,2026-03-18T21:54:59.000Z,CONSOLIDATED,2026-09-22T12:30:09.258Z
2026-03-19,IE00BK5BQT80,Vanguard FTSE All-World (Acc),144.75,EUR,2026-03-19T21:59:40.000Z,CONSOLIDATED,2026-09-22T12:30:09.258Z
2026-03-20,IE00BK5BQT80,Vanguard FTSE All-World (Acc),142.18,EUR,2026-03-20T21:59:56.000Z,CONSOLIDATED,2026-09-22T12:30:09.258Z
2026-03-23,IE00BK5BQT80,Vanguard FTSE All-World (Acc),143.39,EUR,2026-03-23T21:59:54.000Z,CONSOLIDATED,2026-09-22T12:30:09.258Z
2026-03-24,IE00BK5BQT80,Vanguard FTSE All-World (Acc),143.76,EUR,2026-03-24T21:59:00.000Z,CONSOLIDATED,2026-09-22T12:30:09.258Z
2026-03-25,IE00BK5BQT80,Vanguard FTSE All-World (Acc),144.63,EUR,2026-03-25T21:59:24.000Z,CONSOLIDATED,2026-09-22T12:30:09.258Z
2026-03-26,IE00BK5BQT80,Vanguard FTSE All-World (Acc),142.28,EUR,2026-03-26T21:59:55.000Z,CONSOLIDATED,2026-09-22T12:30:09.258Z
2026-03-27,IE00BK5BQT80,Vanguard FTSE All-World (Acc),140.12,EUR,2026-03-27T21:59:53.000Z,CONSOLIDATED,2026-09-22T12:30:09.258Z
2026-03-30,IE00BK5BQT80,Vanguard FTSE All-World (Acc),140.58,EUR,2026-03-30T20:59:59.000Z,CONSOLIDATED,2026-09-22T12:30:09.258Z
2026-03-31,IE00BK5BQT80,Vanguard FTSE All-World (Acc),143.63,EUR,2026-03-31T20:59:58.000Z,CONSOLIDATED,2026-09-22T12:30:09.258Z
2026-04-01,IE00BK5BQT80,Vanguard FTSE All-World (Acc),144.65,EUR,2026-04-01T20:59:56.000Z,CONSOLIDATED,2026-09-22T12:30:09.258Z
2026-04-02,IE00BK5BQT80,Vanguard FTSE All-World (Acc),144.98,EUR,2026-04-02T20:58:08.000Z,CONSOLIDATED,2026-09-22T12:30:09.258Z
2026-04-07,IE00BK5BQT80,Vanguard FTSE All-World (Acc),145.08,EUR,2026-04-07T20:59:57.000Z,CONSOLIDATED,2026-09-22T12:30:09.258Z
2026-04-08,IE00BK5BQT80,Vanguard FTSE All-World (Acc),148.62,EUR,2026-04-08T20:59:58.000Z,CONSOLIDATED,2026-09-22T12:30:09.258Z
2026-04-09,IE00BK5BQT80,Vanguard FTSE All-World (Acc),148.58,EUR,2026-04-09T20:59:50.000Z,CONSOLIDATED,2026-09-22T12:30:09.258Z
2026-04-10,IE00BK5BQT80,Vanguard FTSE All-World (Acc),148.64,EUR,2026-04-10T20:59:56.000Z,CONSOLIDATED,2026-09-22T12:30:09.258Z
2026-04-13,IE00BK5BQT80,Vanguard FTSE All-World (Acc),149.41,EUR,2026-04-13T20:59:59.000Z,CONSOLIDATED,2026-09-22T12:30:09.258Z
2026-04-14,IE00BK5BQT80,Vanguard FTSE All-World (Acc),150.54,EUR,2026-04-14T20:58:44.000Z,CONSOLIDATED,2026-09-22T12:30:09.258Z
2026-04-15,IE00BK5BQT80,Vanguard FTSE All-World (Acc),151.18,EUR,2026-04-15T20:55:38.000Z,CONSOLIDATED,2026-09-22T12:30:09.258Z
2026-04-16,IE00BK5BQT80,Vanguard FTSE All-World (Acc),151.69,EUR,2026-04-16T20:58:02.000Z,CONSOLIDATED,2026-09-22T12:30:09.258Z
2026-04-17,IE00BK5BQT80,Vanguard FTSE All-World (Acc),153.87,EUR,2026-04-17T20:59:49.000Z,CONSOLIDATED,2026-09-22T12:30:09.258Z
2026-04-20,IE00BK5BQT80,Vanguard FTSE All-World (Acc),153.11,EUR,2026-04-20T20:56:23.000Z,CONSOLIDATED,2026-09-22T12:30:09.258Z
2026-04-21,IE00BK5BQT80,Vanguard FTSE All-World (Acc),152.53,EUR,2026-04-21T20:59:50.000Z,CONSOLIDATED,2026-09-22T12:30:09.258Z
2026-04-22,IE00BK5BQT80,Vanguard FTSE All-World (Acc),153.72,EUR,2026-04-22T20:59:56.000Z,CONSOLIDATED,2026-09-22T12:30:09.258Z
2026-04-23,IE00BK5BQT80,Vanguard FTSE All-World (Acc),153.05,EUR,2026-04-23T20:59:00.000Z,CONSOLIDATED,2026-09-22T12:30:09.258Z
2026-04-24,IE00BK5BQT80,Vanguard FTSE All-World (Acc),153.88,EUR,2026-04-24T20:59:53.000Z,CONSOLIDATED,2026-09-22T12:30:09.258Z
2026-04-27,IE00BK5BQT80,Vanguard FTSE All-World (Acc),153.98,EUR,2026-04-27T20:57:13.000Z,CONSOLIDATED,2026-09-22T12:30:09.258Z
2026-04-28,IE00BK5BQT80,Vanguard FTSE All-World (Acc),153.26,EUR,2026-04-28T20:59:40.000Z,CONSOLIDATED,2026-09-22T12:30:09.258Z
2026-04-29,IE00BK5BQT80,Vanguard FTSE All-World (Acc),152.95,EUR,2026-04-29T20:59:49.000Z,CONSOLIDATED,2026-09-22T12:30:09.258Z
2026-04-30,IE00BK5BQT80,Vanguard FTSE All-World (Acc),154.82,EUR,2026-04-30T20:59:52.000Z,CONSOLIDATED,2026-09-22T12:30:09.258Z
2026-05-04,IE00BK5BQT80,Vanguard FTSE All-World (Acc),154.66,EUR,2026-05-04T20:55:22.000Z,CONSOLIDATED,2026-09-22T12:30:09.258Z
2026-05-05,IE00BK5BQT80,Vanguard FTSE All-World (Acc),156.41,EUR,2026-05-05T20:59:56.000Z,CONSOLIDATED,2026-09-22T12:30:09.258Z
2026-05-06,IE00BK5BQT80,Vanguard FTSE All-World (Acc),158.52,EUR,2026-05-06T20:59:54.000Z,CONSOLIDATED,2026-09-22T12:30:09.258Z
2026-05-07,IE00BK5BQT80,Vanguard FTSE All-World (Acc),157.48,EUR,2026-05-07T20:59:57.000Z,CONSOLIDATED,2026-09-22T12:30:09.258Z
2026-05-08,IE00BK5BQT80,Vanguard FTSE All-World (Acc),158.2,EUR,2026-05-08T20:59:42.000Z,CONSOLIDATED,2026-09-22T12:30:09.258Z
2026-05-11,IE00BK5BQT80,Vanguard FTSE All-World (Acc),158.45,EUR,2026-05-11T20:59:42.000Z,CONSOLIDATED,2026-09-22T12:30:09.258Z
2026-05-12,IE00BK5BQT80,Vanguard FTSE All-World (Acc),158.03,EUR,2026-05-12T20:59:46.000Z,CONSOLIDATED,2026-09-22T12:30:09.258Z
2026-05-13,IE00BK5BQT80,Vanguard FTSE All-World (Acc),159.87,EUR,2026-05-13T20:59:59.000Z,CONSOLIDATED,2026-09-22T12:30:09.258Z
2026-05-14,IE00BK5BQT80,Vanguard FTSE All-World (Acc),161.07,EUR,2026-05-14T20:52:41.000Z,CONSOLIDATED,2026-09-22T12:30:09.258Z
2026-05-15,IE00BK5BQT80,Vanguard FTSE All-World (Acc),158.85,EUR,2026-05-15T20:59:51.000Z,CONSOLIDATED,2026-09-22T12:30:09.258Z
2026-05-18,IE00BK5BQT80,Vanguard FTSE All-World (Acc),158.59,EUR,2026-05-18T20:58:32.000Z,CONSOLIDATED,2026-09-22T12:30:09.258Z
2026-05-19,IE00BK5BQT80,Vanguard FTSE All-World (Acc),158.37,EUR,2026-05-19T20:59:58.000Z,CONSOLIDATED,2026-09-22T12:30:09.258Z
2026-05-20,IE00BK5BQT80,Vanguard FTSE All-World (Acc),159.71,EUR,2026-05-20T20:58:43.000Z,CONSOLIDATED,2026-09-22T12:30:09.258Z
2026-05-21,IE00BK5BQT80,Vanguard FTSE All-World (Acc),160.59,EUR,2026-05-21T20:59:55.000Z,CONSOLIDATED,2026-09-22T12:30:09.258Z
2026-05-22,IE00BK5BQT80,Vanguard FTSE All-World (Acc),161.09,EUR,2026-05-22T20:59:51.000Z,CONSOLIDATED,2026-09-22T12:30:09.258Z
2026-05-25,IE00BK5BQT80,Vanguard FTSE All-World (Acc),162.97,EUR,2026-05-25T20:59:12.000Z,CONSOLIDATED,2026-09-22T12:30:09.258Z
2026-05-26,IE00BK5BQT80,Vanguard FTSE All-World (Acc),162.7,EUR,2026-05-26T20:59:46.000Z,CONSOLIDATED,2026-09-22T12:30:09.258Z
2026-05-27,IE00BK5BQT80,Vanguard FTSE All-World (Acc),162.87,EUR,2026-05-27T20:59:55.000Z,CONSOLIDATED,2026-09-22T12:30:09.258Z
2026-05-28,IE00BK5BQT80,Vanguard FTSE All-World (Acc),163.13,EUR,2026-05-28T20:58:31.000Z,CONSOLIDATED,2026-09-22T12:30:09.258Z
2026-05-29,IE00BK5BQT80,Vanguard FTSE All-World (Acc),163.1,EUR,2026-05-29T20:59:37.000Z,CONSOLIDATED,2026-09-22T12:30:09.258Z
2026-06-01,IE00BK5BQT80,Vanguard FTSE All-World (Acc),164.16,EUR,2026-06-01T20:59:49.000Z,CONSOLIDATED,2026-09-22T12:30:09.258Z
2026-06-02,IE00BK5BQT80,Vanguard FTSE All-World (Acc),165.07,EUR,2026-06-02T20:57:57.000Z,CONSOLIDATED,2026-09-22T12:30:09.258Z
2026-06-03,IE00BK5BQT80,Vanguard FTSE All-World (Acc),163.72,EUR,2026-06-03T20:59:53.000Z,CONSOLIDATED,2026-09-22T12:30:09.258Z
2026-06-04,IE00BK5BQT80,Vanguard FTSE All-World (Acc),164.08,EUR,2026-06-04T20:59:57.000Z,CONSOLIDATED,2026-09-22T12:30:09.258Z
2026-06-05,IE00BK5BQT80,Vanguard FTSE All-World (Acc),159.99,EUR,2026-06-05T20:59:52.000Z,CONSOLIDATED,2026-09-22T12:30:09.258Z
2026-06-08,IE00BK5BQT80,Vanguard FTSE All-World (Acc),161.07,EUR,2026-06-08T20:57:47.000Z,CONSOLIDATED,2026-09-22T12:30:09.258Z
2026-06-09,IE00BK5BQT80,Vanguard FTSE All-World (Acc),160.61,EUR,2026-06-09T20:59:41.000Z,CONSOLIDATED,2026-09-22T12:30:09.258Z
2026-06-10,IE00BK5BQT80,Vanguard FTSE All-World (Acc),158.18,EUR,2026-06-10T20:59:44.000Z,CONSOLIDATED,2026-09-22T12:30:09.258Z
2026-06-11,IE00BK5BQT80,Vanguard FTSE All-World (Acc),161.55,EUR,2026-06-11T20:59:40.000Z,CONSOLIDATED,2026-09-22T12:30:09.258Z
2026-06-12,IE00BK5BQT80,Vanguard FTSE All-World (Acc),162.5,EUR,2026-06-12T20:59:58.000Z,CONSOLIDATED,2026-09-22T12:30:09.258Z
2026-06-15,IE00BK5BQT80,Vanguard FTSE All-World (Acc),164.76,EUR,2026-06-15T20:59:56.000Z,CONSOLIDATED,2026-09-22T12:30:09.258Z
2026-06-16,IE00BK5BQT80,Vanguard FTSE All-World (Acc),163.57,EUR,2026-06-16T20:59:59.000Z,CONSOLIDATED,2026-09-22T12:30:09.258Z
2026-06-17,IE00BK5BQT80,Vanguard FTSE All-World (Acc),164.25,EUR,2026-06-17T20:59:57.000Z,CONSOLIDATED,2026-09-22T12:30:09.258Z
2026-06-18,IE00BK5BQT80,Vanguard FTSE All-World (Acc),166.28,EUR,2026-06-18T20:59:58.000Z,CONSOLIDATED,2026-09-22T12:30:09.258Z
2026-06-19,IE00BK5BQT80,Vanguard FTSE All-World (Acc),165.33,EUR,2026-06-19T20:59:39.000Z,CONSOLIDATED,2026-09-22T12:30:09.258Z
2026-06-22,IE00BK5BQT80,Vanguard FTSE All-World (Acc),166.31,EUR,2026-06-22T20:59:16.000Z,CONSOLIDATED,2026-09-22T12:30:09.258Z
2026-06-23,IE00BK5BQT80,Vanguard FTSE All-World (Acc),163.87,EUR,2026-06-23T20:59:50.000Z,CONSOLIDATED,2026-09-22T12:30:09.258Z
2026-06-24,IE00BK5BQT80,Vanguard FTSE All-World (Acc),164.55,EUR,2026-06-24T20:59:40.000Z,CONSOLIDATED,2026-09-22T12:30:09.258Z
2026-06-25,IE00BK5BQT80,Vanguard FTSE All-World (Acc),164.28,EUR,2026-06-25T20:59:57.000Z,CONSOLIDATED,2026-09-22T12:30:09.258Z
2026-06-26,IE00BK5BQT80,Vanguard FTSE All-World (Acc),163.4,EUR,2026-06-26T20:59:42.000Z,CONSOLIDATED,2026-09-22T12:30:09.258Z
2026-06-29,IE00BK5BQT80,Vanguard FTSE All-World (Acc),164.12,EUR,2026-06-29T20:59:31.000Z,CONSOLIDATED,2026-09-22T12:30:09.258Z
2026-06-30,IE00BK5BQT80,Vanguard FTSE All-World (Acc),165.42,EUR,2026-06-30T20:59:26.000Z,CONSOLIDATED,2026-09-22T12:30:09.258Z
2026-07-01,IE00BK5BQT80,Vanguard FTSE All-World (Acc),165.33,EUR,2026-07-01T20:59:40.000Z,CONSOLIDATED,2026-09-22T12:30:09.258Z
2026-07-02,IE00BK5BQT80,Vanguard FTSE All-World (Acc),164.85,EUR,2026-07-02T20:59:40.000Z,CONSOLIDATED,2026-09-22T12:30:09.258Z
2026-07-03,IE00BK5BQT80,Vanguard FTSE All-World (Acc),165.93,EUR,2026-07-03T20:58:47.000Z,CONSOLIDATED,2026-09-22T12:30:09.258Z
2026-07-06,IE00BK5BQT80,Vanguard FTSE All-World (Acc),166.65,EUR,2026-07-06T20:59:21.000Z,CONSOLIDATED,2026-09-22T12:30:09.258Z
2026-07-07,IE00BK5BQT80,Vanguard FTSE All-World (Acc),165.39,EUR,2026-07-07T20:59:15.000Z,CONSOLIDATED,2026-09-22T12:30:09.258Z
2026-07-08,IE00BK5BQT80,Vanguard FTSE All-World (Acc),164.61,EUR,2026-07-08T20:59:58.000Z,CONSOLIDATED,2026-09-22T12:30:09.258Z
2026-07-09,IE00BK5BQT80,Vanguard FTSE All-World (Acc),165.97,EUR,2026-07-09T20:59:58.000Z,CONSOLIDATED,2026-09-22T12:30:09.258Z
2026-07-10,IE00BK5BQT80,Vanguard FTSE All-World (Acc),166.87,EUR,2026-07-10T20:56:04.000Z,CONSOLIDATED,2026-09-22T12:30:09.258Z
2026-07-13,IE00BK5BQT80,Vanguard FTSE All-World (Acc),165.38,EUR,2026-07-13T20:59:41.000Z,CONSOLIDATED,2026-09-22T12:30:09.258Z
2026-07-14,IE00BK5BQT80,Vanguard FTSE All-World (Acc),165.97,EUR,2026-07-14T20:54:31.000Z,CONSOLIDATED,2026-09-22T12:30:09.258Z
2026-07-15,IE00BK5BQT80,Vanguard FTSE All-World (Acc),165.64,EUR,2026-07-15T20:53:39.000Z,CONSOLIDATED,2026-09-22T12:30:09.258Z
2026-07-16,IE00BK5BQT80,Vanguard FTSE All-World (Acc),164.75,EUR,2026-07-16T20:59:28.000Z,CONSOLIDATED,2026-09-22T12:30:09.258Z
2026-07-17,IE00BK5BQT80,Vanguard FTSE All-World (Acc),163.43,EUR,2026-07-17T20:58:33.000Z,CONSOLIDATED,2026-09-22T12:30:09.258Z
2026-07-20,IE00BK5BQT80,Vanguard FTSE All-World (Acc),163.34,EUR,2026-07-20T20:59:47.000Z,CONSOLIDATED,2026-09-22T12:30:09.258Z
2026-07-21,IE00BK5BQT80,Vanguard FTSE All-World (Acc),165.33,EUR,2026-07-21T20:59:36.000Z,CONSOLIDATED,2026-09-22T12:30:09.258Z
2026-07-22,IE00BK5BQT80,Vanguard FTSE All-World (Acc),165.07,EUR,2026-07-22T20:59:03.000Z,CONSOLIDATED,2026-09-22T12:30:09.258Z
2026-07-23,IE00BK5BQT80,Vanguard FTSE All-World (Acc),163.75,EUR,2026-07-23T20:59:28.000Z,CONSOLIDATED,2026-09-22T12:30:09.258Z
2026-07-24,IE00BK5BQT80,Vanguard FTSE All-World (Acc),163.61,EUR,2026-07-24T20:58:17.000Z,CONSOLIDATED,2026-09-22T12:30:09.258Z
2026-07-27,IE00BK5BQT80,Vanguard FTSE All-World (Acc),164.02,EUR,2026-07-27T20:59:41.000Z,CONSOLIDATED,2026-09-22T12:30:09.258Z
2026-07-28,IE00BK5BQT80,Vanguard FTSE All-World (Acc),163.88,EUR,2026-07-28T20:58:44.000Z,CONSOLIDATED,2026-09-22T12:30:09.258Z
2026-07-29,IE00BK5BQT80,Vanguard FTSE All-World (Acc),160.53,EUR,2026-07-29T20:59:56.000Z,CONSOLIDATED,2026-09-22T12:30:09.258Z
2026-07-30,IE00BK5BQT80,Vanguard FTSE All-World (Acc),163.15,EUR,2026-07-30T20:59:43.000Z,CONSOLIDATED,2026-09-22T12:30:09.258Z
2026-07-31,IE00BK5BQT80,Vanguard FTSE All-World (Acc),163.75,EUR,2026-07-31T20:59:58.000Z,CONSOLIDATED,2026-09-22T12:30:09.258Z
2026-08-03,IE00BK5BQT80,Vanguard FTSE All-World (Acc),165.58,EUR,2026-08-03T20:59:17.000Z,CONSOLIDATED,2026-09-22T12:30:09.258Z
2026-08-04,IE00BK5BQT80,Vanguard FTSE All-World (Acc),168.14,EUR,2026-08-04T20:59:56.000Z,CONSOLIDATED,2026-09-22T12:30:09.258Z
2026-08-05,IE00BK5BQT80,Vanguard FTSE All-World (Acc),167.79,EUR,2026-08-05T20:59:41.000Z,CONSOLIDATED,2026-09-22T12:30:09.258Z
2026-08-06,IE00BK5BQT80,Vanguard FTSE All-World (Acc),167.78,EUR,2026-08-06T20:58:54.000Z,CONSOLIDATED,2026-09-22T12:30:09.258Z
2026-08-07,IE00BK5BQT80,Vanguard FTSE All-World (Acc),168.51,EUR,2026-08-07T20:59:05.000Z,CONSOLIDATED,2026-09-22T12:30:09.258Z
2026-08-10,IE00BK5BQT80,Vanguard FTSE All-World (Acc),168.4,EUR,2026-08-10T20:59:22.000Z,CONSOLIDATED,2026-09-22T12:30:09.258Z
2026-08-11,IE00BK5BQT80,Vanguard FTSE All-World (Acc),168.22,EUR,2026-08-11T20:58:42.000Z,CONSOLIDATED,2026-09-22T12:30:09.258Z
2026-08-12,IE00BK5BQT80,Vanguard FTSE All-World (Acc),169.12,EUR,2026-08-12T20:59:50.000Z,CONSOLIDATED,2026-09-22T12:30:09.258Z
2026-08-13,IE00BK5BQT80,Vanguard FTSE All-World (Acc),170.14,EUR,2026-08-13T20:59:55.000Z,CONSOLIDATED,2026-09-22T12:30:09.258Z
2026-08-14,IE00BK5BQT80,Vanguard FTSE All-World (Acc),169.18,EUR,2026-08-14T20:58:46.000Z,CONSOLIDATED,2026-09-22T12:30:09.258Z
2026-08-17,IE00BK5BQT80,Vanguard FTSE All-World (Acc),168.63,EUR,2026-08-17T20:59:52.000Z,CONSOLIDATED,2026-09-22T12:30:09.258Z
2026-08-18,IE00BK5BQT80,Vanguard FTSE All-World (Acc),166.99,EUR,2026-08-18T20:57:49.000Z,CONSOLIDATED,2026-09-22T12:30:09.258Z
2026-08-19,IE00BK5BQT80,Vanguard FTSE All-World (Acc),166.18,EUR,2026-08-19T20:59:38.000Z,CONSOLIDATED,2026-09-22T12:30:09.258Z
2026-08-20,IE00BK5BQT80,Vanguard FTSE All-World (Acc),165.28,EUR,2026-08-20T20:59:47.000Z,CONSOLIDATED,2026-09-22T12:30:09.258Z
2026-08-21,IE00BK5BQT80,Vanguard FTSE All-World (Acc),166.22,EUR,2026-08-21T20:59:46.000Z,CONSOLIDATED,2026-09-22T12:30:09.258Z
2026-08-24,IE00BK5BQT80,Vanguard FTSE All-World (Acc),165.81,EUR,2026-08-24T20:57:20.000Z,CONSOLIDATED,2026-09-22T12:30:09.258Z
2026-08-25,IE00BK5BQT80,Vanguard FTSE All-World (Acc),166.4,EUR,2026-08-25T20:57:58.000Z,CONSOLIDATED,2026-09-22T12:30:09.258Z
2026-08-26,IE00BK5BQT80,Vanguard FTSE All-World (Acc),166.81,EUR,2026-08-26T20:58:37.000Z,CONSOLIDATED,2026-09-22T12:30:09.258Z
2026-08-27,IE00BK5BQT80,Vanguard FTSE All-World (Acc),167.36,EUR,2026-08-27T20:59:43.000Z,CONSOLIDATED,2026-09-22T12:30:09.258Z
2026-08-28,IE00BK5BQT80,Vanguard FTSE All-World (Acc),167.75,EUR,2026-08-28T20:59:01.000Z,CONSOLIDATED,2026-09-22T12:30:09.258Z
2026-08-31,IE00BK5BQT80,Vanguard FTSE All-World (Acc),167.03,EUR,2026-08-31T20:59:19.000Z,CONSOLIDATED,2026-09-22T12:30:09.258Z
2026-09-01,IE00BK5BQT80,Vanguard FTSE All-World (Acc),166.09,EUR,2026-09-01T20:58:16.000Z,CONSOLIDATED,2026-09-22T12:30:09.258Z
2026-09-02,IE00BK5BQT80,Vanguard FTSE All-World (Acc),166.78,EUR,2026-09-02T20:59:30.000Z,CONSOLIDATED,2026-09-22T12:30:09.258Z
2026-09-03,IE00BK5BQT80,Vanguard FTSE All-World (Acc),167.87,EUR,2026-09-03T20:52:25.000Z,CONSOLIDATED,2026-09-22T12:30:09.258Z
2026-09-04,IE00BK5BQT80,Vanguard FTSE All-World (Acc),168.15,EUR,2026-09-04T20:57:03.000Z,CONSOLIDATED,2026-09-22T12:30:09.258Z
2026-09-07,IE00BK5BQT80,Vanguard FTSE All-World (Acc),167.94,EUR,2026-09-07T20:54:58.000Z,CONSOLIDATED,2026-09-22T12:30:09.258Z
2026-09-08,IE00BK5BQT80,Vanguard FTSE All-World (Acc),167.43,EUR,2026-09-08T20:59:48.000Z,CONSOLIDATED,2026-09-22T12:30:09.258Z
2026-09-09,IE00BK5BQT80,Vanguard FTSE All-World (Acc),166.34,EUR,2026-09-09T20:59:47.000Z,CONSOLIDATED,2026-09-22T12:30:09.258Z
2026-09-10,IE00BK5BQT80,Vanguard FTSE All-World (Acc),165.14,EUR,2026-09-10T20:59:35.000Z,CONSOLIDATED,2026-09-22T12:30:09.258Z
2026-09-11,IE00BK5BQT80,Vanguard FTSE All-World (Acc),166.68,EUR,2026-09-11T20:59:06.000Z,CONSOLIDATED,2026-09-22T12:30:09.258Z
2026-09-14,IE00BK5BQT80,Vanguard FTSE All-World (Acc),166.34,EUR,2026-09-14T20:56:06.000Z,CONSOLIDATED,2026-09-22T12:30:09.258Z
2026-09-15,IE00BK5BQT80,Vanguard FTSE All-World (Acc),165.45,EUR,2026-09-15T20:58:47.000Z,CONSOLIDATED,2026-09-22T12:30:09.258Z
2026-09-16,IE00BK5BQT80,Vanguard FTSE All-World (Acc),165.96,EUR,2026-09-16T20:59:54.000Z,CONSOLIDATED,2026-09-22T12:30:09.258Z
2026-09-17,IE00BK5BQT80,Vanguard FTSE All-World (Acc),167.75,EUR,2026-09-17T20:56:15.000Z,CONSOLIDATED,2026-09-22T12:30:09.258Z
2026-09-18,IE00BK5BQT80,Vanguard FTSE All-World (Acc),167.32,EUR,2026-09-18T20:59:49.000Z,CONSOLIDATED,2026-09-22T12:30:09.258Z
2026-09-21,IE00BK5BQT80,Vanguard FTSE All-World (Acc),170.08,EUR,2026-09-21T20:58:44.000Z,CONSOLIDATED,2026-09-22T12:30:09.258Z
2026-01-02,DK0061539921,Vestas Wind Systems,23.92,EUR,2026-01-02T21:58:48.000Z,CONSOLIDATED,2026-09-22T12:30:11.104Z
2026-01-05,DK0061539921,Vestas Wind Systems,24.57,EUR,2026-01-05T21:12:38.000Z,CONSOLIDATED,2026-09-22T12:30:11.104Z
2026-01-06,DK0061539921,Vestas Wind Systems,25.05,EUR,2026-01-06T20:58:01.000Z,CONSOLIDATED,2026-09-22T12:30:11.104Z
2026-01-07,DK0061539921,Vestas Wind Systems,24.895,EUR,2026-01-07T21:00:03.000Z,CONSOLIDATED,2026-09-22T12:30:11.104Z
2026-01-08,DK0061539921,Vestas Wind Systems,24.295,EUR,2026-01-08T21:00:04.000Z,CONSOLIDATED,2026-09-22T12:30:11.104Z
2026-01-09,DK0061539921,Vestas Wind Systems,24.605,EUR,2026-01-09T21:00:00.000Z,CONSOLIDATED,2026-09-22T12:30:11.104Z
2026-01-12,DK0061539921,Vestas Wind Systems,24.03,EUR,2026-01-12T21:18:39.000Z,CONSOLIDATED,2026-09-22T12:30:11.104Z
2026-01-13,DK0061539921,Vestas Wind Systems,24.365,EUR,2026-01-13T21:00:01.000Z,CONSOLIDATED,2026-09-22T12:30:11.104Z
2026-01-14,DK0061539921,Vestas Wind Systems,25.245,EUR,2026-01-14T21:05:09.000Z,CONSOLIDATED,2026-09-22T12:30:11.104Z
2026-01-15,DK0061539921,Vestas Wind Systems,24.785,EUR,2026-01-15T21:43:24.000Z,CONSOLIDATED,2026-09-22T12:30:11.104Z
2026-01-16,DK0061539921,Vestas Wind Systems,24.72,EUR,2026-01-16T21:00:01.000Z,CONSOLIDATED,2026-09-22T12:30:11.104Z
2026-01-19,DK0061539921,Vestas Wind Systems,24.305,EUR,2026-01-19T21:03:06.000Z,CONSOLIDATED,2026-09-22T12:30:11.104Z
2026-01-20,DK0061539921,Vestas Wind Systems,23.805,EUR,2026-01-20T21:16:10.000Z,CONSOLIDATED,2026-09-22T12:30:11.104Z
2026-01-21,DK0061539921,Vestas Wind Systems,23.895,EUR,2026-01-21T21:23:11.000Z,CONSOLIDATED,2026-09-22T12:30:11.104Z
2026-01-22,DK0061539921,Vestas Wind Systems,24.235,EUR,2026-01-22T21:00:02.000Z,CONSOLIDATED,2026-09-22T12:30:11.104Z
2026-01-23,DK0061539921,Vestas Wind Systems,24.135,EUR,2026-01-23T21:00:05.000Z,CONSOLIDATED,2026-09-22T12:30:11.104Z
2026-01-26,DK0061539921,Vestas Wind Systems,25.935,EUR,2026-01-26T21:47:59.000Z,CONSOLIDATED,2026-09-22T12:30:11.104Z
2026-01-27,DK0061539921,Vestas Wind Systems,25.465,EUR,2026-01-27T21:00:02.000Z,CONSOLIDATED,2026-09-22T12:30:11.104Z
2026-01-28,DK0061539921,Vestas Wind Systems,25.54,EUR,2026-01-28T21:53:34.000Z,CONSOLIDATED,2026-09-22T12:30:11.104Z
2026-01-29,DK0061539921,Vestas Wind Systems,25.06,EUR,2026-01-29T21:03:23.000Z,CONSOLIDATED,2026-09-22T12:30:11.104Z
2026-01-30,DK0061539921,Vestas Wind Systems,25.335,EUR,2026-01-30T21:00:02.000Z,CONSOLIDATED,2026-09-22T12:30:11.104Z
2026-02-02,DK0061539921,Vestas Wind Systems,26.31,EUR,2026-02-02T21:54:11.000Z,CONSOLIDATED,2026-09-22T12:30:11.104Z
2026-02-03,DK0061539921,Vestas Wind Systems,26.365,EUR,2026-02-03T21:57:31.000Z,CONSOLIDATED,2026-09-22T12:30:11.104Z
2026-02-04,DK0061539921,Vestas Wind Systems,25.815,EUR,2026-02-04T21:51:24.000Z,CONSOLIDATED,2026-09-22T12:30:11.104Z
2026-02-05,DK0061539921,Vestas Wind Systems,23.71,EUR,2026-02-05T21:52:54.000Z,CONSOLIDATED,2026-09-22T12:30:11.104Z
2026-02-06,DK0061539921,Vestas Wind Systems,22.08,EUR,2026-02-06T21:38:38.000Z,CONSOLIDATED,2026-09-22T12:30:11.104Z
2026-02-09,DK0061539921,Vestas Wind Systems,22.165,EUR,2026-02-09T21:00:01.000Z,CONSOLIDATED,2026-09-22T12:30:11.104Z
2026-02-10,DK0061539921,Vestas Wind Systems,21.86,EUR,2026-02-10T21:59:10.000Z,CONSOLIDATED,2026-09-22T12:30:11.104Z
2026-02-11,DK0061539921,Vestas Wind Systems,21.295,EUR,2026-02-11T21:22:12.000Z,CONSOLIDATED,2026-09-22T12:30:11.104Z
2026-02-12,DK0061539921,Vestas Wind Systems,20.88,EUR,2026-02-12T21:00:03.000Z,CONSOLIDATED,2026-09-22T12:30:11.104Z
2026-02-13,DK0061539921,Vestas Wind Systems,20.56,EUR,2026-02-13T21:56:02.000Z,CONSOLIDATED,2026-09-22T12:30:11.104Z
2026-02-16,DK0061539921,Vestas Wind Systems,21.08,EUR,2026-02-16T21:37:19.000Z,CONSOLIDATED,2026-09-22T12:30:11.104Z
2026-02-17,DK0061539921,Vestas Wind Systems,21.215,EUR,2026-02-17T21:00:04.000Z,CONSOLIDATED,2026-09-22T12:30:11.104Z
2026-02-18,DK0061539921,Vestas Wind Systems,21.185,EUR,2026-02-18T21:31:11.000Z,CONSOLIDATED,2026-09-22T12:30:11.104Z
2026-02-19,DK0061539921,Vestas Wind Systems,21.395,EUR,2026-02-19T21:00:03.000Z,CONSOLIDATED,2026-09-22T12:30:11.104Z
2026-02-20,DK0061539921,Vestas Wind Systems,21.385,EUR,2026-02-20T21:00:04.000Z,CONSOLIDATED,2026-09-22T12:30:11.104Z
2026-02-23,DK0061539921,Vestas Wind Systems,21.245,EUR,2026-02-23T21:52:41.000Z,CONSOLIDATED,2026-09-22T12:30:11.104Z
2026-02-24,DK0061539921,Vestas Wind Systems,21.245,EUR,2026-02-24T21:09:40.000Z,CONSOLIDATED,2026-09-22T12:30:11.104Z
2026-02-25,DK0061539921,Vestas Wind Systems,21.515,EUR,2026-02-25T21:05:02.000Z,CONSOLIDATED,2026-09-22T12:30:11.104Z
2026-02-26,DK0061539921,Vestas Wind Systems,21.405,EUR,2026-02-26T21:55:47.000Z,CONSOLIDATED,2026-09-22T12:30:11.104Z
2026-02-27,DK0061539921,Vestas Wind Systems,21.625,EUR,2026-02-27T21:55:09.000Z,CONSOLIDATED,2026-09-22T12:30:11.104Z
2026-03-02,DK0061539921,Vestas Wind Systems,21.515,EUR,2026-03-02T21:39:51.000Z,CONSOLIDATED,2026-09-22T12:30:11.104Z
2026-03-03,DK0061539921,Vestas Wind Systems,20.925,EUR,2026-03-03T21:58:06.000Z,CONSOLIDATED,2026-09-22T12:30:11.104Z
2026-03-04,DK0061539921,Vestas Wind Systems,21.61,EUR,2026-03-04T21:04:02.000Z,CONSOLIDATED,2026-09-22T12:30:11.104Z
2026-03-05,DK0061539921,Vestas Wind Systems,21.325,EUR,2026-03-05T21:59:54.000Z,CONSOLIDATED,2026-09-22T12:30:11.104Z
2026-03-06,DK0061539921,Vestas Wind Systems,21.015,EUR,2026-03-06T21:58:01.000Z,CONSOLIDATED,2026-09-22T12:30:11.104Z
2026-03-09,DK0061539921,Vestas Wind Systems,20.995,EUR,2026-03-09T21:00:02.000Z,CONSOLIDATED,2026-09-22T12:30:11.104Z
2026-03-10,DK0061539921,Vestas Wind Systems,21.14,EUR,2026-03-10T21:06:45.000Z,CONSOLIDATED,2026-09-22T12:30:11.104Z
2026-03-11,DK0061539921,Vestas Wind Systems,21.285,EUR,2026-03-11T21:08:00.000Z,CONSOLIDATED,2026-09-22T12:30:11.104Z
2026-03-12,DK0061539921,Vestas Wind Systems,21.37,EUR,2026-03-12T21:00:03.000Z,CONSOLIDATED,2026-09-22T12:30:11.104Z
2026-03-13,DK0061539921,Vestas Wind Systems,21.375,EUR,2026-03-13T21:00:03.000Z,CONSOLIDATED,2026-09-22T12:30:11.104Z
2026-03-16,DK0061539921,Vestas Wind Systems,21.125,EUR,2026-03-16T21:55:02.000Z,CONSOLIDATED,2026-09-22T12:30:11.104Z
2026-03-17,DK0061539921,Vestas Wind Systems,21.205,EUR,2026-03-17T21:24:52.000Z,CONSOLIDATED,2026-09-22T12:30:11.104Z
2026-03-18,DK0061539921,Vestas Wind Systems,21.1,EUR,2026-03-18T21:50:50.000Z,CONSOLIDATED,2026-09-22T12:30:11.104Z
2026-03-19,DK0061539921,Vestas Wind Systems,20.825,EUR,2026-03-19T21:18:53.000Z,CONSOLIDATED,2026-09-22T12:30:11.104Z
2026-03-20,DK0061539921,Vestas Wind Systems,20.595,EUR,2026-03-20T21:18:33.000Z,CONSOLIDATED,2026-09-22T12:30:11.104Z
2026-03-23,DK0061539921,Vestas Wind Systems,21.325,EUR,2026-03-23T21:16:15.000Z,CONSOLIDATED,2026-09-22T12:30:11.104Z
2026-03-24,DK0061539921,Vestas Wind Systems,21.16,EUR,2026-03-24T21:54:54.000Z,CONSOLIDATED,2026-09-22T12:30:11.104Z
2026-03-25,DK0061539921,Vestas Wind Systems,22.33,EUR,2026-03-25T21:46:19.000Z,CONSOLIDATED,2026-09-22T12:30:11.104Z
2026-03-26,DK0061539921,Vestas Wind Systems,23.415,EUR,2026-03-26T21:59:58.000Z,CONSOLIDATED,2026-09-22T12:30:11.104Z
2026-03-27,DK0061539921,Vestas Wind Systems,23.095,EUR,2026-03-27T21:08:01.000Z,CONSOLIDATED,2026-09-22T12:30:11.104Z
2026-03-30,DK0061539921,Vestas Wind Systems,24.565,EUR,2026-03-30T20:46:07.000Z,CONSOLIDATED,2026-09-22T12:30:11.104Z
2026-03-31,DK0061539921,Vestas Wind Systems,25.66,EUR,2026-03-31T20:43:57.000Z,CONSOLIDATED,2026-09-22T12:30:11.104Z
2026-04-01,DK0061539921,Vestas Wind Systems,24.965,EUR,2026-04-01T20:00:03.000Z,CONSOLIDATED,2026-09-22T12:30:11.104Z
2026-04-02,DK0061539921,Vestas Wind Systems,24.86,EUR,2026-04-02T20:08:39.000Z,CONSOLIDATED,2026-09-22T12:30:11.104Z
2026-04-07,DK0061539921,Vestas Wind Systems,25.055,EUR,2026-04-07T20:34:03.000Z,CONSOLIDATED,2026-09-22T12:30:11.104Z
2026-04-08,DK0061539921,Vestas Wind Systems,25.345,EUR,2026-04-08T20:00:01.000Z,CONSOLIDATED,2026-09-22T12:30:11.104Z
2026-04-09,DK0061539921,Vestas Wind Systems,25.915,EUR,2026-04-09T20:27:20.000Z,CONSOLIDATED,2026-09-22T12:30:11.104Z
2026-04-10,DK0061539921,Vestas Wind Systems,26.42,EUR,2026-04-10T20:28:03.000Z,CONSOLIDATED,2026-09-22T12:30:11.104Z
2026-04-13,DK0061539921,Vestas Wind Systems,26.075,EUR,2026-04-13T20:50:07.000Z,CONSOLIDATED,2026-09-22T12:30:11.104Z
2026-04-14,DK0061539921,Vestas Wind Systems,26.55,EUR,2026-04-14T20:00:03.000Z,CONSOLIDATED,2026-09-22T12:30:11.104Z
2026-04-15,DK0061539921,Vestas Wind Systems,26.935,EUR,2026-04-15T20:56:54.000Z,CONSOLIDATED,2026-09-22T12:30:11.104Z
2026-04-16,DK0061539921,Vestas Wind Systems,26.305,EUR,2026-04-16T20:00:03.000Z,CONSOLIDATED,2026-09-22T12:30:11.104Z
2026-04-17,DK0061539921,Vestas Wind Systems,25.555,EUR,2026-04-17T20:00:01.000Z,CONSOLIDATED,2026-09-22T12:30:11.104Z
2026-04-20,DK0061539921,Vestas Wind Systems,25.995,EUR,2026-04-20T20:00:02.000Z,CONSOLIDATED,2026-09-22T12:30:11.104Z
2026-04-21,DK0061539921,Vestas Wind Systems,25.785,EUR,2026-04-21T20:47:19.000Z,CONSOLIDATED,2026-09-22T12:30:11.104Z
2026-04-22,DK0061539921,Vestas Wind Systems,25.605,EUR,2026-04-22T20:52:36.000Z,CONSOLIDATED,2026-09-22T12:30:11.104Z
2026-04-23,DK0061539921,Vestas Wind Systems,25.465,EUR,2026-04-23T20:00:02.000Z,CONSOLIDATED,2026-09-22T12:30:11.104Z
2026-04-24,DK0061539921,Vestas Wind Systems,25.53,EUR,2026-04-24T20:55:30.000Z,CONSOLIDATED,2026-09-22T12:30:11.104Z
2026-04-27,DK0061539921,Vestas Wind Systems,25.765,EUR,2026-04-27T20:00:02.000Z,CONSOLIDATED,2026-09-22T12:30:11.104Z
2026-04-28,DK0061539921,Vestas Wind Systems,25.6,EUR,2026-04-28T20:00:01.000Z,CONSOLIDATED,2026-09-22T12:30:11.104Z
2026-04-29,DK0061539921,Vestas Wind Systems,25.635,EUR,2026-04-29T20:20:01.000Z,CONSOLIDATED,2026-09-22T12:30:11.104Z
2026-04-30,DK0061539921,Vestas Wind Systems,26.075,EUR,2026-04-30T20:00:03.000Z,CONSOLIDATED,2026-09-22T12:30:11.104Z
2026-05-04,DK0061539921,Vestas Wind Systems,25.865,EUR,2026-05-04T20:05:02.000Z,CONSOLIDATED,2026-09-22T12:30:11.104Z
2026-05-05,DK0061539921,Vestas Wind Systems,25.855,EUR,2026-05-05T20:36:04.000Z,CONSOLIDATED,2026-09-22T12:30:11.104Z
2026-05-06,DK0061539921,Vestas Wind Systems,25.91,EUR,2026-05-06T20:49:46.000Z,CONSOLIDATED,2026-09-22T12:30:11.104Z
2026-05-07,DK0061539921,Vestas Wind Systems,25.77,EUR,2026-05-07T20:48:21.000Z,CONSOLIDATED,2026-09-22T12:30:11.104Z
2026-05-08,DK0061539921,Vestas Wind Systems,26.32,EUR,2026-05-08T20:00:01.000Z,CONSOLIDATED,2026-09-22T12:30:11.104Z
2026-05-11,DK0061539921,Vestas Wind Systems,26.365,EUR,2026-05-11T20:59:07.000Z,CONSOLIDATED,2026-09-22T12:30:11.104Z
2026-05-12,DK0061539921,Vestas Wind Systems,25.695,EUR,2026-05-12T20:55:39.000Z,CONSOLIDATED,2026-09-22T12:30:11.104Z
2026-05-13,DK0061539921,Vestas Wind Systems,25.75,EUR,2026-05-13T20:00:02.000Z,CONSOLIDATED,2026-09-22T12:30:11.104Z
2026-05-14,DK0061539921,Vestas Wind Systems,25.67,EUR,2026-05-14T20:19:54.000Z,CONSOLIDATED,2026-09-22T12:30:11.104Z
2026-05-15,DK0061539921,Vestas Wind Systems,25.65,EUR,2026-05-15T20:54:07.000Z,CONSOLIDATED,2026-09-22T12:30:11.104Z
2026-05-18,DK0061539921,Vestas Wind Systems,26.635,EUR,2026-05-18T20:57:13.000Z,CONSOLIDATED,2026-09-22T12:30:11.104Z
2026-05-19,DK0061539921,Vestas Wind Systems,25.915,EUR,2026-05-19T20:00:01.000Z,CONSOLIDATED,2026-09-22T12:30:11.104Z
2026-05-20,DK0061539921,Vestas Wind Systems,26.34,EUR,2026-05-20T20:38:19.000Z,CONSOLIDATED,2026-09-22T12:30:11.104Z
2026-05-21,DK0061539921,Vestas Wind Systems,26.65,EUR,2026-05-21T20:00:03.000Z,CONSOLIDATED,2026-09-22T12:30:11.104Z
2026-05-22,DK0061539921,Vestas Wind Systems,26.02,EUR,2026-05-22T20:55:05.000Z,CONSOLIDATED,2026-09-22T12:30:11.104Z
2026-05-25,DK0061539921,Vestas Wind Systems,26.235,EUR,2026-05-25T20:07:15.000Z,CONSOLIDATED,2026-09-22T12:30:11.104Z
2026-05-26,DK0061539921,Vestas Wind Systems,25.58,EUR,2026-05-26T20:00:03.000Z,CONSOLIDATED,2026-09-22T12:30:11.104Z
2026-05-27,DK0061539921,Vestas Wind Systems,23.965,EUR,2026-05-27T20:31:11.000Z,CONSOLIDATED,2026-09-22T12:30:11.104Z
2026-05-28,DK0061539921,Vestas Wind Systems,23.59,EUR,2026-05-28T20:00:01.000Z,CONSOLIDATED,2026-09-22T12:30:11.104Z
2026-05-29,DK0061539921,Vestas Wind Systems,24.015,EUR,2026-05-29T20:50:57.000Z,CONSOLIDATED,2026-09-22T12:30:11.104Z
2026-06-01,DK0061539921,Vestas Wind Systems,24.395,EUR,2026-06-01T20:47:33.000Z,CONSOLIDATED,2026-09-22T12:30:11.104Z
2026-06-02,DK0061539921,Vestas Wind Systems,23.78,EUR,2026-06-02T20:45:58.000Z,CONSOLIDATED,2026-09-22T12:30:11.104Z
2026-06-03,DK0061539921,Vestas Wind Systems,23.68,EUR,2026-06-03T20:58:52.000Z,CONSOLIDATED,2026-09-22T12:30:11.104Z
2026-06-04,DK0061539921,Vestas Wind Systems,23.135,EUR,2026-06-04T19:59:53.000Z,CONSOLIDATED,2026-09-22T12:30:11.104Z
2026-06-05,DK0061539921,Vestas Wind Systems,22.76,EUR,2026-06-05T20:55:14.000Z,CONSOLIDATED,2026-09-22T12:30:11.104Z
2026-06-08,DK0061539921,Vestas Wind Systems,23.22,EUR,2026-06-08T20:22:04.000Z,CONSOLIDATED,2026-09-22T12:30:11.104Z
2026-06-09,DK0061539921,Vestas Wind Systems,22.705,EUR,2026-06-09T20:08:52.000Z,CONSOLIDATED,2026-09-22T12:30:11.104Z
2026-06-10,DK0061539921,Vestas Wind Systems,22.025,EUR,2026-06-10T20:58:30.000Z,CONSOLIDATED,2026-09-22T12:30:11.104Z
2026-06-11,DK0061539921,Vestas Wind Systems,22.55,EUR,2026-06-11T20:00:02.000Z,CONSOLIDATED,2026-09-22T12:30:11.104Z
2026-06-12,DK0061539921,Vestas Wind Systems,22.265,EUR,2026-06-12T20:58:00.000Z,CONSOLIDATED,2026-09-22T12:30:11.104Z
2026-06-15,DK0061539921,Vestas Wind Systems,22.98,EUR,2026-06-15T20:00:02.000Z,CONSOLIDATED,2026-09-22T12:30:11.104Z
2026-06-16,DK0061539921,Vestas Wind Systems,22.695,EUR,2026-06-16T20:00:05.000Z,CONSOLIDATED,2026-09-22T12:30:11.104Z
2026-06-17,DK0061539921,Vestas Wind Systems,23.49,EUR,2026-06-17T20:00:00.000Z,CONSOLIDATED,2026-09-22T12:30:11.104Z
2026-06-18,DK0061539921,Vestas Wind Systems,23.115,EUR,2026-06-18T20:00:02.000Z,CONSOLIDATED,2026-09-22T12:30:11.104Z
2026-06-19,DK0061539921,Vestas Wind Systems,24.45,EUR,2026-06-19T20:00:01.000Z,CONSOLIDATED,2026-09-22T12:30:11.104Z
2026-06-22,DK0061539921,Vestas Wind Systems,24.635,EUR,2026-06-22T20:00:02.000Z,CONSOLIDATED,2026-09-22T12:30:11.104Z
2026-06-23,DK0061539921,Vestas Wind Systems,23.465,EUR,2026-06-23T20:00:02.000Z,CONSOLIDATED,2026-09-22T12:30:11.104Z
2026-06-24,DK0061539921,Vestas Wind Systems,22.86,EUR,2026-06-24T20:31:16.000Z,CONSOLIDATED,2026-09-22T12:30:11.104Z
2026-06-25,DK0061539921,Vestas Wind Systems,23.115,EUR,2026-06-25T20:58:13.000Z,CONSOLIDATED,2026-09-22T12:30:11.104Z
2026-06-26,DK0061539921,Vestas Wind Systems,23.085,EUR,2026-06-26T20:00:03.000Z,CONSOLIDATED,2026-09-22T12:30:11.104Z
2026-06-29,DK0061539921,Vestas Wind Systems,23.9,EUR,2026-06-29T20:29:20.000Z,CONSOLIDATED,2026-09-22T12:30:11.104Z
2026-06-30,DK0061539921,Vestas Wind Systems,24.59,EUR,2026-06-30T20:31:01.000Z,CONSOLIDATED,2026-09-22T12:30:11.104Z
2026-07-01,DK0061539921,Vestas Wind Systems,25.055,EUR,2026-07-01T20:55:29.000Z,CONSOLIDATED,2026-09-22T12:30:11.104Z
2026-07-02,DK0061539921,Vestas Wind Systems,25.125,EUR,2026-07-02T20:00:02.000Z,CONSOLIDATED,2026-09-22T12:30:11.104Z
2026-07-03,DK0061539921,Vestas Wind Systems,25.1,EUR,2026-07-03T20:00:04.000Z,CONSOLIDATED,2026-09-22T12:30:11.104Z
2026-07-06,DK0061539921,Vestas Wind Systems,24.62,EUR,2026-07-06T20:24:48.000Z,CONSOLIDATED,2026-09-22T12:30:11.104Z
2026-07-07,DK0061539921,Vestas Wind Systems,23.96,EUR,2026-07-07T20:00:03.000Z,CONSOLIDATED,2026-09-22T12:30:11.104Z
2026-07-08,DK0061539921,Vestas Wind Systems,23.55,EUR,2026-07-08T20:00:04.000Z,CONSOLIDATED,2026-09-22T12:30:11.104Z
2026-07-09,DK0061539921,Vestas Wind Systems,24.13,EUR,2026-07-09T19:59:44.000Z,CONSOLIDATED,2026-09-22T12:30:11.104Z
2026-07-10,DK0061539921,Vestas Wind Systems,23.46,EUR,2026-07-10T20:37:08.000Z,CONSOLIDATED,2026-09-22T12:30:11.104Z
2026-07-13,DK0061539921,Vestas Wind Systems,23.785,EUR,2026-07-13T20:23:11.000Z,CONSOLIDATED,2026-09-22T12:30:11.104Z
2026-07-14,DK0061539921,Vestas Wind Systems,24.02,EUR,2026-07-14T20:59:09.000Z,CONSOLIDATED,2026-09-22T12:30:11.104Z
2026-07-15,DK0061539921,Vestas Wind Systems,23.885,EUR,2026-07-15T20:52:11.000Z,CONSOLIDATED,2026-09-22T12:30:11.104Z
2026-07-16,DK0061539921,Vestas Wind Systems,23.82,EUR,2026-07-16T20:00:00.000Z,CONSOLIDATED,2026-09-22T12:30:11.104Z
2026-07-17,DK0061539921,Vestas Wind Systems,23.795,EUR,2026-07-17T20:00:01.000Z,CONSOLIDATED,2026-09-22T12:30:11.104Z
2026-07-20,DK0061539921,Vestas Wind Systems,24.13,EUR,2026-07-20T20:36:46.000Z,CONSOLIDATED,2026-09-22T12:30:11.104Z
2026-07-21,DK0061539921,Vestas Wind Systems,23.96,EUR,2026-07-21T20:00:01.000Z,CONSOLIDATED,2026-09-22T12:30:11.104Z
2026-07-22,DK0061539921,Vestas Wind Systems,23.57,EUR,2026-07-22T20:00:02.000Z,CONSOLIDATED,2026-09-22T12:30:11.104Z
2026-07-23,DK0061539921,Vestas Wind Systems,23.6,EUR,2026-07-23T20:00:02.000Z,CONSOLIDATED,2026-09-22T12:30:11.104Z
2026-07-24,DK0061539921,Vestas Wind Systems,23.22,EUR,2026-07-24T20:49:49.000Z,CONSOLIDATED,2026-09-22T12:30:11.104Z
2026-07-27,DK0061539921,Vestas Wind Systems,22.9,EUR,2026-07-27T20:28:55.000Z,CONSOLIDATED,2026-09-22T12:30:11.104Z
2026-07-28,DK0061539921,Vestas Wind Systems,22.235,EUR,2026-07-28T20:00:02.000Z,CONSOLIDATED,2026-09-22T12:30:11.104Z
2026-07-29,DK0061539921,Vestas Wind Systems,22.13,EUR,2026-07-29T20:00:02.000Z,CONSOLIDATED,2026-09-22T12:30:11.104Z
2026-07-30,DK0061539921,Vestas Wind Systems,23.59,EUR,2026-07-30T20:53:51.000Z,CONSOLIDATED,2026-09-22T12:30:11.104Z
2026-07-31,DK0061539921,Vestas Wind Systems,23.34,EUR,2026-07-31T20:00:01.000Z,CONSOLIDATED,2026-09-22T12:30:11.104Z
2026-08-03,DK0061539921,Vestas Wind Systems,23.25,EUR,2026-08-03T20:30:40.000Z,CONSOLIDATED,2026-09-22T12:30:11.104Z
2026-08-04,DK0061539921,Vestas Wind Systems,23.585,EUR,2026-08-04T20:56:34.000Z,CONSOLIDATED,2026-09-22T12:30:11.104Z
2026-08-05,DK0061539921,Vestas Wind Systems,23.01,EUR,2026-08-05T20:59:48.000Z,CONSOLIDATED,2026-09-22T12:30:11.104Z
2026-08-06,DK0061539921,Vestas Wind Systems,23.4,EUR,2026-08-06T20:32:55.000Z,CONSOLIDATED,2026-09-22T12:30:11.104Z
2026-08-07,DK0061539921,Vestas Wind Systems,23.795,EUR,2026-08-07T20:00:00.000Z,CONSOLIDATED,2026-09-22T12:30:11.104Z
2026-08-10,DK0061539921,Vestas Wind Systems,23.585,EUR,2026-08-10T20:03:40.000Z,CONSOLIDATED,2026-09-22T12:30:11.104Z
2026-08-11,DK0061539921,Vestas Wind Systems,23.575,EUR,2026-08-11T20:10:53.000Z,CONSOLIDATED,2026-09-22T12:30:11.104Z
2026-08-12,DK0061539921,Vestas Wind Systems,28.025,EUR,2026-08-12T20:41:55.000Z,CONSOLIDATED,2026-09-22T12:30:11.104Z
2026-08-13,DK0061539921,Vestas Wind Systems,27.825,EUR,2026-08-13T20:00:01.000Z,CONSOLIDATED,2026-09-22T12:30:11.104Z
2026-08-14,DK0061539921,Vestas Wind Systems,27.355,EUR,2026-08-14T20:00:02.000Z,CONSOLIDATED,2026-09-22T12:30:11.104Z
2026-08-17,DK0061539921,Vestas Wind Systems,27.355,EUR,2026-08-17T20:00:02.000Z,CONSOLIDATED,2026-09-22T12:30:11.104Z
2026-08-18,DK0061539921,Vestas Wind Systems,27.26,EUR,2026-08-18T20:55:12.000Z,CONSOLIDATED,2026-09-22T12:30:11.104Z
2026-08-19,DK0061539921,Vestas Wind Systems,27.895,EUR,2026-08-19T20:09:52.000Z,CONSOLIDATED,2026-09-22T12:30:11.104Z
2026-08-20,DK0061539921,Vestas Wind Systems,28.375,EUR,2026-08-20T20:13:49.000Z,CONSOLIDATED,2026-09-22T12:30:11.104Z
2026-08-21,DK0061539921,Vestas Wind Systems,27.82,EUR,2026-08-21T20:00:02.000Z,CONSOLIDATED,2026-09-22T12:30:11.104Z
2026-08-24,DK0061539921,Vestas Wind Systems,28.145,EUR,2026-08-24T20:26:13.000Z,CONSOLIDATED,2026-09-22T12:30:11.104Z
2026-08-25,DK0061539921,Vestas Wind Systems,28.07,EUR,2026-08-25T20:00:01.000Z,CONSOLIDATED,2026-09-22T12:30:11.104Z
2026-08-26,DK0061539921,Vestas Wind Systems,27.725,EUR,2026-08-26T20:54:03.000Z,CONSOLIDATED,2026-09-22T12:30:11.104Z
2026-08-27,DK0061539921,Vestas Wind Systems,28.98,EUR,2026-08-27T20:34:28.000Z,CONSOLIDATED,2026-09-22T12:30:11.104Z
2026-08-28,DK0061539921,Vestas Wind Systems,28.305,EUR,2026-08-28T20:00:02.000Z,CONSOLIDATED,2026-09-22T12:30:11.104Z
2026-08-31,DK0061539921,Vestas Wind Systems,28.4,EUR,2026-08-31T20:00:02.000Z,CONSOLIDATED,2026-09-22T12:30:11.104Z
2026-09-01,DK0061539921,Vestas Wind Systems,27.855,EUR,2026-09-01T20:00:03.000Z,CONSOLIDATED,2026-09-22T12:30:11.104Z
2026-09-02,DK0061539921,Vestas Wind Systems,28.17,EUR,2026-09-02T20:10:48.000Z,CONSOLIDATED,2026-09-22T12:30:11.104Z
2026-09-03,DK0061539921,Vestas Wind Systems,28.565,EUR,2026-09-03T20:06:04.000Z,CONSOLIDATED,2026-09-22T12:30:11.104Z
2026-09-04,DK0061539921,Vestas Wind Systems,28.42,EUR,2026-09-04T20:59:31.000Z,CONSOLIDATED,2026-09-22T12:30:11.104Z
2026-09-07,DK0061539921,Vestas Wind Systems,29.19,EUR,2026-09-07T20:13:27.000Z,CONSOLIDATED,2026-09-22T12:30:11.104Z
2026-09-08,DK0061539921,Vestas Wind Systems,29.29,EUR,2026-09-08T20:00:00.000Z,CONSOLIDATED,2026-09-22T12:30:11.104Z
2026-09-09,DK0061539921,Vestas Wind Systems,28.73,EUR,2026-09-09T20:00:01.000Z,CONSOLIDATED,2026-09-22T12:30:11.104Z
2026-09-10,DK0061539921,Vestas Wind Systems,28.23,EUR,2026-09-10T20:00:02.000Z,CONSOLIDATED,2026-09-22T12:30:11.104Z
2026-09-11,DK0061539921,Vestas Wind Systems,28.875,EUR,2026-09-11T20:00:01.000Z,CONSOLIDATED,2026-09-22T12:30:11.104Z
2026-09-14,DK0061539921,Vestas Wind Systems,27.48,EUR,2026-09-14T20:12:10.000Z,CONSOLIDATED,2026-09-22T12:30:11.104Z
2026-09-15,DK0061539921,Vestas Wind Systems,27.055,EUR,2026-09-15T20:43:26.000Z,CONSOLIDATED,2026-09-22T12:30:11.104Z
2026-09-16,DK0061539921,Vestas Wind Systems,27.6,EUR,2026-09-16T20:00:04.000Z,CONSOLIDATED,2026-09-22T12:30:11.104Z
2026-09-17,DK0061539921,Vestas Wind Systems,28.135,EUR,2026-09-17T20:00:00.000Z,CONSOLIDATED,2026-09-22T12:30:11.104Z
2026-09-18,DK0061539921,Vestas Wind Systems,27.695,EUR,2026-09-18T20:40:35.000Z,CONSOLIDATED,2026-09-22T12:30:11.104Z
2026-09-21,DK0061539921,Vestas Wind Systems,28.595,EUR,2026-09-21T20:25:01.000Z,CONSOLIDATED,2026-09-22T12:30:11.104Z
