isin,timestamp_utc,price
AT0000652011,2026-09-24T05:30:19.000Z,121.3
AT0000652011,2026-09-24T05:56:56.000Z,120.75
AT0000652011,2026-09-24T06:29:43.000Z,121
AT0000652011,2026-09-24T06:59:31.000Z,120.8
AT0000652011,2026-09-24T07:29:42.000Z,122.1
AT0000652011,2026-09-24T07:59:55.000Z,122.5
AT0000652011,2026-09-24T08:29:46.000Z,122
AT0000652011,2026-09-24T08:59:05.000Z,121.7
AT0000652011,2026-09-24T09:29:39.000Z,121.85
AT0000652011,2026-09-24T09:59:50.000Z,121.65
AT0000652011,2026-09-24T10:29:52.000Z,122.2
AT0000652011,2026-09-24T10:56:58.000Z,121.9
AT0000652011,2026-09-24T11:28:15.000Z,122
AT0000652011,2026-09-24T11:59:32.000Z,121.95
AT0000652011,2026-09-24T12:29:48.000Z,121.65
AT0000652011,2026-09-24T12:58:24.000Z,122.05
AT0000652011,2026-09-24T13:29:01.000Z,121.85
AT0000652011,2026-09-24T13:59:46.000Z,121.9
AT0000652011,2026-09-24T14:28:18.000Z,122.4
AT0000652011,2026-09-24T14:59:55.000Z,121.7
AT0000652011,2026-09-24T15:29:53.000Z,121.05
AT0000652011,2026-09-24T15:59:56.000Z,120.8
AT0000652011,2026-09-24T16:29:21.000Z,121.9
AT0000652011,2026-09-24T16:59:51.000Z,122.35
AT0000652011,2026-09-24T17:26:26.000Z,122.25
AT0000652011,2026-09-24T17:59:27.000Z,122.25
AT0000652011,2026-09-24T18:29:44.000Z,122.25
AT0000652011,2026-09-24T18:59:58.000Z,122.25
AT0000652011,2026-09-24T19:29:01.000Z,122.15
AT0000652011,2026-09-24T19:59:59.000Z,122.25
AT0000652011,2026-09-24T20:29:43.000Z,122.1
AT0000652011,2026-09-24T20:59:58.000Z,122.1
AT0000652011,2026-09-25T05:30:30.000Z,122
AT0000652011,2026-09-25T05:59:58.000Z,122.3
AT0000652011,2026-09-25T06:29:50.000Z,122.65
AT0000652011,2026-09-25T06:59:58.000Z,122.5
AT0000652011,2026-09-25T07:29:00.000Z,122.7
AT0000652011,2026-09-25T07:55:54.000Z,122.7
AT0000652011,2026-09-25T08:29:07.000Z,122.95
AT0000652011,2026-09-25T08:59:43.000Z,123.05
AT0000652011,2026-09-25T09:29:36.000Z,123
AT0000652011,2026-09-25T09:59:09.000Z,123.1
AT0000652011,2026-09-25T10:28:49.000Z,123.45
AT0000652011,2026-09-25T10:59:49.000Z,123.4
AT0000652011,2026-09-25T11:29:32.000Z,123.5
AT0000652011,2026-09-25T11:54:24.000Z,123.8
AT0000652011,2026-09-25T12:07:11.801Z,123.45
AT0000652011,2026-09-25T12:29:46.000Z,123.55
AT0000652011,2026-09-25T12:59:30.000Z,123.55
AT0000652011,2026-09-25T13:28:08.000Z,123.55
AT0000652011,2026-09-25T13:59:57.000Z,123.25
AT0000652011,2026-09-25T14:28:13.000Z,122.65
AT0000652011,2026-09-25T14:59:58.000Z,122.75
AT0000652011,2026-09-25T15:29:59.000Z,122.65
AT0000652011,2026-09-25T15:59:51.000Z,123.25
AT0000652011,2026-09-25T16:29:10.000Z,123.65
AT0000652011,2026-09-25T16:59:47.000Z,123.45
AT0000652011,2026-09-25T17:28:07.000Z,123.65
AT0000652011,2026-09-25T17:59:29.000Z,123.4
AT0000652011,2026-09-25T18:29:58.000Z,123.25
AT0000652011,2026-09-25T18:59:41.000Z,123.25
AT0000652011,2026-09-25T19:28:11.000Z,123.3
AT0000652011,2026-09-25T19:59:54.000Z,123.35
AT0000652011,2026-09-25T20:28:53.000Z,123.15
AT0000652011,2026-09-25T20:49:36.840Z,123.05
AT0000969985,2026-09-24T05:30:49.000Z,204.25
AT0000969985,2026-09-24T05:58:06.000Z,203.75
AT0000969985,2026-09-24T06:26:06.000Z,201.75
AT0000969985,2026-09-24T06:59:36.000Z,199.55
AT0000969985,2026-09-24T07:29:32.000Z,204
AT0000969985,2026-09-24T07:59:27.000Z,198.4
AT0000969985,2026-09-24T08:29:58.000Z,195.7
AT0000969985,2026-09-24T08:58:59.000Z,196.1
AT0000969985,2026-09-24T09:29:51.000Z,198
AT0000969985,2026-09-24T09:57:18.000Z,196.6
AT0000969985,2026-09-24T10:29:39.000Z,196.5
AT0000969985,2026-09-24T10:59:59.000Z,195.6
AT0000969985,2026-09-24T11:28:18.000Z,196.2
AT0000969985,2026-09-24T11:59:35.000Z,197.4
AT0000969985,2026-09-24T12:29:10.000Z,197.2
AT0000969985,2026-09-24T12:59:45.000Z,196.1
AT0000969985,2026-09-24T13:26:52.000Z,196.3
AT0000969985,2026-09-24T13:59:51.000Z,198.7
AT0000969985,2026-09-24T14:25:52.000Z,197.9
AT0000969985,2026-09-24T14:59:55.000Z,195.4
AT0000969985,2026-09-24T15:29:43.000Z,195.6
AT0000969985,2026-09-24T15:59:47.000Z,195.5
AT0000969985,2026-09-24T16:29:45.000Z,199.2
AT0000969985,2026-09-24T16:59:25.000Z,199.3
AT0000969985,2026-09-24T17:20:35.000Z,199.6
AT0000969985,2026-09-24T17:59:19.000Z,199.6
AT0000969985,2026-09-24T18:25:36.000Z,199.6
AT0000969985,2026-09-24T18:59:10.000Z,199.6
AT0000969985,2026-09-24T19:29:43.000Z,199.4
AT0000969985,2026-09-24T19:59:56.000Z,199.75
AT0000969985,2026-09-24T20:22:50.000Z,198.7
AT0000969985,2026-09-24T20:56:21.000Z,198.9
AT0000969985,2026-09-25T05:30:15.000Z,199.6
AT0000969985,2026-09-25T05:59:14.000Z,200.1
AT0000969985,2026-09-25T06:28:43.000Z,204.25
AT0000969985,2026-09-25T06:57:43.000Z,204.5
AT0000969985,2026-09-25T07:29:59.000Z,200.4
AT0000969985,2026-09-25T07:59:18.000Z,202.5
AT0000969985,2026-09-25T08:29:56.000Z,203
AT0000969985,2026-09-25T08:59:46.000Z,202.25
AT0000969985,2026-09-25T09:28:24.000Z,201.25
AT0000969985,2026-09-25T09:57:00.000Z,202.75
AT0000969985,2026-09-25T10:59:35.000Z,202.5
AT0000969985,2026-09-25T11:26:52.000Z,200.5
AT0000969985,2026-09-25T11:56:33.000Z,199.5
AT0000969985,2026-09-25T12:05:51.424Z,200.05
AT0000969985,2026-09-25T12:27:32.000Z,200.25
AT0000969985,2026-09-25T12:55:11.000Z,201.75
AT0000969985,2026-09-25T13:28:59.000Z,202.25
AT0000969985,2026-09-25T13:59:55.000Z,201.5
AT0000969985,2026-09-25T14:29:46.000Z,200.5
AT0000969985,2026-09-25T14:59:14.000Z,202
AT0000969985,2026-09-25T15:29:29.000Z,202.75
AT0000969985,2026-09-25T15:58:09.000Z,203.75
AT0000969985,2026-09-25T16:29:43.000Z,204.25
AT0000969985,2026-09-25T17:51:47.000Z,202.75
AT0000969985,2026-09-25T18:29:58.000Z,203.25
AT0000969985,2026-09-25T18:56:22.000Z,203
AT0000969985,2026-09-25T19:59:58.000Z,203.25
AT0000969985,2026-09-25T20:00:08.892Z,203.25
CH0114405324,2026-09-24T05:30:29.000Z,252.4
CH0114405324,2026-09-24T05:57:16.000Z,252.45
CH0114405324,2026-09-24T06:29:57.000Z,252.25
CH0114405324,2026-09-24T07:29:51.000Z,252.35
CH0114405324,2026-09-24T07:55:37.000Z,252.05
CH0114405324,2026-09-24T08:26:20.000Z,251.95
CH0114405324,2026-09-24T08:57:22.000Z,252.625
CH0114405324,2026-09-24T09:26:20.000Z,252.4
CH0114405324,2026-09-24T09:57:39.000Z,252.4
CH0114405324,2026-09-24T10:29:53.000Z,252.75
CH0114405324,2026-09-24T10:57:50.000Z,252.65
CH0114405324,2026-09-24T11:24:42.000Z,252.6
CH0114405324,2026-09-24T11:58:54.000Z,252.7
CH0114405324,2026-09-24T12:26:05.000Z,252.65
CH0114405324,2026-09-24T12:58:56.000Z,252.65
CH0114405324,2026-09-24T13:29:31.000Z,253
CH0114405324,2026-09-24T13:59:59.000Z,251.8
CH0114405324,2026-09-24T14:28:02.000Z,251.9
CH0114405324,2026-09-24T14:57:55.000Z,250.4
CH0114405324,2026-09-24T15:27:26.000Z,252
CH0114405324,2026-09-24T15:58:05.000Z,251.85
CH0114405324,2026-09-24T16:29:23.000Z,253.5
CH0114405324,2026-09-24T16:59:54.000Z,253.85
CH0114405324,2026-09-24T17:29:57.000Z,253.8
CH0114405324,2026-09-24T17:59:28.000Z,253.7
CH0114405324,2026-09-24T18:28:42.000Z,255.15
CH0114405324,2026-09-24T18:59:38.000Z,256.05
CH0114405324,2026-09-24T19:29:50.000Z,258.45
CH0114405324,2026-09-24T19:59:59.000Z,259.25
CH0114405324,2026-09-24T20:23:34.000Z,259.5
CH0114405324,2026-09-25T05:30:35.000Z,259.3
CH0114405324,2026-09-25T06:24:48.000Z,259.05
CH0114405324,2026-09-25T06:59:45.000Z,259.05
CH0114405324,2026-09-25T07:29:46.000Z,259.2
CH0114405324,2026-09-25T07:56:32.000Z,259
CH0114405324,2026-09-25T08:28:56.000Z,259.05
CH0114405324,2026-09-25T08:56:53.000Z,259
CH0114405324,2026-09-25T09:24:15.000Z,258.05
CH0114405324,2026-09-25T09:58:46.000Z,258.05
CH0114405324,2026-09-25T10:26:32.000Z,257.9
CH0114405324,2026-09-25T10:56:15.000Z,257.9
CH0114405324,2026-09-25T11:24:42.000Z,258.9
CH0114405324,2026-09-25T11:52:10.000Z,258.85
CH0114405324,2026-09-25T12:01:24.819Z,258.85
CH0114405324,2026-09-25T12:26:07.000Z,258.8
CH0114405324,2026-09-25T12:53:03.000Z,258.8
CH0114405324,2026-09-25T13:29:49.000Z,257.9
CH0114405324,2026-09-25T13:59:55.000Z,260.6
CH0114405324,2026-09-25T14:29:57.000Z,258.8
CH0114405324,2026-09-25T14:59:55.000Z,258.6
CH0114405324,2026-09-25T15:29:48.000Z,258.85
CH0114405324,2026-09-25T15:59:35.000Z,258.5
CH0114405324,2026-09-25T16:28:34.000Z,259.4
CH0114405324,2026-09-25T16:59:53.000Z,258.35
CH0114405324,2026-09-25T17:29:24.000Z,257.55
CH0114405324,2026-09-25T17:59:52.000Z,256.65
CH0114405324,2026-09-25T18:29:57.000Z,258.35
CH0114405324,2026-09-25T18:59:57.000Z,257.05
CH0114405324,2026-09-25T19:29:57.000Z,257.25
CH0114405324,2026-09-25T19:59:50.000Z,258.05
CH0114405324,2026-09-25T20:59:30.000Z,258.2
CH0114405324,2026-09-25T20:59:30.257Z,258.2
DE0005933931,2026-09-24T05:30:57.000Z,208.975
DE0005933931,2026-09-24T05:59:54.000Z,208.475
DE0005933931,2026-09-24T06:29:59.000Z,208.625
DE0005933931,2026-09-24T06:59:59.000Z,208.65
DE0005933931,2026-09-24T07:29:53.000Z,209.3
DE0005933931,2026-09-24T07:59:57.000Z,208.6
DE0005933931,2026-09-24T08:29:59.000Z,207.45
DE0005933931,2026-09-24T08:59:59.000Z,207.925
DE0005933931,2026-09-24T09:29:57.000Z,208.4
DE0005933931,2026-09-24T09:59:50.000Z,208.575
DE0005933931,2026-09-24T10:29:55.000Z,208.65
DE0005933931,2026-09-24T10:59:51.000Z,209.075
DE0005933931,2026-09-24T11:29:44.000Z,208.775
DE0005933931,2026-09-24T11:59:59.000Z,209.075
DE0005933931,2026-09-24T12:29:59.000Z,208.875
DE0005933931,2026-09-24T12:59:59.000Z,209.125
DE0005933931,2026-09-24T13:29:49.000Z,209.45
DE0005933931,2026-09-24T13:59:58.000Z,209.3
DE0005933931,2026-09-24T14:29:40.000Z,209.175
DE0005933931,2026-09-24T14:59:59.000Z,208.45
DE0005933931,2026-09-24T15:29:59.000Z,208.15
DE0005933931,2026-09-24T15:59:42.000Z,208.375
DE0005933931,2026-09-24T16:29:58.000Z,209.4
DE0005933931,2026-09-24T16:59:31.000Z,209.425
DE0005933931,2026-09-24T17:29:59.000Z,209.2
DE0005933931,2026-09-24T17:59:56.000Z,209.175
DE0005933931,2026-09-24T18:29:59.000Z,209.225
DE0005933931,2026-09-24T18:59:57.000Z,209.3
DE0005933931,2026-09-24T19:29:47.000Z,209.175
DE0005933931,2026-09-24T19:59:27.000Z,209.25
DE0005933931,2026-09-24T20:29:59.000Z,209.175
DE0005933931,2026-09-24T20:59:57.000Z,209.175
DE0005933931,2026-09-25T05:30:56.000Z,209.45
DE0005933931,2026-09-25T05:59:53.000Z,209.65
DE0005933931,2026-09-25T06:29:59.000Z,209.8
DE0005933931,2026-09-25T06:59:59.000Z,209.6
DE0005933931,2026-09-25T07:29:59.000Z,209.725
DE0005933931,2026-09-25T07:59:58.000Z,209.4
DE0005933931,2026-09-25T08:29:59.000Z,210.05
DE0005933931,2026-09-25T08:59:53.000Z,210.3
DE0005933931,2026-09-25T09:29:58.000Z,209.95
DE0005933931,2026-09-25T09:59:59.000Z,210
DE0005933931,2026-09-25T10:29:41.000Z,209.85
DE0005933931,2026-09-25T10:59:59.000Z,209.625
DE0005933931,2026-09-25T11:29:59.000Z,209.8
DE0005933931,2026-09-25T11:59:54.000Z,209.7
DE0005933931,2026-09-25T12:07:37.102Z,209.675
DE0005933931,2026-09-25T12:29:52.000Z,209.7
DE0005933931,2026-09-25T12:59:50.000Z,209.75
DE0005933931,2026-09-25T13:29:59.000Z,209.625
DE0005933931,2026-09-25T13:59:56.000Z,209.6
DE0005933931,2026-09-25T14:29:51.000Z,209.2
DE0005933931,2026-09-25T14:59:51.000Z,209.225
DE0005933931,2026-09-25T15:29:57.000Z,209.375
DE0005933931,2026-09-25T15:59:59.000Z,209.9
DE0005933931,2026-09-25T16:29:52.000Z,210.6
DE0005933931,2026-09-25T16:59:55.000Z,210.325
DE0005933931,2026-09-25T17:29:00.000Z,210.55
DE0005933931,2026-09-25T17:59:59.000Z,210.55
DE0005933931,2026-09-25T18:29:59.000Z,210.575
DE0005933931,2026-09-25T18:59:55.000Z,210.6
DE0005933931,2026-09-25T19:29:59.000Z,210.375
DE0005933931,2026-09-25T19:59:59.000Z,210.55
DE0005933931,2026-09-25T20:25:15.000Z,210.525
DE0005933931,2026-09-25T20:58:21.000Z,210.575
DE0005933931,2026-09-25T20:58:21.659Z,210.575
DK0061539921,2026-09-24T05:30:22.000Z,27.64
DK0061539921,2026-09-24T05:59:58.000Z,27.57
DK0061539921,2026-09-24T06:29:52.000Z,27.6
DK0061539921,2026-09-24T06:59:52.000Z,27.605
DK0061539921,2026-09-24T07:29:59.000Z,27.515
DK0061539921,2026-09-24T07:59:56.000Z,27.265
DK0061539921,2026-09-24T08:29:59.000Z,27.02
DK0061539921,2026-09-24T08:59:54.000Z,27.02
DK0061539921,2026-09-24T09:29:58.000Z,26.88
DK0061539921,2026-09-24T09:59:58.000Z,26.92
DK0061539921,2026-09-24T10:29:32.000Z,26.88
DK0061539921,2026-09-24T10:59:59.000Z,26.83
DK0061539921,2026-09-24T11:29:50.000Z,26.885
DK0061539921,2026-09-24T11:59:44.000Z,26.99
DK0061539921,2026-09-24T12:29:59.000Z,26.845
DK0061539921,2026-09-24T12:59:56.000Z,26.78
DK0061539921,2026-09-24T13:29:53.000Z,26.74
DK0061539921,2026-09-24T13:59:48.000Z,26.755
DK0061539921,2026-09-24T14:29:37.000Z,26.83
DK0061539921,2026-09-24T14:59:56.000Z,26.69
DK0061539921,2026-09-24T15:29:59.000Z,26.735
DK0061539921,2026-09-24T15:59:45.000Z,26.79
DK0061539921,2026-09-24T16:29:55.000Z,27.01
DK0061539921,2026-09-24T16:59:47.000Z,27.025
DK0061539921,2026-09-24T17:29:58.000Z,27.01
DK0061539921,2026-09-24T17:59:24.000Z,27
DK0061539921,2026-09-24T18:29:08.000Z,27
DK0061539921,2026-09-24T18:59:46.000Z,27.01
DK0061539921,2026-09-24T19:29:44.000Z,26.97
DK0061539921,2026-09-24T19:59:59.000Z,26.9
DK0061539921,2026-09-25T05:30:21.000Z,26.925
DK0061539921,2026-09-25T05:59:55.000Z,27.01
DK0061539921,2026-09-25T06:29:36.000Z,27.015
DK0061539921,2026-09-25T06:59:20.000Z,26.7
DK0061539921,2026-09-25T07:29:27.000Z,27.15
DK0061539921,2026-09-25T07:59:55.000Z,27.17
DK0061539921,2026-09-25T08:29:14.000Z,27.225
DK0061539921,2026-09-25T08:59:57.000Z,27.105
DK0061539921,2026-09-25T09:29:27.000Z,27.085
DK0061539921,2026-09-25T09:59:51.000Z,27.08
DK0061539921,2026-09-25T10:29:14.000Z,27.045
DK0061539921,2026-09-25T10:59:58.000Z,26.925
DK0061539921,2026-09-25T11:29:59.000Z,26.965
DK0061539921,2026-09-25T11:59:03.000Z,26.83
DK0061539921,2026-09-25T12:07:31.987Z,26.82
DK0061539921,2026-09-25T12:29:56.000Z,26.82
DK0061539921,2026-09-25T12:59:03.000Z,26.845
DK0061539921,2026-09-25T13:29:57.000Z,26.795
DK0061539921,2026-09-25T13:59:56.000Z,26.785
DK0061539921,2026-09-25T14:29:50.000Z,26.675
DK0061539921,2026-09-25T14:59:58.000Z,26.6
DK0061539921,2026-09-25T15:29:59.000Z,26.615
DK0061539921,2026-09-25T15:59:57.000Z,26.595
DK0061539921,2026-09-25T16:29:41.000Z,26.675
DK0061539921,2026-09-25T16:59:52.000Z,26.635
DK0061539921,2026-09-25T17:29:24.000Z,26.675
DK0061539921,2026-09-25T17:59:28.000Z,26.675
DK0061539921,2026-09-25T18:29:58.000Z,26.685
DK0061539921,2026-09-25T18:59:42.000Z,26.685
DK0061539921,2026-09-25T19:27:52.000Z,26.665
DK0061539921,2026-09-25T19:59:58.000Z,26.695
DK0061539921,2026-09-25T20:55:29.000Z,26.695
DK0061539921,2026-09-25T20:55:29.838Z,26.695
FI0009000681,2026-09-24T05:30:55.000Z,9.351
FI0009000681,2026-09-24T05:59:59.000Z,9.346
FI0009000681,2026-09-24T06:29:01.000Z,9.343
FI0009000681,2026-09-24T06:59:54.000Z,9.342
FI0009000681,2026-09-24T07:29:59.000Z,9.21
FI0009000681,2026-09-24T07:59:55.000Z,9.104
FI0009000681,2026-09-24T08:29:55.000Z,9.011
FI0009000681,2026-09-24T08:59:59.000Z,9.029
FI0009000681,2026-09-24T09:29:55.000Z,9.07
FI0009000681,2026-09-24T09:59:40.000Z,9.073
FI0009000681,2026-09-24T10:29:56.000Z,9.075
FI0009000681,2026-09-24T10:59:58.000Z,9.08
FI0009000681,2026-09-24T11:29:38.000Z,9.05
FI0009000681,2026-09-24T11:59:58.000Z,9.056
FI0009000681,2026-09-24T12:29:55.000Z,9.061
FI0009000681,2026-09-24T12:59:57.000Z,9.042
FI0009000681,2026-09-24T13:29:59.000Z,9.016
FI0009000681,2026-09-24T13:59:58.000Z,9.062
FI0009000681,2026-09-24T14:29:55.000Z,9.052
FI0009000681,2026-09-24T14:59:59.000Z,9.045
FI0009000681,2026-09-24T15:29:59.000Z,9.059
FI0009000681,2026-09-24T15:59:43.000Z,9.142
FI0009000681,2026-09-24T16:28:54.000Z,9.203
FI0009000681,2026-09-24T16:59:43.000Z,9.261
FI0009000681,2026-09-24T17:29:55.000Z,9.24
FI0009000681,2026-09-24T17:56:40.000Z,9.226
FI0009000681,2026-09-24T18:29:49.000Z,9.29
FI0009000681,2026-09-24T18:59:44.000Z,9.344
FI0009000681,2026-09-24T19:29:36.000Z,9.3
FI0009000681,2026-09-24T19:59:48.000Z,9.185
FI0009000681,2026-09-24T20:28:36.000Z,9.171
FI0009000681,2026-09-24T20:59:29.000Z,9.173
FI0009000681,2026-09-25T05:30:46.000Z,9.225
FI0009000681,2026-09-25T06:29:18.000Z,9.323
FI0009000681,2026-09-25T06:57:13.000Z,9.318
FI0009000681,2026-09-25T07:29:55.000Z,9.333
FI0009000681,2026-09-25T07:59:42.000Z,9.431
FI0009000681,2026-09-25T08:29:42.000Z,9.436
FI0009000681,2026-09-25T08:59:49.000Z,9.43
FI0009000681,2026-09-25T09:29:23.000Z,9.413
FI0009000681,2026-09-25T09:59:59.000Z,9.36
FI0009000681,2026-09-25T10:29:09.000Z,9.377
FI0009000681,2026-09-25T10:59:58.000Z,9.367
FI0009000681,2026-09-25T11:29:55.000Z,9.315
FI0009000681,2026-09-25T11:59:59.000Z,9.269
FI0009000681,2026-09-25T12:07:21.325Z,9.276
FI0009000681,2026-09-25T12:29:51.000Z,9.276
FI0009000681,2026-09-25T12:59:44.000Z,9.269
FI0009000681,2026-09-25T13:29:59.000Z,9.199
FI0009000681,2026-09-25T13:59:59.000Z,9.239
FI0009000681,2026-09-25T14:29:55.000Z,9.16
FI0009000681,2026-09-25T14:59:59.000Z,9.17
FI0009000681,2026-09-25T15:29:59.000Z,9.136
FI0009000681,2026-09-25T15:59:22.000Z,9.178
FI0009000681,2026-09-25T16:29:29.000Z,9.214
FI0009000681,2026-09-25T16:59:23.000Z,9.183
FI0009000681,2026-09-25T17:27:52.000Z,9.193
FI0009000681,2026-09-25T17:57:47.000Z,9.175
FI0009000681,2026-09-25T18:29:14.000Z,9.182
FI0009000681,2026-09-25T19:29:58.000Z,9.125
FI0009000681,2026-09-25T19:59:48.000Z,9.189
FI0009000681,2026-09-25T20:27:16.000Z,9.173
FI0009000681,2026-09-25T20:55:25.000Z,9.183
FI0009000681,2026-09-25T20:55:25.409Z,9.183
FR0010342592,2026-09-24T05:30:48.000Z,10.24
FR0010342592,2026-09-24T05:59:52.000Z,10.197
FR0010342592,2026-09-24T06:29:56.000Z,10.182
FR0010342592,2026-09-24T06:59:58.000Z,10.144
FR0010342592,2026-09-24T07:29:57.000Z,10.185
FR0010342592,2026-09-24T07:59:58.000Z,10.159
FR0010342592,2026-09-24T08:29:59.000Z,10.09
FR0010342592,2026-09-24T08:59:59.000Z,10.08
FR0010342592,2026-09-24T09:29:59.000Z,10.093
FR0010342592,2026-09-24T09:59:58.000Z,10.088
FR0010342592,2026-09-24T10:29:56.000Z,10.095
FR0010342592,2026-09-24T10:59:59.000Z,10.123
FR0010342592,2026-09-24T11:29:56.000Z,10.111
FR0010342592,2026-09-24T11:59:59.000Z,10.109
FR0010342592,2026-09-24T12:29:51.000Z,10.118
FR0010342592,2026-09-24T12:59:59.000Z,10.122
FR0010342592,2026-09-24T13:29:59.000Z,10.168
FR0010342592,2026-09-24T13:59:59.000Z,10.186
FR0010342592,2026-09-24T14:29:59.000Z,10.219
FR0010342592,2026-09-24T14:59:59.000Z,10.161
FR0010342592,2026-09-24T15:29:57.000Z,10.146
FR0010342592,2026-09-24T15:59:59.000Z,10.171
FR0010342592,2026-09-24T16:29:59.000Z,10.256
FR0010342592,2026-09-24T16:59:58.000Z,10.324
FR0010342592,2026-09-24T17:29:58.000Z,10.293
FR0010342592,2026-09-24T17:59:58.000Z,10.271
FR0010342592,2026-09-24T18:29:57.000Z,10.294
FR0010342592,2026-09-24T18:59:59.000Z,10.319
FR0010342592,2026-09-24T19:29:56.000Z,10.301
FR0010342592,2026-09-24T19:59:59.000Z,10.305
FR0010342592,2026-09-24T20:29:47.000Z,10.233
FR0010342592,2026-09-24T20:59:52.000Z,10.273
FR0010342592,2026-09-25T05:30:53.000Z,10.332
FR0010342592,2026-09-25T05:59:59.000Z,10.358
FR0010342592,2026-09-25T06:29:59.000Z,10.37
FR0010342592,2026-09-25T06:59:56.000Z,10.358
FR0010342592,2026-09-25T07:29:52.000Z,10.394
FR0010342592,2026-09-25T07:59:59.000Z,10.365
FR0010342592,2026-09-25T08:29:59.000Z,10.403
FR0010342592,2026-09-25T08:59:59.000Z,10.416
FR0010342592,2026-09-25T09:29:59.000Z,10.415
FR0010342592,2026-09-25T09:59:59.000Z,10.398
FR0010342592,2026-09-25T10:29:56.000Z,10.399
FR0010342592,2026-09-25T10:59:45.000Z,10.39
FR0010342592,2026-09-25T11:29:59.000Z,10.423
FR0010342592,2026-09-25T11:59:50.000Z,10.415
FR0010342592,2026-09-25T12:07:34.898Z,10.423
FR0010342592,2026-09-25T12:29:58.000Z,10.401
FR0010342592,2026-09-25T12:59:56.000Z,10.361
FR0010342592,2026-09-25T13:29:58.000Z,10.337
FR0010342592,2026-09-25T13:59:58.000Z,10.377
FR0010342592,2026-09-25T14:29:59.000Z,10.268
FR0010342592,2026-09-25T14:59:59.000Z,10.327
FR0010342592,2026-09-25T15:29:58.000Z,10.324
FR0010342592,2026-09-25T15:59:59.000Z,10.348
FR0010342592,2026-09-25T16:29:59.000Z,10.396
FR0010342592,2026-09-25T16:59:58.000Z,10.372
FR0010342592,2026-09-25T17:29:40.000Z,10.396
FR0010342592,2026-09-25T17:59:57.000Z,10.391
FR0010342592,2026-09-25T18:29:57.000Z,10.376
FR0010342592,2026-09-25T18:59:59.000Z,10.357
FR0010342592,2026-09-25T19:29:49.000Z,10.356
FR0010342592,2026-09-25T19:59:59.000Z,10.374
FR0010342592,2026-09-25T20:29:52.000Z,10.379
FR0010342592,2026-09-25T20:59:58.000Z,10.393
FR0010342592,2026-09-25T20:59:58.185Z,10.393
IE00B3YCGJ38,2026-09-24T05:30:43.000Z,13.5752
IE00B3YCGJ38,2026-09-24T05:59:49.000Z,13.562
IE00B3YCGJ38,2026-09-24T06:29:45.000Z,13.5445
IE00B3YCGJ38,2026-09-24T06:59:53.000Z,13.5385
IE00B3YCGJ38,2026-09-24T07:29:50.000Z,13.5502
IE00B3YCGJ38,2026-09-24T07:59:59.000Z,13.529
IE00B3YCGJ38,2026-09-24T08:29:59.000Z,13.5178
IE00B3YCGJ38,2026-09-24T08:59:59.000Z,13.5258
IE00B3YCGJ38,2026-09-24T09:29:59.000Z,13.537
IE00B3YCGJ38,2026-09-24T09:59:58.000Z,13.5342
IE00B3YCGJ38,2026-09-24T10:29:58.000Z,13.5452
IE00B3YCGJ38,2026-09-24T10:59:59.000Z,13.553
IE00B3YCGJ38,2026-09-24T11:29:48.000Z,13.547
IE00B3YCGJ38,2026-09-24T11:59:59.000Z,13.5578
IE00B3YCGJ38,2026-09-24T12:29:55.000Z,13.555
IE00B3YCGJ38,2026-09-24T12:59:59.000Z,13.556
IE00B3YCGJ38,2026-09-24T13:29:59.000Z,13.5712
IE00B3YCGJ38,2026-09-24T13:59:58.000Z,13.5808
IE00B3YCGJ38,2026-09-24T14:29:59.000Z,13.5918
IE00B3YCGJ38,2026-09-24T14:59:59.000Z,13.563
IE00B3YCGJ38,2026-09-24T15:29:59.000Z,13.5525
IE00B3YCGJ38,2026-09-24T15:59:21.000Z,13.5575
IE00B3YCGJ38,2026-09-24T16:29:55.000Z,13.5945
IE00B3YCGJ38,2026-09-24T16:59:32.000Z,13.621
IE00B3YCGJ38,2026-09-24T17:29:29.000Z,13.61
IE00B3YCGJ38,2026-09-24T17:59:43.000Z,13.61
IE00B3YCGJ38,2026-09-24T18:29:58.000Z,13.6142
IE00B3YCGJ38,2026-09-24T18:59:30.000Z,13.6218
IE00B3YCGJ38,2026-09-24T19:29:44.000Z,13.615
IE00B3YCGJ38,2026-09-24T19:59:58.000Z,13.6075
IE00B3YCGJ38,2026-09-24T20:29:07.000Z,13.5742
IE00B3YCGJ38,2026-09-24T20:55:10.000Z,13.5858
IE00B3YCGJ38,2026-09-25T05:30:58.000Z,13.606
IE00B3YCGJ38,2026-09-25T05:59:58.000Z,13.607
IE00B3YCGJ38,2026-09-25T06:29:56.000Z,13.612
IE00B3YCGJ38,2026-09-25T06:59:42.000Z,13.6105
IE00B3YCGJ38,2026-09-25T07:29:58.000Z,13.6305
IE00B3YCGJ38,2026-09-25T07:59:55.000Z,13.6102
IE00B3YCGJ38,2026-09-25T08:29:59.000Z,13.6272
IE00B3YCGJ38,2026-09-25T08:59:55.000Z,13.6338
IE00B3YCGJ38,2026-09-25T09:29:32.000Z,13.6348
IE00B3YCGJ38,2026-09-25T09:59:59.000Z,13.6295
IE00B3YCGJ38,2026-09-25T10:29:58.000Z,13.6255
IE00B3YCGJ38,2026-09-25T10:59:59.000Z,13.6192
IE00B3YCGJ38,2026-09-25T11:29:55.000Z,13.6268
IE00B3YCGJ38,2026-09-25T11:59:59.000Z,13.6258
IE00B3YCGJ38,2026-09-25T11:59:59.836Z,13.6258
IE00B3YCGJ38,2026-09-25T12:07:27.033Z,13.6302
IE00B3YCGJ38,2026-09-25T12:29:57.000Z,13.6385
IE00B3YCGJ38,2026-09-25T12:59:56.000Z,13.6135
IE00B3YCGJ38,2026-09-25T13:29:57.000Z,13.6058
IE00B3YCGJ38,2026-09-25T13:59:59.000Z,13.617
IE00B3YCGJ38,2026-09-25T14:29:59.000Z,13.5812
IE00B3YCGJ38,2026-09-25T14:59:59.000Z,13.601
IE00B3YCGJ38,2026-09-25T15:29:59.000Z,13.606
IE00B3YCGJ38,2026-09-25T15:59:59.000Z,13.6225
IE00B3YCGJ38,2026-09-25T16:29:11.000Z,13.6555
IE00B3YCGJ38,2026-09-25T16:59:34.000Z,13.643
IE00B3YCGJ38,2026-09-25T17:28:41.000Z,13.6595
IE00B3YCGJ38,2026-09-25T17:58:21.000Z,13.6555
IE00B3YCGJ38,2026-09-25T18:29:28.000Z,13.6465
IE00B3YCGJ38,2026-09-25T18:59:50.000Z,13.6385
IE00B3YCGJ38,2026-09-25T19:29:41.000Z,13.6335
IE00B3YCGJ38,2026-09-25T19:59:54.000Z,13.652
IE00B3YCGJ38,2026-09-25T20:27:06.000Z,13.6482
IE00B3YCGJ38,2026-09-25T20:59:38.000Z,13.6545
IE00B3YCGJ38,2026-09-25T20:59:38.129Z,13.6545
IE00B4L5Y983,2026-09-24T05:30:42.000Z,128.6975
IE00B4L5Y983,2026-09-24T05:59:59.000Z,128.5025
IE00B4L5Y983,2026-09-24T06:29:59.000Z,128.3625
IE00B4L5Y983,2026-09-24T06:59:58.000Z,128.31
IE00B4L5Y983,2026-09-24T07:29:53.000Z,128.4775
IE00B4L5Y983,2026-09-24T07:59:59.000Z,128.265
IE00B4L5Y983,2026-09-24T08:29:59.000Z,128.0675
IE00B4L5Y983,2026-09-24T08:59:59.000Z,128.135
IE00B4L5Y983,2026-09-24T09:29:58.000Z,128.2525
IE00B4L5Y983,2026-09-24T09:59:59.000Z,128.2775
IE00B4L5Y983,2026-09-24T10:29:59.000Z,128.3625
IE00B4L5Y983,2026-09-24T10:59:52.000Z,128.4325
IE00B4L5Y983,2026-09-24T11:29:58.000Z,128.365
IE00B4L5Y983,2026-09-24T11:59:59.000Z,128.4725
IE00B4L5Y983,2026-09-24T12:29:54.000Z,128.485
IE00B4L5Y983,2026-09-24T12:59:57.000Z,128.465
IE00B4L5Y983,2026-09-24T13:29:58.000Z,128.63
IE00B4L5Y983,2026-09-24T13:59:55.000Z,128.68
IE00B4L5Y983,2026-09-24T14:29:58.000Z,128.72
IE00B4L5Y983,2026-09-24T14:59:59.000Z,128.445
IE00B4L5Y983,2026-09-24T15:29:59.000Z,128.34
IE00B4L5Y983,2026-09-24T15:59:59.000Z,128.4175
IE00B4L5Y983,2026-09-24T16:29:57.000Z,128.805
IE00B4L5Y983,2026-09-24T16:59:58.000Z,129.04
IE00B4L5Y983,2026-09-24T17:29:59.000Z,128.9325
IE00B4L5Y983,2026-09-24T17:59:59.000Z,128.93
IE00B4L5Y983,2026-09-24T18:29:58.000Z,128.9725
IE00B4L5Y983,2026-09-24T18:59:58.000Z,129.0275
IE00B4L5Y983,2026-09-24T19:29:59.000Z,128.9675
IE00B4L5Y983,2026-09-24T19:59:59.000Z,128.8925
IE00B4L5Y983,2026-09-24T20:29:43.000Z,128.7925
IE00B4L5Y983,2026-09-24T20:59:40.000Z,128.8125
IE00B4L5Y983,2026-09-25T05:30:58.000Z,128.97
IE00B4L5Y983,2026-09-25T05:59:58.000Z,129.05
IE00B4L5Y983,2026-09-25T06:29:59.000Z,129.0375
IE00B4L5Y983,2026-09-25T06:59:55.000Z,129.0325
IE00B4L5Y983,2026-09-25T07:29:54.000Z,129.17
IE00B4L5Y983,2026-09-25T07:59:58.000Z,128.9925
IE00B4L5Y983,2026-09-25T08:29:59.000Z,129.16
IE00B4L5Y983,2026-09-25T08:59:58.000Z,129.255
IE00B4L5Y983,2026-09-25T09:29:58.000Z,129.235
IE00B4L5Y983,2026-09-25T09:59:59.000Z,129.16
IE00B4L5Y983,2026-09-25T10:29:56.000Z,129.1225
IE00B4L5Y983,2026-09-25T10:59:47.000Z,129.0525
IE00B4L5Y983,2026-09-25T11:29:57.000Z,129.1375
IE00B4L5Y983,2026-09-25T11:59:55.000Z,129.1175
IE00B4L5Y983,2026-09-25T12:07:37.372Z,129.1375
IE00B4L5Y983,2026-09-25T12:29:57.000Z,129.095
IE00B4L5Y983,2026-09-25T12:59:58.000Z,129.0175
IE00B4L5Y983,2026-09-25T13:29:59.000Z,128.97
IE00B4L5Y983,2026-09-25T13:59:59.000Z,129.0225
IE00B4L5Y983,2026-09-25T14:29:58.000Z,128.655
IE00B4L5Y983,2026-09-25T14:59:58.000Z,128.8125
IE00B4L5Y983,2026-09-25T15:29:59.000Z,128.865
IE00B4L5Y983,2026-09-25T15:59:59.000Z,129.0425
IE00B4L5Y983,2026-09-25T16:29:57.000Z,129.3475
IE00B4L5Y983,2026-09-25T16:59:59.000Z,129.2175
IE00B4L5Y983,2026-09-25T17:29:56.000Z,129.3775
IE00B4L5Y983,2026-09-25T17:59:59.000Z,129.3475
IE00B4L5Y983,2026-09-25T18:29:59.000Z,129.28
IE00B4L5Y983,2026-09-25T18:59:59.000Z,129.1925
IE00B4L5Y983,2026-09-25T19:29:54.000Z,129.1525
IE00B4L5Y983,2026-09-25T19:59:59.000Z,129.3325
IE00B4L5Y983,2026-09-25T20:29:44.000Z,129.3525
IE00B4L5Y983,2026-09-25T20:59:57.000Z,129.3925
IE00B4L5Y983,2026-09-25T20:59:57.963Z,129.3925
IE00B4ND3602,2026-09-24T05:30:59.000Z,73.0825
IE00B4ND3602,2026-09-24T05:59:57.000Z,72.92
IE00B4ND3602,2026-09-24T06:29:55.000Z,72.8875
IE00B4ND3602,2026-09-24T06:58:03.000Z,72.845
IE00B4ND3602,2026-09-24T07:29:55.000Z,72.95
IE00B4ND3602,2026-09-24T07:59:56.000Z,72.835
IE00B4ND3602,2026-09-24T08:29:59.000Z,72.6175
IE00B4ND3602,2026-09-24T08:59:43.000Z,72.6175
IE00B4ND3602,2026-09-24T09:29:56.000Z,72.56
IE00B4ND3602,2026-09-24T09:59:52.000Z,72.555
IE00B4ND3602,2026-09-24T10:29:55.000Z,72.4625
IE00B4ND3602,2026-09-24T10:59:59.000Z,72.6125
IE00B4ND3602,2026-09-24T11:29:59.000Z,72.7
IE00B4ND3602,2026-09-24T11:59:58.000Z,72.775
IE00B4ND3602,2026-09-24T12:29:59.000Z,72.8675
IE00B4ND3602,2026-09-24T12:59:58.000Z,73.005
IE00B4ND3602,2026-09-24T13:29:59.000Z,73.0125
IE00B4ND3602,2026-09-24T13:59:58.000Z,72.7675
IE00B4ND3602,2026-09-24T14:29:57.000Z,72.77
IE00B4ND3602,2026-09-24T14:59:40.000Z,72.5325
IE00B4ND3602,2026-09-24T15:29:59.000Z,72.515
IE00B4ND3602,2026-09-24T15:59:48.000Z,72.605
IE00B4ND3602,2026-09-24T16:29:53.000Z,72.8775
IE00B4ND3602,2026-09-24T16:58:57.000Z,72.87
IE00B4ND3602,2026-09-24T17:29:34.000Z,72.6925
IE00B4ND3602,2026-09-24T17:59:59.000Z,72.7325
IE00B4ND3602,2026-09-24T18:29:44.000Z,72.8825
IE00B4ND3602,2026-09-24T18:59:41.000Z,72.865
IE00B4ND3602,2026-09-24T19:29:33.000Z,72.8825
IE00B4ND3602,2026-09-24T19:53:53.000Z,72.8675
IE00B4ND3602,2026-09-24T20:29:31.000Z,72.7425
IE00B4ND3602,2026-09-24T20:59:55.000Z,72.9175
IE00B4ND3602,2026-09-25T05:30:50.000Z,72.7475
IE00B4ND3602,2026-09-25T05:59:59.000Z,72.7525
IE00B4ND3602,2026-09-25T06:29:44.000Z,72.8575
IE00B4ND3602,2026-09-25T06:59:20.000Z,72.86
IE00B4ND3602,2026-09-25T07:29:58.000Z,72.835
IE00B4ND3602,2026-09-25T07:59:50.000Z,72.8725
IE00B4ND3602,2026-09-25T08:29:59.000Z,72.96
IE00B4ND3602,2026-09-25T08:59:54.000Z,73.0975
IE00B4ND3602,2026-09-25T09:29:59.000Z,73.08
IE00B4ND3602,2026-09-25T09:59:53.000Z,73.12
IE00B4ND3602,2026-09-25T10:29:52.000Z,73.3125
IE00B4ND3602,2026-09-25T10:59:40.000Z,73.355
IE00B4ND3602,2026-09-25T11:29:58.000Z,73.2025
IE00B4ND3602,2026-09-25T11:59:58.000Z,73.195
IE00B4ND3602,2026-09-25T12:07:33.867Z,73.21
IE00B4ND3602,2026-09-25T12:29:52.000Z,73.2325
IE00B4ND3602,2026-09-25T12:59:59.000Z,73.115
IE00B4ND3602,2026-09-25T13:29:59.000Z,72.795
IE00B4ND3602,2026-09-25T13:59:59.000Z,72.7275
IE00B4ND3602,2026-09-25T14:29:59.000Z,72.5925
IE00B4ND3602,2026-09-25T14:59:55.000Z,72.79
IE00B4ND3602,2026-09-25T15:29:58.000Z,72.835
IE00B4ND3602,2026-09-25T15:59:57.000Z,72.9775
IE00B4ND3602,2026-09-25T16:29:59.000Z,73.0225
IE00B4ND3602,2026-09-25T16:59:57.000Z,72.9625
IE00B4ND3602,2026-09-25T17:29:56.000Z,72.9675
IE00B4ND3602,2026-09-25T17:59:53.000Z,72.9075
IE00B4ND3602,2026-09-25T18:29:03.000Z,72.9525
IE00B4ND3602,2026-09-25T18:56:30.000Z,73.065
IE00B4ND3602,2026-09-25T19:29:32.000Z,73.01
IE00B4ND3602,2026-09-25T19:59:09.000Z,73.0375
IE00B4ND3602,2026-09-25T20:29:42.000Z,72.9525
IE00B4ND3602,2026-09-25T20:59:35.000Z,72.9125
IE00B4ND3602,2026-09-25T20:59:35.260Z,72.9125
IE00B53SZB19,2026-09-24T05:30:44.000Z,1535.2
IE00B53SZB19,2026-09-24T05:59:59.000Z,1531.4
IE00B53SZB19,2026-09-24T06:29:56.000Z,1529.2
IE00B53SZB19,2026-09-24T06:59:59.000Z,1526.7
IE00B53SZB19,2026-09-24T07:29:59.000Z,1529.1
IE00B53SZB19,2026-09-24T07:59:58.000Z,1527
IE00B53SZB19,2026-09-24T08:29:59.000Z,1522.4
IE00B53SZB19,2026-09-24T08:59:59.000Z,1522.2
IE00B53SZB19,2026-09-24T09:29:59.000Z,1523.5
IE00B53SZB19,2026-09-24T09:59:59.000Z,1523.3
IE00B53SZB19,2026-09-24T10:29:58.000Z,1524.6
IE00B53SZB19,2026-09-24T10:59:59.000Z,1526
IE00B53SZB19,2026-09-24T11:29:59.000Z,1525
IE00B53SZB19,2026-09-24T11:59:59.000Z,1525.5
IE00B53SZB19,2026-09-24T12:29:51.000Z,1526
IE00B53SZB19,2026-09-24T12:59:59.000Z,1525.9
IE00B53SZB19,2026-09-24T13:29:59.000Z,1529.2
IE00B53SZB19,2026-09-24T13:59:59.000Z,1530.5
IE00B53SZB19,2026-09-24T14:29:59.000Z,1533.2
IE00B53SZB19,2026-09-24T14:59:59.000Z,1528.7
IE00B53SZB19,2026-09-24T15:29:59.000Z,1528
IE00B53SZB19,2026-09-24T15:59:56.000Z,1529.5
IE00B53SZB19,2026-09-24T16:29:58.000Z,1535.1
IE00B53SZB19,2026-09-24T16:59:58.000Z,1540.6
IE00B53SZB19,2026-09-24T17:29:59.000Z,1538.6
IE00B53SZB19,2026-09-24T17:59:59.000Z,1537.4
IE00B53SZB19,2026-09-24T18:29:59.000Z,1538.7
IE00B53SZB19,2026-09-24T18:59:58.000Z,1540.5
IE00B53SZB19,2026-09-24T19:29:55.000Z,1539.1
IE00B53SZB19,2026-09-24T19:59:58.000Z,1539.3
IE00B53SZB19,2026-09-24T20:29:43.000Z,1535
IE00B53SZB19,2026-09-24T20:59:58.000Z,1537.6
IE00B53SZB19,2026-09-25T05:30:53.000Z,1542.7
IE00B53SZB19,2026-09-25T05:59:58.000Z,1544
IE00B53SZB19,2026-09-25T06:29:57.000Z,1544.3
IE00B53SZB19,2026-09-25T06:59:57.000Z,1543.5
IE00B53SZB19,2026-09-25T07:29:56.000Z,1545.9
IE00B53SZB19,2026-09-25T07:59:58.000Z,1543
IE00B53SZB19,2026-09-25T08:29:59.000Z,1545.9
IE00B53SZB19,2026-09-25T08:59:57.000Z,1546.8
IE00B53SZB19,2026-09-25T09:29:57.000Z,1546.8
IE00B53SZB19,2026-09-25T09:59:45.000Z,1545.4
IE00B53SZB19,2026-09-25T10:29:59.000Z,1545.1
IE00B53SZB19,2026-09-25T10:59:59.000Z,1544.7
IE00B53SZB19,2026-09-25T11:29:56.000Z,1546.3
IE00B53SZB19,2026-09-25T11:59:52.000Z,1546.1
IE00B53SZB19,2026-09-25T12:07:26.143Z,1546.6
IE00B53SZB19,2026-09-25T12:29:45.000Z,1544.2
IE00B53SZB19,2026-09-25T12:59:54.000Z,1541.9
IE00B53SZB19,2026-09-25T13:29:59.000Z,1539.7
IE00B53SZB19,2026-09-25T13:59:59.000Z,1542.2
IE00B53SZB19,2026-09-25T14:29:59.000Z,1535.4
IE00B53SZB19,2026-09-25T14:59:54.000Z,1539.3
IE00B53SZB19,2026-09-25T15:29:59.000Z,1539.6
IE00B53SZB19,2026-09-25T15:59:59.000Z,1541.2
IE00B53SZB19,2026-09-25T16:29:58.000Z,1544.8
IE00B53SZB19,2026-09-25T16:59:58.000Z,1543.5
IE00B53SZB19,2026-09-25T17:29:44.000Z,1545.6
IE00B53SZB19,2026-09-25T17:59:24.000Z,1545
IE00B53SZB19,2026-09-25T18:29:58.000Z,1543.6
IE00B53SZB19,2026-09-25T18:59:57.000Z,1541.8
IE00B53SZB19,2026-09-25T19:29:55.000Z,1541.9
IE00B53SZB19,2026-09-25T19:59:59.000Z,1543.4
IE00B53SZB19,2026-09-25T20:29:47.000Z,1544
IE00B53SZB19,2026-09-25T20:59:51.000Z,1545.2
IE00B53SZB19,2026-09-25T20:59:51.113Z,1545.2
IE00B8KQN827,2026-09-24T05:30:28.000Z,383.9
IE00B8KQN827,2026-09-24T05:50:01.000Z,383.7
IE00B8KQN827,2026-09-24T06:26:16.000Z,383.9
IE00B8KQN827,2026-09-24T06:59:54.000Z,382.35
IE00B8KQN827,2026-09-24T07:29:59.000Z,382.95
IE00B8KQN827,2026-09-24T07:59:52.000Z,382.225
IE00B8KQN827,2026-09-24T08:29:48.000Z,380.8
IE00B8KQN827,2026-09-24T08:55:38.000Z,379.925
IE00B8KQN827,2026-09-24T09:23:35.000Z,380.725
IE00B8KQN827,2026-09-24T09:59:39.000Z,379.725
IE00B8KQN827,2026-09-24T10:25:33.000Z,380.125
IE00B8KQN827,2026-09-24T10:55:12.000Z,379.875
IE00B8KQN827,2026-09-24T11:22:56.000Z,380.825
IE00B8KQN827,2026-09-24T11:54:33.000Z,380.875
IE00B8KQN827,2026-09-24T12:29:57.000Z,380.025
IE00B8KQN827,2026-09-24T12:56:06.000Z,379.325
IE00B8KQN827,2026-09-24T13:29:56.000Z,379.575
IE00B8KQN827,2026-09-24T13:59:59.000Z,382.775
IE00B8KQN827,2026-09-24T14:29:22.000Z,382.475
IE00B8KQN827,2026-09-24T14:59:59.000Z,382.275
IE00B8KQN827,2026-09-24T15:29:59.000Z,382.55
IE00B8KQN827,2026-09-24T15:59:25.000Z,382.975
IE00B8KQN827,2026-09-24T16:29:59.000Z,384.725
IE00B8KQN827,2026-09-24T16:59:13.000Z,387
IE00B8KQN827,2026-09-24T17:29:53.000Z,385.35
IE00B8KQN827,2026-09-24T17:59:12.000Z,383.35
IE00B8KQN827,2026-09-24T18:29:58.000Z,384.3
IE00B8KQN827,2026-09-24T18:59:59.000Z,385.4
IE00B8KQN827,2026-09-24T19:29:46.000Z,385.3
IE00B8KQN827,2026-09-24T19:59:59.000Z,386.65
IE00B8KQN827,2026-09-24T20:26:18.000Z,387.175
IE00B8KQN827,2026-09-24T20:58:49.000Z,386.875
IE00B8KQN827,2026-09-25T05:30:17.000Z,387.375
IE00B8KQN827,2026-09-25T05:56:53.000Z,387.075
IE00B8KQN827,2026-09-25T06:28:01.000Z,391.35
IE00B8KQN827,2026-09-25T06:58:33.000Z,391.25
IE00B8KQN827,2026-09-25T07:29:45.000Z,391.55
IE00B8KQN827,2026-09-25T07:59:59.000Z,391.2
IE00B8KQN827,2026-09-25T08:28:36.000Z,390.95
IE00B8KQN827,2026-09-25T08:59:04.000Z,391.2
IE00B8KQN827,2026-09-25T09:25:44.000Z,392.1
IE00B8KQN827,2026-09-25T09:58:38.000Z,392.1
IE00B8KQN827,2026-09-25T10:28:30.000Z,391.85
IE00B8KQN827,2026-09-25T10:59:17.000Z,391.6
IE00B8KQN827,2026-09-25T11:27:30.000Z,392.55
IE00B8KQN827,2026-09-25T11:59:09.000Z,391.95
IE00B8KQN827,2026-09-25T11:59:09.454Z,391.95
IE00B8KQN827,2026-09-25T12:05:12.699Z,392.15
IE00B8KQN827,2026-09-25T12:29:57.000Z,391.625
IE00B8KQN827,2026-09-25T12:53:43.000Z,391.45
IE00B8KQN827,2026-09-25T13:29:38.000Z,391.15
IE00B8KQN827,2026-09-25T13:59:58.000Z,389.075
IE00B8KQN827,2026-09-25T14:29:56.000Z,385.05
IE00B8KQN827,2026-09-25T14:59:58.000Z,384.825
IE00B8KQN827,2026-09-25T15:29:59.000Z,385.375
IE00B8KQN827,2026-09-25T15:59:55.000Z,386.35
IE00B8KQN827,2026-09-25T16:29:53.000Z,388
IE00B8KQN827,2026-09-25T16:59:56.000Z,386.45
IE00B8KQN827,2026-09-25T17:29:42.000Z,385.85
IE00B8KQN827,2026-09-25T17:59:45.000Z,384.7
IE00B8KQN827,2026-09-25T18:29:57.000Z,384.475
IE00B8KQN827,2026-09-25T18:59:59.000Z,383.95
IE00B8KQN827,2026-09-25T19:29:32.000Z,385.45
IE00B8KQN827,2026-09-25T19:59:51.000Z,386.1
IE00B8KQN827,2026-09-25T20:22:44.000Z,386.1
IE00B8KQN827,2026-09-25T20:22:44.484Z,386.1
IE00BD1F4N50,2026-09-18T05:30:58.000Z,18.596
IE00BD1F4N50,2026-09-18T05:59:57.000Z,18.595
IE00BD1F4N50,2026-09-18T06:29:56.000Z,18.608
IE00BD1F4N50,2026-09-18T06:59:45.000Z,18.614
IE00BD1F4N50,2026-09-18T07:29:51.000Z,18.67
IE00BD1F4N50,2026-09-18T07:59:52.000Z,18.637
IE00BD1F4N50,2026-09-18T08:29:39.000Z,18.639
IE00BD1F4N50,2026-09-18T08:59:56.000Z,18.631
IE00BD1F4N50,2026-09-18T09:29:21.000Z,18.615
IE00BD1F4N50,2026-09-18T09:59:54.000Z,18.601
IE00BD1F4N50,2026-09-18T10:28:59.000Z,18.623
IE00BD1F4N50,2026-09-18T10:59:52.000Z,18.628
IE00BD1F4N50,2026-09-18T11:29:59.000Z,18.59
IE00BD1F4N50,2026-09-18T11:59:29.000Z,18.601
IE00BD1F4N50,2026-09-18T12:29:58.000Z,18.565
IE00BD1F4N50,2026-09-18T12:59:50.000Z,18.546
IE00BD1F4N50,2026-09-18T13:29:59.000Z,18.621
IE00BD1F4N50,2026-09-18T13:59:59.000Z,18.629
IE00BD1F4N50,2026-09-18T14:29:58.000Z,18.622
IE00BD1F4N50,2026-09-18T14:59:50.000Z,18.608
IE00BD1F4N50,2026-09-18T15:29:58.000Z,18.612
IE00BD1F4N50,2026-09-18T15:59:59.000Z,18.598
IE00BD1F4N50,2026-09-18T16:29:59.000Z,18.567
IE00BD1F4N50,2026-09-18T16:59:56.000Z,18.59
IE00BD1F4N50,2026-09-18T17:29:59.000Z,18.579
IE00BD1F4N50,2026-09-18T17:59:51.000Z,18.604
IE00BD1F4N50,2026-09-18T18:29:59.000Z,18.609
IE00BD1F4N50,2026-09-18T18:59:58.000Z,18.632
IE00BD1F4N50,2026-09-18T19:29:57.000Z,18.614
IE00BD1F4N50,2026-09-18T19:59:59.000Z,18.687
IE00BD1F4N50,2026-09-18T20:29:50.000Z,18.679
IE00BD1F4N50,2026-09-18T20:59:53.000Z,18.678
IE00BD1F4N50,2026-09-21T05:30:58.000Z,18.891
IE00BD1F4N50,2026-09-21T05:59:36.000Z,18.841
IE00BD1F4N50,2026-09-21T06:29:22.000Z,18.849
IE00BD1F4N50,2026-09-21T06:59:47.000Z,18.821
IE00BD1F4N50,2026-09-21T07:29:30.000Z,18.933
IE00BD1F4N50,2026-09-21T07:59:54.000Z,18.953
IE00BD1F4N50,2026-09-21T08:29:35.000Z,18.984
IE00BD1F4N50,2026-09-21T08:59:59.000Z,19.002
IE00BD1F4N50,2026-09-21T09:29:57.000Z,19.023
IE00BD1F4N50,2026-09-21T09:59:50.000Z,19.011
IE00BD1F4N50,2026-09-21T10:29:43.000Z,19.018
IE00BD1F4N50,2026-09-21T10:59:53.000Z,19.016
IE00BD1F4N50,2026-09-21T11:29:55.000Z,18.99
IE00BD1F4N50,2026-09-21T11:59:30.000Z,19.001
IE00BD1F4N50,2026-09-21T12:29:59.000Z,19.002
IE00BD1F4N50,2026-09-21T12:59:51.000Z,19.013
IE00BD1F4N50,2026-09-21T13:29:58.000Z,19.045
IE00BD1F4N50,2026-09-21T13:59:54.000Z,19.075
IE00BD1F4N50,2026-09-21T14:29:55.000Z,19.136
IE00BD1F4N50,2026-09-21T14:59:59.000Z,19.147
IE00BD1F4N50,2026-09-21T15:29:54.000Z,19.209
IE00BD1F4N50,2026-09-21T15:59:50.000Z,19.215
IE00BD1F4N50,2026-09-21T16:29:58.000Z,19.208
IE00BD1F4N50,2026-09-21T16:59:53.000Z,19.188
IE00BD1F4N50,2026-09-21T17:29:40.000Z,19.2
IE00BD1F4N50,2026-09-21T17:59:53.000Z,19.212
IE00BD1F4N50,2026-09-21T18:29:40.000Z,19.225
IE00BD1F4N50,2026-09-21T18:59:57.000Z,19.269
IE00BD1F4N50,2026-09-21T19:29:57.000Z,19.218
IE00BD1F4N50,2026-09-21T19:59:59.000Z,19.24
IE00BD1F4N50,2026-09-21T20:29:40.000Z,19.241
IE00BD1F4N50,2026-09-21T20:59:48.000Z,19.226
IE00BD1F4N50,2026-09-22T05:30:57.000Z,19.182
IE00BD1F4N50,2026-09-22T05:59:55.000Z,19.239
IE00BD1F4N50,2026-09-22T06:29:58.000Z,19.197
IE00BD1F4N50,2026-09-22T06:59:55.000Z,19.198
IE00BD1F4N50,2026-09-22T07:29:56.000Z,19.163
IE00BD1F4N50,2026-09-22T07:59:53.000Z,19.178
IE00BD1F4N50,2026-09-22T08:29:55.000Z,19.09
IE00BD1F4N50,2026-09-22T08:59:55.000Z,19.141
IE00BD1F4N50,2026-09-22T09:29:56.000Z,19.139
IE00BD1F4N50,2026-09-22T09:59:54.000Z,19.185
IE00BD1F4N50,2026-09-22T10:29:58.000Z,19.179
IE00BD1F4N50,2026-09-22T10:59:58.000Z,19.171
IE00BD1F4N50,2026-09-22T11:29:58.000Z,19.13
IE00BD1F4N50,2026-09-22T11:59:46.000Z,19.107
IE00BD1F4N50,2026-09-22T12:29:51.000Z,19.107
IE00BD1F4N50,2026-09-22T12:59:43.000Z,19.11
IE00BD1F4N50,2026-09-22T13:29:56.000Z,19.101
IE00BD1F4N50,2026-09-22T13:59:59.000Z,19.324
IE00BD1F4N50,2026-09-22T14:29:58.000Z,19.298
IE00BD1F4N50,2026-09-22T14:59:58.000Z,19.261
IE00BD1F4N50,2026-09-22T15:29:57.000Z,19.238
IE00BD1F4N50,2026-09-22T15:59:55.000Z,19.302
IE00BD1F4N50,2026-09-22T16:29:58.000Z,19.274
IE00BD1F4N50,2026-09-22T16:59:59.000Z,19.306
IE00BD1F4N50,2026-09-22T17:29:59.000Z,19.318
IE00BD1F4N50,2026-09-22T17:59:51.000Z,19.325
IE00BD1F4N50,2026-09-22T18:29:57.000Z,19.341
IE00BD1F4N50,2026-09-22T18:59:53.000Z,19.326
IE00BD1F4N50,2026-09-22T19:29:59.000Z,19.324
IE00BD1F4N50,2026-09-22T19:59:59.000Z,19.317
IE00BD1F4N50,2026-09-22T20:29:46.000Z,19.336
IE00BD1F4N50,2026-09-22T20:59:50.000Z,19.327
IE00BD1F4N50,2026-09-23T05:30:58.000Z,19.403
IE00BD1F4N50,2026-09-23T05:58:34.000Z,19.405
IE00BD1F4N50,2026-09-23T06:29:39.000Z,19.423
IE00BD1F4N50,2026-09-23T06:59:31.000Z,19.372
IE00BD1F4N50,2026-09-23T07:29:59.000Z,19.421
IE00BD1F4N50,2026-09-23T07:59:57.000Z,19.393
IE00BD1F4N50,2026-09-23T08:29:52.000Z,19.411
IE00BD1F4N50,2026-09-23T08:59:52.000Z,19.385
IE00BD1F4N50,2026-09-23T09:29:58.000Z,19.401
IE00BD1F4N50,2026-09-23T09:59:59.000Z,19.39
IE00BD1F4N50,2026-09-23T10:29:59.000Z,19.398
IE00BD1F4N50,2026-09-23T10:59:55.000Z,19.388
IE00BD1F4N50,2026-09-23T11:29:59.000Z,19.337
IE00BD1F4N50,2026-09-23T11:59:29.000Z,19.341
IE00BD1F4N50,2026-09-23T12:29:52.000Z,19.346
IE00BD1F4N50,2026-09-23T12:59:58.000Z,19.361
IE00BD1F4N50,2026-09-23T13:29:58.000Z,19.422
IE00BD1F4N50,2026-09-23T13:59:58.000Z,19.334
IE00BD1F4N50,2026-09-23T14:29:59.000Z,19.322
IE00BD1F4N50,2026-09-23T14:59:59.000Z,19.343
IE00BD1F4N50,2026-09-23T15:29:58.000Z,19.371
IE00BD1F4N50,2026-09-23T15:59:46.000Z,19.34
IE00BD1F4N50,2026-09-23T16:29:56.000Z,19.337
IE00BD1F4N50,2026-09-23T16:59:54.000Z,19.326
IE00BD1F4N50,2026-09-23T17:29:57.000Z,19.334
IE00BD1F4N50,2026-09-23T17:59:54.000Z,19.365
IE00BD1F4N50,2026-09-23T18:29:58.000Z,19.372
IE00BD1F4N50,2026-09-23T18:59:56.000Z,19.362
IE00BD1F4N50,2026-09-23T19:29:57.000Z,19.353
IE00BD1F4N50,2026-09-23T19:59:59.000Z,19.375
IE00BD1F4N50,2026-09-23T20:29:56.000Z,19.36
IE00BD1F4N50,2026-09-23T20:59:58.000Z,19.375
IE00BD1F4N50,2026-09-24T05:30:41.000Z,19.326
IE00BD1F4N50,2026-09-24T05:59:52.000Z,19.295
IE00BD1F4N50,2026-09-24T06:29:59.000Z,19.263
IE00BD1F4N50,2026-09-24T06:59:57.000Z,19.246
IE00BD1F4N50,2026-09-24T07:29:59.000Z,19.256
IE00BD1F4N50,2026-09-24T07:59:59.000Z,19.218
IE00BD1F4N50,2026-09-24T08:29:59.000Z,19.164
IE00BD1F4N50,2026-09-24T08:59:59.000Z,19.147
IE00BD1F4N50,2026-09-24T09:29:53.000Z,19.164
IE00BD1F4N50,2026-09-24T09:59:58.000Z,19.162
IE00BD1F4N50,2026-09-24T10:29:58.000Z,19.17
IE00BD1F4N50,2026-09-24T10:59:59.000Z,19.197
IE00BD1F4N50,2026-09-24T11:29:38.000Z,19.202
IE00BD1F4N50,2026-09-24T11:59:57.000Z,19.205
IE00BD1F4N50,2026-09-24T12:29:55.000Z,19.197
IE00BD1F4N50,2026-09-24T12:59:34.000Z,19.177
IE00BD1F4N50,2026-09-24T13:29:59.000Z,19.246
IE00BD1F4N50,2026-09-24T13:59:59.000Z,19.321
IE00BD1F4N50,2026-09-24T14:29:55.000Z,19.361
IE00BD1F4N50,2026-09-24T14:59:59.000Z,19.298
IE00BD1F4N50,2026-09-24T15:29:52.000Z,19.278
IE00BD1F4N50,2026-09-24T15:59:59.000Z,19.293
IE00BD1F4N50,2026-09-24T16:29:57.000Z,19.355
IE00BD1F4N50,2026-09-24T16:59:59.000Z,19.444
IE00BD1F4N50,2026-09-24T17:29:58.000Z,19.425
IE00BD1F4N50,2026-09-24T17:59:58.000Z,19.408
IE00BD1F4N50,2026-09-24T18:29:58.000Z,19.411
IE00BD1F4N50,2026-09-24T18:59:57.000Z,19.442
IE00BD1F4N50,2026-09-24T19:29:58.000Z,19.424
IE00BD1F4N50,2026-09-24T19:59:59.000Z,19.442
IE00BD1F4N50,2026-09-24T20:29:58.000Z,19.394
IE00BD1F4N50,2026-09-24T20:59:57.000Z,19.415
IE00BD1F4N50,2026-09-25T05:30:57.000Z,19.452
IE00BD1F4N50,2026-09-25T05:59:58.000Z,19.48
IE00BD1F4N50,2026-09-25T06:29:59.000Z,19.527
IE00BD1F4N50,2026-09-25T06:59:36.000Z,19.448
IE00BD1F4N50,2026-09-25T07:29:53.000Z,19.565
IE00BD1F4N50,2026-09-25T07:59:53.000Z,19.532
IE00BD1F4N50,2026-09-25T08:29:59.000Z,19.575
IE00BD1F4N50,2026-09-25T08:59:56.000Z,19.586
IE00BD1F4N50,2026-09-25T09:29:59.000Z,19.573
IE00BD1F4N50,2026-09-25T09:59:58.000Z,19.564
IE00BD1F4N50,2026-09-25T10:29:59.000Z,19.56
IE00BD1F4N50,2026-09-25T10:59:58.000Z,19.544
IE00BD1F4N50,2026-09-25T11:29:56.000Z,19.57
IE00BD1F4N50,2026-09-25T11:59:54.000Z,19.567
IE00BD1F4N50,2026-09-25T12:29:51.000Z,19.533
IE00BD1F4N50,2026-09-25T12:59:26.000Z,19.515
IE00BD1F4N50,2026-09-25T13:29:59.000Z,19.491
IE00BD1F4N50,2026-09-25T13:59:58.000Z,19.514
IE00BD1F4N50,2026-09-25T14:29:55.000Z,19.402
IE00BD1F4N50,2026-09-25T14:59:57.000Z,19.444
IE00BD1F4N50,2026-09-25T15:29:59.000Z,19.451
IE00BD1F4N50,2026-09-25T15:59:59.000Z,19.455
IE00BD1F4N50,2026-09-25T16:29:58.000Z,19.523
IE00BD1F4N50,2026-09-25T16:59:58.000Z,19.496
IE00BD1F4N50,2026-09-25T17:29:58.000Z,19.529
IE00BD1F4N50,2026-09-25T17:59:47.000Z,19.513
IE00BD1F4N50,2026-09-25T18:29:59.000Z,19.507
IE00BD1F4N50,2026-09-25T18:59:53.000Z,19.497
IE00BD1F4N50,2026-09-25T19:29:53.000Z,19.497
IE00BD1F4N50,2026-09-25T19:59:59.000Z,19.496
IE00BD1F4N50,2026-09-25T20:29:50.000Z,19.5
IE00BD1F4N50,2026-09-25T20:55:23.000Z,19.508
IE00BD1F4N50,2026-09-25T20:55:23.871Z,19.508
IE00BF01VY89,2026-09-24T05:30:56.000Z,198.0145
IE00BF01VY89,2026-09-24T05:59:24.000Z,197.5795
IE00BF01VY89,2026-09-24T06:29:56.000Z,197.5505
IE00BF01VY89,2026-09-24T06:59:50.000Z,197.397
IE00BF01VY89,2026-09-24T07:29:55.000Z,197.0805
IE00BF01VY89,2026-09-24T07:59:59.000Z,198.1555
IE00BF01VY89,2026-09-24T08:29:55.000Z,196.359
IE00BF01VY89,2026-09-24T08:59:56.000Z,195.1535
IE00BF01VY89,2026-09-24T09:29:59.000Z,194.736
IE00BF01VY89,2026-09-24T09:59:47.000Z,195.282
IE00BF01VY89,2026-09-24T10:29:56.000Z,195.6215
IE00BF01VY89,2026-09-24T10:59:50.000Z,195.897
IE00BF01VY89,2026-09-24T11:29:52.000Z,194.1835
IE00BF01VY89,2026-09-24T11:59:47.000Z,193.71
IE00BF01VY89,2026-09-24T12:29:55.000Z,195.0115
IE00BF01VY89,2026-09-24T12:59:56.000Z,196.692
IE00BF01VY89,2026-09-24T13:29:59.000Z,195.7
IE00BF01VY89,2026-09-24T13:59:58.000Z,196.611
IE00BF01VY89,2026-09-24T14:29:56.000Z,197.7605
IE00BF01VY89,2026-09-24T14:59:59.000Z,197.2165
IE00BF01VY89,2026-09-24T15:29:36.000Z,196.527
IE00BF01VY89,2026-09-24T15:59:59.000Z,197.305
IE00BF01VY89,2026-09-24T16:29:58.000Z,199.4035
IE00BF01VY89,2026-09-24T16:59:55.000Z,201.209
IE00BF01VY89,2026-09-24T17:29:50.000Z,200.083
IE00BF01VY89,2026-09-24T17:59:59.000Z,200.197
IE00BF01VY89,2026-09-24T18:29:59.000Z,200.4015
IE00BF01VY89,2026-09-24T18:59:59.000Z,200.3855
IE00BF01VY89,2026-09-24T19:29:58.000Z,200.736
IE00BF01VY89,2026-09-24T19:59:58.000Z,201.8255
IE00BF01VY89,2026-09-24T20:29:58.000Z,200.486
IE00BF01VY89,2026-09-24T20:59:58.000Z,201.061
IE00BF01VY89,2026-09-25T05:30:53.000Z,202.17
IE00BF01VY89,2026-09-25T05:59:13.000Z,202.3395
IE00BF01VY89,2026-09-25T06:29:54.000Z,202.3135
IE00BF01VY89,2026-09-25T06:59:46.000Z,202.5505
IE00BF01VY89,2026-09-25T07:29:28.000Z,201.682
IE00BF01VY89,2026-09-25T07:59:56.000Z,201.236
IE00BF01VY89,2026-09-25T08:29:56.000Z,201.778
IE00BF01VY89,2026-09-25T08:59:57.000Z,202.259
IE00BF01VY89,2026-09-25T09:29:49.000Z,202.8305
IE00BF01VY89,2026-09-25T09:59:10.000Z,202.611
IE00BF01VY89,2026-09-25T10:29:55.000Z,202.3375
IE00BF01VY89,2026-09-25T10:59:59.000Z,202.2235
IE00BF01VY89,2026-09-25T11:29:55.000Z,202.169
IE00BF01VY89,2026-09-25T11:59:39.000Z,202.1525
IE00BF01VY89,2026-09-25T12:06:02.312Z,202.854
IE00BF01VY89,2026-09-25T12:29:55.000Z,203.0555
IE00BF01VY89,2026-09-25T12:59:49.000Z,201.819
IE00BF01VY89,2026-09-25T13:29:56.000Z,200.7615
IE00BF01VY89,2026-09-25T13:59:54.000Z,203.047
IE00BF01VY89,2026-09-25T14:29:57.000Z,201.3635
IE00BF01VY89,2026-09-25T14:59:58.000Z,202.2395
IE00BF01VY89,2026-09-25T15:29:58.000Z,203.2055
IE00BF01VY89,2026-09-25T15:59:57.000Z,204.1995
IE00BF01VY89,2026-09-25T16:29:59.000Z,204.2335
IE00BF01VY89,2026-09-25T16:59:57.000Z,203.1295
IE00BF01VY89,2026-09-25T17:29:57.000Z,204.413
IE00BF01VY89,2026-09-25T17:59:59.000Z,203.907
IE00BF01VY89,2026-09-25T18:29:57.000Z,203.7565
IE00BF01VY89,2026-09-25T18:59:57.000Z,203.9805
IE00BF01VY89,2026-09-25T19:29:53.000Z,203.658
IE00BF01VY89,2026-09-25T19:59:59.000Z,203.8935
IE00BF01VY89,2026-09-25T20:29:35.000Z,203.8565
IE00BF01VY89,2026-09-25T20:58:58.000Z,204.2825
IE00BF01VY89,2026-09-25T20:58:58.943Z,204.2825
IE00BF4RFH31,2026-09-24T05:30:23.000Z,9.0325
IE00BF4RFH31,2026-09-24T05:59:58.000Z,9.0335
IE00BF4RFH31,2026-09-24T06:29:43.000Z,9.0175
IE00BF4RFH31,2026-09-24T06:59:56.000Z,9.015
IE00BF4RFH31,2026-09-24T07:29:59.000Z,9.0115
IE00BF4RFH31,2026-09-24T07:59:59.000Z,8.998
IE00BF4RFH31,2026-09-24T08:29:56.000Z,8.983
IE00BF4RFH31,2026-09-24T08:59:59.000Z,8.9895
IE00BF4RFH31,2026-09-24T09:29:08.000Z,8.9965
IE00BF4RFH31,2026-09-24T09:59:52.000Z,8.994
IE00BF4RFH31,2026-09-24T10:29:56.000Z,8.998
IE00BF4RFH31,2026-09-24T10:59:35.000Z,9.004
IE00BF4RFH31,2026-09-24T11:29:56.000Z,9.0015
IE00BF4RFH31,2026-09-24T11:59:55.000Z,9.007
IE00BF4RFH31,2026-09-24T12:29:50.000Z,9.006
IE00BF4RFH31,2026-09-24T12:59:32.000Z,9.007
IE00BF4RFH31,2026-09-24T13:29:59.000Z,9.0205
IE00BF4RFH31,2026-09-24T13:59:59.000Z,8.997
IE00BF4RFH31,2026-09-24T14:29:57.000Z,8.9965
IE00BF4RFH31,2026-09-24T14:59:54.000Z,8.9755
IE00BF4RFH31,2026-09-24T15:29:59.000Z,8.9615
IE00BF4RFH31,2026-09-24T15:59:50.000Z,8.9695
IE00BF4RFH31,2026-09-24T16:29:54.000Z,8.995
IE00BF4RFH31,2026-09-24T16:59:32.000Z,9.005
IE00BF4RFH31,2026-09-24T17:29:42.000Z,8.9965
IE00BF4RFH31,2026-09-24T17:59:43.000Z,8.996
IE00BF4RFH31,2026-09-24T18:29:49.000Z,8.9985
IE00BF4RFH31,2026-09-24T18:59:58.000Z,8.9995
IE00BF4RFH31,2026-09-24T19:29:45.000Z,8.9975
IE00BF4RFH31,2026-09-24T19:59:58.000Z,8.998
IE00BF4RFH31,2026-09-24T20:29:51.000Z,8.9765
IE00BF4RFH31,2026-09-24T20:59:47.000Z,8.9835
IE00BF4RFH31,2026-09-25T05:30:46.000Z,9.002
IE00BF4RFH31,2026-09-25T05:59:58.000Z,9.0325
IE00BF4RFH31,2026-09-25T06:29:59.000Z,9.028
IE00BF4RFH31,2026-09-25T06:59:58.000Z,9.02
IE00BF4RFH31,2026-09-25T07:29:52.000Z,9.0235
IE00BF4RFH31,2026-09-25T07:59:59.000Z,9.0115
IE00BF4RFH31,2026-09-25T08:29:36.000Z,9.0225
IE00BF4RFH31,2026-09-25T08:59:58.000Z,9.033
IE00BF4RFH31,2026-09-25T09:29:35.000Z,9.032
IE00BF4RFH31,2026-09-25T09:59:59.000Z,9.023
IE00BF4RFH31,2026-09-25T10:29:56.000Z,9.0215
IE00BF4RFH31,2026-09-25T10:59:34.000Z,9.0175
IE00BF4RFH31,2026-09-25T11:29:59.000Z,9.025
IE00BF4RFH31,2026-09-25T11:59:56.000Z,9.0235
IE00BF4RFH31,2026-09-25T12:06:55.572Z,9.0225
IE00BF4RFH31,2026-09-25T12:29:50.000Z,9.0205
IE00BF4RFH31,2026-09-25T12:59:51.000Z,9.0175
IE00BF4RFH31,2026-09-25T13:29:56.000Z,9.0145
IE00BF4RFH31,2026-09-25T13:59:59.000Z,9.0085
IE00BF4RFH31,2026-09-25T14:29:59.000Z,8.9855
IE00BF4RFH31,2026-09-25T14:59:54.000Z,8.9905
IE00BF4RFH31,2026-09-25T15:29:56.000Z,8.995
IE00BF4RFH31,2026-09-25T15:59:45.000Z,9.0065
IE00BF4RFH31,2026-09-25T16:29:53.000Z,9.0295
IE00BF4RFH31,2026-09-25T16:59:52.000Z,9.0245
IE00BF4RFH31,2026-09-25T17:29:50.000Z,9.0285
IE00BF4RFH31,2026-09-25T17:59:36.000Z,9.0295
IE00BF4RFH31,2026-09-25T18:29:56.000Z,9.027
IE00BF4RFH31,2026-09-25T18:59:40.000Z,9.0225
IE00BF4RFH31,2026-09-25T19:29:53.000Z,9.0225
IE00BF4RFH31,2026-09-25T19:59:55.000Z,9.0305
IE00BF4RFH31,2026-09-25T20:27:09.000Z,9.022
IE00BF4RFH31,2026-09-25T20:55:15.000Z,9.026
IE00BF4RFH31,2026-09-25T20:55:15.942Z,9.026
IE00BGBN6P67,2026-09-24T05:30:48.000Z,175.13
IE00BGBN6P67,2026-09-24T05:58:56.000Z,174.79
IE00BGBN6P67,2026-09-24T06:29:35.000Z,174.43
IE00BGBN6P67,2026-09-24T06:59:52.000Z,174.25
IE00BGBN6P67,2026-09-24T07:29:56.000Z,174.42
IE00BGBN6P67,2026-09-24T07:59:55.000Z,174.74
IE00BGBN6P67,2026-09-24T08:29:58.000Z,173.65
IE00BGBN6P67,2026-09-24T08:59:55.000Z,173
IE00BGBN6P67,2026-09-24T09:29:56.000Z,172.99
IE00BGBN6P67,2026-09-24T09:59:22.000Z,172.82
IE00BGBN6P67,2026-09-24T10:29:56.000Z,173.1
IE00BGBN6P67,2026-09-24T10:59:45.000Z,173.49
IE00BGBN6P67,2026-09-24T11:29:47.000Z,173.48
IE00BGBN6P67,2026-09-24T11:59:58.000Z,173.4
IE00BGBN6P67,2026-09-24T12:29:50.000Z,173.38
IE00BGBN6P67,2026-09-24T12:59:57.000Z,173.4
IE00BGBN6P67,2026-09-24T13:29:59.000Z,173.86
IE00BGBN6P67,2026-09-24T13:59:59.000Z,174
IE00BGBN6P67,2026-09-24T14:29:55.000Z,175.93
IE00BGBN6P67,2026-09-24T14:59:59.000Z,173.9
IE00BGBN6P67,2026-09-24T15:29:52.000Z,173.18
IE00BGBN6P67,2026-09-24T16:22:05.000Z,173.49
IE00BGBN6P67,2026-09-24T17:59:36.000Z,173.53
IE00BGBN6P67,2026-09-24T20:28:33.000Z,174.56
IE00BGBN6P67,2026-09-24T20:59:47.000Z,174.51
IE00BGBN6P67,2026-09-25T05:30:36.000Z,175.3
IE00BGBN6P67,2026-09-25T06:29:45.000Z,175.57
IE00BGBN6P67,2026-09-25T06:59:31.000Z,175.59
IE00BGBN6P67,2026-09-25T07:29:40.000Z,175.59
IE00BGBN6P67,2026-09-25T07:59:52.000Z,175.36
IE00BGBN6P67,2026-09-25T08:29:57.000Z,175.94
IE00BGBN6P67,2026-09-25T08:59:58.000Z,176.33
IE00BGBN6P67,2026-09-25T09:29:51.000Z,176.64
IE00BGBN6P67,2026-09-25T09:59:49.000Z,176.34
IE00BGBN6P67,2026-09-25T10:29:57.000Z,176.35
IE00BGBN6P67,2026-09-25T10:59:41.000Z,176.37
IE00BGBN6P67,2026-09-25T11:29:59.000Z,176.89
IE00BGBN6P67,2026-09-25T11:59:55.000Z,176.69
IE00BGBN6P67,2026-09-25T12:07:22.097Z,176.7
IE00BGBN6P67,2026-09-25T12:29:56.000Z,176.09
IE00BGBN6P67,2026-09-25T12:59:02.000Z,176.32
IE00BGBN6P67,2026-09-25T13:29:56.000Z,175.74
IE00BGBN6P67,2026-09-25T13:59:57.000Z,172.66
IE00BGBN6P67,2026-09-25T14:29:48.000Z,171.24
IE00BGBN6P67,2026-09-25T14:59:22.000Z,171.79
IE00BGBN6P67,2026-09-25T15:29:59.000Z,171.69
IE00BGBN6P67,2026-09-25T15:54:17.000Z,171.03
IE00BGBN6P67,2026-09-25T20:29:30.000Z,171.7
IE00BGBN6P67,2026-09-25T20:55:35.000Z,171.75
IE00BGBN6P67,2026-09-25T20:55:35.028Z,171.75
IE00BK5BQT80,2026-09-24T05:30:32.000Z,169.52
IE00BK5BQT80,2026-09-24T05:59:57.000Z,169.34
IE00BK5BQT80,2026-09-24T06:29:43.000Z,169.19
IE00BK5BQT80,2026-09-24T06:59:59.000Z,169.08
IE00BK5BQT80,2026-09-24T07:29:57.000Z,169.24
IE00BK5BQT80,2026-09-24T07:59:55.000Z,168.98
IE00BK5BQT80,2026-09-24T08:29:59.000Z,168.63
IE00BK5BQT80,2026-09-24T08:59:59.000Z,168.72
IE00BK5BQT80,2026-09-24T09:29:58.000Z,168.86
IE00BK5BQT80,2026-09-24T09:59:59.000Z,168.88
IE00BK5BQT80,2026-09-24T10:29:59.000Z,169
IE00BK5BQT80,2026-09-24T10:59:59.000Z,169.14
IE00BK5BQT80,2026-09-24T11:29:59.000Z,169.04
IE00BK5BQT80,2026-09-24T11:59:59.000Z,169.18
IE00BK5BQT80,2026-09-24T12:29:58.000Z,169.21
IE00BK5BQT80,2026-09-24T12:59:59.000Z,169.21
IE00BK5BQT80,2026-09-24T13:29:59.000Z,169.36
IE00BK5BQT80,2026-09-24T13:59:59.000Z,169.34
IE00BK5BQT80,2026-09-24T14:29:58.000Z,169.4
IE00BK5BQT80,2026-09-24T14:59:59.000Z,169.02
IE00BK5BQT80,2026-09-24T15:29:58.000Z,168.89
IE00BK5BQT80,2026-09-24T15:59:50.000Z,169
IE00BK5BQT80,2026-09-24T16:29:59.000Z,169.55
IE00BK5BQT80,2026-09-24T16:59:57.000Z,169.81
IE00BK5BQT80,2026-09-24T17:29:28.000Z,169.64
IE00BK5BQT80,2026-09-24T17:59:55.000Z,169.6
IE00BK5BQT80,2026-09-24T18:29:58.000Z,169.67
IE00BK5BQT80,2026-09-24T18:59:58.000Z,169.73
IE00BK5BQT80,2026-09-24T19:29:47.000Z,169.64
IE00BK5BQT80,2026-09-24T19:59:59.000Z,169.56
IE00BK5BQT80,2026-09-24T20:29:07.000Z,169.52
IE00BK5BQT80,2026-09-24T20:59:55.000Z,169.55
IE00BK5BQT80,2026-09-25T05:30:57.000Z,169.8
IE00BK5BQT80,2026-09-25T05:59:24.000Z,169.84
IE00BK5BQT80,2026-09-25T06:29:57.000Z,169.87
IE00BK5BQT80,2026-09-25T06:58:48.000Z,169.87
IE00BK5BQT80,2026-09-25T07:29:56.000Z,170.02
IE00BK5BQT80,2026-09-25T07:59:59.000Z,169.83
IE00BK5BQT80,2026-09-25T08:29:59.000Z,170.03
IE00BK5BQT80,2026-09-25T08:59:59.000Z,170.17
IE00BK5BQT80,2026-09-25T09:29:59.000Z,170.14
IE00BK5BQT80,2026-09-25T09:59:59.000Z,170.04
IE00BK5BQT80,2026-09-25T10:29:59.000Z,170
IE00BK5BQT80,2026-09-25T10:59:59.000Z,169.88
IE00BK5BQT80,2026-09-25T11:29:58.000Z,170.01
IE00BK5BQT80,2026-09-25T11:59:59.000Z,169.98
IE00BK5BQT80,2026-09-25T12:07:27.662Z,170.01
IE00BK5BQT80,2026-09-25T12:29:50.000Z,169.97
IE00BK5BQT80,2026-09-25T12:59:59.000Z,169.86
IE00BK5BQT80,2026-09-25T13:29:59.000Z,169.78
IE00BK5BQT80,2026-09-25T13:59:58.000Z,169.94
IE00BK5BQT80,2026-09-25T14:29:59.000Z,169.4
IE00BK5BQT80,2026-09-25T14:59:59.000Z,169.63
IE00BK5BQT80,2026-09-25T15:29:59.000Z,169.69
IE00BK5BQT80,2026-09-25T15:59:59.000Z,169.96
IE00BK5BQT80,2026-09-25T16:29:52.000Z,170.35
IE00BK5BQT80,2026-09-25T16:59:52.000Z,170.2
IE00BK5BQT80,2026-09-25T17:29:41.000Z,170.35
IE00BK5BQT80,2026-09-25T17:59:40.000Z,170.33
IE00BK5BQT80,2026-09-25T18:29:56.000Z,170.24
IE00BK5BQT80,2026-09-25T18:59:47.000Z,170.15
IE00BK5BQT80,2026-09-25T19:29:39.000Z,170.08
IE00BK5BQT80,2026-09-25T19:59:58.000Z,170.34
IE00BK5BQT80,2026-09-25T20:22:21.000Z,170.31
IE00BK5BQT80,2026-09-25T20:56:22.000Z,170.34
IE00BK5BQT80,2026-09-25T20:56:22.713Z,170.34
IE00BK5BZX59,2026-09-24T05:30:56.000Z,143.27
IE00BK5BZX59,2026-09-24T05:59:47.000Z,142.75
IE00BK5BZX59,2026-09-24T06:29:56.000Z,142.79
IE00BK5BZX59,2026-09-24T06:55:29.000Z,142.645
IE00BK5BZX59,2026-09-24T07:29:56.000Z,142.265
IE00BK5BZX59,2026-09-24T07:59:59.000Z,142.315
IE00BK5BZX59,2026-09-24T08:29:59.000Z,141.355
IE00BK5BZX59,2026-09-24T08:59:55.000Z,140.245
IE00BK5BZX59,2026-09-24T09:29:59.000Z,139.77
IE00BK5BZX59,2026-09-24T09:59:57.000Z,140.21
IE00BK5BZX59,2026-09-24T10:29:59.000Z,140.65
IE00BK5BZX59,2026-09-24T10:59:59.000Z,140.915
IE00BK5BZX59,2026-09-24T11:29:58.000Z,139.145
IE00BK5BZX59,2026-09-24T11:59:52.000Z,139.355
IE00BK5BZX59,2026-09-24T12:29:53.000Z,139.45
IE00BK5BZX59,2026-09-24T12:59:58.000Z,140.875
IE00BK5BZX59,2026-09-24T13:29:59.000Z,139.875
IE00BK5BZX59,2026-09-24T13:59:59.000Z,141.735
IE00BK5BZX59,2026-09-24T14:29:59.000Z,142.95
IE00BK5BZX59,2026-09-24T14:59:59.000Z,142.475
IE00BK5BZX59,2026-09-24T15:29:59.000Z,141.5
IE00BK5BZX59,2026-09-24T15:59:57.000Z,142.29
IE00BK5BZX59,2026-09-24T16:29:58.000Z,144.665
IE00BK5BZX59,2026-09-24T16:59:55.000Z,146.595
IE00BK5BZX59,2026-09-24T17:29:50.000Z,145.33
IE00BK5BZX59,2026-09-24T17:59:59.000Z,145.425
IE00BK5BZX59,2026-09-24T18:29:59.000Z,145.685
IE00BK5BZX59,2026-09-24T18:59:59.000Z,145.665
IE00BK5BZX59,2026-09-24T19:29:58.000Z,146.04
IE00BK5BZX59,2026-09-24T19:59:58.000Z,147.245
IE00BK5BZX59,2026-09-24T20:29:58.000Z,145.765
IE00BK5BZX59,2026-09-24T20:59:58.000Z,146.44
IE00BK5BZX59,2026-09-25T05:30:53.000Z,147.595
IE00BK5BZX59,2026-09-25T05:59:13.000Z,147.79
IE00BK5BZX59,2026-09-25T06:29:54.000Z,147.83
IE00BK5BZX59,2026-09-25T06:55:27.000Z,148.155
IE00BK5BZX59,2026-09-25T07:29:58.000Z,147.225
IE00BK5BZX59,2026-09-25T07:59:59.000Z,146.93
IE00BK5BZX59,2026-09-25T08:29:59.000Z,147.255
IE00BK5BZX59,2026-09-25T08:59:59.000Z,147.71
IE00BK5BZX59,2026-09-25T09:29:58.000Z,148.62
IE00BK5BZX59,2026-09-25T09:59:55.000Z,148.445
IE00BK5BZX59,2026-09-25T10:29:59.000Z,148.055
IE00BK5BZX59,2026-09-25T10:59:59.000Z,147.895
IE00BK5BZX59,2026-09-25T11:29:54.000Z,147.85
IE00BK5BZX59,2026-09-25T11:59:56.000Z,147.97
IE00BK5BZX59,2026-09-25T12:07:32.999Z,148.585
IE00BK5BZX59,2026-09-25T12:29:55.000Z,148.255
IE00BK5BZX59,2026-09-25T12:59:59.000Z,147.56
IE00BK5BZX59,2026-09-25T13:29:59.000Z,146.45
IE00BK5BZX59,2026-09-25T13:59:56.000Z,147.815
IE00BK5BZX59,2026-09-25T14:29:59.000Z,147.07
IE00BK5BZX59,2026-09-25T14:59:59.000Z,147.945
IE00BK5BZX59,2026-09-25T15:29:59.000Z,149.06
IE00BK5BZX59,2026-09-25T16:29:59.000Z,150.02
IE00BK5BZX59,2026-09-25T16:59:57.000Z,148.78
IE00BK5BZX59,2026-09-25T17:29:57.000Z,150.16
IE00BK5BZX59,2026-09-25T17:59:59.000Z,149.61
IE00BK5BZX59,2026-09-25T18:29:57.000Z,149.47
IE00BK5BZX59,2026-09-25T18:59:57.000Z,149.745
IE00BK5BZX59,2026-09-25T19:29:53.000Z,149.39
IE00BK5BZX59,2026-09-25T19:59:59.000Z,149.63
IE00BK5BZX59,2026-09-25T20:29:35.000Z,149.57
IE00BK5BZX59,2026-09-25T20:59:19.000Z,150.02
IE00BK5BZX59,2026-09-25T20:59:19.124Z,150.02
IE00BKVD2N49,2026-09-24T05:30:17.000Z,807
IE00BKVD2N49,2026-09-24T05:59:55.000Z,806
IE00BKVD2N49,2026-09-24T06:28:30.000Z,799.95
IE00BKVD2N49,2026-09-24T07:21:34.000Z,798
IE00BKVD2N49,2026-09-24T07:59:55.000Z,802
IE00BKVD2N49,2026-09-24T08:27:31.000Z,795
IE00BKVD2N49,2026-09-24T08:58:57.000Z,786.95
IE00BKVD2N49,2026-09-24T09:29:58.000Z,789.95
IE00BKVD2N49,2026-09-24T09:57:06.000Z,789.95
IE00BKVD2N49,2026-09-24T10:29:57.000Z,793
IE00BKVD2N49,2026-09-24T10:56:03.000Z,796
IE00BKVD2N49,2026-09-24T11:29:17.000Z,796.95
IE00BKVD2N49,2026-09-24T11:59:52.000Z,797
IE00BKVD2N49,2026-09-24T12:27:41.000Z,796
IE00BKVD2N49,2026-09-24T12:59:37.000Z,794
IE00BKVD2N49,2026-09-24T13:29:59.000Z,796
IE00BKVD2N49,2026-09-24T13:59:56.000Z,805
IE00BKVD2N49,2026-09-24T14:29:45.000Z,811
IE00BKVD2N49,2026-09-24T14:58:57.000Z,801
IE00BKVD2N49,2026-09-24T15:27:50.000Z,805
IE00BKVD2N49,2026-09-24T15:58:44.000Z,805
IE00BKVD2N49,2026-09-24T16:29:05.000Z,803
IE00BKVD2N49,2026-09-24T16:56:29.000Z,807
IE00BKVD2N49,2026-09-24T17:29:57.000Z,799
IE00BKVD2N49,2026-09-24T17:59:27.000Z,797
IE00BKVD2N49,2026-09-24T18:25:22.000Z,797
IE00BKVD2N49,2026-09-24T18:57:26.000Z,799
IE00BKVD2N49,2026-09-24T19:29:24.000Z,793
IE00BKVD2N49,2026-09-24T19:59:59.000Z,795
IE00BKVD2N49,2026-09-24T20:23:21.000Z,793
IE00BKVD2N49,2026-09-25T05:30:57.000Z,799
IE00BKVD2N49,2026-09-25T05:58:32.000Z,802
IE00BKVD2N49,2026-09-25T06:29:57.000Z,802.95
IE00BKVD2N49,2026-09-25T06:58:16.000Z,801.95
IE00BKVD2N49,2026-09-25T07:29:55.000Z,805
IE00BKVD2N49,2026-09-25T07:59:59.000Z,804
IE00BKVD2N49,2026-09-25T08:29:59.000Z,806
IE00BKVD2N49,2026-09-25T08:59:08.000Z,810.95
IE00BKVD2N49,2026-09-25T09:29:50.000Z,807.05
IE00BKVD2N49,2026-09-25T09:53:08.000Z,806.05
IE00BKVD2N49,2026-09-25T10:59:55.000Z,806.05
IE00BKVD2N49,2026-09-25T11:28:18.000Z,809
IE00BKVD2N49,2026-09-25T11:59:23.000Z,809
IE00BKVD2N49,2026-09-25T12:07:11.279Z,810
IE00BKVD2N49,2026-09-25T12:29:59.000Z,807
IE00BKVD2N49,2026-09-25T12:59:56.000Z,805.05
IE00BKVD2N49,2026-09-25T13:29:57.000Z,807
IE00BKVD2N49,2026-09-25T13:59:55.000Z,799
IE00BKVD2N49,2026-09-25T14:29:37.000Z,795
IE00BKVD2N49,2026-09-25T14:59:30.000Z,799
IE00BKVD2N49,2026-09-25T15:29:18.000Z,803
IE00BKVD2N49,2026-09-25T15:56:53.000Z,801
IE00BKVD2N49,2026-09-25T16:29:57.000Z,805
IE00BKVD2N49,2026-09-25T16:59:22.000Z,803
IE00BKVD2N49,2026-09-25T17:22:57.000Z,807
IE00BKVD2N49,2026-09-25T17:55:04.000Z,807
IE00BKVD2N49,2026-09-25T18:29:28.000Z,803
IE00BKVD2N49,2026-09-25T18:59:05.000Z,805
IE00BKVD2N49,2026-09-25T19:29:35.000Z,803
IE00BKVD2N49,2026-09-25T19:59:41.000Z,804
IE00BKVD2N49,2026-09-25T20:24:04.000Z,802
IE00BKVD2N49,2026-09-25T20:48:26.852Z,804
IE00BLRPRL42,2026-09-18T05:30:53.000Z,364.57
IE00BLRPRL42,2026-09-18T05:59:51.000Z,365.51
IE00BLRPRL42,2026-09-18T06:28:45.000Z,366.96
IE00BLRPRL42,2026-09-18T06:59:59.000Z,368.32
IE00BLRPRL42,2026-09-18T07:29:56.000Z,369.53
IE00BLRPRL42,2026-09-18T07:59:59.000Z,368.24
IE00BLRPRL42,2026-09-18T08:29:59.000Z,367.12
IE00BLRPRL42,2026-09-18T08:59:56.000Z,367
IE00BLRPRL42,2026-09-18T09:29:59.000Z,366.27
IE00BLRPRL42,2026-09-18T09:59:54.000Z,364.95
IE00BLRPRL42,2026-09-18T10:29:54.000Z,366.39
IE00BLRPRL42,2026-09-18T10:59:59.000Z,366.72
IE00BLRPRL42,2026-09-18T11:29:59.000Z,365.28
IE00BLRPRL42,2026-09-18T11:59:59.000Z,365.68
IE00BLRPRL42,2026-09-18T12:29:59.000Z,363.26
IE00BLRPRL42,2026-09-18T12:59:57.000Z,363.15
IE00BLRPRL42,2026-09-18T13:29:59.000Z,363.85
IE00BLRPRL42,2026-09-18T13:59:51.000Z,363.47
IE00BLRPRL42,2026-09-18T14:29:58.000Z,361.88
IE00BLRPRL42,2026-09-18T14:59:59.000Z,362.88
IE00BLRPRL42,2026-09-18T15:29:59.000Z,362.31
IE00BLRPRL42,2026-09-18T15:59:39.000Z,360.98
IE00BLRPRL42,2026-09-18T16:29:46.000Z,360.27
IE00BLRPRL42,2026-09-18T16:58:09.000Z,361.25
IE00BLRPRL42,2026-09-18T17:27:20.000Z,361.63
IE00BLRPRL42,2026-09-18T17:57:41.000Z,362.32
IE00BLRPRL42,2026-09-18T18:27:32.000Z,362.85
IE00BLRPRL42,2026-09-18T18:59:36.000Z,364.86
IE00BLRPRL42,2026-09-18T19:29:52.000Z,364.85
IE00BLRPRL42,2026-09-18T19:59:50.000Z,367.93
IE00BLRPRL42,2026-09-18T20:29:49.000Z,369.62
IE00BLRPRL42,2026-09-18T20:59:53.000Z,369.13
IE00BLRPRL42,2026-09-21T05:30:56.000Z,374.34
IE00BLRPRL42,2026-09-21T05:59:50.000Z,374.04
IE00BLRPRL42,2026-09-21T06:29:47.000Z,374.5
IE00BLRPRL42,2026-09-21T06:59:59.000Z,374.87
IE00BLRPRL42,2026-09-21T07:29:54.000Z,376.48
IE00BLRPRL42,2026-09-21T07:59:55.000Z,377.56
IE00BLRPRL42,2026-09-21T08:29:59.000Z,378.25
IE00BLRPRL42,2026-09-21T08:59:55.000Z,379.53
IE00BLRPRL42,2026-09-21T09:29:59.000Z,380.11
IE00BLRPRL42,2026-09-21T09:59:59.000Z,379.54
IE00BLRPRL42,2026-09-21T10:29:58.000Z,379.89
IE00BLRPRL42,2026-09-21T10:59:59.000Z,379.73
IE00BLRPRL42,2026-09-21T11:29:55.000Z,379.01
IE00BLRPRL42,2026-09-21T11:59:57.000Z,379.58
IE00BLRPRL42,2026-09-21T12:29:58.000Z,378.97
IE00BLRPRL42,2026-09-21T12:59:59.000Z,378.91
IE00BLRPRL42,2026-09-21T13:29:59.000Z,379.03
IE00BLRPRL42,2026-09-21T13:59:59.000Z,386.6
IE00BLRPRL42,2026-09-21T14:29:59.000Z,390.07
IE00BLRPRL42,2026-09-21T14:59:59.000Z,391.29
IE00BLRPRL42,2026-09-21T15:29:59.000Z,392.7
IE00BLRPRL42,2026-09-21T15:59:47.000Z,393.63
IE00BLRPRL42,2026-09-21T16:29:57.000Z,396.39
IE00BLRPRL42,2026-09-21T16:54:14.000Z,395.87
IE00BLRPRL42,2026-09-21T17:28:20.000Z,396.31
IE00BLRPRL42,2026-09-21T17:57:16.000Z,397.45
IE00BLRPRL42,2026-09-21T18:29:16.000Z,398.33
IE00BLRPRL42,2026-09-21T18:54:34.000Z,400.53
IE00BLRPRL42,2026-09-21T19:23:09.000Z,400.66
IE00BLRPRL42,2026-09-21T19:59:59.000Z,399.57
IE00BLRPRL42,2026-09-21T20:29:52.000Z,398.95
IE00BLRPRL42,2026-09-21T20:59:47.000Z,399.15
IE00BLRPRL42,2026-09-22T05:30:43.000Z,400.06
IE00BLRPRL42,2026-09-22T05:59:56.000Z,401.05
IE00BLRPRL42,2026-09-22T06:29:58.000Z,400.21
IE00BLRPRL42,2026-09-22T06:59:59.000Z,400.16
IE00BLRPRL42,2026-09-22T07:29:56.000Z,399.61
IE00BLRPRL42,2026-09-22T07:59:59.000Z,400.15
IE00BLRPRL42,2026-09-22T08:29:59.000Z,397.18
IE00BLRPRL42,2026-09-22T08:59:55.000Z,400.33
IE00BLRPRL42,2026-09-22T09:29:58.000Z,399.77
IE00BLRPRL42,2026-09-22T09:59:59.000Z,402.14
IE00BLRPRL42,2026-09-22T10:29:59.000Z,401.21
IE00BLRPRL42,2026-09-22T10:59:59.000Z,401.31
IE00BLRPRL42,2026-09-22T11:29:59.000Z,400.03
IE00BLRPRL42,2026-09-22T11:59:59.000Z,399.85
IE00BLRPRL42,2026-09-22T12:29:57.000Z,400.41
IE00BLRPRL42,2026-09-22T12:59:59.000Z,399.16
IE00BLRPRL42,2026-09-22T13:29:59.000Z,399.75
IE00BLRPRL42,2026-09-22T13:59:58.000Z,406.08
IE00BLRPRL42,2026-09-22T14:29:59.000Z,407.69
IE00BLRPRL42,2026-09-22T14:59:59.000Z,406.45
IE00BLRPRL42,2026-09-22T15:29:58.000Z,406.74
IE00BLRPRL42,2026-09-22T15:59:53.000Z,406.53
IE00BLRPRL42,2026-09-22T16:29:59.000Z,405.64
IE00BLRPRL42,2026-09-22T16:59:40.000Z,407.32
IE00BLRPRL42,2026-09-22T17:29:49.000Z,407.8
IE00BLRPRL42,2026-09-22T17:59:59.000Z,408.4
IE00BLRPRL42,2026-09-22T18:29:57.000Z,408.63
IE00BLRPRL42,2026-09-22T18:59:37.000Z,408.36
IE00BLRPRL42,2026-09-22T19:28:48.000Z,409.98
IE00BLRPRL42,2026-09-22T19:59:59.000Z,409.96
IE00BLRPRL42,2026-09-22T20:29:54.000Z,408.75
IE00BLRPRL42,2026-09-22T20:59:56.000Z,408.34
IE00BLRPRL42,2026-09-23T05:30:58.000Z,411.25
IE00BLRPRL42,2026-09-23T05:59:57.000Z,411.12
IE00BLRPRL42,2026-09-23T06:29:59.000Z,411.96
IE00BLRPRL42,2026-09-23T06:59:58.000Z,412.04
IE00BLRPRL42,2026-09-23T07:29:59.000Z,412.18
IE00BLRPRL42,2026-09-23T07:59:57.000Z,411.72
IE00BLRPRL42,2026-09-23T08:29:59.000Z,411.89
IE00BLRPRL42,2026-09-23T08:59:57.000Z,410.9
IE00BLRPRL42,2026-09-23T09:29:59.000Z,411.44
IE00BLRPRL42,2026-09-23T09:59:57.000Z,411.13
IE00BLRPRL42,2026-09-23T10:29:59.000Z,411.86
IE00BLRPRL42,2026-09-23T10:59:58.000Z,411.54
IE00BLRPRL42,2026-09-23T11:29:59.000Z,408.7
IE00BLRPRL42,2026-09-23T11:59:58.000Z,408.88
IE00BLRPRL42,2026-09-23T12:29:56.000Z,408.73
IE00BLRPRL42,2026-09-23T12:59:56.000Z,409.38
IE00BLRPRL42,2026-09-23T13:29:59.000Z,410.65
IE00BLRPRL42,2026-09-23T13:59:52.000Z,404.93
IE00BLRPRL42,2026-09-23T14:29:59.000Z,397.88
IE00BLRPRL42,2026-09-23T14:59:59.000Z,403.79
IE00BLRPRL42,2026-09-23T15:29:58.000Z,402.12
IE00BLRPRL42,2026-09-23T15:58:21.000Z,401.12
IE00BLRPRL42,2026-09-23T16:26:52.000Z,400.46
IE00BLRPRL42,2026-09-23T16:59:59.000Z,399.98
IE00BLRPRL42,2026-09-23T17:29:08.000Z,399.35
IE00BLRPRL42,2026-09-23T17:59:25.000Z,402.03
IE00BLRPRL42,2026-09-23T18:27:54.000Z,401.97
IE00BLRPRL42,2026-09-23T18:59:58.000Z,402.77
IE00BLRPRL42,2026-09-23T19:29:52.000Z,402.29
IE00BLRPRL42,2026-09-23T19:59:59.000Z,402.97
IE00BLRPRL42,2026-09-23T20:29:55.000Z,402.57
IE00BLRPRL42,2026-09-23T20:59:58.000Z,403.04
IE00BLRPRL42,2026-09-24T05:30:55.000Z,399.91
IE00BLRPRL42,2026-09-24T05:59:59.000Z,396.43
IE00BLRPRL42,2026-09-24T06:29:38.000Z,395.52
IE00BLRPRL42,2026-09-24T06:59:59.000Z,393.44
IE00BLRPRL42,2026-09-24T07:29:59.000Z,396.38
IE00BLRPRL42,2026-09-24T07:59:59.000Z,393.98
IE00BLRPRL42,2026-09-24T08:29:59.000Z,390
IE00BLRPRL42,2026-09-24T08:59:58.000Z,389.27
IE00BLRPRL42,2026-09-24T09:29:59.000Z,389.85
IE00BLRPRL42,2026-09-24T09:59:58.000Z,389.68
IE00BLRPRL42,2026-09-24T10:29:59.000Z,390.19
IE00BLRPRL42,2026-09-24T10:59:59.000Z,391.73
IE00BLRPRL42,2026-09-24T11:29:52.000Z,391
IE00BLRPRL42,2026-09-24T11:59:59.000Z,392.12
IE00BLRPRL42,2026-09-24T12:29:50.000Z,391.5
IE00BLRPRL42,2026-09-24T12:59:59.000Z,391.62
IE00BLRPRL42,2026-09-24T13:29:59.000Z,393.73
IE00BLRPRL42,2026-09-24T13:59:59.000Z,394.95
IE00BLRPRL42,2026-09-24T14:29:59.000Z,397.29
IE00BLRPRL42,2026-09-24T14:59:59.000Z,393.93
IE00BLRPRL42,2026-09-24T15:29:58.000Z,393.89
IE00BLRPRL42,2026-09-24T15:58:48.000Z,394.78
IE00BLRPRL42,2026-09-24T16:29:28.000Z,399.87
IE00BLRPRL42,2026-09-24T16:59:32.000Z,404.11
IE00BLRPRL42,2026-09-24T17:29:45.000Z,401.51
IE00BLRPRL42,2026-09-24T17:59:38.000Z,400.28
IE00BLRPRL42,2026-09-24T18:26:28.000Z,401.89
IE00BLRPRL42,2026-09-24T18:58:11.000Z,403.43
IE00BLRPRL42,2026-09-24T19:29:41.000Z,402.58
IE00BLRPRL42,2026-09-24T19:59:59.000Z,402.98
IE00BLRPRL42,2026-09-24T20:29:53.000Z,398.83
IE00BLRPRL42,2026-09-24T20:59:58.000Z,401.52
IE00BLRPRL42,2026-09-25T05:30:58.000Z,405.02
IE00BLRPRL42,2026-09-25T05:59:56.000Z,406.08
IE00BLRPRL42,2026-09-25T06:29:51.000Z,407.04
IE00BLRPRL42,2026-09-25T06:59:59.000Z,406.41
IE00BLRPRL42,2026-09-25T07:29:56.000Z,407.71
IE00BLRPRL42,2026-09-25T07:59:58.000Z,406.23
IE00BLRPRL42,2026-09-25T08:29:59.000Z,408.34
IE00BLRPRL42,2026-09-25T08:59:59.000Z,409.23
IE00BLRPRL42,2026-09-25T09:29:59.000Z,409
IE00BLRPRL42,2026-09-25T09:59:57.000Z,408.09
IE00BLRPRL42,2026-09-25T10:29:59.000Z,408.26
IE00BLRPRL42,2026-09-25T10:59:54.000Z,407.99
IE00BLRPRL42,2026-09-25T11:29:57.000Z,409.84
IE00BLRPRL42,2026-09-25T11:59:59.000Z,409.35
IE00BLRPRL42,2026-09-25T12:29:53.000Z,408.58
IE00BLRPRL42,2026-09-25T12:59:59.000Z,406.19
IE00BLRPRL42,2026-09-25T13:29:59.000Z,403.36
IE00BLRPRL42,2026-09-25T13:59:59.000Z,407.12
IE00BLRPRL42,2026-09-25T14:29:59.000Z,400.76
IE00BLRPRL42,2026-09-25T14:59:59.000Z,404.05
IE00BLRPRL42,2026-09-25T15:29:58.000Z,404.42
IE00BLRPRL42,2026-09-25T15:59:59.000Z,406.05
IE00BLRPRL42,2026-09-25T16:29:48.000Z,408.75
IE00BLRPRL42,2026-09-25T16:59:39.000Z,407.41
IE00BLRPRL42,2026-09-25T17:28:15.000Z,408.95
IE00BLRPRL42,2026-09-25T17:59:57.000Z,408.45
IE00BLRPRL42,2026-09-25T18:29:23.000Z,407.57
IE00BLRPRL42,2026-09-25T18:59:57.000Z,406.51
IE00BLRPRL42,2026-09-25T19:29:55.000Z,406.24
IE00BLRPRL42,2026-09-25T19:59:46.000Z,407.35
IE00BLRPRL42,2026-09-25T20:29:41.000Z,407.76
IE00BLRPRL42,2026-09-25T20:59:31.000Z,408.55
IE00BLRPRL42,2026-09-25T20:59:31.140Z,408.55
IE00BMC38736,2026-09-24T05:30:48.000Z,98.98
IE00BMC38736,2026-09-24T05:59:12.000Z,98.955
IE00BMC38736,2026-09-24T06:25:55.000Z,98.535
IE00BMC38736,2026-09-24T06:59:59.000Z,98.185
IE00BMC38736,2026-09-24T07:29:49.000Z,98.49
IE00BMC38736,2026-09-24T07:59:58.000Z,98.38
IE00BMC38736,2026-09-24T08:29:59.000Z,97.795
IE00BMC38736,2026-09-24T08:59:59.000Z,97.57
IE00BMC38736,2026-09-24T09:29:45.000Z,97.605
IE00BMC38736,2026-09-24T09:59:57.000Z,97.545
IE00BMC38736,2026-09-24T10:29:59.000Z,97.625
IE00BMC38736,2026-09-24T10:59:58.000Z,97.9
IE00BMC38736,2026-09-24T11:29:59.000Z,97.885
IE00BMC38736,2026-09-24T11:59:59.000Z,97.84
IE00BMC38736,2026-09-24T12:29:59.000Z,97.82
IE00BMC38736,2026-09-24T12:59:59.000Z,97.705
IE00BMC38736,2026-09-24T13:29:59.000Z,98.075
IE00BMC38736,2026-09-24T13:59:59.000Z,98.445
IE00BMC38736,2026-09-24T14:29:59.000Z,98.685
IE00BMC38736,2026-09-24T14:59:59.000Z,98.215
IE00BMC38736,2026-09-24T15:29:58.000Z,98.295
IE00BMC38736,2026-09-24T15:59:00.000Z,98.59
IE00BMC38736,2026-09-24T16:29:59.000Z,98.975
IE00BMC38736,2026-09-24T16:58:19.000Z,99.62
IE00BMC38736,2026-09-24T17:26:53.000Z,99.635
IE00BMC38736,2026-09-24T17:59:42.000Z,99.31
IE00BMC38736,2026-09-24T18:29:51.000Z,99.23
IE00BMC38736,2026-09-24T18:59:57.000Z,99.57
IE00BMC38736,2026-09-24T19:26:18.000Z,99.535
IE00BMC38736,2026-09-24T19:59:57.000Z,99.74
IE00BMC38736,2026-09-24T20:24:17.000Z,99.615
IE00BMC38736,2026-09-25T05:30:50.000Z,100.47
IE00BMC38736,2026-09-25T05:59:47.000Z,100.59
IE00BMC38736,2026-09-25T06:29:59.000Z,101.01
IE00BMC38736,2026-09-25T06:59:32.000Z,100.54
IE00BMC38736,2026-09-25T07:29:51.000Z,101.08
IE00BMC38736,2026-09-25T07:59:55.000Z,100.84
IE00BMC38736,2026-09-25T08:29:48.000Z,101.17
IE00BMC38736,2026-09-25T08:59:39.000Z,101.29
IE00BMC38736,2026-09-25T09:29:36.000Z,101.18
IE00BMC38736,2026-09-25T09:59:56.000Z,101.08
IE00BMC38736,2026-09-25T10:29:59.000Z,101.07
IE00BMC38736,2026-09-25T10:59:58.000Z,100.92
IE00BMC38736,2026-09-25T11:29:56.000Z,101.08
IE00BMC38736,2026-09-25T11:59:58.000Z,101.03
IE00BMC38736,2026-09-25T12:07:29.957Z,101.17
IE00BMC38736,2026-09-25T12:29:56.000Z,100.86
IE00BMC38736,2026-09-25T12:59:51.000Z,100.76
IE00BMC38736,2026-09-25T13:29:57.000Z,100.39
IE00BMC38736,2026-09-25T13:59:57.000Z,100.89
IE00BMC38736,2026-09-25T14:29:59.000Z,99.835
IE00BMC38736,2026-09-25T14:59:59.000Z,100.4
IE00BMC38736,2026-09-25T15:29:58.000Z,100.2
IE00BMC38736,2026-09-25T15:59:53.000Z,100.02
IE00BMC38736,2026-09-25T16:25:44.000Z,100.45
IE00BMC38736,2026-09-25T16:59:33.000Z,100.42
IE00BMC38736,2026-09-25T17:28:30.000Z,100.48
IE00BMC38736,2026-09-25T17:55:00.000Z,100.48
IE00BMC38736,2026-09-25T18:29:18.000Z,100.51
IE00BMC38736,2026-09-25T18:59:54.000Z,100.51
IE00BMC38736,2026-09-25T19:55:37.000Z,100.43
IE00BMC38736,2026-09-25T20:28:45.000Z,100.42
IE00BMC38736,2026-09-25T20:57:38.000Z,100.48
IE00BMC38736,2026-09-25T20:57:38.949Z,100.48
IT0005239360,2026-09-24T05:30:45.000Z,83.115
IT0005239360,2026-09-24T05:59:59.000Z,82.8
IT0005239360,2026-09-24T06:29:05.000Z,82.895
IT0005239360,2026-09-24T06:57:05.000Z,82.72
IT0005239360,2026-09-24T07:29:59.000Z,83.3
IT0005239360,2026-09-24T07:59:53.000Z,82.98
IT0005239360,2026-09-24T08:29:59.000Z,82.445
IT0005239360,2026-09-24T08:59:59.000Z,82.4
IT0005239360,2026-09-24T09:29:58.000Z,82.605
IT0005239360,2026-09-24T09:59:59.000Z,82.595
IT0005239360,2026-09-24T10:29:56.000Z,82.595
IT0005239360,2026-09-24T10:59:57.000Z,82.8
IT0005239360,2026-09-24T11:29:43.000Z,82.745
IT0005239360,2026-09-24T11:59:59.000Z,82.65
IT0005239360,2026-09-24T12:29:40.000Z,82.57
IT0005239360,2026-09-24T12:59:58.000Z,82.78
IT0005239360,2026-09-24T13:29:58.000Z,82.805
IT0005239360,2026-09-24T13:59:59.000Z,82.65
IT0005239360,2026-09-24T14:29:57.000Z,82.42
IT0005239360,2026-09-24T14:59:53.000Z,82.47
IT0005239360,2026-09-24T15:29:59.000Z,82.205
IT0005239360,2026-09-24T15:59:42.000Z,82.33
IT0005239360,2026-09-24T16:29:55.000Z,82.76
IT0005239360,2026-09-24T16:59:48.000Z,82.9
IT0005239360,2026-09-24T17:29:58.000Z,82.795
IT0005239360,2026-09-24T17:59:41.000Z,82.765
IT0005239360,2026-09-24T18:29:50.000Z,82.805
IT0005239360,2026-09-24T18:59:51.000Z,82.805
IT0005239360,2026-09-24T19:29:43.000Z,82.75
IT0005239360,2026-09-24T19:59:59.000Z,82.745
IT0005239360,2026-09-24T20:29:55.000Z,82.545
IT0005239360,2026-09-24T20:59:05.000Z,82.64
IT0005239360,2026-09-25T05:30:23.000Z,82.875
IT0005239360,2026-09-25T05:59:57.000Z,83.005
IT0005239360,2026-09-25T06:29:53.000Z,83.095
IT0005239360,2026-09-25T06:57:00.000Z,83.165
IT0005239360,2026-09-25T07:29:58.000Z,83.645
IT0005239360,2026-09-25T07:59:56.000Z,83.48
IT0005239360,2026-09-25T08:29:59.000Z,83.505
IT0005239360,2026-09-25T08:59:58.000Z,83.72
IT0005239360,2026-09-25T09:29:58.000Z,83.675
IT0005239360,2026-09-25T09:59:59.000Z,83.66
IT0005239360,2026-09-25T10:29:46.000Z,83.81
IT0005239360,2026-09-25T10:59:55.000Z,83.925
IT0005239360,2026-09-25T11:29:58.000Z,84.255
IT0005239360,2026-09-25T11:59:46.000Z,84.085
IT0005239360,2026-09-25T12:07:29.945Z,84.02
IT0005239360,2026-09-25T12:29:56.000Z,84.03
IT0005239360,2026-09-25T12:59:57.000Z,83.965
IT0005239360,2026-09-25T13:29:59.000Z,83.835
IT0005239360,2026-09-25T13:59:58.000Z,83.795
IT0005239360,2026-09-25T14:29:54.000Z,83.575
IT0005239360,2026-09-25T14:59:59.000Z,83.735
IT0005239360,2026-09-25T15:29:58.000Z,83.775
IT0005239360,2026-09-25T15:59:57.000Z,84.17
IT0005239360,2026-09-25T16:29:41.000Z,84.42
IT0005239360,2026-09-25T16:59:55.000Z,84.48
IT0005239360,2026-09-25T17:29:57.000Z,84.405
IT0005239360,2026-09-25T17:59:46.000Z,84.395
IT0005239360,2026-09-25T18:29:59.000Z,84.45
IT0005239360,2026-09-25T18:59:42.000Z,84.44
IT0005239360,2026-09-25T19:27:54.000Z,84.355
IT0005239360,2026-09-25T19:59:58.000Z,84.405
IT0005239360,2026-09-25T20:25:12.000Z,84.385
IT0005239360,2026-09-25T20:54:51.000Z,84.405
IT0005239360,2026-09-25T20:54:51.740Z,84.405
JE00B24DK975,2026-09-24T05:30:45.000Z,6.8482
JE00B24DK975,2026-09-24T05:59:29.000Z,6.8128
JE00B24DK975,2026-09-24T06:29:42.000Z,6.786
JE00B24DK975,2026-09-24T06:59:56.000Z,6.7775
JE00B24DK975,2026-09-24T07:29:54.000Z,6.81
JE00B24DK975,2026-09-24T07:59:59.000Z,6.7555
JE00B24DK975,2026-09-24T08:29:59.000Z,6.6462
JE00B24DK975,2026-09-24T08:59:57.000Z,6.6565
JE00B24DK975,2026-09-24T09:29:59.000Z,6.692
JE00B24DK975,2026-09-24T09:59:59.000Z,6.7035
JE00B24DK975,2026-09-24T10:29:59.000Z,6.7372
JE00B24DK975,2026-09-24T10:59:58.000Z,6.742
JE00B24DK975,2026-09-24T11:29:59.000Z,6.7258
JE00B24DK975,2026-09-24T11:59:59.000Z,6.7292
JE00B24DK975,2026-09-24T12:29:32.000Z,6.711
JE00B24DK975,2026-09-24T12:59:59.000Z,6.6995
JE00B24DK975,2026-09-24T13:29:59.000Z,6.7158
JE00B24DK975,2026-09-24T13:59:59.000Z,6.6972
JE00B24DK975,2026-09-24T14:29:55.000Z,6.6732
JE00B24DK975,2026-09-24T14:59:59.000Z,6.6125
JE00B24DK975,2026-09-24T15:29:59.000Z,6.5538
JE00B24DK975,2026-09-24T15:59:36.000Z,6.5605
JE00B24DK975,2026-09-24T16:29:53.000Z,6.72
JE00B24DK975,2026-09-24T16:59:59.000Z,6.7005
JE00B24DK975,2026-09-24T17:29:52.000Z,6.679
JE00B24DK975,2026-09-24T17:59:52.000Z,6.6485
JE00B24DK975,2026-09-24T18:29:58.000Z,6.696
JE00B24DK975,2026-09-24T18:59:52.000Z,6.7012
JE00B24DK975,2026-09-24T19:29:51.000Z,6.649
JE00B24DK975,2026-09-24T19:59:49.000Z,6.652
JE00B24DK975,2026-09-25T05:30:55.000Z,6.8295
JE00B24DK975,2026-09-25T05:59:31.000Z,6.8235
JE00B24DK975,2026-09-25T06:29:57.000Z,6.8035
JE00B24DK975,2026-09-25T06:59:43.000Z,6.805
JE00B24DK975,2026-09-25T07:29:58.000Z,6.772
JE00B24DK975,2026-09-25T07:59:58.000Z,6.763
JE00B24DK975,2026-09-25T08:29:59.000Z,6.7708
JE00B24DK975,2026-09-25T08:59:59.000Z,6.8338
JE00B24DK975,2026-09-25T09:29:59.000Z,6.7915
JE00B24DK975,2026-09-25T09:59:59.000Z,6.789
JE00B24DK975,2026-09-25T10:29:58.000Z,6.7902
JE00B24DK975,2026-09-25T10:59:17.000Z,6.788
JE00B24DK975,2026-09-25T11:29:59.000Z,6.8128
JE00B24DK975,2026-09-25T11:59:58.000Z,6.8128
JE00B24DK975,2026-09-25T12:07:28.842Z,6.8182
JE00B24DK975,2026-09-25T12:29:33.000Z,6.794
JE00B24DK975,2026-09-25T12:59:59.000Z,6.8218
JE00B24DK975,2026-09-25T13:29:59.000Z,6.7848
JE00B24DK975,2026-09-25T13:59:59.000Z,6.7658
JE00B24DK975,2026-09-25T14:29:59.000Z,6.744
JE00B24DK975,2026-09-25T14:59:59.000Z,6.7408
JE00B24DK975,2026-09-25T15:29:59.000Z,6.7238
JE00B24DK975,2026-09-25T15:59:59.000Z,6.8085
JE00B24DK975,2026-09-25T16:29:58.000Z,6.905
JE00B24DK975,2026-09-25T16:59:57.000Z,6.8765
JE00B24DK975,2026-09-25T17:29:49.000Z,6.8688
JE00B24DK975,2026-09-25T17:59:59.000Z,6.8665
JE00B24DK975,2026-09-25T18:29:59.000Z,6.8522
JE00B24DK975,2026-09-25T18:59:58.000Z,6.8488
JE00B24DK975,2026-09-25T19:29:48.000Z,6.828
JE00B24DK975,2026-09-25T19:59:03.000Z,6.8548
JE00B24DK975,2026-09-25T20:21:32.000Z,6.8488
JE00B24DK975,2026-09-25T20:21:32.324Z,6.8488
LU2023678282,2026-09-18T05:30:50.000Z,20.5075
LU2023678282,2026-09-18T05:55:40.000Z,20.55
LU2023678282,2026-09-18T06:29:52.000Z,20.5925
LU2023678282,2026-09-18T06:59:39.000Z,20.6525
LU2023678282,2026-09-18T07:29:59.000Z,20.725
LU2023678282,2026-09-18T07:59:58.000Z,20.6575
LU2023678282,2026-09-18T08:29:59.000Z,20.655
LU2023678282,2026-09-18T08:59:58.000Z,20.6175
LU2023678282,2026-09-18T09:29:59.000Z,20.59
LU2023678282,2026-09-18T09:59:54.000Z,20.5475
LU2023678282,2026-09-18T10:29:59.000Z,20.6275
LU2023678282,2026-09-18T10:59:59.000Z,20.6125
LU2023678282,2026-09-18T11:29:55.000Z,20.565
LU2023678282,2026-09-18T11:59:59.000Z,20.59
LU2023678282,2026-09-18T12:29:58.000Z,20.4975
LU2023678282,2026-09-18T12:59:58.000Z,20.46
LU2023678282,2026-09-18T13:29:59.000Z,20.57
LU2023678282,2026-09-18T13:59:59.000Z,20.7425
LU2023678282,2026-09-18T14:29:53.000Z,20.735
LU2023678282,2026-09-18T14:59:59.000Z,20.7725
LU2023678282,2026-09-18T15:29:58.000Z,20.755
LU2023678282,2026-09-18T15:59:50.000Z,20.7525
LU2023678282,2026-09-18T16:29:59.000Z,20.7175
LU2023678282,2026-09-18T16:59:58.000Z,20.785
LU2023678282,2026-09-18T17:29:58.000Z,20.8225
LU2023678282,2026-09-18T17:59:45.000Z,20.875
LU2023678282,2026-09-18T18:29:59.000Z,20.905
LU2023678282,2026-09-18T18:59:59.000Z,20.955
LU2023678282,2026-09-18T19:29:59.000Z,20.93
LU2023678282,2026-09-18T19:59:59.000Z,21.1475
LU2023678282,2026-09-18T20:29:55.000Z,21.0975
LU2023678282,2026-09-18T20:59:49.000Z,21.0875
LU2023678282,2026-09-21T05:30:59.000Z,21.37
LU2023678282,2026-09-21T05:59:09.000Z,21.3925
LU2023678282,2026-09-21T06:29:59.000Z,21.43
LU2023678282,2026-09-21T06:59:52.000Z,21.5
LU2023678282,2026-09-21T07:29:59.000Z,21.4775
LU2023678282,2026-09-21T07:59:59.000Z,21.52
LU2023678282,2026-09-21T08:29:58.000Z,21.62
LU2023678282,2026-09-21T08:59:58.000Z,21.68
LU2023678282,2026-09-21T09:29:59.000Z,21.705
LU2023678282,2026-09-21T09:59:59.000Z,21.675
LU2023678282,2026-09-21T10:29:53.000Z,21.6825
LU2023678282,2026-09-21T10:59:59.000Z,21.7
LU2023678282,2026-09-21T11:29:58.000Z,21.655
LU2023678282,2026-09-21T11:59:46.000Z,21.675
LU2023678282,2026-09-21T12:29:58.000Z,21.6875
LU2023678282,2026-09-21T12:59:53.000Z,21.73
LU2023678282,2026-09-21T13:29:59.000Z,21.8025
LU2023678282,2026-09-21T13:59:58.000Z,21.715
LU2023678282,2026-09-21T14:29:53.000Z,21.67
LU2023678282,2026-09-21T14:59:54.000Z,21.705
LU2023678282,2026-09-21T15:29:55.000Z,21.7825
LU2023678282,2026-09-21T15:59:49.000Z,21.695
LU2023678282,2026-09-21T16:29:59.000Z,21.8
LU2023678282,2026-09-21T16:59:57.000Z,21.7575
LU2023678282,2026-09-21T17:29:59.000Z,21.73
LU2023678282,2026-09-21T17:59:59.000Z,21.79
LU2023678282,2026-09-21T18:29:39.000Z,21.88
LU2023678282,2026-09-21T18:59:59.000Z,21.9375
LU2023678282,2026-09-21T19:29:58.000Z,21.8675
LU2023678282,2026-09-21T19:59:58.000Z,21.8975
LU2023678282,2026-09-21T20:29:58.000Z,21.8475
LU2023678282,2026-09-21T20:59:49.000Z,21.85
LU2023678282,2026-09-22T05:30:57.000Z,21.8
LU2023678282,2026-09-22T05:59:56.000Z,21.7625
LU2023678282,2026-09-22T06:29:59.000Z,21.695
LU2023678282,2026-09-22T06:59:50.000Z,21.66
LU2023678282,2026-09-22T07:29:58.000Z,21.6475
LU2023678282,2026-09-22T07:59:53.000Z,21.6625
LU2023678282,2026-09-22T08:29:54.000Z,21.4525
LU2023678282,2026-09-22T08:59:58.000Z,21.6275
LU2023678282,2026-09-22T09:29:52.000Z,21.645
LU2023678282,2026-09-22T09:59:56.000Z,21.79
LU2023678282,2026-09-22T10:29:54.000Z,21.745
LU2023678282,2026-09-22T10:59:52.000Z,21.75
LU2023678282,2026-09-22T11:29:59.000Z,21.66
LU2023678282,2026-09-22T11:59:50.000Z,21.635
LU2023678282,2026-09-22T12:29:48.000Z,21.6325
LU2023678282,2026-09-22T12:59:57.000Z,21.6125
LU2023678282,2026-09-22T13:29:59.000Z,21.64
LU2023678282,2026-09-22T13:59:59.000Z,22.5975
LU2023678282,2026-09-22T14:29:59.000Z,22.5775
LU2023678282,2026-09-22T14:59:55.000Z,22.41
LU2023678282,2026-09-22T15:29:59.000Z,22.325
LU2023678282,2026-09-22T15:59:57.000Z,22.415
LU2023678282,2026-09-22T16:29:57.000Z,22.44
LU2023678282,2026-09-22T16:59:55.000Z,22.535
LU2023678282,2026-09-22T17:29:53.000Z,22.555
LU2023678282,2026-09-22T17:59:58.000Z,22.585
LU2023678282,2026-09-22T18:29:56.000Z,22.625
LU2023678282,2026-09-22T18:59:59.000Z,22.645
LU2023678282,2026-09-22T19:29:59.000Z,22.69
LU2023678282,2026-09-22T19:59:59.000Z,22.7175
LU2023678282,2026-09-22T20:29:07.000Z,22.67
LU2023678282,2026-09-22T20:59:51.000Z,22.66
LU2023678282,2026-09-23T05:30:45.000Z,22.68
LU2023678282,2026-09-23T05:59:59.000Z,22.74
LU2023678282,2026-09-23T06:29:59.000Z,22.7325
LU2023678282,2026-09-23T06:59:40.000Z,22.71
LU2023678282,2026-09-23T07:29:59.000Z,22.69
LU2023678282,2026-09-23T07:59:59.000Z,22.645
LU2023678282,2026-09-23T08:29:48.000Z,22.625
LU2023678282,2026-09-23T08:59:57.000Z,22.5925
LU2023678282,2026-09-23T09:29:52.000Z,22.63
LU2023678282,2026-09-23T09:58:28.000Z,22.6025
LU2023678282,2026-09-23T10:29:59.000Z,22.645
LU2023678282,2026-09-23T10:59:47.000Z,22.65
LU2023678282,2026-09-23T11:29:58.000Z,22.5025
LU2023678282,2026-09-23T11:59:58.000Z,22.5
LU2023678282,2026-09-23T12:29:42.000Z,22.51
LU2023678282,2026-09-23T12:59:59.000Z,22.535
LU2023678282,2026-09-23T13:29:59.000Z,22.655
LU2023678282,2026-09-23T13:59:58.000Z,22.5125
LU2023678282,2026-09-23T14:29:59.000Z,22.3225
LU2023678282,2026-09-23T14:59:58.000Z,22.4025
LU2023678282,2026-09-23T15:29:49.000Z,22.455
LU2023678282,2026-09-23T15:59:55.000Z,22.4
LU2023678282,2026-09-23T16:29:51.000Z,22.41
LU2023678282,2026-09-23T16:59:51.000Z,22.335
LU2023678282,2026-09-23T17:29:52.000Z,22.3275
LU2023678282,2026-09-23T17:59:53.000Z,22.46
LU2023678282,2026-09-23T18:29:51.000Z,22.4425
LU2023678282,2026-09-23T18:59:58.000Z,22.3975
LU2023678282,2026-09-23T19:29:55.000Z,22.3575
LU2023678282,2026-09-23T19:59:59.000Z,22.4275
LU2023678282,2026-09-23T20:29:56.000Z,22.39
LU2023678282,2026-09-23T20:59:57.000Z,22.4075
LU2023678282,2026-09-24T05:30:58.000Z,22.2575
LU2023678282,2026-09-24T05:59:42.000Z,22.1425
LU2023678282,2026-09-24T06:29:56.000Z,22.1075
LU2023678282,2026-09-24T06:59:52.000Z,22.0475
LU2023678282,2026-09-24T07:29:59.000Z,22.0425
LU2023678282,2026-09-24T07:59:51.000Z,22.0375
LU2023678282,2026-09-24T08:29:59.000Z,21.8825
LU2023678282,2026-09-24T08:59:57.000Z,21.805
LU2023678282,2026-09-24T09:29:59.000Z,21.8275
LU2023678282,2026-09-24T09:59:57.000Z,21.82
LU2023678282,2026-09-24T10:29:59.000Z,21.84
LU2023678282,2026-09-24T10:59:58.000Z,21.9325
LU2023678282,2026-09-24T11:29:19.000Z,21.955
LU2023678282,2026-09-24T11:59:59.000Z,21.9575
LU2023678282,2026-09-24T12:29:51.000Z,21.985
LU2023678282,2026-09-24T12:59:54.000Z,21.94
LU2023678282,2026-09-24T13:29:59.000Z,22.0325
LU2023678282,2026-09-24T13:59:59.000Z,21.98
LU2023678282,2026-09-24T14:29:59.000Z,22.0725
LU2023678282,2026-09-24T14:59:59.000Z,21.915
LU2023678282,2026-09-24T15:29:33.000Z,21.9375
LU2023678282,2026-09-24T15:59:41.000Z,21.9975
LU2023678282,2026-09-24T16:29:54.000Z,22.0925
LU2023678282,2026-09-24T16:59:59.000Z,22.1875
LU2023678282,2026-09-24T17:29:54.000Z,22.1225
LU2023678282,2026-09-24T17:59:43.000Z,22.0175
LU2023678282,2026-09-24T18:29:58.000Z,22.0075
LU2023678282,2026-09-24T18:59:59.000Z,22.0875
LU2023678282,2026-09-24T19:29:57.000Z,22.01
LU2023678282,2026-09-24T19:59:58.000Z,22.03
LU2023678282,2026-09-24T20:29:50.000Z,21.9825
LU2023678282,2026-09-24T20:59:58.000Z,22.0175
LU2023678282,2026-09-25T05:30:58.000Z,22.1975
LU2023678282,2026-09-25T05:59:51.000Z,22.215
LU2023678282,2026-09-25T06:29:54.000Z,22.27
LU2023678282,2026-09-25T06:59:59.000Z,22.2575
LU2023678282,2026-09-25T07:29:57.000Z,22.3775
LU2023678282,2026-09-25T07:59:55.000Z,22.385
LU2023678282,2026-09-25T08:29:58.000Z,22.44
LU2023678282,2026-09-25T08:59:59.000Z,22.46
LU2023678282,2026-09-25T09:29:59.000Z,22.4575
LU2023678282,2026-09-25T09:59:59.000Z,22.4275
LU2023678282,2026-09-25T10:29:59.000Z,22.43
LU2023678282,2026-09-25T10:59:59.000Z,22.3775
LU2023678282,2026-09-25T11:29:51.000Z,22.4375
LU2023678282,2026-09-25T11:59:54.000Z,22.4225
LU2023678282,2026-09-25T12:29:51.000Z,22.4025
LU2023678282,2026-09-25T12:59:55.000Z,22.3825
LU2023678282,2026-09-25T13:29:59.000Z,22.4025
LU2023678282,2026-09-25T13:59:58.000Z,22.3
LU2023678282,2026-09-25T14:29:59.000Z,22.07
LU2023678282,2026-09-25T14:59:57.000Z,22.2225
LU2023678282,2026-09-25T15:29:59.000Z,22.255
LU2023678282,2026-09-25T15:59:59.000Z,22.2775
LU2023678282,2026-09-25T16:29:53.000Z,22.405
LU2023678282,2026-09-25T16:59:59.000Z,22.375
LU2023678282,2026-09-25T17:29:42.000Z,22.4175
LU2023678282,2026-09-25T17:59:59.000Z,22.435
LU2023678282,2026-09-25T18:29:58.000Z,22.38
LU2023678282,2026-09-25T18:59:37.000Z,22.3975
LU2023678282,2026-09-25T19:29:59.000Z,22.385
LU2023678282,2026-09-25T19:59:59.000Z,22.3825
LU2023678282,2026-09-25T20:29:41.000Z,22.345
LU2023678282,2026-09-25T20:59:46.000Z,22.3625
LU2023678282,2026-09-25T20:59:46.009Z,22.3625
LU2333563281,2026-09-24T05:30:26.000Z,11.91
LU2333563281,2026-09-24T05:51:59.000Z,11.78
LU2333563281,2026-09-24T06:57:52.000Z,11.82
LU2333563281,2026-09-24T07:27:23.000Z,11.8
LU2333563281,2026-09-24T07:58:39.000Z,11.69
LU2333563281,2026-09-24T08:29:59.000Z,11.66
LU2333563281,2026-09-24T08:59:43.000Z,11.67
LU2333563281,2026-09-24T09:27:53.000Z,11.62
LU2333563281,2026-09-24T09:59:27.000Z,11.71
LU2333563281,2026-09-24T10:21:36.000Z,11.88
LU2333563281,2026-09-24T10:59:44.000Z,11.82
LU2333563281,2026-09-24T11:29:56.000Z,11.75
LU2333563281,2026-09-24T11:58:46.000Z,11.71
LU2333563281,2026-09-24T12:29:52.000Z,11.62
LU2333563281,2026-09-24T12:58:18.000Z,11.63
LU2333563281,2026-09-24T13:28:01.000Z,11.64
LU2333563281,2026-09-24T13:59:28.000Z,11.59
LU2333563281,2026-09-24T14:28:21.000Z,11.59
LU2333563281,2026-09-24T14:59:58.000Z,11.54
LU2333563281,2026-09-24T15:29:55.000Z,11.54
LU2333563281,2026-09-24T15:59:29.000Z,11.58
LU2333563281,2026-09-24T16:25:46.000Z,11.6
LU2333563281,2026-09-24T16:58:47.000Z,11.58
LU2333563281,2026-09-24T18:54:24.000Z,11.64
LU2333563281,2026-09-24T19:59:02.000Z,11.63
LU2333563281,2026-09-24T20:22:07.000Z,11.63
LU2333563281,2026-09-25T05:30:21.000Z,11.64
LU2333563281,2026-09-25T06:58:34.000Z,11.63
LU2333563281,2026-09-25T07:29:14.000Z,11.58
LU2333563281,2026-09-25T07:59:51.000Z,11.55
LU2333563281,2026-09-25T08:59:56.000Z,11.59
LU2333563281,2026-09-25T09:24:02.000Z,11.59
LU2333563281,2026-09-25T09:58:53.000Z,11.59
LU2333563281,2026-09-25T10:59:59.000Z,11.49
LU2333563281,2026-09-25T11:29:31.000Z,11.55
LU2333563281,2026-09-25T11:50:16.000Z,11.51
LU2333563281,2026-09-25T12:02:35.449Z,11.51
LU2333563281,2026-09-25T12:28:00.000Z,11.55
LU2333563281,2026-09-25T12:58:50.000Z,11.52
LU2333563281,2026-09-25T13:24:25.000Z,11.53
LU2333563281,2026-09-25T13:59:05.000Z,11.52
LU2333563281,2026-09-25T14:27:13.000Z,11.46
LU2333563281,2026-09-25T14:58:08.000Z,11.46
LU2333563281,2026-09-25T15:29:54.000Z,11.4
LU2333563281,2026-09-25T16:23:38.000Z,11.42
LU2333563281,2026-09-25T19:59:02.000Z,11.37
LU2333563281,2026-09-25T19:59:02.763Z,11.37
NL0010273215,2026-09-24T05:30:51.000Z,1524.4
NL0010273215,2026-09-24T05:59:59.000Z,1518.2
NL0010273215,2026-09-24T06:29:02.000Z,1509.3
NL0010273215,2026-09-24T06:56:32.000Z,1508.5
NL0010273215,2026-09-24T07:29:59.000Z,1514.9
NL0010273215,2026-09-24T07:59:59.000Z,1506
NL0010273215,2026-09-24T08:29:59.000Z,1497.3
NL0010273215,2026-09-24T08:59:59.000Z,1495
NL0010273215,2026-09-24T09:29:59.000Z,1497
NL0010273215,2026-09-24T09:59:59.000Z,1495.3
NL0010273215,2026-09-24T10:29:59.000Z,1499
NL0010273215,2026-09-24T10:59:59.000Z,1503.4
NL0010273215,2026-09-24T11:29:58.000Z,1504.8
NL0010273215,2026-09-24T11:59:59.000Z,1507.2
NL0010273215,2026-09-24T12:29:59.000Z,1505.6
NL0010273215,2026-09-24T12:59:54.000Z,1504.2
NL0010273215,2026-09-24T13:29:59.000Z,1504.7
NL0010273215,2026-09-24T13:59:59.000Z,1508.8
NL0010273215,2026-09-24T14:29:59.000Z,1510.3
NL0010273215,2026-09-24T14:59:59.000Z,1507.7
NL0010273215,2026-09-24T15:29:59.000Z,1507.7
NL0010273215,2026-09-24T15:59:54.000Z,1508.5
NL0010273215,2026-09-24T16:29:59.000Z,1515.3
NL0010273215,2026-09-24T16:59:45.000Z,1521.8
NL0010273215,2026-09-24T17:29:55.000Z,1514.7
NL0010273215,2026-09-24T17:59:59.000Z,1513
NL0010273215,2026-09-24T18:29:56.000Z,1516.3
NL0010273215,2026-09-24T18:59:55.000Z,1517.6
NL0010273215,2026-09-24T19:29:59.000Z,1513.1
NL0010273215,2026-09-24T19:59:59.000Z,1514.3
NL0010273215,2026-09-24T20:29:33.000Z,1512.5
NL0010273215,2026-09-24T20:59:51.000Z,1513.4
NL0010273215,2026-09-25T05:30:52.000Z,1523.4
NL0010273215,2026-09-25T05:59:55.000Z,1526.3
NL0010273215,2026-09-25T06:29:57.000Z,1527.1
NL0010273215,2026-09-25T06:59:57.000Z,1528.2
NL0010273215,2026-09-25T07:29:58.000Z,1534.2
NL0010273215,2026-09-25T07:59:55.000Z,1527.4
NL0010273215,2026-09-25T08:29:59.000Z,1533.4
NL0010273215,2026-09-25T08:59:59.000Z,1541.1
NL0010273215,2026-09-25T09:29:58.000Z,1538.8
NL0010273215,2026-09-25T09:59:59.000Z,1538.7
NL0010273215,2026-09-25T10:29:52.000Z,1539.9
NL0010273215,2026-09-25T10:59:54.000Z,1536.5
NL0010273215,2026-09-25T11:29:59.000Z,1539.5
NL0010273215,2026-09-25T11:59:47.000Z,1535.7
NL0010273215,2026-09-25T12:07:32.113Z,1537.1
NL0010273215,2026-09-25T12:29:57.000Z,1534.1
NL0010273215,2026-09-25T12:59:55.000Z,1533.1
NL0010273215,2026-09-25T13:29:59.000Z,1528.4
NL0010273215,2026-09-25T13:59:59.000Z,1541.3
NL0010273215,2026-09-25T14:29:59.000Z,1527.8
NL0010273215,2026-09-25T14:59:57.000Z,1531.8
NL0010273215,2026-09-25T15:29:59.000Z,1525.9
NL0010273215,2026-09-25T15:59:59.000Z,1527.2
NL0010273215,2026-09-25T16:29:59.000Z,1530.8
NL0010273215,2026-09-25T16:59:53.000Z,1525.3
NL0010273215,2026-09-25T17:29:58.000Z,1527.2
NL0010273215,2026-09-25T17:59:56.000Z,1529.5
NL0010273215,2026-09-25T18:29:51.000Z,1530.4
NL0010273215,2026-09-25T18:59:51.000Z,1527.5
NL0010273215,2026-09-25T19:29:59.000Z,1529.7
NL0010273215,2026-09-25T19:59:59.000Z,1526.4
NL0010273215,2026-09-25T20:28:04.000Z,1527
NL0010273215,2026-09-25T20:59:58.000Z,1530.6
NL0010273215,2026-09-25T20:59:58.854Z,1530.6
US0079031078,2026-09-24T05:30:10.000Z,537.3
US0079031078,2026-09-24T05:59:59.000Z,535.2
US0079031078,2026-09-24T06:29:54.000Z,533.75
US0079031078,2026-09-24T06:59:57.000Z,532.7
US0079031078,2026-09-24T07:29:59.000Z,533.8
US0079031078,2026-09-24T07:59:58.000Z,533.35
US0079031078,2026-09-24T08:29:59.000Z,529.45
US0079031078,2026-09-24T08:59:58.000Z,527.75
US0079031078,2026-09-24T09:29:59.000Z,527.5
US0079031078,2026-09-24T09:59:59.000Z,527.35
US0079031078,2026-09-24T10:29:58.000Z,528.45
US0079031078,2026-09-24T10:59:59.000Z,530
US0079031078,2026-09-24T11:29:58.000Z,528.8
US0079031078,2026-09-24T11:59:56.000Z,527
US0079031078,2026-09-24T12:29:59.000Z,526.25
US0079031078,2026-09-24T12:59:57.000Z,526.2
US0079031078,2026-09-24T13:29:58.000Z,529.05
US0079031078,2026-09-24T13:59:59.000Z,541.65
US0079031078,2026-09-24T14:29:59.000Z,542.5
US0079031078,2026-09-24T14:59:59.000Z,537.75
US0079031078,2026-09-24T15:29:58.000Z,537.85
US0079031078,2026-09-24T15:59:58.000Z,537.1
US0079031078,2026-09-24T16:29:59.000Z,544.05
US0079031078,2026-09-24T16:59:59.000Z,549.75
US0079031078,2026-09-24T17:29:59.000Z,548.9
US0079031078,2026-09-24T17:59:51.000Z,545
US0079031078,2026-09-24T18:29:59.000Z,546.95
US0079031078,2026-09-24T18:59:57.000Z,552.3
US0079031078,2026-09-24T19:29:56.000Z,550.75
US0079031078,2026-09-24T19:59:59.000Z,553.05
US0079031078,2026-09-24T20:29:57.000Z,552.2
US0079031078,2026-09-24T20:59:38.000Z,553.2
US0079031078,2026-09-25T05:30:53.000Z,558
US0079031078,2026-09-25T05:59:58.000Z,561.05
US0079031078,2026-09-25T06:29:50.000Z,562.55
US0079031078,2026-09-25T06:59:55.000Z,561.8
US0079031078,2026-09-25T07:29:59.000Z,565.25
US0079031078,2026-09-25T07:59:58.000Z,564.75
US0079031078,2026-09-25T08:29:58.000Z,565.15
US0079031078,2026-09-25T08:59:59.000Z,565.85
US0079031078,2026-09-25T09:29:58.000Z,564.3
US0079031078,2026-09-25T09:59:46.000Z,564.1
US0079031078,2026-09-25T10:29:41.000Z,564
US0079031078,2026-09-25T10:59:56.000Z,562.7
US0079031078,2026-09-25T11:29:59.000Z,562.15
US0079031078,2026-09-25T11:59:59.000Z,562.65
US0079031078,2026-09-25T12:07:34.560Z,563.3
US0079031078,2026-09-25T12:29:57.000Z,561.25
US0079031078,2026-09-25T12:59:58.000Z,560.7
US0079031078,2026-09-25T13:29:59.000Z,556.6
US0079031078,2026-09-25T13:59:59.000Z,558.4
US0079031078,2026-09-25T14:29:59.000Z,552.6
US0079031078,2026-09-25T14:59:53.000Z,555.05
US0079031078,2026-09-25T15:29:59.000Z,551.85
US0079031078,2026-09-25T15:59:59.000Z,551.9
US0079031078,2026-09-25T16:29:59.000Z,552.95
US0079031078,2026-09-25T16:59:59.000Z,551.6
US0079031078,2026-09-25T17:29:51.000Z,552.75
US0079031078,2026-09-25T17:59:49.000Z,552.8
US0079031078,2026-09-25T18:29:58.000Z,553.4
US0079031078,2026-09-25T18:59:56.000Z,551.9
US0079031078,2026-09-25T19:29:58.000Z,552.7
US0079031078,2026-09-25T19:59:59.000Z,553.25
US0079031078,2026-09-25T20:29:34.000Z,553.25
US0079031078,2026-09-25T20:59:58.000Z,553.5
US0079031078,2026-09-25T20:59:58.965Z,553.5
US02079K3059,2026-09-24T05:30:57.000Z,298.525
US02079K3059,2026-09-24T05:59:58.000Z,297.9
US02079K3059,2026-09-24T06:29:48.000Z,297.65
US02079K3059,2026-09-24T06:59:49.000Z,297.425
US02079K3059,2026-09-24T07:29:58.000Z,297.325
US02079K3059,2026-09-24T07:59:58.000Z,297.2
US02079K3059,2026-09-24T08:29:59.000Z,296.575
US02079K3059,2026-09-24T08:59:59.000Z,295.7
US02079K3059,2026-09-24T09:29:59.000Z,295.5
US02079K3059,2026-09-24T09:59:56.000Z,295.875
US02079K3059,2026-09-24T10:29:59.000Z,296.45
US02079K3059,2026-09-24T10:59:59.000Z,296.5
US02079K3059,2026-09-24T11:29:59.000Z,295.175
US02079K3059,2026-09-24T11:59:58.000Z,295.375
US02079K3059,2026-09-24T12:29:55.000Z,295.5
US02079K3059,2026-09-24T12:59:57.000Z,296.675
US02079K3059,2026-09-24T13:29:59.000Z,295.975
US02079K3059,2026-09-24T13:59:59.000Z,297.025
US02079K3059,2026-09-24T14:29:58.000Z,298.3
US02079K3059,2026-09-24T14:59:59.000Z,298.025
US02079K3059,2026-09-24T15:29:58.000Z,297.525
US02079K3059,2026-09-24T15:59:59.000Z,298.4
US02079K3059,2026-09-24T16:29:59.000Z,299.5
US02079K3059,2026-09-24T16:59:59.000Z,301.1
US02079K3059,2026-09-24T17:29:54.000Z,300.3
US02079K3059,2026-09-24T17:59:59.000Z,300.45
US02079K3059,2026-09-24T18:29:57.000Z,300.525
US02079K3059,2026-09-24T18:59:59.000Z,300.45
US02079K3059,2026-09-24T19:29:58.000Z,300.725
US02079K3059,2026-09-24T19:59:59.000Z,301.025
US02079K3059,2026-09-24T20:29:58.000Z,300.225
US02079K3059,2026-09-24T20:59:58.000Z,300.575
US02079K3059,2026-09-25T05:30:58.000Z,301.225
US02079K3059,2026-09-25T05:59:59.000Z,301.5
US02079K3059,2026-09-25T06:29:55.000Z,301.35
US02079K3059,2026-09-25T06:59:25.000Z,301.225
US02079K3059,2026-09-25T07:29:58.000Z,301.125
US02079K3059,2026-09-25T07:59:59.000Z,300.7
US02079K3059,2026-09-25T08:29:59.000Z,301
US02079K3059,2026-09-25T08:59:54.000Z,301.35
US02079K3059,2026-09-25T09:29:58.000Z,301.95
US02079K3059,2026-09-25T09:59:45.000Z,301.9
US02079K3059,2026-09-25T10:29:59.000Z,301.35
US02079K3059,2026-09-25T10:59:59.000Z,301.25
US02079K3059,2026-09-25T11:29:58.000Z,301.125
US02079K3059,2026-09-25T11:59:57.000Z,301.25
US02079K3059,2026-09-25T12:07:35.124Z,301.625
US02079K3059,2026-09-25T12:29:58.000Z,301.4
US02079K3059,2026-09-25T12:59:52.000Z,300.975
US02079K3059,2026-09-25T13:29:59.000Z,300.1
US02079K3059,2026-09-25T13:59:59.000Z,301.55
US02079K3059,2026-09-25T14:29:59.000Z,300.425
US02079K3059,2026-09-25T14:59:59.000Z,300.975
US02079K3059,2026-09-25T15:29:59.000Z,301.775
US02079K3059,2026-09-25T15:59:59.000Z,302.25
US02079K3059,2026-09-25T16:29:59.000Z,302.45
US02079K3059,2026-09-25T16:59:59.000Z,301.625
US02079K3059,2026-09-25T17:29:59.000Z,302.65
US02079K3059,2026-09-25T17:59:59.000Z,302.2
US02079K3059,2026-09-25T18:29:59.000Z,301.775
US02079K3059,2026-09-25T18:59:54.000Z,301.875
US02079K3059,2026-09-25T19:29:54.000Z,301.625
US02079K3059,2026-09-25T19:59:59.000Z,301.75
US02079K3059,2026-09-25T20:29:49.000Z,301.725
US02079K3059,2026-09-25T20:59:57.000Z,302.15
US02079K3059,2026-09-25T20:59:57.564Z,302.15
US0231351067,2026-09-24T05:30:55.000Z,218.4
US0231351067,2026-09-24T05:59:58.000Z,218.3
US0231351067,2026-09-24T06:29:52.000Z,217.875
US0231351067,2026-09-24T06:59:50.000Z,217.85
US0231351067,2026-09-24T07:29:59.000Z,218.075
US0231351067,2026-09-24T07:59:59.000Z,217.7
US0231351067,2026-09-24T08:29:48.000Z,217.2
US0231351067,2026-09-24T08:59:46.000Z,217.25
US0231351067,2026-09-24T09:29:45.000Z,217.4
US0231351067,2026-09-24T09:59:55.000Z,217.425
US0231351067,2026-09-24T10:29:52.000Z,217.8
US0231351067,2026-09-24T10:59:47.000Z,217.75
US0231351067,2026-09-24T11:29:56.000Z,217.325
US0231351067,2026-09-24T11:59:53.000Z,217.65
US0231351067,2026-09-24T12:29:58.000Z,217.3
US0231351067,2026-09-24T12:59:04.000Z,216.675
US0231351067,2026-09-24T13:29:59.000Z,216.55
US0231351067,2026-09-24T13:59:58.000Z,216.025
US0231351067,2026-09-24T14:29:56.000Z,216.85
US0231351067,2026-09-24T14:59:59.000Z,216.775
US0231351067,2026-09-24T15:29:58.000Z,216.475
US0231351067,2026-09-24T15:59:59.000Z,216.975
US0231351067,2026-09-24T16:29:59.000Z,217.775
US0231351067,2026-09-24T16:59:59.000Z,219.1
US0231351067,2026-09-24T17:29:45.000Z,219.275
US0231351067,2026-09-24T17:59:58.000Z,219.475
US0231351067,2026-09-24T18:29:58.000Z,219.7
US0231351067,2026-09-24T18:59:59.000Z,219.9
US0231351067,2026-09-24T19:29:57.000Z,219.3
US0231351067,2026-09-24T19:59:58.000Z,219.2
US0231351067,2026-09-24T20:29:54.000Z,218.8
US0231351067,2026-09-24T20:59:58.000Z,219
US0231351067,2026-09-25T05:30:58.000Z,220.075
US0231351067,2026-09-25T05:59:59.000Z,220.175
US0231351067,2026-09-25T06:29:44.000Z,220.2
US0231351067,2026-09-25T06:59:53.000Z,220.225
US0231351067,2026-09-25T07:29:47.000Z,220.025
US0231351067,2026-09-25T07:59:57.000Z,219.725
US0231351067,2026-09-25T08:29:52.000Z,219.975
US0231351067,2026-09-25T08:58:49.000Z,220.15
US0231351067,2026-09-25T09:29:56.000Z,220.35
US0231351067,2026-09-25T09:59:55.000Z,220.2
US0231351067,2026-09-25T10:29:59.000Z,219.95
US0231351067,2026-09-25T10:59:43.000Z,220.05
US0231351067,2026-09-25T11:29:34.000Z,220
US0231351067,2026-09-25T11:59:58.000Z,220.225
US0231351067,2026-09-25T12:06:09.956Z,220.175
US0231351067,2026-09-25T12:29:57.000Z,219.85
US0231351067,2026-09-25T12:59:59.000Z,219.15
US0231351067,2026-09-25T13:29:59.000Z,218.4
US0231351067,2026-09-25T13:59:59.000Z,218.025
US0231351067,2026-09-25T14:29:59.000Z,217.2
US0231351067,2026-09-25T14:59:59.000Z,217.725
US0231351067,2026-09-25T15:29:59.000Z,218.375
US0231351067,2026-09-25T15:59:59.000Z,218.925
US0231351067,2026-09-25T16:29:56.000Z,219.975
US0231351067,2026-09-25T16:59:58.000Z,219.825
US0231351067,2026-09-25T17:29:39.000Z,219.95
US0231351067,2026-09-25T17:59:58.000Z,219.55
US0231351067,2026-09-25T18:29:59.000Z,219.125
US0231351067,2026-09-25T18:59:54.000Z,218.85
US0231351067,2026-09-25T19:29:59.000Z,219.225
US0231351067,2026-09-25T19:59:58.000Z,219.1
US0231351067,2026-09-25T20:29:42.000Z,219.075
US0231351067,2026-09-25T20:59:54.000Z,219.25
US0231351067,2026-09-25T20:59:54.127Z,219.25
US0937121079,2026-09-24T05:30:07.000Z,240.875
US0937121079,2026-09-24T05:58:59.000Z,239.25
US0937121079,2026-09-24T06:29:04.000Z,239
US0937121079,2026-09-24T06:59:52.000Z,237.425
US0937121079,2026-09-24T07:29:56.000Z,238.625
US0937121079,2026-09-24T07:59:50.000Z,238.25
US0937121079,2026-09-24T08:29:58.000Z,234.25
US0937121079,2026-09-24T08:59:50.000Z,233.875
US0937121079,2026-09-24T09:26:48.000Z,233.875
US0937121079,2026-09-24T09:59:27.000Z,234
US0937121079,2026-09-24T10:29:00.000Z,235
US0937121079,2026-09-24T10:59:10.000Z,236
US0937121079,2026-09-24T11:29:43.000Z,236.875
US0937121079,2026-09-24T11:59:43.000Z,236.2
US0937121079,2026-09-24T12:29:59.000Z,228.575
US0937121079,2026-09-24T12:59:59.000Z,229.675
US0937121079,2026-09-24T13:29:59.000Z,226.25
US0937121079,2026-09-24T13:59:59.000Z,226.375
US0937121079,2026-09-24T14:29:59.000Z,228.8
US0937121079,2026-09-24T14:59:59.000Z,224.875
US0937121079,2026-09-24T15:29:55.000Z,225.5
US0937121079,2026-09-24T15:59:57.000Z,227.875
US0937121079,2026-09-24T16:29:59.000Z,229.925
US0937121079,2026-09-24T16:59:58.000Z,234.875
US0937121079,2026-09-24T17:29:53.000Z,234.7
US0937121079,2026-09-24T17:59:50.000Z,233.05
US0937121079,2026-09-24T18:29:53.000Z,232.575
US0937121079,2026-09-24T18:59:37.000Z,236.375
US0937121079,2026-09-24T19:29:42.000Z,235.375
US0937121079,2026-09-24T19:59:52.000Z,234.5
US0937121079,2026-09-24T20:29:03.000Z,233.2
US0937121079,2026-09-24T20:59:43.000Z,233.925
US0937121079,2026-09-25T05:30:22.000Z,236
US0937121079,2026-09-25T05:59:09.000Z,237.525
US0937121079,2026-09-25T06:26:50.000Z,238.25
US0937121079,2026-09-25T06:55:52.000Z,238.675
US0937121079,2026-09-25T07:29:55.000Z,239.25
US0937121079,2026-09-25T07:58:38.000Z,238.25
US0937121079,2026-09-25T08:29:58.000Z,240
US0937121079,2026-09-25T08:59:50.000Z,240
US0937121079,2026-09-25T09:29:38.000Z,239.375
US0937121079,2026-09-25T09:59:59.000Z,238.625
US0937121079,2026-09-25T10:29:58.000Z,239.5
US0937121079,2026-09-25T10:59:36.000Z,238.875
US0937121079,2026-09-25T11:29:14.000Z,239.125
US0937121079,2026-09-25T11:59:46.000Z,238.25
US0937121079,2026-09-25T12:07:26.810Z,238.125
US0937121079,2026-09-25T12:29:50.000Z,236.575
US0937121079,2026-09-25T12:59:55.000Z,237.45
US0937121079,2026-09-25T13:29:59.000Z,236.125
US0937121079,2026-09-25T13:59:58.000Z,246.7
US0937121079,2026-09-25T14:29:58.000Z,246.25
US0937121079,2026-09-25T14:59:56.000Z,248.375
US0937121079,2026-09-25T15:29:56.000Z,249.375
US0937121079,2026-09-25T15:59:54.000Z,255.25
US0937121079,2026-09-25T16:29:48.000Z,254.65
US0937121079,2026-09-25T16:59:58.000Z,255.05
US0937121079,2026-09-25T17:29:59.000Z,256.275
US0937121079,2026-09-25T17:59:33.000Z,254.375
US0937121079,2026-09-25T18:29:57.000Z,253.975
US0937121079,2026-09-25T18:59:58.000Z,253.25
US0937121079,2026-09-25T19:29:34.000Z,254.875
US0937121079,2026-09-25T19:59:59.000Z,253.375
US0937121079,2026-09-25T20:29:02.000Z,253.6
US0937121079,2026-09-25T20:58:45.000Z,253.925
US0937121079,2026-09-25T20:58:45.361Z,253.925
US11135F1012,2026-09-24T05:30:57.000Z,310.625
US11135F1012,2026-09-24T05:59:39.000Z,310.15
US11135F1012,2026-09-24T06:29:48.000Z,309.7
US11135F1012,2026-09-24T06:59:59.000Z,308.975
US11135F1012,2026-09-24T07:29:59.000Z,309.35
US11135F1012,2026-09-24T07:59:58.000Z,309.1
US11135F1012,2026-09-24T08:29:58.000Z,307.525
US11135F1012,2026-09-24T08:59:58.000Z,307.1
US11135F1012,2026-09-24T09:29:58.000Z,307.675
US11135F1012,2026-09-24T09:59:51.000Z,307.5
US11135F1012,2026-09-24T10:29:54.000Z,308.2
US11135F1012,2026-09-24T10:59:51.000Z,308.275
US11135F1012,2026-09-24T11:29:58.000Z,308.3
US11135F1012,2026-09-24T11:59:56.000Z,308.05
US11135F1012,2026-09-24T12:29:59.000Z,307.625
US11135F1012,2026-09-24T12:59:59.000Z,307.6
US11135F1012,2026-09-24T13:29:59.000Z,307.525
US11135F1012,2026-09-24T13:59:58.000Z,306.475
US11135F1012,2026-09-24T14:29:59.000Z,306.35
US11135F1012,2026-09-24T14:59:59.000Z,305.325
US11135F1012,2026-09-24T15:29:58.000Z,305.625
US11135F1012,2026-09-24T15:59:59.000Z,306.175
US11135F1012,2026-09-24T16:29:59.000Z,307.125
US11135F1012,2026-09-24T16:59:59.000Z,308.475
US11135F1012,2026-09-24T17:29:41.000Z,307.65
US11135F1012,2026-09-24T17:59:59.000Z,307.6
US11135F1012,2026-09-24T18:29:59.000Z,307.575
US11135F1012,2026-09-24T18:59:58.000Z,307.875
US11135F1012,2026-09-24T19:29:54.000Z,307.35
US11135F1012,2026-09-24T19:59:59.000Z,307.95
US11135F1012,2026-09-24T20:29:52.000Z,306.925
US11135F1012,2026-09-24T20:59:58.000Z,307.6
US11135F1012,2026-09-25T05:30:53.000Z,311.1
US11135F1012,2026-09-25T05:58:59.000Z,311.6
US11135F1012,2026-09-25T06:29:56.000Z,311.725
US11135F1012,2026-09-25T06:59:58.000Z,311.625
US11135F1012,2026-09-25T07:29:58.000Z,311.675
US11135F1012,2026-09-25T07:59:59.000Z,311.325
US11135F1012,2026-09-25T08:29:58.000Z,311.9
US11135F1012,2026-09-25T08:59:56.000Z,312.275
US11135F1012,2026-09-25T09:29:58.000Z,311.925
US11135F1012,2026-09-25T09:59:58.000Z,311.775
US11135F1012,2026-09-25T10:29:58.000Z,311.775
US11135F1012,2026-09-25T10:59:59.000Z,311.4
US11135F1012,2026-09-25T11:29:58.000Z,311.275
US11135F1012,2026-09-25T11:59:59.000Z,311.975
US11135F1012,2026-09-25T12:07:32.781Z,312.275
US11135F1012,2026-09-25T12:29:52.000Z,311.575
US11135F1012,2026-09-25T12:59:59.000Z,311.175
US11135F1012,2026-09-25T13:29:59.000Z,309.45
US11135F1012,2026-09-25T13:59:59.000Z,309.675
US11135F1012,2026-09-25T14:29:59.000Z,306.875
US11135F1012,2026-09-25T14:59:56.000Z,309.05
US11135F1012,2026-09-25T15:29:58.000Z,308.75
US11135F1012,2026-09-25T15:59:59.000Z,309.225
US11135F1012,2026-09-25T16:29:59.000Z,309.75
US11135F1012,2026-09-25T16:59:59.000Z,309.1
US11135F1012,2026-09-25T17:29:58.000Z,310.3
US11135F1012,2026-09-25T17:59:59.000Z,309.925
US11135F1012,2026-09-25T18:29:59.000Z,309.575
US11135F1012,2026-09-25T18:59:59.000Z,308.825
US11135F1012,2026-09-25T19:29:57.000Z,308.825
US11135F1012,2026-09-25T19:59:59.000Z,309.55
US11135F1012,2026-09-25T20:29:47.000Z,309.825
US11135F1012,2026-09-25T20:59:57.000Z,310.075
US11135F1012,2026-09-25T20:59:57.529Z,310.075
US1912161007,2026-09-24T05:30:58.000Z,77.405
US1912161007,2026-09-24T05:59:39.000Z,77.41
US1912161007,2026-09-24T06:29:59.000Z,77.36
US1912161007,2026-09-24T06:59:59.000Z,77.47
US1912161007,2026-09-24T07:29:58.000Z,77.535
US1912161007,2026-09-24T07:59:59.000Z,77.485
US1912161007,2026-09-24T08:29:59.000Z,77.515
US1912161007,2026-09-24T08:59:12.000Z,77.565
US1912161007,2026-09-24T09:29:58.000Z,77.875
US1912161007,2026-09-24T09:59:18.000Z,77.785
US1912161007,2026-09-24T10:29:48.000Z,77.885
US1912161007,2026-09-24T10:59:58.000Z,77.745
US1912161007,2026-09-24T11:29:50.000Z,77.79
US1912161007,2026-09-24T11:59:54.000Z,77.975
US1912161007,2026-09-24T12:29:50.000Z,78.045
US1912161007,2026-09-24T12:59:04.000Z,78.06
US1912161007,2026-09-24T13:29:58.000Z,78.11
US1912161007,2026-09-24T13:59:58.000Z,78.435
US1912161007,2026-09-24T14:29:59.000Z,78.17
US1912161007,2026-09-24T14:59:59.000Z,78.17
US1912161007,2026-09-24T15:29:58.000Z,78.145
US1912161007,2026-09-24T15:59:59.000Z,77.885
US1912161007,2026-09-24T16:29:58.000Z,77.92
US1912161007,2026-09-24T16:59:56.000Z,77.84
US1912161007,2026-09-24T17:29:58.000Z,77.835
US1912161007,2026-09-24T17:59:46.000Z,77.95
US1912161007,2026-09-24T18:29:54.000Z,77.935
US1912161007,2026-09-24T18:59:57.000Z,77.7
US1912161007,2026-09-24T19:29:58.000Z,77.74
US1912161007,2026-09-24T19:59:58.000Z,77.45
US1912161007,2026-09-24T20:29:43.000Z,77.565
US1912161007,2026-09-24T20:59:58.000Z,77.415
US1912161007,2026-09-25T05:30:53.000Z,77.56
US1912161007,2026-09-25T05:59:59.000Z,77.495
US1912161007,2026-09-25T06:28:57.000Z,77.345
US1912161007,2026-09-25T06:59:55.000Z,77.35
US1912161007,2026-09-25T07:29:46.000Z,77.415
US1912161007,2026-09-25T07:59:16.000Z,77.365
US1912161007,2026-09-25T08:29:55.000Z,77.455
US1912161007,2026-09-25T08:58:09.000Z,77.425
US1912161007,2026-09-25T09:29:50.000Z,77.31
US1912161007,2026-09-25T09:59:56.000Z,77.305
US1912161007,2026-09-25T10:27:15.000Z,77.275
US1912161007,2026-09-25T10:59:17.000Z,77.275
US1912161007,2026-09-25T11:29:59.000Z,77.21
US1912161007,2026-09-25T11:59:59.000Z,77.195
US1912161007,2026-09-25T12:06:56.364Z,77.22
US1912161007,2026-09-25T12:29:59.000Z,77.21
US1912161007,2026-09-25T12:59:20.000Z,77.23
US1912161007,2026-09-25T13:29:59.000Z,77.29
US1912161007,2026-09-25T13:59:58.000Z,77.135
US1912161007,2026-09-25T14:29:54.000Z,77.135
US1912161007,2026-09-25T14:59:51.000Z,76.975
US1912161007,2026-09-25T15:29:59.000Z,77.07
US1912161007,2026-09-25T15:59:56.000Z,77.045
US1912161007,2026-09-25T16:29:55.000Z,77.23
US1912161007,2026-09-25T16:59:59.000Z,77.26
US1912161007,2026-09-25T17:29:52.000Z,77.35
US1912161007,2026-09-25T17:59:57.000Z,77.25
US1912161007,2026-09-25T18:29:52.000Z,77
US1912161007,2026-09-25T18:59:43.000Z,76.95
US1912161007,2026-09-25T19:29:55.000Z,76.9
US1912161007,2026-09-25T19:59:59.000Z,77.06
US1912161007,2026-09-25T20:29:48.000Z,77.07
US1912161007,2026-09-25T20:59:58.000Z,77.085
US1912161007,2026-09-25T20:59:58.940Z,77.085
US26740W1099,2026-09-24T05:30:56.000Z,14.74
US26740W1099,2026-09-24T05:58:17.000Z,14.68
US26740W1099,2026-09-24T06:29:43.000Z,14.63
US26740W1099,2026-09-24T06:59:57.000Z,14.605
US26740W1099,2026-09-24T07:29:59.000Z,14.6475
US26740W1099,2026-09-24T07:59:57.000Z,14.665
US26740W1099,2026-09-24T08:29:48.000Z,14.5275
US26740W1099,2026-09-24T08:59:22.000Z,14.5025
US26740W1099,2026-09-24T09:28:39.000Z,14.5425
US26740W1099,2026-09-24T09:59:09.000Z,14.5125
US26740W1099,2026-09-24T10:29:03.000Z,14.5625
US26740W1099,2026-09-24T10:59:47.000Z,14.62
US26740W1099,2026-09-24T11:29:59.000Z,14.55
US26740W1099,2026-09-24T11:59:56.000Z,14.465
US26740W1099,2026-09-24T12:29:51.000Z,14.4875
US26740W1099,2026-09-24T12:59:59.000Z,14.515
US26740W1099,2026-09-24T13:29:57.000Z,14.595
US26740W1099,2026-09-24T13:59:57.000Z,14.5725
US26740W1099,2026-09-24T14:29:59.000Z,14.9
US26740W1099,2026-09-24T14:59:59.000Z,14.875
US26740W1099,2026-09-24T15:29:59.000Z,14.78
US26740W1099,2026-09-24T15:59:59.000Z,14.8275
US26740W1099,2026-09-24T16:29:58.000Z,15.22
US26740W1099,2026-09-24T16:59:56.000Z,15.175
US26740W1099,2026-09-24T17:29:54.000Z,15.19
US26740W1099,2026-09-24T17:59:59.000Z,15.425
US26740W1099,2026-09-24T18:29:59.000Z,15.3475
US26740W1099,2026-09-24T18:59:56.000Z,15.19
US26740W1099,2026-09-24T19:29:59.000Z,15.1425
US26740W1099,2026-09-24T19:59:59.000Z,15.3575
US26740W1099,2026-09-24T20:29:47.000Z,15.275
US26740W1099,2026-09-24T20:58:46.000Z,15.28
US26740W1099,2026-09-25T05:30:33.000Z,15.3575
US26740W1099,2026-09-25T05:55:51.000Z,15.39
US26740W1099,2026-09-25T06:28:03.000Z,15.395
US26740W1099,2026-09-25T06:59:18.000Z,15.39
US26740W1099,2026-09-25T07:29:04.000Z,15.4075
US26740W1099,2026-09-25T07:59:59.000Z,15.315
US26740W1099,2026-09-25T08:28:52.000Z,15.3975
US26740W1099,2026-09-25T08:59:54.000Z,15.4025
US26740W1099,2026-09-25T09:29:48.000Z,15.41
US26740W1099,2026-09-25T09:59:59.000Z,15.26
US26740W1099,2026-09-25T10:29:58.000Z,15.205
US26740W1099,2026-09-25T10:59:59.000Z,15.25
US26740W1099,2026-09-25T11:29:57.000Z,15.1975
US26740W1099,2026-09-25T11:59:57.000Z,15.1475
US26740W1099,2026-09-25T12:07:33.829Z,15.1575
US26740W1099,2026-09-25T12:29:59.000Z,15.15
US26740W1099,2026-09-25T12:59:36.000Z,15.16
US26740W1099,2026-09-25T13:29:58.000Z,15.3125
US26740W1099,2026-09-25T13:59:59.000Z,15.2825
US26740W1099,2026-09-25T14:29:59.000Z,15.2375
US26740W1099,2026-09-25T14:59:51.000Z,15.2825
US26740W1099,2026-09-25T15:29:59.000Z,15.56
US26740W1099,2026-09-25T15:59:56.000Z,15.5475
US26740W1099,2026-09-25T16:29:58.000Z,15.5175
US26740W1099,2026-09-25T16:59:50.000Z,15.4775
US26740W1099,2026-09-25T17:29:05.000Z,15.4675
US26740W1099,2026-09-25T17:59:50.000Z,15.3775
US26740W1099,2026-09-25T18:29:46.000Z,15.3475
US26740W1099,2026-09-25T18:59:34.000Z,15.3925
US26740W1099,2026-09-25T19:29:38.000Z,15.3475
US26740W1099,2026-09-25T19:59:59.000Z,15.27
US26740W1099,2026-09-25T20:28:57.000Z,15.3
US26740W1099,2026-09-25T20:59:57.000Z,15.305
US26740W1099,2026-09-25T20:59:57.390Z,15.305
US4581401001,2026-09-24T05:30:55.000Z,107.11
US4581401001,2026-09-24T05:59:58.000Z,106.5
US4581401001,2026-09-24T06:29:56.000Z,106.3
US4581401001,2026-09-24T06:59:59.000Z,105.74
US4581401001,2026-09-24T07:29:58.000Z,106.19
US4581401001,2026-09-24T07:59:51.000Z,106.3
US4581401001,2026-09-24T08:29:59.000Z,105
US4581401001,2026-09-24T08:59:59.000Z,104.13
US4581401001,2026-09-24T09:29:58.000Z,104.18
US4581401001,2026-09-24T09:59:59.000Z,104.17
US4581401001,2026-09-24T10:29:58.000Z,104.26
US4581401001,2026-09-24T10:59:55.000Z,104.69
US4581401001,2026-09-24T11:29:58.000Z,104.67
US4581401001,2026-09-24T11:59:59.000Z,104.7
US4581401001,2026-09-24T12:29:55.000Z,104.76
US4581401001,2026-09-24T12:59:59.000Z,104.75
US4581401001,2026-09-24T13:29:59.000Z,106.17
US4581401001,2026-09-24T13:59:59.000Z,109.25
US4581401001,2026-09-24T14:29:59.000Z,109.29
US4581401001,2026-09-24T14:59:59.000Z,109.21
US4581401001,2026-09-24T15:29:58.000Z,107.8
US4581401001,2026-09-24T15:59:59.000Z,107.95
US4581401001,2026-09-24T16:29:59.000Z,109.19
US4581401001,2026-09-24T16:59:59.000Z,110.53
US4581401001,2026-09-24T17:29:59.000Z,110.48
US4581401001,2026-09-24T17:59:59.000Z,110.1
US4581401001,2026-09-24T18:29:59.000Z,110.75
US4581401001,2026-09-24T18:59:59.000Z,111.16
US4581401001,2026-09-24T19:29:59.000Z,110.82
US4581401001,2026-09-24T19:59:59.000Z,111.95
US4581401001,2026-09-24T20:29:59.000Z,111.54
US4581401001,2026-09-24T20:59:58.000Z,111.91
US4581401001,2026-09-25T05:30:53.000Z,113.15
US4581401001,2026-09-25T05:59:48.000Z,113.53
US4581401001,2026-09-25T06:29:59.000Z,113.99
US4581401001,2026-09-25T06:59:52.000Z,113.61
US4581401001,2026-09-25T07:29:58.000Z,113.92
US4581401001,2026-09-25T07:59:58.000Z,113.75
US4581401001,2026-09-25T08:29:58.000Z,114.31
US4581401001,2026-09-25T08:59:34.000Z,113.97
US4581401001,2026-09-25T09:29:59.000Z,113.61
US4581401001,2026-09-25T09:59:54.000Z,113.65
US4581401001,2026-09-25T10:29:58.000Z,113.44
US4581401001,2026-09-25T10:59:53.000Z,113.23
US4581401001,2026-09-25T11:29:59.000Z,112.95
US4581401001,2026-09-25T11:59:56.000Z,112.76
US4581401001,2026-09-25T12:07:22.388Z,112.95
US4581401001,2026-09-25T12:29:51.000Z,112.03
US4581401001,2026-09-25T12:59:59.000Z,112.06
US4581401001,2026-09-25T13:29:59.000Z,111.29
US4581401001,2026-09-25T13:59:59.000Z,110.18
US4581401001,2026-09-25T14:29:59.000Z,109.24
US4581401001,2026-09-25T14:59:59.000Z,109.06
US4581401001,2026-09-25T15:29:59.000Z,108.53
US4581401001,2026-09-25T15:59:59.000Z,108.48
US4581401001,2026-09-25T16:29:57.000Z,109.02
US4581401001,2026-09-25T16:59:59.000Z,109.14
US4581401001,2026-09-25T17:29:58.000Z,109.35
US4581401001,2026-09-25T17:59:54.000Z,109.08
US4581401001,2026-09-25T18:29:58.000Z,108.99
US4581401001,2026-09-25T18:59:58.000Z,109.2
US4581401001,2026-09-25T19:29:59.000Z,109.22
US4581401001,2026-09-25T19:59:59.000Z,107.92
US4581401001,2026-09-25T20:29:58.000Z,107.98
US4581401001,2026-09-25T20:59:58.000Z,108
US4581401001,2026-09-25T20:59:58.956Z,108
US4824801009,2026-09-24T05:30:59.000Z,164.65
US4824801009,2026-09-24T05:59:59.000Z,164.18
US4824801009,2026-09-24T06:29:54.000Z,163.41
US4824801009,2026-09-24T06:59:59.000Z,163.02
US4824801009,2026-09-24T07:29:59.000Z,163.2
US4824801009,2026-09-24T07:59:59.000Z,162.9
US4824801009,2026-09-24T08:29:57.000Z,161.43
US4824801009,2026-09-24T08:59:41.000Z,160.83
US4824801009,2026-09-24T09:29:21.000Z,160.7
US4824801009,2026-09-24T09:59:56.000Z,160.48
US4824801009,2026-09-24T10:29:56.000Z,160.69
US4824801009,2026-09-24T10:59:29.000Z,161.63
US4824801009,2026-09-24T11:29:59.000Z,161.75
US4824801009,2026-09-24T11:59:59.000Z,161.48
US4824801009,2026-09-24T12:29:59.000Z,161.63
US4824801009,2026-09-24T12:59:59.000Z,161.65
US4824801009,2026-09-24T13:29:59.000Z,162.85
US4824801009,2026-09-24T13:59:59.000Z,162.95
US4824801009,2026-09-24T14:29:59.000Z,162.46
US4824801009,2026-09-24T14:59:58.000Z,161.53
US4824801009,2026-09-24T15:29:59.000Z,161.93
US4824801009,2026-09-24T15:59:58.000Z,162.7
US4824801009,2026-09-24T16:29:56.000Z,164.16
US4824801009,2026-09-24T16:59:59.000Z,164.64
US4824801009,2026-09-24T17:29:59.000Z,163.74
US4824801009,2026-09-24T17:59:57.000Z,163.53
US4824801009,2026-09-24T18:29:59.000Z,163.52
US4824801009,2026-09-24T18:59:59.000Z,163.62
US4824801009,2026-09-24T19:29:59.000Z,163.8
US4824801009,2026-09-24T19:59:59.000Z,164.44
US4824801009,2026-09-24T20:29:59.000Z,163.76
US4824801009,2026-09-24T20:59:45.000Z,164.15
US4824801009,2026-09-25T05:30:59.000Z,165.63
US4824801009,2026-09-25T05:59:12.000Z,166.09
US4824801009,2026-09-25T06:29:57.000Z,166.82
US4824801009,2026-09-25T06:59:58.000Z,166.5
US4824801009,2026-09-25T07:29:53.000Z,166.97
US4824801009,2026-09-25T07:59:59.000Z,166.4
US4824801009,2026-09-25T08:29:58.000Z,167.08
US4824801009,2026-09-25T08:59:49.000Z,167.46
US4824801009,2026-09-25T09:29:44.000Z,167.46
US4824801009,2026-09-25T09:59:31.000Z,167.05
US4824801009,2026-09-25T10:28:24.000Z,167.12
US4824801009,2026-09-25T10:59:19.000Z,166.73
US4824801009,2026-09-25T11:29:59.000Z,167.61
US4824801009,2026-09-25T11:59:59.000Z,167.56
US4824801009,2026-09-25T12:07:27.759Z,167.86
US4824801009,2026-09-25T12:29:59.000Z,167.3
US4824801009,2026-09-25T12:59:56.000Z,166.54
US4824801009,2026-09-25T13:29:59.000Z,164.28
US4824801009,2026-09-25T13:59:59.000Z,165.94
US4824801009,2026-09-25T14:29:59.000Z,163.32
US4824801009,2026-09-25T14:59:59.000Z,164.58
US4824801009,2026-09-25T15:29:59.000Z,164.1
US4824801009,2026-09-25T15:59:59.000Z,164.12
US4824801009,2026-09-25T16:29:59.000Z,164.56
US4824801009,2026-09-25T16:59:59.000Z,164.15
US4824801009,2026-09-25T17:29:53.000Z,164.44
US4824801009,2026-09-25T17:59:59.000Z,164.87
US4824801009,2026-09-25T18:29:59.000Z,164.83
US4824801009,2026-09-25T18:59:58.000Z,164.52
US4824801009,2026-09-25T19:29:59.000Z,164.83
US4824801009,2026-09-25T19:59:59.000Z,164.84
US4824801009,2026-09-25T20:29:49.000Z,164.79
US4824801009,2026-09-25T20:59:43.000Z,165.2
US4824801009,2026-09-25T20:59:43.351Z,165.2
US5128073062,2026-09-24T05:30:53.000Z,269.35
US5128073062,2026-09-24T05:59:53.000Z,268.475
US5128073062,2026-09-24T06:29:59.000Z,267.125
US5128073062,2026-09-24T06:59:58.000Z,266.425
US5128073062,2026-09-24T07:29:59.000Z,266.775
US5128073062,2026-09-24T07:59:58.000Z,267.25
US5128073062,2026-09-24T08:29:43.000Z,263.8
US5128073062,2026-09-24T08:59:58.000Z,263.35
US5128073062,2026-09-24T09:28:50.000Z,263.475
US5128073062,2026-09-24T09:59:26.000Z,263.025
US5128073062,2026-09-24T10:29:57.000Z,263.3
US5128073062,2026-09-24T10:59:59.000Z,264.3
US5128073062,2026-09-24T11:29:52.000Z,264.525
US5128073062,2026-09-24T11:59:58.000Z,264.325
US5128073062,2026-09-24T12:29:58.000Z,264.525
US5128073062,2026-09-24T12:59:44.000Z,263.075
US5128073062,2026-09-24T13:29:59.000Z,265.55
US5128073062,2026-09-24T13:59:54.000Z,265.45
US5128073062,2026-09-24T14:29:38.000Z,265.925
US5128073062,2026-09-24T14:59:58.000Z,263.675
US5128073062,2026-09-24T15:29:48.000Z,264.075
US5128073062,2026-09-24T15:59:58.000Z,264.425
US5128073062,2026-09-24T16:29:56.000Z,266.75
US5128073062,2026-09-24T16:59:57.000Z,268.125
US5128073062,2026-09-24T17:29:47.000Z,266.25
US5128073062,2026-09-24T17:59:45.000Z,266.775
US5128073062,2026-09-24T18:29:59.000Z,267.325
US5128073062,2026-09-24T18:59:53.000Z,267.65
US5128073062,2026-09-24T19:29:58.000Z,267.7
US5128073062,2026-09-24T19:59:59.000Z,269.95
US5128073062,2026-09-24T20:29:07.000Z,269.35
US5128073062,2026-09-24T20:57:18.000Z,269.15
US5128073062,2026-09-25T05:30:20.000Z,272.275
US5128073062,2026-09-25T05:59:47.000Z,273.25
US5128073062,2026-09-25T06:29:24.000Z,274.225
US5128073062,2026-09-25T06:59:30.000Z,274.125
US5128073062,2026-09-25T07:29:54.000Z,273.975
US5128073062,2026-09-25T07:59:59.000Z,272.6
US5128073062,2026-09-25T08:29:18.000Z,275
US5128073062,2026-09-25T08:59:43.000Z,275.3
US5128073062,2026-09-25T09:29:55.000Z,274.9
US5128073062,2026-09-25T09:59:56.000Z,274.875
US5128073062,2026-09-25T10:29:33.000Z,274.725
US5128073062,2026-09-25T10:59:59.000Z,273.1
US5128073062,2026-09-25T11:29:26.000Z,275.05
US5128073062,2026-09-25T11:59:54.000Z,274.3
US5128073062,2026-09-25T12:07:04.403Z,274.8
US5128073062,2026-09-25T12:29:56.000Z,274.325
US5128073062,2026-09-25T12:59:59.000Z,273.8
US5128073062,2026-09-25T13:29:59.000Z,272.35
US5128073062,2026-09-25T13:59:58.000Z,276.025
US5128073062,2026-09-25T14:29:59.000Z,272.575
US5128073062,2026-09-25T14:59:59.000Z,273.75
US5128073062,2026-09-25T15:29:59.000Z,273.7
US5128073062,2026-09-25T15:59:59.000Z,274.225
US5128073062,2026-09-25T16:29:59.000Z,275.75
US5128073062,2026-09-25T16:59:54.000Z,275.05
US5128073062,2026-09-25T17:29:54.000Z,276.075
US5128073062,2026-09-25T17:59:59.000Z,276.075
US5128073062,2026-09-25T18:29:46.000Z,275.475
US5128073062,2026-09-25T18:59:57.000Z,274.725
US5128073062,2026-09-25T19:29:59.000Z,276.625
US5128073062,2026-09-25T19:59:59.000Z,276.625
US5128073062,2026-09-25T20:29:11.000Z,276.9
US5128073062,2026-09-25T20:56:47.000Z,276.9
US5128073062,2026-09-25T20:56:47.584Z,276.9
US5324571083,2026-09-24T05:30:59.000Z,1011.3
US5324571083,2026-09-24T05:59:59.000Z,1010.4
US5324571083,2026-09-24T06:29:59.000Z,1011
US5324571083,2026-09-24T06:59:57.000Z,1009.8
US5324571083,2026-09-24T07:29:56.000Z,1010.1
US5324571083,2026-09-24T07:59:58.000Z,1007.7
US5324571083,2026-09-24T08:29:48.000Z,1009.3
US5324571083,2026-09-24T08:57:54.000Z,1009.3
US5324571083,2026-09-24T09:29:21.000Z,1010.3
US5324571083,2026-09-24T09:59:50.000Z,1009.7
US5324571083,2026-09-24T10:29:59.000Z,1011
US5324571083,2026-09-24T10:59:59.000Z,1014.3
US5324571083,2026-09-24T11:29:49.000Z,1014.9
US5324571083,2026-09-24T11:59:16.000Z,1013.5
US5324571083,2026-09-24T12:29:53.000Z,1016
US5324571083,2026-09-24T12:59:01.000Z,1016.3
US5324571083,2026-09-24T13:29:58.000Z,1019.9
US5324571083,2026-09-24T13:59:59.000Z,1040.5
US5324571083,2026-09-24T14:29:54.000Z,1048.9
US5324571083,2026-09-24T14:59:58.000Z,1048
US5324571083,2026-09-24T15:29:59.000Z,1046.5
US5324571083,2026-09-24T15:59:51.000Z,1046.4
US5324571083,2026-09-24T16:29:54.000Z,1049.3
US5324571083,2026-09-24T16:59:59.000Z,1043
US5324571083,2026-09-24T17:29:58.000Z,1043.6
US5324571083,2026-09-24T17:58:58.000Z,1045.1
US5324571083,2026-09-24T18:29:56.000Z,1045
US5324571083,2026-09-24T18:59:53.000Z,1043.2
US5324571083,2026-09-24T19:29:57.000Z,1047
US5324571083,2026-09-24T19:59:58.000Z,1040.2
US5324571083,2026-09-24T20:29:32.000Z,1040.1
US5324571083,2026-09-24T20:58:07.000Z,1039
US5324571083,2026-09-25T05:30:53.000Z,1040.1
US5324571083,2026-09-25T05:59:45.000Z,1040.3
US5324571083,2026-09-25T06:29:27.000Z,1039.8
US5324571083,2026-09-25T06:59:55.000Z,1040.8
US5324571083,2026-09-25T07:27:47.000Z,1040.7
US5324571083,2026-09-25T07:59:57.000Z,1039.9
US5324571083,2026-09-25T08:29:49.000Z,1040.6
US5324571083,2026-09-25T08:59:59.000Z,1039.9
US5324571083,2026-09-25T09:29:59.000Z,1040.8
US5324571083,2026-09-25T09:57:46.000Z,1039.9
US5324571083,2026-09-25T10:23:16.000Z,1038.9
US5324571083,2026-09-25T10:58:54.000Z,1036.6
US5324571083,2026-09-25T11:29:52.000Z,1037.3
US5324571083,2026-09-25T11:59:43.000Z,1037.5
US5324571083,2026-09-25T12:06:51.493Z,1037.2
US5324571083,2026-09-25T12:29:36.000Z,1037.4
US5324571083,2026-09-25T12:59:50.000Z,1037.5
US5324571083,2026-09-25T13:29:48.000Z,1040.1
US5324571083,2026-09-25T13:59:59.000Z,1027.8
US5324571083,2026-09-25T14:29:53.000Z,1024.1
US5324571083,2026-09-25T14:59:59.000Z,1021
US5324571083,2026-09-25T15:29:39.000Z,1021.8
US5324571083,2026-09-25T15:59:59.000Z,1021
US5324571083,2026-09-25T16:29:19.000Z,1020.4
US5324571083,2026-09-25T16:59:59.000Z,1025
US5324571083,2026-09-25T17:29:36.000Z,1029
US5324571083,2026-09-25T17:59:55.000Z,1033.3
US5324571083,2026-09-25T18:29:59.000Z,1035.3
US5324571083,2026-09-25T18:59:51.000Z,1039.5
US5324571083,2026-09-25T19:29:59.000Z,1038.7
US5324571083,2026-09-25T19:59:58.000Z,1038.9
US5324571083,2026-09-25T20:29:39.000Z,1038.8
US5324571083,2026-09-25T20:59:57.000Z,1039.4
US5324571083,2026-09-25T20:59:57.550Z,1039.4
US5738741041,2026-09-24T05:30:42.000Z,227.025
US5738741041,2026-09-24T05:59:59.000Z,225.6
US5738741041,2026-09-24T06:29:57.000Z,225.05
US5738741041,2026-09-24T06:59:59.000Z,224.525
US5738741041,2026-09-24T07:29:59.000Z,225.2
US5738741041,2026-09-24T07:59:59.000Z,225
US5738741041,2026-09-24T08:29:59.000Z,222.475
US5738741041,2026-09-24T08:59:57.000Z,222.075
US5738741041,2026-09-24T09:29:58.000Z,222.325
US5738741041,2026-09-24T09:59:54.000Z,222.175
US5738741041,2026-09-24T10:29:55.000Z,222.525
US5738741041,2026-09-24T10:59:59.000Z,223.05
US5738741041,2026-09-24T11:29:50.000Z,222.925
US5738741041,2026-09-24T11:59:59.000Z,222.575
US5738741041,2026-09-24T12:29:54.000Z,223.025
US5738741041,2026-09-24T12:59:58.000Z,222.45
US5738741041,2026-09-24T13:29:59.000Z,224.3
US5738741041,2026-09-24T13:59:59.000Z,225.175
US5738741041,2026-09-24T14:29:59.000Z,225.35
US5738741041,2026-09-24T14:59:53.000Z,223.5
US5738741041,2026-09-24T15:29:53.000Z,223.85
US5738741041,2026-09-24T15:59:57.000Z,226.075
US5738741041,2026-09-24T16:29:56.000Z,226.275
US5738741041,2026-09-24T16:59:59.000Z,229.1
US5738741041,2026-09-24T17:29:51.000Z,227.925
US5738741041,2026-09-24T17:59:57.000Z,227.025
US5738741041,2026-09-24T18:29:48.000Z,227.35
US5738741041,2026-09-24T18:59:59.000Z,230.025
US5738741041,2026-09-24T19:29:59.000Z,229.575
US5738741041,2026-09-24T19:59:58.000Z,227.6
US5738741041,2026-09-24T20:29:58.000Z,227.525
US5738741041,2026-09-24T20:59:58.000Z,227.725
US5738741041,2026-09-25T05:30:17.000Z,229.95
US5738741041,2026-09-25T05:59:59.000Z,231.1
US5738741041,2026-09-25T06:29:44.000Z,231.65
US5738741041,2026-09-25T06:59:32.000Z,231.525
US5738741041,2026-09-25T07:29:55.000Z,231.7
US5738741041,2026-09-25T07:59:58.000Z,231.5
US5738741041,2026-09-25T08:29:24.000Z,232.4
US5738741041,2026-09-25T08:59:59.000Z,232.55
US5738741041,2026-09-25T09:29:46.000Z,232.25
US5738741041,2026-09-25T09:59:56.000Z,231.95
US5738741041,2026-09-25T10:29:34.000Z,232.025
US5738741041,2026-09-25T10:59:59.000Z,231.775
US5738741041,2026-09-25T11:29:59.000Z,232.425
US5738741041,2026-09-25T11:59:59.000Z,232.45
US5738741041,2026-09-25T12:07:20.203Z,232.675
US5738741041,2026-09-25T12:29:56.000Z,232.225
US5738741041,2026-09-25T12:59:58.000Z,231.9
US5738741041,2026-09-25T13:29:59.000Z,231.325
US5738741041,2026-09-25T13:59:59.000Z,229.9
US5738741041,2026-09-25T14:29:58.000Z,227.25
US5738741041,2026-09-25T14:59:58.000Z,229.15
US5738741041,2026-09-25T15:29:59.000Z,230.6
US5738741041,2026-09-25T15:59:59.000Z,230.85
US5738741041,2026-09-25T16:29:58.000Z,234.425
US5738741041,2026-09-25T16:59:56.000Z,233.425
US5738741041,2026-09-25T17:29:58.000Z,233.25
US5738741041,2026-09-25T17:59:57.000Z,232.775
US5738741041,2026-09-25T18:29:58.000Z,232.475
US5738741041,2026-09-25T18:59:56.000Z,231.45
US5738741041,2026-09-25T19:29:57.000Z,231.425
US5738741041,2026-09-25T19:59:59.000Z,229.775
US5738741041,2026-09-25T20:29:39.000Z,229.9
US5738741041,2026-09-25T20:59:58.000Z,230.375
US5738741041,2026-09-25T20:59:58.932Z,230.375
US5951121038,2026-09-24T05:30:58.000Z,936.7
US5951121038,2026-09-24T05:59:53.000Z,932.2
US5951121038,2026-09-24T06:29:59.000Z,930
US5951121038,2026-09-24T06:59:59.000Z,927.55
US5951121038,2026-09-24T07:29:59.000Z,931.25
US5951121038,2026-09-24T07:59:59.000Z,929.95
US5951121038,2026-09-24T08:29:58.000Z,922.1
US5951121038,2026-09-24T08:59:59.000Z,918.2
US5951121038,2026-09-24T09:29:59.000Z,918.5
US5951121038,2026-09-24T09:59:37.000Z,918.7
US5951121038,2026-09-24T10:29:57.000Z,917.45
US5951121038,2026-09-24T10:59:58.000Z,921.5
US5951121038,2026-09-24T11:29:59.000Z,924.85
US5951121038,2026-09-24T11:59:59.000Z,926.15
US5951121038,2026-09-24T12:29:55.000Z,925.2
US5951121038,2026-09-24T12:59:59.000Z,921.15
US5951121038,2026-09-24T13:29:59.000Z,924.25
US5951121038,2026-09-24T13:59:59.000Z,922.2
US5951121038,2026-09-24T14:29:58.000Z,929.1
US5951121038,2026-09-24T14:59:58.000Z,925.55
US5951121038,2026-09-24T15:29:59.000Z,929.6
US5951121038,2026-09-24T15:59:59.000Z,930.15
US5951121038,2026-09-24T16:29:59.000Z,935.95
US5951121038,2026-09-24T16:59:59.000Z,943.2
US5951121038,2026-09-24T17:29:59.000Z,945.05
US5951121038,2026-09-24T17:59:59.000Z,940
US5951121038,2026-09-24T18:29:59.000Z,941.45
US5951121038,2026-09-24T18:59:59.000Z,945.65
US5951121038,2026-09-24T19:29:59.000Z,946.05
US5951121038,2026-09-24T19:59:59.000Z,949.7
US5951121038,2026-09-24T20:29:45.000Z,945.15
US5951121038,2026-09-24T20:59:58.000Z,947.3
US5951121038,2026-09-25T05:30:47.000Z,954.65
US5951121038,2026-09-25T05:59:58.000Z,956.6
US5951121038,2026-09-25T06:29:59.000Z,956.95
US5951121038,2026-09-25T06:59:49.000Z,957.25
US5951121038,2026-09-25T07:29:58.000Z,958.95
US5951121038,2026-09-25T07:59:41.000Z,958.9
US5951121038,2026-09-25T08:29:58.000Z,963.15
US5951121038,2026-09-25T08:59:58.000Z,963.35
US5951121038,2026-09-25T09:29:59.000Z,962.2
US5951121038,2026-09-25T09:59:58.000Z,960.3
US5951121038,2026-09-25T10:29:58.000Z,960.5
US5951121038,2026-09-25T10:59:59.000Z,958.7
US5951121038,2026-09-25T11:29:58.000Z,960.35
US5951121038,2026-09-25T11:59:59.000Z,959.25
US5951121038,2026-09-25T12:07:22.968Z,961.15
US5951121038,2026-09-25T12:29:57.000Z,958.5
US5951121038,2026-09-25T12:59:52.000Z,957.2
US5951121038,2026-09-25T13:29:59.000Z,961.4
US5951121038,2026-09-25T13:59:59.000Z,957
US5951121038,2026-09-25T14:29:59.000Z,945.6
US5951121038,2026-09-25T14:59:57.000Z,951.3
US5951121038,2026-09-25T15:29:59.000Z,949.2
US5951121038,2026-09-25T15:59:59.000Z,945.3
US5951121038,2026-09-25T16:29:59.000Z,947.2
US5951121038,2026-09-25T16:59:59.000Z,948.6
US5951121038,2026-09-25T17:29:54.000Z,950.05
US5951121038,2026-09-25T17:59:57.000Z,949.9
US5951121038,2026-09-25T18:29:59.000Z,951.65
US5951121038,2026-09-25T18:59:59.000Z,949.65
US5951121038,2026-09-25T19:29:59.000Z,951.4
US5951121038,2026-09-25T19:59:59.000Z,949.45
US5951121038,2026-09-25T20:29:57.000Z,950.35
US5951121038,2026-09-25T20:59:58.000Z,950.6
US5951121038,2026-09-25T20:59:58.889Z,950.6
US69608A1088,2026-09-24T05:30:38.000Z,167.57
US69608A1088,2026-09-24T05:59:48.000Z,167.36
US69608A1088,2026-09-24T06:29:58.000Z,167.38
US69608A1088,2026-09-24T06:59:58.000Z,167.48
US69608A1088,2026-09-24T07:29:58.000Z,167.87
US69608A1088,2026-09-24T07:59:59.000Z,167.38
US69608A1088,2026-09-24T08:29:56.000Z,166.03
US69608A1088,2026-09-24T08:59:59.000Z,166.2
US69608A1088,2026-09-24T09:29:57.000Z,166.66
US69608A1088,2026-09-24T09:59:59.000Z,166.86
US69608A1088,2026-09-24T10:29:59.000Z,166.82
US69608A1088,2026-09-24T10:59:59.000Z,166.63
US69608A1088,2026-09-24T11:29:58.000Z,165.17
US69608A1088,2026-09-24T11:59:59.000Z,165.47
US69608A1088,2026-09-24T12:29:59.000Z,165.36
US69608A1088,2026-09-24T12:59:59.000Z,165.82
US69608A1088,2026-09-24T13:29:59.000Z,166.71
US69608A1088,2026-09-24T13:59:59.000Z,167.24
US69608A1088,2026-09-24T14:29:59.000Z,168.95
US69608A1088,2026-09-24T14:59:59.000Z,168.9
US69608A1088,2026-09-24T15:29:58.000Z,168.47
US69608A1088,2026-09-24T15:59:57.000Z,168.67
US69608A1088,2026-09-24T16:29:59.000Z,170.92
US69608A1088,2026-09-24T16:59:59.000Z,170.03
US69608A1088,2026-09-24T17:29:58.000Z,169.67
US69608A1088,2026-09-24T17:59:59.000Z,169.01
US69608A1088,2026-09-24T18:29:59.000Z,169.43
US69608A1088,2026-09-24T18:59:57.000Z,169.71
US69608A1088,2026-09-24T19:29:55.000Z,169.26
US69608A1088,2026-09-24T19:59:59.000Z,169.37
US69608A1088,2026-09-24T20:29:55.000Z,168.55
US69608A1088,2026-09-24T20:59:58.000Z,168.87
US69608A1088,2026-09-25T05:30:48.000Z,169.18
US69608A1088,2026-09-25T05:59:42.000Z,169.16
US69608A1088,2026-09-25T06:29:30.000Z,169.14
US69608A1088,2026-09-25T06:58:49.000Z,169.27
US69608A1088,2026-09-25T07:29:53.000Z,169.1
US69608A1088,2026-09-25T07:59:58.000Z,168.74
US69608A1088,2026-09-25T08:29:54.000Z,168.39
US69608A1088,2026-09-25T08:59:59.000Z,168.88
US69608A1088,2026-09-25T09:29:54.000Z,168.95
US69608A1088,2026-09-25T09:59:55.000Z,168.72
US69608A1088,2026-09-25T10:29:58.000Z,168.79
US69608A1088,2026-09-25T10:59:40.000Z,169.01
US69608A1088,2026-09-25T11:29:45.000Z,169.1
US69608A1088,2026-09-25T11:59:58.000Z,169.22
US69608A1088,2026-09-25T12:07:34.306Z,168.9
US69608A1088,2026-09-25T12:29:59.000Z,169.06
US69608A1088,2026-09-25T12:59:53.000Z,168.56
US69608A1088,2026-09-25T13:29:59.000Z,169.12
US69608A1088,2026-09-25T13:59:59.000Z,168.78
US69608A1088,2026-09-25T14:29:57.000Z,167.95
US69608A1088,2026-09-25T14:59:59.000Z,167.58
US69608A1088,2026-09-25T15:29:59.000Z,168.27
US69608A1088,2026-09-25T15:59:59.000Z,168.24
US69608A1088,2026-09-25T16:29:53.000Z,168.45
US69608A1088,2026-09-25T16:59:59.000Z,167.91
US69608A1088,2026-09-25T17:29:53.000Z,168.45
US69608A1088,2026-09-25T17:59:52.000Z,168.44
US69608A1088,2026-09-25T18:29:59.000Z,167.94
US69608A1088,2026-09-25T18:59:59.000Z,167.77
US69608A1088,2026-09-25T19:29:53.000Z,167.27
US69608A1088,2026-09-25T19:59:59.000Z,166.44
US69608A1088,2026-09-25T20:29:49.000Z,166.4
US69608A1088,2026-09-25T20:59:58.000Z,166.56
US69608A1088,2026-09-25T20:59:58.538Z,166.56
US78392B1070,2026-09-24T05:30:21.000Z,1180
US78392B1070,2026-09-24T05:58:12.000Z,1172.5
US78392B1070,2026-09-24T06:29:49.000Z,1172.5
US78392B1070,2026-09-24T06:59:08.000Z,1160
US78392B1070,2026-09-24T07:29:24.000Z,1162.5
US78392B1070,2026-09-24T07:58:17.000Z,1167.5
US78392B1070,2026-09-24T08:29:30.000Z,1157.5
US78392B1070,2026-09-24T08:58:59.000Z,1152.5
US78392B1070,2026-09-24T09:29:06.000Z,1150
US78392B1070,2026-09-24T09:51:49.000Z,1150
US78392B1070,2026-09-24T10:24:07.000Z,1150
US78392B1070,2026-09-24T10:59:42.000Z,1155
US78392B1070,2026-09-24T11:54:59.000Z,1160
US78392B1070,2026-09-24T12:29:39.000Z,1162.5
US78392B1070,2026-09-24T12:58:18.000Z,1160
US78392B1070,2026-09-24T13:28:58.000Z,1162.5
US78392B1070,2026-09-24T13:57:24.000Z,1157.5
US78392B1070,2026-09-24T14:28:29.000Z,1157.5
US78392B1070,2026-09-24T14:59:31.000Z,1155
US78392B1070,2026-09-24T15:29:42.000Z,1152.5
US78392B1070,2026-09-24T15:58:53.000Z,1152.5
US78392B1070,2026-09-24T16:29:40.000Z,1165
US78392B1070,2026-09-24T16:54:56.000Z,1165
US78392B1070,2026-09-24T17:27:18.000Z,1160
US78392B1070,2026-09-24T17:56:15.000Z,1155
US78392B1070,2026-09-24T18:26:06.000Z,1150
US78392B1070,2026-09-24T18:58:49.000Z,1157.5
US78392B1070,2026-09-24T19:27:55.000Z,1155
US78392B1070,2026-09-24T19:58:15.000Z,1157.5
US78392B1070,2026-09-25T05:30:59.000Z,1162.5
US78392B1070,2026-09-25T05:57:19.000Z,1170
US78392B1070,2026-09-25T06:23:20.000Z,1172.5
US78392B1070,2026-09-25T06:57:34.000Z,1170
US78392B1070,2026-09-25T07:24:25.000Z,1175
US78392B1070,2026-09-25T07:59:04.000Z,1175
US78392B1070,2026-09-25T08:28:08.000Z,1180
US78392B1070,2026-09-25T08:57:58.000Z,1180
US78392B1070,2026-09-25T09:27:13.000Z,1180
US78392B1070,2026-09-25T09:58:31.000Z,1180
US78392B1070,2026-09-25T10:28:01.000Z,1180
US78392B1070,2026-09-25T10:58:52.000Z,1175
US78392B1070,2026-09-25T11:29:36.000Z,1180
US78392B1070,2026-09-25T11:52:10.000Z,1177.5
US78392B1070,2026-09-25T12:05:41.546Z,1177.5
US78392B1070,2026-09-25T12:26:20.000Z,1177.5
US78392B1070,2026-09-25T12:59:59.000Z,1177.5
US78392B1070,2026-09-25T13:29:39.000Z,1180
US78392B1070,2026-09-25T13:59:23.000Z,1182.5
US78392B1070,2026-09-25T14:29:05.000Z,1165
US78392B1070,2026-09-25T14:59:26.000Z,1175
US78392B1070,2026-09-25T15:28:43.000Z,1177.5
US78392B1070,2026-09-25T15:59:56.000Z,1177.5
US78392B1070,2026-09-25T16:23:45.000Z,1182.5
US78392B1070,2026-09-25T16:57:33.000Z,1187.5
US78392B1070,2026-09-25T17:29:24.000Z,1187.5
US78392B1070,2026-09-25T17:58:20.000Z,1185
US78392B1070,2026-09-25T18:53:02.000Z,1185
US78392B1070,2026-09-25T19:24:38.000Z,1185
US78392B1070,2026-09-25T19:59:41.000Z,1185
US78392B1070,2026-09-25T20:51:15.000Z,1185
US78392B1070,2026-09-25T20:51:15.794Z,1185
US7960508882,2026-09-24T05:30:58.000Z,4460
US7960508882,2026-09-24T05:56:51.000Z,4455
US7960508882,2026-09-24T06:27:14.000Z,4465
US7960508882,2026-09-24T06:59:01.000Z,4445
US7960508882,2026-09-24T07:29:56.000Z,4430
US7960508882,2026-09-24T07:59:52.000Z,4440
US7960508882,2026-09-24T08:29:59.000Z,4400
US7960508882,2026-09-24T08:59:58.000Z,4380
US7960508882,2026-09-24T09:29:59.000Z,4385
US7960508882,2026-09-24T09:59:50.000Z,4400
US7960508882,2026-09-24T10:29:53.000Z,4380
US7960508882,2026-09-24T10:59:06.000Z,4405
US7960508882,2026-09-24T11:29:52.000Z,4420
US7960508882,2026-09-24T11:59:54.000Z,4425
US7960508882,2026-09-24T12:28:04.000Z,4430
US7960508882,2026-09-24T12:59:51.000Z,4415
US7960508882,2026-09-24T13:28:09.000Z,4430
US7960508882,2026-09-24T13:59:42.000Z,4390
US7960508882,2026-09-24T14:29:59.000Z,4395
US7960508882,2026-09-24T14:59:15.000Z,4360
US7960508882,2026-09-24T15:29:56.000Z,4355
US7960508882,2026-09-24T15:54:20.000Z,4340
US7960508882,2026-09-24T16:28:32.000Z,4400
US7960508882,2026-09-24T16:56:52.000Z,4400
US7960508882,2026-09-24T17:27:27.000Z,4395
US7960508882,2026-09-24T17:53:50.000Z,4385
US7960508882,2026-09-24T19:23:05.000Z,4360
US7960508882,2026-09-24T19:59:50.000Z,4360
US7960508882,2026-09-25T05:30:53.000Z,4350
US7960508882,2026-09-25T05:59:55.000Z,4385
US7960508882,2026-09-25T06:29:08.000Z,4435
US7960508882,2026-09-25T06:59:54.000Z,4400
US7960508882,2026-09-25T07:29:38.000Z,4480
US7960508882,2026-09-25T07:59:56.000Z,4485
US7960508882,2026-09-25T08:29:40.000Z,4480
US7960508882,2026-09-25T08:59:06.000Z,4490
US7960508882,2026-09-25T09:28:35.000Z,4485
US7960508882,2026-09-25T09:59:42.000Z,4495
US7960508882,2026-09-25T10:29:58.000Z,4480
US7960508882,2026-09-25T10:59:50.000Z,4480
US7960508882,2026-09-25T11:29:56.000Z,4490
US7960508882,2026-09-25T11:59:46.000Z,4485
US7960508882,2026-09-25T12:07:23.879Z,4485
US7960508882,2026-09-25T12:29:11.000Z,4485
US7960508882,2026-09-25T12:59:43.000Z,4485
US7960508882,2026-09-25T13:28:58.000Z,4495
US7960508882,2026-09-25T13:59:59.000Z,4495
US7960508882,2026-09-25T14:29:59.000Z,4440
US7960508882,2026-09-25T14:59:45.000Z,4465
US7960508882,2026-09-25T15:29:45.000Z,4475
US7960508882,2026-09-25T15:58:28.000Z,4440
US7960508882,2026-09-25T19:29:41.000Z,4495
US7960508882,2026-09-25T19:59:53.000Z,4495
US7960508882,2026-09-25T20:30:03.719Z,4490
US84615Q1031,2026-09-24T05:30:59.000Z,130.75
US84615Q1031,2026-09-24T05:59:59.000Z,130.57
US84615Q1031,2026-09-24T06:29:56.000Z,130.28
US84615Q1031,2026-09-24T06:59:56.000Z,130.11
US84615Q1031,2026-09-24T07:29:57.000Z,130.3
US84615Q1031,2026-09-24T07:59:56.000Z,130.19
US84615Q1031,2026-09-24T08:29:58.000Z,129.6
US84615Q1031,2026-09-24T08:59:59.000Z,129.54
US84615Q1031,2026-09-24T09:29:55.000Z,129.6
US84615Q1031,2026-09-24T09:59:37.000Z,129.59
US84615Q1031,2026-09-24T10:29:59.000Z,129.96
US84615Q1031,2026-09-24T10:59:55.000Z,130.16
US84615Q1031,2026-09-24T11:29:59.000Z,130.08
US84615Q1031,2026-09-24T11:59:59.000Z,130.33
US84615Q1031,2026-09-24T12:29:58.000Z,130.65
US84615Q1031,2026-09-24T12:59:59.000Z,131.17
US84615Q1031,2026-09-24T13:29:59.000Z,130.4
US84615Q1031,2026-09-24T13:59:59.000Z,129.19
US84615Q1031,2026-09-24T14:29:59.000Z,129.93
US84615Q1031,2026-09-24T14:59:58.000Z,129
US84615Q1031,2026-09-24T15:29:59.000Z,129.46
US84615Q1031,2026-09-24T15:59:58.000Z,130.67
US84615Q1031,2026-09-24T16:29:59.000Z,130.27
US84615Q1031,2026-09-24T16:59:54.000Z,130.06
US84615Q1031,2026-09-24T17:29:58.000Z,130.07
US84615Q1031,2026-09-24T17:59:59.000Z,130.06
US84615Q1031,2026-09-24T18:29:59.000Z,129.98
US84615Q1031,2026-09-24T18:59:54.000Z,129.77
US84615Q1031,2026-09-24T19:29:58.000Z,129.04
US84615Q1031,2026-09-24T19:59:59.000Z,130.13
US84615Q1031,2026-09-24T20:29:59.000Z,129.83
US84615Q1031,2026-09-24T20:59:58.000Z,129.87
US84615Q1031,2026-09-25T05:30:58.000Z,130.55
US84615Q1031,2026-09-25T05:59:59.000Z,130.69
US84615Q1031,2026-09-25T06:29:59.000Z,130.68
US84615Q1031,2026-09-25T06:59:55.000Z,130.7
US84615Q1031,2026-09-25T07:29:59.000Z,130.83
US84615Q1031,2026-09-25T07:59:59.000Z,130.69
US84615Q1031,2026-09-25T08:29:59.000Z,130.88
US84615Q1031,2026-09-25T08:59:56.000Z,131.01
US84615Q1031,2026-09-25T09:29:58.000Z,131.13
US84615Q1031,2026-09-25T09:59:53.000Z,130.97
US84615Q1031,2026-09-25T10:29:58.000Z,131.01
US84615Q1031,2026-09-25T10:59:59.000Z,130.94
US84615Q1031,2026-09-25T11:29:47.000Z,131.12
US84615Q1031,2026-09-25T11:59:20.000Z,131.26
US84615Q1031,2026-09-25T12:07:33.755Z,131.25
US84615Q1031,2026-09-25T12:29:58.000Z,131.06
US84615Q1031,2026-09-25T12:59:57.000Z,130.68
US84615Q1031,2026-09-25T13:29:59.000Z,130.13
US84615Q1031,2026-09-25T13:59:59.000Z,129.88
US84615Q1031,2026-09-25T14:29:59.000Z,128.48
US84615Q1031,2026-09-25T14:59:59.000Z,128.63
US84615Q1031,2026-09-25T15:29:58.000Z,129.19
US84615Q1031,2026-09-25T15:59:59.000Z,129.77
US84615Q1031,2026-09-25T16:29:59.000Z,130.76
US84615Q1031,2026-09-25T16:59:59.000Z,130.25
US84615Q1031,2026-09-25T17:29:59.000Z,130.44
US84615Q1031,2026-09-25T17:59:58.000Z,130.34
US84615Q1031,2026-09-25T18:29:59.000Z,129.91
US84615Q1031,2026-09-25T18:59:59.000Z,129.94
US84615Q1031,2026-09-25T19:29:59.000Z,130.19
US84615Q1031,2026-09-25T19:59:59.000Z,130.47
US84615Q1031,2026-09-25T20:29:49.000Z,130.38
US84615Q1031,2026-09-25T20:59:58.000Z,130.39
US84615Q1031,2026-09-25T20:59:58.915Z,130.39
US8740391003,2026-09-24T05:30:22.000Z,391.5
US8740391003,2026-09-24T05:58:10.000Z,390
US8740391003,2026-09-24T06:29:51.000Z,389.5
US8740391003,2026-09-24T06:59:54.000Z,389.5
US8740391003,2026-09-24T07:29:53.000Z,390.25
US8740391003,2026-09-24T07:58:31.000Z,389.5
US8740391003,2026-09-24T08:29:57.000Z,387
US8740391003,2026-09-24T08:59:25.000Z,386
US8740391003,2026-09-24T09:29:56.000Z,386.75
US8740391003,2026-09-24T09:59:50.000Z,386
US8740391003,2026-09-24T10:29:54.000Z,386.5
US8740391003,2026-09-24T10:59:59.000Z,387.5
US8740391003,2026-09-24T11:29:52.000Z,388
US8740391003,2026-09-24T11:59:58.000Z,387.5
US8740391003,2026-09-24T12:29:59.000Z,388
US8740391003,2026-09-24T12:59:47.000Z,388.25
US8740391003,2026-09-24T13:29:37.000Z,389
US8740391003,2026-09-24T13:59:41.000Z,388.75
US8740391003,2026-09-24T14:29:25.000Z,390.25
US8740391003,2026-09-24T14:59:52.000Z,389.75
US8740391003,2026-09-24T15:29:59.000Z,390.5
US8740391003,2026-09-24T15:59:59.000Z,392.5
US8740391003,2026-09-24T16:29:59.000Z,394
US8740391003,2026-09-24T16:59:55.000Z,397.5
US8740391003,2026-09-24T17:29:55.000Z,396.25
US8740391003,2026-09-24T17:59:45.000Z,394.75
US8740391003,2026-09-24T18:29:51.000Z,394.5
US8740391003,2026-09-24T18:59:31.000Z,395.75
US8740391003,2026-09-24T19:29:54.000Z,395.25
US8740391003,2026-09-24T19:59:48.000Z,396.25
US8740391003,2026-09-24T20:26:53.000Z,396
US8740391003,2026-09-24T20:59:32.000Z,396
US8740391003,2026-09-25T05:30:26.000Z,397.5
US8740391003,2026-09-25T05:55:55.000Z,399
US8740391003,2026-09-25T06:29:20.000Z,399
US8740391003,2026-09-25T06:58:52.000Z,398.5
US8740391003,2026-09-25T07:29:52.000Z,398.75
US8740391003,2026-09-25T07:59:37.000Z,398.5
US8740391003,2026-09-25T08:29:34.000Z,399.25
US8740391003,2026-09-25T08:59:21.000Z,400
US8740391003,2026-09-25T09:29:50.000Z,399.75
US8740391003,2026-09-25T09:58:05.000Z,399.75
US8740391003,2026-09-25T10:22:20.000Z,399.25
US8740391003,2026-09-25T10:56:23.000Z,398.75
US8740391003,2026-09-25T11:29:54.000Z,400
US8740391003,2026-09-25T11:56:13.000Z,399.5
US8740391003,2026-09-25T12:05:53.568Z,399.5
US8740391003,2026-09-25T12:59:58.000Z,399.25
US8740391003,2026-09-25T13:29:59.000Z,396.75
US8740391003,2026-09-25T13:59:56.000Z,398.25
US8740391003,2026-09-25T14:29:56.000Z,394.5
US8740391003,2026-09-25T14:59:44.000Z,396.25
US8740391003,2026-09-25T15:29:46.000Z,395.5
US8740391003,2026-09-25T15:59:56.000Z,395.5
US8740391003,2026-09-25T16:29:52.000Z,397.5
US8740391003,2026-09-25T16:59:24.000Z,396
US8740391003,2026-09-25T17:29:32.000Z,396
US8740391003,2026-09-25T17:59:32.000Z,396
US8740391003,2026-09-25T18:29:50.000Z,396.25
US8740391003,2026-09-25T18:59:55.000Z,395.5
US8740391003,2026-09-25T19:29:53.000Z,395.75
US8740391003,2026-09-25T19:59:52.000Z,395.5
US8740391003,2026-09-25T20:29:34.000Z,395.5
US8740391003,2026-09-25T20:54:29.000Z,395.75
US8740391003,2026-09-25T20:54:29.835Z,395.75
US8740541094,2026-09-24T05:30:27.000Z,181.1
US8740541094,2026-09-24T05:58:08.000Z,181.85
US8740541094,2026-09-24T06:29:33.000Z,181.5
US8740541094,2026-09-24T06:58:37.000Z,181.14
US8740541094,2026-09-24T07:29:54.000Z,181.37
US8740541094,2026-09-24T07:59:33.000Z,181.2
US8740541094,2026-09-24T08:29:23.000Z,181.5
US8740541094,2026-09-24T08:59:17.000Z,181.4
US8740541094,2026-09-24T09:29:38.000Z,181.82
US8740541094,2026-09-24T09:59:16.000Z,181.8
US8740541094,2026-09-24T10:29:10.000Z,181.5
US8740541094,2026-09-24T10:59:33.000Z,181.58
US8740541094,2026-09-24T11:28:44.000Z,181.75
US8740541094,2026-09-24T11:56:40.000Z,181.58
US8740541094,2026-09-24T12:29:52.000Z,181.82
US8740541094,2026-09-24T12:59:49.000Z,182.23
US8740541094,2026-09-24T13:29:50.000Z,182.62
US8740541094,2026-09-24T13:59:37.000Z,180.66
US8740541094,2026-09-24T14:29:56.000Z,181.96
US8740541094,2026-09-24T14:59:43.000Z,181.43
US8740541094,2026-09-24T15:29:59.000Z,181.58
US8740541094,2026-09-24T15:59:34.000Z,181.17
US8740541094,2026-09-24T16:29:56.000Z,181.59
US8740541094,2026-09-24T16:59:53.000Z,182.2
US8740541094,2026-09-24T17:29:47.000Z,181.82
US8740541094,2026-09-24T17:59:38.000Z,181.55
US8740541094,2026-09-24T18:29:59.000Z,179.9
US8740541094,2026-09-24T18:59:56.000Z,178.3
US8740541094,2026-09-24T19:29:49.000Z,179.28
US8740541094,2026-09-24T19:59:59.000Z,178.55
US8740541094,2026-09-24T20:29:50.000Z,178.8
US8740541094,2026-09-24T20:59:58.000Z,178.6
US8740541094,2026-09-25T05:30:55.000Z,178.85
US8740541094,2026-09-25T05:58:11.000Z,178.8
US8740541094,2026-09-25T06:29:51.000Z,178.58
US8740541094,2026-09-25T06:58:42.000Z,178.53
US8740541094,2026-09-25T07:29:18.000Z,178.63
US8740541094,2026-09-25T07:59:37.000Z,178.6
US8740541094,2026-09-25T08:29:45.000Z,178.57
US8740541094,2026-09-25T08:59:51.000Z,178.55
US8740541094,2026-09-25T09:29:11.000Z,178.75
US8740541094,2026-09-25T09:59:54.000Z,178.99
US8740541094,2026-09-25T10:29:58.000Z,179.13
US8740541094,2026-09-25T10:59:31.000Z,178.93
US8740541094,2026-09-25T11:29:35.000Z,179.08
US8740541094,2026-09-25T11:59:56.000Z,178.98
US8740541094,2026-09-25T12:07:22.250Z,178.85
US8740541094,2026-09-25T12:29:51.000Z,178.81
US8740541094,2026-09-25T12:59:53.000Z,179.03
US8740541094,2026-09-25T13:29:59.000Z,178.61
US8740541094,2026-09-25T13:59:58.000Z,177.85
US8740541094,2026-09-25T14:29:59.000Z,178.3
US8740541094,2026-09-25T14:59:46.000Z,178.56
US8740541094,2026-09-25T15:29:58.000Z,177.95
US8740541094,2026-09-25T15:59:53.000Z,177.47
US8740541094,2026-09-25T16:29:55.000Z,177.1
US8740541094,2026-09-25T16:59:38.000Z,176.9
US8740541094,2026-09-25T17:29:36.000Z,177.05
US8740541094,2026-09-25T17:59:50.000Z,176.38
US8740541094,2026-09-25T18:29:50.000Z,176.52
US8740541094,2026-09-25T18:59:59.000Z,177.05
US8740541094,2026-09-25T19:29:58.000Z,176.75
US8740541094,2026-09-25T19:59:59.000Z,176.73
US8740541094,2026-09-25T20:28:44.000Z,176.88
US8740541094,2026-09-25T20:55:56.000Z,176.9
US8740541094,2026-09-25T20:55:56.303Z,176.9
XS3091657729,2026-09-18T05:30:49.000Z,90.0525
XS3091657729,2026-09-18T05:59:55.000Z,89.8625
XS3091657729,2026-09-18T06:29:59.000Z,90.4925
XS3091657729,2026-09-18T06:59:59.000Z,90.505
XS3091657729,2026-09-18T07:29:59.000Z,92.8525
XS3091657729,2026-09-18T07:59:39.000Z,92.3575
XS3091657729,2026-09-18T08:29:59.000Z,91.9
XS3091657729,2026-09-18T08:59:29.000Z,91.875
XS3091657729,2026-09-18T09:29:39.000Z,91.5025
XS3091657729,2026-09-18T09:59:59.000Z,91.0925
XS3091657729,2026-09-18T10:29:59.000Z,91.375
XS3091657729,2026-09-18T10:59:50.000Z,91.585
XS3091657729,2026-09-18T11:29:54.000Z,90.57
XS3091657729,2026-09-18T11:59:12.000Z,90.6475
XS3091657729,2026-09-18T12:29:59.000Z,89.6175
XS3091657729,2026-09-18T12:59:51.000Z,89.39
XS3091657729,2026-09-18T13:29:59.000Z,91.2325
XS3091657729,2026-09-18T13:59:59.000Z,92.055
XS3091657729,2026-09-18T14:29:59.000Z,92.3375
XS3091657729,2026-09-18T14:59:58.000Z,92.1775
XS3091657729,2026-09-18T15:29:58.000Z,92.49
XS3091657729,2026-09-18T15:59:53.000Z,92.16
XS3091657729,2026-09-18T16:29:55.000Z,91.845
XS3091657729,2026-09-18T16:59:56.000Z,92.13
XS3091657729,2026-09-18T17:29:45.000Z,92.2775
XS3091657729,2026-09-18T17:59:55.000Z,92.4275
XS3091657729,2026-09-18T18:29:58.000Z,92.385
XS3091657729,2026-09-18T18:59:42.000Z,92.8225
XS3091657729,2026-09-18T19:29:58.000Z,93.0325
XS3091657729,2026-09-18T19:59:59.000Z,94.9375
XS3091657729,2026-09-18T20:29:42.000Z,94.985
XS3091657729,2026-09-18T20:59:57.000Z,94.96
XS3091657729,2026-09-21T05:30:58.000Z,97.64
XS3091657729,2026-09-21T05:59:56.000Z,98.995
XS3091657729,2026-09-21T06:29:58.000Z,98.735
XS3091657729,2026-09-21T06:59:59.000Z,96.1475
XS3091657729,2026-09-21T07:29:59.000Z,99.84
XS3091657729,2026-09-21T07:59:59.000Z,100.0475
XS3091657729,2026-09-21T08:29:59.000Z,101.245
XS3091657729,2026-09-21T08:59:35.000Z,101.92
XS3091657729,2026-09-21T09:29:31.000Z,102.675
XS3091657729,2026-09-21T09:59:35.000Z,102.34
XS3091657729,2026-09-21T10:25:33.000Z,102.33
XS3091657729,2026-09-21T10:59:22.000Z,102.06
XS3091657729,2026-09-21T11:29:57.000Z,101.555
XS3091657729,2026-09-21T11:58:44.000Z,102.31
XS3091657729,2026-09-21T12:29:58.000Z,102.165
XS3091657729,2026-09-21T12:59:53.000Z,102.29
XS3091657729,2026-09-21T13:29:59.000Z,101.85
XS3091657729,2026-09-21T13:59:59.000Z,103.26
XS3091657729,2026-09-21T14:28:54.000Z,104.375
XS3091657729,2026-09-21T14:59:59.000Z,105.06
XS3091657729,2026-09-21T15:29:59.000Z,107.045
XS3091657729,2026-09-21T15:59:59.000Z,107.1
XS3091657729,2026-09-21T16:29:58.000Z,107.895
XS3091657729,2026-09-21T16:59:59.000Z,107.99
XS3091657729,2026-09-21T17:29:59.000Z,108.02
XS3091657729,2026-09-21T17:59:58.000Z,108.4
XS3091657729,2026-09-21T18:29:58.000Z,108.93
XS3091657729,2026-09-21T18:59:59.000Z,109.325
XS3091657729,2026-09-21T19:29:59.000Z,109.43
XS3091657729,2026-09-21T19:59:58.000Z,109.28
XS3091657729,2026-09-21T20:29:43.000Z,109.495
XS3091657729,2026-09-21T20:56:49.000Z,109.495
XS3091657729,2026-09-22T05:30:58.000Z,107.595
XS3091657729,2026-09-22T05:59:59.000Z,108.605
XS3091657729,2026-09-22T06:29:57.000Z,107.24
XS3091657729,2026-09-22T06:59:53.000Z,107.095
XS3091657729,2026-09-22T07:29:58.000Z,106.255
XS3091657729,2026-09-22T07:59:56.000Z,106.565
XS3091657729,2026-09-22T08:29:54.000Z,104.275
XS3091657729,2026-09-22T08:59:58.000Z,106.65
XS3091657729,2026-09-22T09:29:48.000Z,106.6
XS3091657729,2026-09-22T09:59:57.000Z,108.225
XS3091657729,2026-09-22T10:29:58.000Z,108.02
XS3091657729,2026-09-22T10:59:59.000Z,108.12
XS3091657729,2026-09-22T11:29:57.000Z,106.69
XS3091657729,2026-09-22T11:59:56.000Z,106.15
XS3091657729,2026-09-22T12:29:59.000Z,105.865
XS3091657729,2026-09-22T12:59:59.000Z,105.325
XS3091657729,2026-09-22T13:29:59.000Z,105.74
XS3091657729,2026-09-22T13:59:56.000Z,111.48
XS3091657729,2026-09-22T14:29:59.000Z,112.665
XS3091657729,2026-09-22T14:59:59.000Z,111.53
XS3091657729,2026-09-22T15:29:59.000Z,112.115
XS3091657729,2026-09-22T15:59:51.000Z,112.155
XS3091657729,2026-09-22T16:29:59.000Z,111.74
XS3091657729,2026-09-22T16:59:58.000Z,112.65
XS3091657729,2026-09-22T17:29:55.000Z,112.695
XS3091657729,2026-09-22T17:59:59.000Z,112.935
XS3091657729,2026-09-22T18:29:55.000Z,113.31
XS3091657729,2026-09-22T18:59:57.000Z,113.045
XS3091657729,2026-09-22T19:29:51.000Z,113.61
XS3091657729,2026-09-22T19:59:59.000Z,113.955
XS3091657729,2026-09-22T20:29:01.000Z,113.735
XS3091657729,2026-09-22T20:59:36.000Z,113.795
XS3091657729,2026-09-23T05:30:58.000Z,114.4
XS3091657729,2026-09-23T05:59:47.000Z,113.675
XS3091657729,2026-09-23T06:29:16.000Z,115.265
XS3091657729,2026-09-23T06:59:57.000Z,113.6
XS3091657729,2026-09-23T07:29:59.000Z,114.595
XS3091657729,2026-09-23T07:59:57.000Z,114.525
XS3091657729,2026-09-23T08:29:59.000Z,114.665
XS3091657729,2026-09-23T08:59:55.000Z,113.94
XS3091657729,2026-09-23T09:29:45.000Z,114.48
XS3091657729,2026-09-23T09:59:55.000Z,114.09
XS3091657729,2026-09-23T10:29:48.000Z,114.235
XS3091657729,2026-09-23T10:59:58.000Z,114.23
XS3091657729,2026-09-23T11:29:59.000Z,112.19
XS3091657729,2026-09-23T11:59:51.000Z,111.95
XS3091657729,2026-09-23T12:29:58.000Z,111.95
XS3091657729,2026-09-23T12:59:56.000Z,112.7
XS3091657729,2026-09-23T13:29:59.000Z,114.87
XS3091657729,2026-09-23T13:59:56.000Z,110.96
XS3091657729,2026-09-23T14:29:59.000Z,108.72
XS3091657729,2026-09-23T14:59:59.000Z,111.82
XS3091657729,2026-09-23T15:29:57.000Z,111.705
XS3091657729,2026-09-23T15:59:59.000Z,111.16
XS3091657729,2026-09-23T16:29:59.000Z,110.91
XS3091657729,2026-09-23T16:59:58.000Z,110.495
XS3091657729,2026-09-23T17:29:54.000Z,110.54
XS3091657729,2026-09-23T17:59:58.000Z,111.67
XS3091657729,2026-09-23T18:29:59.000Z,111.62
XS3091657729,2026-09-23T18:59:57.000Z,111.62
XS3091657729,2026-09-23T19:29:59.000Z,111.49
XS3091657729,2026-09-23T19:59:59.000Z,111.805
XS3091657729,2026-09-23T20:24:21.000Z,111.455
XS3091657729,2026-09-24T05:30:59.000Z,111.065
XS3091657729,2026-09-24T05:59:59.000Z,110.055
XS3091657729,2026-09-24T06:29:59.000Z,109.83
XS3091657729,2026-09-24T06:59:59.000Z,109.24
XS3091657729,2026-09-24T07:29:52.000Z,108.615
XS3091657729,2026-09-24T07:59:57.000Z,108.18
XS3091657729,2026-09-24T08:29:59.000Z,106.105
XS3091657729,2026-09-24T08:59:59.000Z,105.11
XS3091657729,2026-09-24T09:29:54.000Z,104.91
XS3091657729,2026-09-24T09:59:54.000Z,104.85
XS3091657729,2026-09-24T10:29:58.000Z,104.815
XS3091657729,2026-09-24T10:59:59.000Z,106.005
XS3091657729,2026-09-24T11:29:41.000Z,106.13
XS3091657729,2026-09-24T11:59:59.000Z,106.07
XS3091657729,2026-09-24T12:29:35.000Z,105.735
XS3091657729,2026-09-24T12:59:50.000Z,105.595
XS3091657729,2026-09-24T13:29:59.000Z,106.685
XS3091657729,2026-09-24T13:59:59.000Z,107.16
XS3091657729,2026-09-24T14:29:59.000Z,107.76
XS3091657729,2026-09-24T14:59:59.000Z,106
XS3091657729,2026-09-24T15:29:52.000Z,106.255
XS3091657729,2026-09-24T15:59:59.000Z,106.725
XS3091657729,2026-09-24T16:29:59.000Z,108.23
XS3091657729,2026-09-24T16:59:59.000Z,109.755
XS3091657729,2026-09-24T17:29:58.000Z,109.025
XS3091657729,2026-09-24T17:59:57.000Z,108.525
XS3091657729,2026-09-24T18:29:59.000Z,108.99
XS3091657729,2026-09-24T18:59:58.000Z,109.645
XS3091657729,2026-09-24T19:29:59.000Z,109.185
XS3091657729,2026-09-24T19:59:59.000Z,109.485
XS3091657729,2026-09-24T20:59:57.000Z,109.94
XS3091657729,2026-09-25T05:30:59.000Z,111.695
XS3091657729,2026-09-25T05:59:59.000Z,112.655
XS3091657729,2026-09-25T06:29:58.000Z,114.53
XS3091657729,2026-09-25T06:59:59.000Z,113.645
XS3091657729,2026-09-25T07:29:51.000Z,115.12
XS3091657729,2026-09-25T07:59:58.000Z,114.585
XS3091657729,2026-09-25T08:29:58.000Z,115.855
XS3091657729,2026-09-25T08:59:10.000Z,116.385
XS3091657729,2026-09-25T09:29:56.000Z,116.105
XS3091657729,2026-09-25T09:59:16.000Z,115.735
XS3091657729,2026-09-25T10:29:57.000Z,115.64
XS3091657729,2026-09-25T10:59:40.000Z,115
XS3091657729,2026-09-25T11:29:58.000Z,116.055
XS3091657729,2026-09-25T11:59:58.000Z,115.865
XS3091657729,2026-09-25T12:29:47.000Z,115.405
XS3091657729,2026-09-25T12:59:53.000Z,114.775
XS3091657729,2026-09-25T13:29:59.000Z,113.52
XS3091657729,2026-09-25T13:59:59.000Z,115.97
XS3091657729,2026-09-25T14:29:50.000Z,112.735
XS3091657729,2026-09-25T14:59:55.000Z,115.04
XS3091657729,2026-09-25T15:29:53.000Z,114.605
XS3091657729,2026-09-25T15:59:59.000Z,115.035
XS3091657729,2026-09-25T16:29:55.000Z,115.97
XS3091657729,2026-09-25T16:59:58.000Z,115.455
XS3091657729,2026-09-25T17:29:42.000Z,115.875
XS3091657729,2026-09-25T17:59:51.000Z,115.8
XS3091657729,2026-09-25T18:29:59.000Z,115.54
XS3091657729,2026-09-25T18:59:56.000Z,115.25
XS3091657729,2026-09-25T19:29:59.000Z,115.24
XS3091657729,2026-09-25T19:59:59.000Z,115.535
XS3091657729,2026-09-25T20:21:56.000Z,115.57
XS3091657729,2026-09-25T20:39:44.188Z,115.57
