isin,timestamp_utc,price
AT0000652011,2026-08-25T05:30:01.000Z,122.7
AT0000652011,2026-08-25T07:29:09.000Z,122.8
AT0000652011,2026-08-25T09:29:54.000Z,122.9
AT0000652011,2026-08-25T11:29:58.000Z,123.4
AT0000652011,2026-08-25T13:29:59.000Z,123.9
AT0000652011,2026-08-25T15:29:56.000Z,123.7
AT0000652011,2026-08-25T17:28:31.000Z,123.5
AT0000652011,2026-08-25T19:29:53.000Z,123.6
AT0000652011,2026-08-26T05:30:54.000Z,123.65
AT0000652011,2026-08-26T07:29:59.000Z,123.8
AT0000652011,2026-08-26T09:27:46.000Z,124.65
AT0000652011,2026-08-26T11:29:39.000Z,125.1
AT0000652011,2026-08-26T13:29:59.000Z,125.5
AT0000652011,2026-08-26T15:29:42.000Z,125.6
AT0000652011,2026-08-26T17:29:50.000Z,125.4
AT0000652011,2026-08-27T05:30:01.000Z,125.95
AT0000652011,2026-08-27T07:29:19.000Z,124.85
AT0000652011,2026-08-27T09:29:48.000Z,123.6
AT0000652011,2026-08-27T11:28:54.000Z,123.4
AT0000652011,2026-08-27T13:29:59.000Z,122.9
AT0000652011,2026-08-27T15:29:59.000Z,121.5
AT0000652011,2026-08-27T17:28:36.000Z,121.95
AT0000652011,2026-08-27T19:28:45.000Z,121.85
AT0000652011,2026-08-28T05:30:01.000Z,122.15
AT0000652011,2026-08-28T07:28:34.000Z,122.4
AT0000652011,2026-08-28T09:27:10.000Z,121.7
AT0000652011,2026-08-28T11:29:58.000Z,122.15
AT0000652011,2026-08-28T13:28:10.000Z,122.85
AT0000652011,2026-08-28T15:29:46.000Z,122.95
AT0000652011,2026-08-28T17:29:26.000Z,123.35
AT0000652011,2026-08-28T19:29:53.000Z,123.5
AT0000652011,2026-08-31T05:30:28.000Z,123.6
AT0000652011,2026-08-31T07:28:40.000Z,123.65
AT0000652011,2026-08-31T09:29:15.000Z,123.75
AT0000652011,2026-08-31T11:27:39.000Z,123.75
AT0000652011,2026-08-31T13:27:51.000Z,123.35
AT0000652011,2026-08-31T15:29:18.000Z,121.65
AT0000652011,2026-08-31T19:29:07.000Z,121.45
AT0000652011,2026-09-01T05:30:45.000Z,121.75
AT0000652011,2026-09-01T07:29:56.000Z,121.8
AT0000652011,2026-09-01T09:29:53.000Z,121.3
AT0000652011,2026-09-01T11:29:10.000Z,122.15
AT0000652011,2026-09-01T13:29:53.000Z,122.85
AT0000652011,2026-09-01T15:29:26.000Z,122.7
AT0000652011,2026-09-01T17:27:45.000Z,122.45
AT0000652011,2026-09-01T19:29:46.000Z,122.4
AT0000652011,2026-09-02T05:30:51.000Z,122.2
AT0000652011,2026-09-02T07:29:30.000Z,124.05
AT0000652011,2026-09-02T09:29:59.000Z,123.15
AT0000652011,2026-09-02T11:28:21.000Z,123.1
AT0000652011,2026-09-02T13:29:22.000Z,123.2
AT0000652011,2026-09-02T15:29:10.000Z,122.9
AT0000652011,2026-09-02T17:25:05.000Z,121.75
AT0000652011,2026-09-02T19:26:38.000Z,121.55
AT0000652011,2026-09-03T05:30:18.000Z,121.4
AT0000652011,2026-09-03T07:29:54.000Z,122.7
AT0000652011,2026-09-03T09:29:36.000Z,123.5
AT0000652011,2026-09-03T11:29:49.000Z,123
AT0000652011,2026-09-03T13:29:54.000Z,123.55
AT0000652011,2026-09-03T15:29:50.000Z,123.85
AT0000652011,2026-09-03T17:28:28.000Z,123.9
AT0000652011,2026-09-03T19:29:51.000Z,123.75
AT0000652011,2026-09-04T05:30:01.000Z,123.9
AT0000652011,2026-09-04T07:27:14.000Z,123
AT0000652011,2026-09-04T09:29:14.000Z,122.85
AT0000652011,2026-09-04T11:29:17.000Z,122.95
AT0000652011,2026-09-04T13:29:50.000Z,123.4
AT0000652011,2026-09-04T15:29:51.000Z,123.9
AT0000652011,2026-09-04T17:29:26.000Z,123.85
AT0000652011,2026-09-04T19:23:11.000Z,123.85
AT0000652011,2026-09-07T05:30:23.000Z,123.8
AT0000652011,2026-09-07T07:29:00.000Z,123.4
AT0000652011,2026-09-07T09:29:23.000Z,123.6
AT0000652011,2026-09-07T11:29:39.000Z,123.3
AT0000652011,2026-09-07T13:28:45.000Z,124.05
AT0000652011,2026-09-07T15:29:39.000Z,124.45
AT0000652011,2026-09-07T17:28:05.000Z,124.6
AT0000652011,2026-09-07T19:29:09.000Z,124.45
AT0000652011,2026-09-08T05:30:05.000Z,124.35
AT0000652011,2026-09-08T07:29:09.000Z,123.5
AT0000652011,2026-09-08T09:29:32.000Z,122.5
AT0000652011,2026-09-08T11:29:59.000Z,122.95
AT0000652011,2026-09-08T13:29:45.000Z,122.55
AT0000652011,2026-09-08T15:29:59.000Z,123.35
AT0000652011,2026-09-08T17:28:29.000Z,123.45
AT0000652011,2026-09-08T19:29:27.000Z,123.4
AT0000652011,2026-09-09T05:30:16.000Z,122.45
AT0000652011,2026-09-09T07:29:55.000Z,120.8
AT0000652011,2026-09-09T09:29:54.000Z,122.1
AT0000652011,2026-09-09T11:29:30.000Z,120.55
AT0000652011,2026-09-09T13:29:14.000Z,121.1
AT0000652011,2026-09-09T15:29:14.000Z,121.8
AT0000652011,2026-09-09T17:29:53.000Z,121.65
AT0000652011,2026-09-09T19:29:29.000Z,121.8
AT0000652011,2026-09-10T05:30:55.000Z,122.05
AT0000652011,2026-09-10T07:29:59.000Z,122.4
AT0000652011,2026-09-10T09:29:20.000Z,122.15
AT0000652011,2026-09-10T11:29:56.000Z,122.1
AT0000652011,2026-09-10T13:29:50.000Z,121.35
AT0000652011,2026-09-10T15:29:59.000Z,121.75
AT0000652011,2026-09-10T17:29:57.000Z,121.7
AT0000652011,2026-09-10T19:26:45.000Z,121.45
AT0000652011,2026-09-11T05:30:17.000Z,121.55
AT0000652011,2026-09-11T07:29:58.000Z,122.3
AT0000652011,2026-09-11T09:29:09.000Z,122.55
AT0000652011,2026-09-11T11:28:51.000Z,122.25
AT0000652011,2026-09-11T13:29:49.000Z,122.35
AT0000652011,2026-09-11T15:29:55.000Z,122.15
AT0000652011,2026-09-11T17:24:15.000Z,122.05
AT0000652011,2026-09-11T19:28:31.000Z,121.75
AT0000652011,2026-09-14T05:30:52.000Z,121.55
AT0000652011,2026-09-14T07:29:37.000Z,121.35
AT0000652011,2026-09-14T09:29:59.000Z,119
AT0000652011,2026-09-14T11:29:28.000Z,118.65
AT0000652011,2026-09-14T13:28:33.000Z,118.45
AT0000652011,2026-09-14T15:29:59.000Z,119.35
AT0000652011,2026-09-14T19:22:30.000Z,120.2
AT0000652011,2026-09-15T05:30:01.000Z,119.6
AT0000652011,2026-09-15T07:29:51.000Z,117.25
AT0000652011,2026-09-15T09:29:54.000Z,117.15
AT0000652011,2026-09-15T11:29:00.000Z,118.55
AT0000652011,2026-09-15T13:29:57.000Z,118.2
AT0000652011,2026-09-15T15:29:59.000Z,118.45
AT0000652011,2026-09-15T17:22:16.000Z,118.55
AT0000652011,2026-09-15T19:26:37.000Z,118.55
AT0000652011,2026-09-16T05:30:37.000Z,118.6
AT0000652011,2026-09-16T07:27:09.000Z,118.6
AT0000652011,2026-09-16T09:29:47.000Z,117.85
AT0000652011,2026-09-16T11:29:41.000Z,118.15
AT0000652011,2026-09-16T13:29:57.000Z,118
AT0000652011,2026-09-16T15:29:58.000Z,118.65
AT0000652011,2026-09-16T17:25:47.000Z,118.45
AT0000652011,2026-09-16T19:29:43.000Z,117.7
AT0000652011,2026-09-17T07:29:59.000Z,118.5
AT0000652011,2026-09-17T09:29:23.000Z,119.1
AT0000652011,2026-09-17T11:29:27.000Z,119.9
AT0000652011,2026-09-17T13:29:59.000Z,121.15
AT0000652011,2026-09-17T15:29:57.000Z,122.45
AT0000652011,2026-09-17T17:27:41.000Z,122.15
AT0000652011,2026-09-17T19:27:51.000Z,122.1
AT0000652011,2026-09-18T05:30:49.000Z,122.5
AT0000652011,2026-09-18T07:29:59.000Z,121.6
AT0000652011,2026-09-18T09:29:51.000Z,120.3
AT0000652011,2026-09-18T11:29:51.000Z,119.45
AT0000652011,2026-09-18T13:29:57.000Z,118.85
AT0000652011,2026-09-18T15:29:41.000Z,118.55
AT0000652011,2026-09-18T17:29:58.000Z,118.55
AT0000652011,2026-09-18T19:27:59.000Z,118.35
AT0000652011,2026-09-21T05:30:59.000Z,119.1
AT0000652011,2026-09-21T07:29:14.000Z,121.55
AT0000652011,2026-09-21T09:28:19.000Z,121.4
AT0000652011,2026-09-21T11:25:47.000Z,121.6
AT0000652011,2026-09-21T13:28:43.000Z,121.45
AT0000652011,2026-09-21T15:29:51.000Z,121.45
AT0000652011,2026-09-21T17:29:25.000Z,121.2
AT0000652011,2026-09-21T19:29:29.000Z,121.75
AT0000652011,2026-09-22T05:30:13.000Z,121.7
AT0000652011,2026-09-22T07:29:22.000Z,120.8
AT0000652011,2026-09-22T09:26:26.000Z,121.15
AT0000652011,2026-09-22T11:28:27.000Z,121.35
AT0000652011,2026-09-22T13:28:47.000Z,121.85
AT0000652011,2026-09-22T15:29:45.000Z,120.8
AT0000652011,2026-09-22T17:27:19.000Z,121.9
AT0000652011,2026-09-22T19:28:56.000Z,122.75
AT0000652011,2026-09-23T05:30:15.000Z,122.25
AT0000652011,2026-09-23T07:29:50.000Z,122.2
AT0000652011,2026-09-23T09:29:59.000Z,122.25
AT0000652011,2026-09-23T11:29:01.000Z,121.95
AT0000652011,2026-09-23T13:28:57.000Z,121.85
AT0000652011,2026-09-23T15:29:59.000Z,121.6
AT0000652011,2026-09-23T17:29:37.000Z,121.05
AT0000652011,2026-09-23T19:29:55.000Z,121.4
AT0000652011,2026-09-24T05:30:19.000Z,121.3
AT0000652011,2026-09-24T07:29:42.000Z,122.1
AT0000652011,2026-09-24T09:29:39.000Z,121.85
AT0000652011,2026-09-24T11:28:15.000Z,122
AT0000652011,2026-09-24T13:29:01.000Z,121.85
AT0000652011,2026-09-24T15:29:53.000Z,121.05
AT0000652011,2026-09-24T17:26:26.000Z,122.25
AT0000652011,2026-09-24T19:29:01.000Z,122.15
AT0000652011,2026-09-25T05:30:30.000Z,122
AT0000652011,2026-09-25T07:29:00.000Z,122.7
AT0000652011,2026-09-25T09:29:36.000Z,123
AT0000652011,2026-09-25T11:29:32.000Z,123.5
AT0000652011,2026-09-25T13:28:08.000Z,123.55
AT0000652011,2026-09-25T15:29:59.000Z,122.65
AT0000652011,2026-09-25T17:28:07.000Z,123.65
AT0000652011,2026-09-25T19:28:11.000Z,123.3
AT0000652011,2026-09-25T20:49:36.840Z,123.05
AT0000652011,2026-09-28T05:30:41.000Z,123.5
AT0000652011,2026-09-28T07:28:58.000Z,125.2
AT0000652011,2026-09-28T09:29:59.000Z,125.3
AT0000652011,2026-09-28T11:28:03.000Z,125.4
AT0000652011,2026-09-28T13:29:49.000Z,125.35
AT0000652011,2026-09-28T15:29:59.000Z,126.5
AT0000652011,2026-09-28T17:29:46.000Z,127.1
AT0000652011,2026-09-28T19:18:04.109Z,127.3
AT0000969985,2026-08-25T05:30:33.000Z,129.9
AT0000969985,2026-08-25T07:29:03.000Z,136.9
AT0000969985,2026-08-25T09:29:37.000Z,138.5
AT0000969985,2026-08-25T11:29:43.000Z,137.6
AT0000969985,2026-08-25T13:29:26.000Z,135.3
AT0000969985,2026-08-25T15:28:21.000Z,135.7
AT0000969985,2026-08-26T05:30:33.000Z,137.5
AT0000969985,2026-08-26T07:29:57.000Z,136.2
AT0000969985,2026-08-26T09:29:56.000Z,136.3
AT0000969985,2026-08-26T11:28:30.000Z,135.6
AT0000969985,2026-08-26T13:28:15.000Z,135.9
AT0000969985,2026-08-26T15:28:55.000Z,137.4
AT0000969985,2026-08-26T17:29:43.000Z,138.4
AT0000969985,2026-08-26T19:27:06.000Z,138.1
AT0000969985,2026-08-27T05:30:45.000Z,139.4
AT0000969985,2026-08-27T07:28:54.000Z,144.4
AT0000969985,2026-08-27T09:29:21.000Z,150.1
AT0000969985,2026-08-27T11:23:21.000Z,150.5
AT0000969985,2026-08-27T13:29:48.000Z,150.4
AT0000969985,2026-08-27T15:29:58.000Z,148.1
AT0000969985,2026-08-27T17:23:16.000Z,147
AT0000969985,2026-08-27T19:24:39.000Z,146.7
AT0000969985,2026-08-28T05:30:44.000Z,148.2
AT0000969985,2026-08-28T07:28:21.000Z,155.4
AT0000969985,2026-08-28T09:29:50.000Z,155
AT0000969985,2026-08-28T11:27:41.000Z,154.3
AT0000969985,2026-08-28T13:29:13.000Z,154.3
AT0000969985,2026-08-28T15:29:46.000Z,154.5
AT0000969985,2026-08-28T17:29:44.000Z,152.4
AT0000969985,2026-08-31T05:30:31.000Z,150.9
AT0000969985,2026-08-31T07:29:39.000Z,155.4
AT0000969985,2026-08-31T09:29:00.000Z,155.3
AT0000969985,2026-08-31T11:29:04.000Z,156.3
AT0000969985,2026-08-31T13:29:51.000Z,155.3
AT0000969985,2026-08-31T15:29:44.000Z,153.4
AT0000969985,2026-08-31T17:25:17.000Z,151.7
AT0000969985,2026-08-31T19:29:47.000Z,152.1
AT0000969985,2026-09-01T05:30:03.000Z,153.1
AT0000969985,2026-09-01T07:29:34.000Z,155.3
AT0000969985,2026-09-01T09:26:54.000Z,151.1
AT0000969985,2026-09-01T11:29:02.000Z,150.6
AT0000969985,2026-09-01T13:29:45.000Z,149.4
AT0000969985,2026-09-01T15:29:11.000Z,148.5
AT0000969985,2026-09-01T17:29:48.000Z,147.3
AT0000969985,2026-09-01T19:29:59.000Z,144.8
AT0000969985,2026-09-02T05:30:55.000Z,143.2
AT0000969985,2026-09-02T07:26:52.000Z,149.4
AT0000969985,2026-09-02T09:29:58.000Z,146.3
AT0000969985,2026-09-02T11:29:20.000Z,146.2
AT0000969985,2026-09-02T13:27:42.000Z,149.4
AT0000969985,2026-09-02T15:29:59.000Z,150.7
AT0000969985,2026-09-02T17:22:05.000Z,152.2
AT0000969985,2026-09-02T19:29:54.000Z,152.2
AT0000969985,2026-09-03T05:30:19.000Z,150.3
AT0000969985,2026-09-03T07:25:36.000Z,150
AT0000969985,2026-09-03T09:27:05.000Z,148.5
AT0000969985,2026-09-03T11:25:41.000Z,151.2
AT0000969985,2026-09-03T13:29:36.000Z,148.7
AT0000969985,2026-09-03T15:29:43.000Z,149.9
AT0000969985,2026-09-03T17:29:44.000Z,147.6
AT0000969985,2026-09-04T05:30:54.000Z,154.8
AT0000969985,2026-09-04T07:29:35.000Z,161.2
AT0000969985,2026-09-04T09:29:59.000Z,166.3
AT0000969985,2026-09-04T11:29:47.000Z,166
AT0000969985,2026-09-04T13:29:52.000Z,169.4
AT0000969985,2026-09-04T15:29:56.000Z,165.5
AT0000969985,2026-09-04T17:29:25.000Z,165.4
AT0000969985,2026-09-04T19:29:05.000Z,164.8
AT0000969985,2026-09-07T05:30:34.000Z,165.6
AT0000969985,2026-09-07T07:29:49.000Z,174.1
AT0000969985,2026-09-07T09:29:53.000Z,172.2
AT0000969985,2026-09-07T11:29:18.000Z,172.7
AT0000969985,2026-09-07T13:29:56.000Z,176.8
AT0000969985,2026-09-07T15:29:39.000Z,176.3
AT0000969985,2026-09-07T17:29:02.000Z,177.4
AT0000969985,2026-09-07T19:29:09.000Z,177.5
AT0000969985,2026-09-08T05:30:58.000Z,177.4
AT0000969985,2026-09-08T07:28:47.000Z,168.6
AT0000969985,2026-09-08T09:29:06.000Z,164.9
AT0000969985,2026-09-08T11:29:51.000Z,166.3
AT0000969985,2026-09-08T13:25:50.000Z,165.5
AT0000969985,2026-09-08T15:25:24.000Z,165.2
AT0000969985,2026-09-08T19:23:51.000Z,166.2
AT0000969985,2026-09-09T05:30:12.000Z,167.3
AT0000969985,2026-09-09T07:28:25.000Z,167.5
AT0000969985,2026-09-09T09:28:43.000Z,166.9
AT0000969985,2026-09-09T11:24:16.000Z,165.6
AT0000969985,2026-09-09T13:25:02.000Z,167.4
AT0000969985,2026-09-09T15:29:56.000Z,167.7
AT0000969985,2026-09-09T17:25:38.000Z,168.3
AT0000969985,2026-09-09T19:25:33.000Z,168.1
AT0000969985,2026-09-10T05:30:55.000Z,169.7
AT0000969985,2026-09-10T07:29:59.000Z,168.6
AT0000969985,2026-09-10T09:25:50.000Z,169.9
AT0000969985,2026-09-10T11:28:37.000Z,171.7
AT0000969985,2026-09-10T13:28:46.000Z,167.2
AT0000969985,2026-09-10T15:29:51.000Z,170.3
AT0000969985,2026-09-10T19:23:33.000Z,170.6
AT0000969985,2026-09-11T05:30:16.000Z,171.1
AT0000969985,2026-09-11T07:29:54.000Z,170.8
AT0000969985,2026-09-11T09:29:14.000Z,172
AT0000969985,2026-09-11T11:29:16.000Z,171
AT0000969985,2026-09-11T13:29:53.000Z,170.2
AT0000969985,2026-09-11T15:29:56.000Z,168.1
AT0000969985,2026-09-11T17:24:02.000Z,168.3
AT0000969985,2026-09-11T19:29:34.000Z,167.6
AT0000969985,2026-09-14T05:30:56.000Z,162.3
AT0000969985,2026-09-14T07:29:38.000Z,151.8
AT0000969985,2026-09-14T09:29:58.000Z,151.4
AT0000969985,2026-09-14T11:24:38.000Z,152.5
AT0000969985,2026-09-14T13:29:45.000Z,152.7
AT0000969985,2026-09-14T15:29:15.000Z,152.6
AT0000969985,2026-09-14T17:29:34.000Z,154.1
AT0000969985,2026-09-14T19:24:52.000Z,154.9
AT0000969985,2026-09-15T05:30:19.000Z,152.1
AT0000969985,2026-09-15T07:28:45.000Z,153.4
AT0000969985,2026-09-15T09:27:27.000Z,153.5
AT0000969985,2026-09-15T11:29:25.000Z,158.9
AT0000969985,2026-09-15T13:29:43.000Z,156.3
AT0000969985,2026-09-15T15:29:24.000Z,154.3
AT0000969985,2026-09-15T17:22:05.000Z,153.3
AT0000969985,2026-09-15T19:29:59.000Z,153.2
AT0000969985,2026-09-16T05:30:05.000Z,155.5
AT0000969985,2026-09-16T07:29:59.000Z,158.8
AT0000969985,2026-09-16T09:29:58.000Z,156.5
AT0000969985,2026-09-16T11:20:44.000Z,156.9
AT0000969985,2026-09-16T13:24:56.000Z,157.5
AT0000969985,2026-09-16T15:29:58.000Z,159.3
AT0000969985,2026-09-16T17:20:35.000Z,157.5
AT0000969985,2026-09-16T19:29:59.000Z,155.9
AT0000969985,2026-09-17T07:28:53.000Z,161.7
AT0000969985,2026-09-17T09:29:32.000Z,164.6
AT0000969985,2026-09-17T11:26:06.000Z,166.2
AT0000969985,2026-09-17T13:29:09.000Z,166.8
AT0000969985,2026-09-17T15:29:59.000Z,167
AT0000969985,2026-09-17T17:27:52.000Z,165.5
AT0000969985,2026-09-17T19:27:09.000Z,165.8
AT0000969985,2026-09-18T05:30:51.000Z,168
AT0000969985,2026-09-18T07:29:40.000Z,169.7
AT0000969985,2026-09-18T09:29:26.000Z,174.1
AT0000969985,2026-09-18T11:29:28.000Z,175.4
AT0000969985,2026-09-18T13:29:40.000Z,178.1
AT0000969985,2026-09-18T15:29:55.000Z,177.1
AT0000969985,2026-09-18T17:28:29.000Z,173.8
AT0000969985,2026-09-21T05:30:56.000Z,179.2
AT0000969985,2026-09-21T07:29:12.000Z,180.8
AT0000969985,2026-09-21T09:29:37.000Z,183.3
AT0000969985,2026-09-21T11:29:46.000Z,181.5
AT0000969985,2026-09-21T13:28:47.000Z,183
AT0000969985,2026-09-21T15:29:37.000Z,185.9
AT0000969985,2026-09-21T17:24:44.000Z,185.3
AT0000969985,2026-09-21T19:27:30.000Z,185.2
AT0000969985,2026-09-22T05:30:15.000Z,184.9
AT0000969985,2026-09-22T07:29:50.000Z,196.3
AT0000969985,2026-09-22T09:29:40.000Z,199.4
AT0000969985,2026-09-22T11:28:47.000Z,197.7
AT0000969985,2026-09-22T13:29:50.000Z,195.5
AT0000969985,2026-09-22T15:29:59.000Z,205.5
AT0000969985,2026-09-22T17:26:30.000Z,203.25
AT0000969985,2026-09-23T05:30:53.000Z,207
AT0000969985,2026-09-23T07:29:27.000Z,214.75
AT0000969985,2026-09-23T09:29:10.000Z,207
AT0000969985,2026-09-23T11:29:59.000Z,204.5
AT0000969985,2026-09-23T13:29:08.000Z,204
AT0000969985,2026-09-23T15:29:55.000Z,203
AT0000969985,2026-09-23T17:28:44.000Z,203
AT0000969985,2026-09-23T19:27:16.000Z,206.5
AT0000969985,2026-09-24T05:30:49.000Z,204.25
AT0000969985,2026-09-24T07:29:32.000Z,204
AT0000969985,2026-09-24T09:29:51.000Z,198
AT0000969985,2026-09-24T11:28:18.000Z,196.2
AT0000969985,2026-09-24T13:26:52.000Z,196.3
AT0000969985,2026-09-24T15:29:43.000Z,195.6
AT0000969985,2026-09-24T17:20:35.000Z,199.6
AT0000969985,2026-09-24T19:29:43.000Z,199.4
AT0000969985,2026-09-25T05:30:15.000Z,199.6
AT0000969985,2026-09-25T07:29:59.000Z,200.4
AT0000969985,2026-09-25T09:28:24.000Z,201.25
AT0000969985,2026-09-25T11:26:52.000Z,200.5
AT0000969985,2026-09-25T13:28:59.000Z,202.25
AT0000969985,2026-09-25T15:29:29.000Z,202.75
AT0000969985,2026-09-25T20:00:08.892Z,203.25
AT0000969985,2026-09-28T05:30:42.000Z,200.75
AT0000969985,2026-09-28T07:28:12.000Z,198
AT0000969985,2026-09-28T09:28:14.000Z,199.2
AT0000969985,2026-09-28T11:27:57.000Z,199.5
AT0000969985,2026-09-28T13:29:53.000Z,204.25
AT0000969985,2026-09-28T15:29:25.000Z,198.3
AT0000969985,2026-09-28T17:29:38.000Z,198.9
AT0000969985,2026-09-28T19:15:20.300Z,199.75
AU0000185993,2026-08-25T05:30:04.000Z,34.6525
AU0000185993,2026-08-25T07:29:36.000Z,34.7425
AU0000185993,2026-08-25T09:29:22.000Z,35.09
AU0000185993,2026-08-25T11:29:58.000Z,34.8975
AU0000185993,2026-08-25T13:29:59.000Z,34.4175
AU0000185993,2026-08-25T15:29:59.000Z,36.1425
AU0000185993,2026-08-25T17:29:59.000Z,36.2675
AU0000185993,2026-08-25T19:29:59.000Z,36.0525
AU0000185993,2026-08-26T05:30:34.000Z,36.08
AU0000185993,2026-08-26T07:27:39.000Z,35.805
AU0000185993,2026-08-26T09:29:58.000Z,35.7325
AU0000185993,2026-08-26T11:29:56.000Z,36.0325
AU0000185993,2026-08-26T13:29:56.000Z,35.3975
AU0000185993,2026-08-26T15:29:59.000Z,34.54
AU0000185993,2026-08-26T17:29:58.000Z,34.38
AU0000185993,2026-08-26T19:29:59.000Z,34.21
AU0000185993,2026-08-27T05:30:02.000Z,34.8925
AU0000185993,2026-08-27T07:29:53.000Z,35.0325
AU0000185993,2026-08-27T09:29:58.000Z,35.345
AU0000185993,2026-08-27T11:29:57.000Z,35.0875
AU0000185993,2026-08-27T13:29:59.000Z,34.93
AU0000185993,2026-08-27T15:29:59.000Z,35.23
AU0000185993,2026-08-27T17:29:59.000Z,35.36
AU0000185993,2026-08-27T19:29:58.000Z,34.9625
AU0000185993,2026-08-28T05:30:51.000Z,31.8225
AU0000185993,2026-08-28T07:28:45.000Z,32.01
AU0000185993,2026-08-28T09:29:55.000Z,32.5725
AU0000185993,2026-08-28T11:29:56.000Z,32.745
AU0000185993,2026-08-28T13:29:58.000Z,32.315
AU0000185993,2026-08-28T15:29:56.000Z,31.31
AU0000185993,2026-08-28T17:29:59.000Z,30.17
AU0000185993,2026-08-28T19:29:59.000Z,30.6975
AU0000185993,2026-08-31T05:30:45.000Z,30.6675
AU0000185993,2026-08-31T07:29:39.000Z,30.9075
AU0000185993,2026-08-31T09:29:58.000Z,30.8775
AU0000185993,2026-08-31T11:29:38.000Z,30.8
AU0000185993,2026-08-31T13:29:59.000Z,30.88
AU0000185993,2026-08-31T15:29:59.000Z,31.055
AU0000185993,2026-08-31T17:29:59.000Z,31.575
AU0000185993,2026-08-31T19:29:59.000Z,31.455
AU0000185993,2026-09-01T05:30:49.000Z,31.845
AU0000185993,2026-09-01T07:29:36.000Z,32.015
AU0000185993,2026-09-01T09:29:40.000Z,31.0925
AU0000185993,2026-09-01T11:29:48.000Z,31.245
AU0000185993,2026-09-01T13:29:59.000Z,31.1075
AU0000185993,2026-09-01T15:29:59.000Z,31.9325
AU0000185993,2026-09-01T17:29:55.000Z,31.935
AU0000185993,2026-09-01T19:29:59.000Z,31.94
AU0000185993,2026-09-02T05:30:09.000Z,31.48
AU0000185993,2026-09-02T07:29:41.000Z,31.46
AU0000185993,2026-09-02T09:29:29.000Z,31.0225
AU0000185993,2026-09-02T11:29:51.000Z,31.16
AU0000185993,2026-09-02T13:29:56.000Z,30.8675
AU0000185993,2026-09-02T15:29:59.000Z,32.41
AU0000185993,2026-09-02T17:29:59.000Z,32.73
AU0000185993,2026-09-02T19:29:55.000Z,33.9775
AU0000185993,2026-09-03T05:30:40.000Z,33.4725
AU0000185993,2026-09-03T07:27:16.000Z,33.755
AU0000185993,2026-09-03T09:29:56.000Z,33.6525
AU0000185993,2026-09-03T11:29:59.000Z,33.6225
AU0000185993,2026-09-03T13:29:54.000Z,33.7525
AU0000185993,2026-09-03T15:29:58.000Z,35.5325
AU0000185993,2026-09-03T17:29:58.000Z,35.265
AU0000185993,2026-09-03T19:29:59.000Z,35.8
AU0000185993,2026-09-04T05:30:57.000Z,35.93
AU0000185993,2026-09-04T07:29:48.000Z,35.9475
AU0000185993,2026-09-04T09:29:59.000Z,35.8825
AU0000185993,2026-09-04T11:29:59.000Z,36.2875
AU0000185993,2026-09-04T13:29:58.000Z,35.3975
AU0000185993,2026-09-04T15:29:57.000Z,37.4325
AU0000185993,2026-09-04T17:29:58.000Z,37.5575
AU0000185993,2026-09-04T19:29:59.000Z,38.0325
AU0000185993,2026-09-07T05:30:04.000Z,38.4
AU0000185993,2026-09-07T07:26:23.000Z,38.5
AU0000185993,2026-09-07T09:25:21.000Z,38.1475
AU0000185993,2026-09-07T11:29:32.000Z,38.03
AU0000185993,2026-09-07T13:29:42.000Z,37.695
AU0000185993,2026-09-07T15:29:45.000Z,37.8175
AU0000185993,2026-09-07T17:25:55.000Z,37.8825
AU0000185993,2026-09-07T19:25:31.000Z,37.805
AU0000185993,2026-09-08T05:30:53.000Z,38.8675
AU0000185993,2026-09-08T07:28:17.000Z,38.51
AU0000185993,2026-09-08T09:29:42.000Z,38.2775
AU0000185993,2026-09-08T11:29:36.000Z,39.2125
AU0000185993,2026-09-08T13:29:59.000Z,39.5875
AU0000185993,2026-09-08T15:29:59.000Z,41.64
AU0000185993,2026-09-08T17:29:59.000Z,41.5475
AU0000185993,2026-09-08T19:29:59.000Z,41.05
AU0000185993,2026-09-09T05:30:34.000Z,40.2775
AU0000185993,2026-09-09T07:29:49.000Z,40.4175
AU0000185993,2026-09-09T09:29:46.000Z,40.2175
AU0000185993,2026-09-09T11:29:59.000Z,39.655
AU0000185993,2026-09-09T13:29:59.000Z,40.2275
AU0000185993,2026-09-09T15:29:59.000Z,39.09
AU0000185993,2026-09-09T17:29:59.000Z,39.17
AU0000185993,2026-09-09T19:29:59.000Z,39.0575
AU0000185993,2026-09-10T05:30:24.000Z,38.9775
AU0000185993,2026-09-10T07:29:45.000Z,38.7775
AU0000185993,2026-09-10T09:29:42.000Z,38.5125
AU0000185993,2026-09-10T11:29:56.000Z,38.42
AU0000185993,2026-09-10T13:29:59.000Z,37.9675
AU0000185993,2026-09-10T15:29:59.000Z,38.8225
AU0000185993,2026-09-10T17:29:58.000Z,38.16
AU0000185993,2026-09-10T19:29:58.000Z,37.9125
AU0000185993,2026-09-11T05:30:27.000Z,37.5575
AU0000185993,2026-09-11T07:28:26.000Z,37.9825
AU0000185993,2026-09-11T09:29:49.000Z,38.2775
AU0000185993,2026-09-11T11:29:45.000Z,38.1175
AU0000185993,2026-09-11T13:29:59.000Z,38.425
AU0000185993,2026-09-11T15:29:59.000Z,38.18
AU0000185993,2026-09-11T17:29:52.000Z,38.2175
AU0000185993,2026-09-11T19:29:59.000Z,37.66
AU0000185993,2026-09-14T05:30:48.000Z,36.155
AU0000185993,2026-09-14T07:29:14.000Z,36.8425
AU0000185993,2026-09-14T09:29:51.000Z,36.545
AU0000185993,2026-09-14T11:29:56.000Z,36.67
AU0000185993,2026-09-14T13:29:59.000Z,36.38
AU0000185993,2026-09-14T15:29:59.000Z,37.975
AU0000185993,2026-09-14T17:29:58.000Z,37.9725
AU0000185993,2026-09-14T19:29:58.000Z,37.4475
AU0000185993,2026-09-15T05:30:51.000Z,37.1
AU0000185993,2026-09-15T07:29:24.000Z,37.1325
AU0000185993,2026-09-15T09:29:22.000Z,36.85
AU0000185993,2026-09-15T11:29:28.000Z,37.4675
AU0000185993,2026-09-15T13:29:59.000Z,36.81
AU0000185993,2026-09-15T15:29:59.000Z,35.9975
AU0000185993,2026-09-15T17:29:59.000Z,35.8275
AU0000185993,2026-09-15T19:29:58.000Z,35.8425
AU0000185993,2026-09-16T05:30:31.000Z,36.095
AU0000185993,2026-09-16T07:29:13.000Z,36.4875
AU0000185993,2026-09-16T09:29:05.000Z,36.2925
AU0000185993,2026-09-16T11:29:29.000Z,36.495
AU0000185993,2026-09-16T13:29:59.000Z,36.7
AU0000185993,2026-09-16T15:29:59.000Z,37.9025
AU0000185993,2026-09-16T17:29:56.000Z,37.3225
AU0000185993,2026-09-16T19:29:59.000Z,36.4325
AU0000185993,2026-09-17T05:30:57.000Z,38.59
AU0000185993,2026-09-17T07:29:54.000Z,38.885
AU0000185993,2026-09-17T09:29:59.000Z,39.045
AU0000185993,2026-09-17T11:29:58.000Z,38.995
AU0000185993,2026-09-17T13:29:59.000Z,39.575
AU0000185993,2026-09-17T15:29:59.000Z,37.6575
AU0000185993,2026-09-17T17:29:59.000Z,37.83
AU0000185993,2026-09-17T19:29:59.000Z,37.5275
AU0000185993,2026-09-18T05:30:35.000Z,38.2125
AU0000185993,2026-09-18T07:29:37.000Z,38.3925
AU0000185993,2026-09-18T09:29:43.000Z,38.2675
AU0000185993,2026-09-18T11:29:09.000Z,38.5675
AU0000185993,2026-09-18T13:29:59.000Z,39.005
AU0000185993,2026-09-18T15:29:59.000Z,38.7775
AU0000185993,2026-09-18T17:29:49.000Z,39.405
AU0000185993,2026-09-18T19:29:59.000Z,39.9675
AU0000185993,2026-09-21T05:30:15.000Z,41.315
AU0000185993,2026-09-21T07:29:50.000Z,41.3525
AU0000185993,2026-09-21T09:29:59.000Z,41.7525
AU0000185993,2026-09-21T11:29:55.000Z,41.89
AU0000185993,2026-09-21T13:29:59.000Z,41.6925
AU0000185993,2026-09-21T15:29:59.000Z,41.6125
AU0000185993,2026-09-21T17:29:58.000Z,41.5925
AU0000185993,2026-09-21T19:29:59.000Z,41.625
AU0000185993,2026-09-22T05:30:56.000Z,40.605
AU0000185993,2026-09-22T07:28:33.000Z,40.8225
AU0000185993,2026-09-22T09:28:31.000Z,40.8575
AU0000185993,2026-09-22T11:29:58.000Z,40.93
AU0000185993,2026-09-22T13:29:56.000Z,41.025
AU0000185993,2026-09-22T15:29:59.000Z,42.075
AU0000185993,2026-09-22T17:29:56.000Z,42.1975
AU0000185993,2026-09-22T19:29:59.000Z,42.25
AU0000185993,2026-09-23T05:30:44.000Z,42.39
AU0000185993,2026-09-23T07:29:59.000Z,42.5825
AU0000185993,2026-09-23T09:24:17.000Z,42.535
AU0000185993,2026-09-23T11:29:27.000Z,42.115
AU0000185993,2026-09-23T13:29:57.000Z,42.2625
AU0000185993,2026-09-23T15:29:57.000Z,42.705
AU0000185993,2026-09-23T17:29:58.000Z,42.29
AU0000185993,2026-09-23T19:29:59.000Z,42.2925
AU0000185993,2026-09-24T05:30:33.000Z,40.7375
AU0000185993,2026-09-24T07:28:16.000Z,40.2525
AU0000185993,2026-09-24T09:29:12.000Z,40.1125
AU0000185993,2026-09-24T11:29:59.000Z,40.2275
AU0000185993,2026-09-24T13:29:59.000Z,40.315
AU0000185993,2026-09-24T15:29:59.000Z,39.78
AU0000185993,2026-09-24T17:29:59.000Z,40.8125
AU0000185993,2026-09-24T19:29:59.000Z,40.54
AU0000185993,2026-09-25T05:30:24.000Z,40.6825
AU0000185993,2026-09-25T07:28:26.000Z,40.895
AU0000185993,2026-09-25T09:28:43.000Z,41.15
AU0000185993,2026-09-25T11:29:54.000Z,41.105
AU0000185993,2026-09-25T13:29:59.000Z,40.56
AU0000185993,2026-09-25T15:29:59.000Z,38.7025
AU0000185993,2026-09-25T17:29:56.000Z,38.5625
AU0000185993,2026-09-25T19:29:58.000Z,38.8025
AU0000185993,2026-09-25T20:59:31.086Z,38.7325
AU0000185993,2026-09-28T05:30:15.000Z,38.075
AU0000185993,2026-09-28T07:29:59.000Z,37.94
AU0000185993,2026-09-28T09:29:55.000Z,38.0325
AU0000185993,2026-09-28T11:29:38.000Z,38.245
AU0000185993,2026-09-28T13:29:54.000Z,38.1825
AU0000185993,2026-09-28T15:29:59.000Z,36.9675
AU0000185993,2026-09-28T17:29:59.000Z,37.2025
AU0000185993,2026-09-28T19:20:36.472Z,37.015
CH0114405324,2026-08-25T05:30:04.000Z,249.925
CH0114405324,2026-08-25T07:27:36.000Z,249.8
CH0114405324,2026-08-25T09:29:05.000Z,249.9
CH0114405324,2026-08-25T13:29:09.000Z,250.9
CH0114405324,2026-08-25T15:29:46.000Z,248.1
CH0114405324,2026-08-25T17:29:56.000Z,247.6
CH0114405324,2026-08-25T19:26:10.000Z,247.85
CH0114405324,2026-08-26T05:30:04.000Z,247.425
CH0114405324,2026-08-26T07:22:33.000Z,247.3
CH0114405324,2026-08-26T09:25:37.000Z,247.4
CH0114405324,2026-08-26T11:22:52.000Z,247.425
CH0114405324,2026-08-26T13:29:28.000Z,247.55
CH0114405324,2026-08-26T15:28:53.000Z,246.6
CH0114405324,2026-08-26T17:29:36.000Z,247.75
CH0114405324,2026-08-26T19:29:27.000Z,248.4
CH0114405324,2026-08-27T05:30:23.000Z,248.15
CH0114405324,2026-08-27T07:27:35.000Z,248.2
CH0114405324,2026-08-27T09:24:42.000Z,248.1
CH0114405324,2026-08-27T11:25:18.000Z,248.2
CH0114405324,2026-08-27T13:29:56.000Z,247.85
CH0114405324,2026-08-27T15:29:58.000Z,249.5
CH0114405324,2026-08-27T17:29:46.000Z,249.2
CH0114405324,2026-08-27T19:29:12.000Z,248.7
CH0114405324,2026-08-28T05:30:25.000Z,248.95
CH0114405324,2026-08-28T07:21:17.000Z,248.925
CH0114405324,2026-08-28T11:29:28.000Z,249.25
CH0114405324,2026-08-28T13:29:59.000Z,248.925
CH0114405324,2026-08-28T15:29:34.000Z,248.2
CH0114405324,2026-08-28T17:29:55.000Z,247.7
CH0114405324,2026-08-28T19:29:57.000Z,246.9
CH0114405324,2026-08-31T05:30:08.000Z,245.6
CH0114405324,2026-08-31T07:28:35.000Z,245.6
CH0114405324,2026-08-31T11:20:13.000Z,245.725
CH0114405324,2026-08-31T13:29:55.000Z,245.55
CH0114405324,2026-08-31T15:29:58.000Z,245.35
CH0114405324,2026-08-31T17:29:59.000Z,244.65
CH0114405324,2026-08-31T19:29:50.000Z,245.05
CH0114405324,2026-09-01T05:30:20.000Z,244.7
CH0114405324,2026-09-01T07:28:36.000Z,245
CH0114405324,2026-09-01T09:29:26.000Z,244.8
CH0114405324,2026-09-01T11:27:17.000Z,244.85
CH0114405324,2026-09-01T13:29:29.000Z,245.15
CH0114405324,2026-09-01T15:29:59.000Z,240.95
CH0114405324,2026-09-01T17:29:40.000Z,238.65
CH0114405324,2026-09-01T19:29:54.000Z,238.55
CH0114405324,2026-09-02T05:30:06.000Z,237.6
CH0114405324,2026-09-02T07:25:30.000Z,237.875
CH0114405324,2026-09-02T09:27:03.000Z,237.55
CH0114405324,2026-09-02T11:26:30.000Z,237.8
CH0114405324,2026-09-02T13:29:56.000Z,237.6
CH0114405324,2026-09-02T15:29:41.000Z,233.85
CH0114405324,2026-09-02T17:29:52.000Z,235.25
CH0114405324,2026-09-02T19:29:56.000Z,238.45
CH0114405324,2026-09-03T05:30:06.000Z,238.05
CH0114405324,2026-09-03T07:28:44.000Z,238.2
CH0114405324,2026-09-03T09:29:05.000Z,239.2
CH0114405324,2026-09-03T11:29:31.000Z,239.9
CH0114405324,2026-09-03T13:29:08.000Z,239.55
CH0114405324,2026-09-03T15:29:29.000Z,239.4
CH0114405324,2026-09-03T17:29:20.000Z,238.4
CH0114405324,2026-09-03T19:29:57.000Z,238.1
CH0114405324,2026-09-04T05:30:18.000Z,238.35
CH0114405324,2026-09-04T09:21:36.000Z,239.1
CH0114405324,2026-09-04T13:29:44.000Z,240.1
CH0114405324,2026-09-04T15:29:09.000Z,237.95
CH0114405324,2026-09-04T17:29:58.000Z,238.5
CH0114405324,2026-09-04T19:29:59.000Z,239
CH0114405324,2026-09-07T05:30:14.000Z,238.6
CH0114405324,2026-09-07T09:27:18.000Z,241.25
CH0114405324,2026-09-07T13:20:04.000Z,241.45
CH0114405324,2026-09-07T19:29:09.000Z,241.45
CH0114405324,2026-09-08T05:30:19.000Z,241.35
CH0114405324,2026-09-08T07:27:30.000Z,239.475
CH0114405324,2026-09-08T09:26:08.000Z,241.55
CH0114405324,2026-09-08T13:29:10.000Z,240.05
CH0114405324,2026-09-08T15:29:04.000Z,240.5
CH0114405324,2026-09-08T17:29:52.000Z,240.45
CH0114405324,2026-09-08T19:29:50.000Z,237.25
CH0114405324,2026-09-09T05:30:28.000Z,237.4
CH0114405324,2026-09-09T07:23:15.000Z,236.825
CH0114405324,2026-09-09T09:28:50.000Z,237.2
CH0114405324,2026-09-09T11:29:16.000Z,236.1
CH0114405324,2026-09-09T13:29:09.000Z,236.65
CH0114405324,2026-09-09T15:29:35.000Z,235
CH0114405324,2026-09-09T17:29:55.000Z,234.05
CH0114405324,2026-09-09T19:29:59.000Z,234.6
CH0114405324,2026-09-10T05:30:55.000Z,234.2
CH0114405324,2026-09-10T07:27:29.000Z,234.15
CH0114405324,2026-09-10T09:25:23.000Z,233.875
CH0114405324,2026-09-10T11:25:39.000Z,234.3
CH0114405324,2026-09-10T13:29:46.000Z,234.1
CH0114405324,2026-09-10T15:29:51.000Z,234.65
CH0114405324,2026-09-10T17:29:57.000Z,234.25
CH0114405324,2026-09-10T19:28:30.000Z,234.2
CH0114405324,2026-09-11T05:30:24.000Z,234.15
CH0114405324,2026-09-11T13:29:59.000Z,235.9
CH0114405324,2026-09-11T15:28:48.000Z,241.05
CH0114405324,2026-09-11T17:29:55.000Z,242.7
CH0114405324,2026-09-11T19:29:45.000Z,242.05
CH0114405324,2026-09-14T05:30:05.000Z,244.55
CH0114405324,2026-09-14T07:27:25.000Z,243.95
CH0114405324,2026-09-14T09:28:39.000Z,244.95
CH0114405324,2026-09-14T11:27:47.000Z,246
CH0114405324,2026-09-14T13:29:11.000Z,244.8
CH0114405324,2026-09-14T15:26:51.000Z,243.7
CH0114405324,2026-09-14T17:29:54.000Z,244.3
CH0114405324,2026-09-14T19:29:59.000Z,244.15
CH0114405324,2026-09-15T05:30:04.000Z,243.125
CH0114405324,2026-09-15T07:27:09.000Z,244.9
CH0114405324,2026-09-15T09:28:51.000Z,244.75
CH0114405324,2026-09-15T11:29:08.000Z,243.4
CH0114405324,2026-09-15T13:29:58.000Z,242.65
CH0114405324,2026-09-15T15:29:37.000Z,240.25
CH0114405324,2026-09-15T17:28:32.000Z,241.3
CH0114405324,2026-09-15T19:29:38.000Z,242.7
CH0114405324,2026-09-16T05:30:48.000Z,241.8
CH0114405324,2026-09-16T07:29:53.000Z,241.75
CH0114405324,2026-09-16T09:28:24.000Z,241.7
CH0114405324,2026-09-16T11:29:09.000Z,242.25
CH0114405324,2026-09-16T13:29:08.000Z,242.3
CH0114405324,2026-09-16T15:29:50.000Z,240.25
CH0114405324,2026-09-16T17:29:58.000Z,242.4
CH0114405324,2026-09-16T19:29:58.000Z,240.35
CH0114405324,2026-09-17T07:28:53.000Z,242.05
CH0114405324,2026-09-17T09:21:44.000Z,242
CH0114405324,2026-09-17T11:28:04.000Z,242.15
CH0114405324,2026-09-17T13:29:30.000Z,242.1
CH0114405324,2026-09-17T15:29:27.000Z,242.45
CH0114405324,2026-09-17T17:29:59.000Z,243.7
CH0114405324,2026-09-17T19:29:52.000Z,242.9
CH0114405324,2026-09-18T05:30:07.000Z,239.8
CH0114405324,2026-09-18T07:29:40.000Z,239.75
CH0114405324,2026-09-18T09:27:07.000Z,239.15
CH0114405324,2026-09-18T11:25:57.000Z,239.975
CH0114405324,2026-09-18T13:29:08.000Z,240.05
CH0114405324,2026-09-18T15:29:41.000Z,237.55
CH0114405324,2026-09-18T17:29:32.000Z,237.5
CH0114405324,2026-09-18T19:29:39.000Z,238.3
CH0114405324,2026-09-21T05:30:40.000Z,239.4
CH0114405324,2026-09-21T07:25:08.000Z,238.8
CH0114405324,2026-09-21T11:24:40.000Z,239.4
CH0114405324,2026-09-21T13:29:07.000Z,238.6
CH0114405324,2026-09-21T15:29:57.000Z,242.8
CH0114405324,2026-09-21T17:29:23.000Z,243.85
CH0114405324,2026-09-21T19:29:59.000Z,244.35
CH0114405324,2026-09-22T05:30:15.000Z,243.8
CH0114405324,2026-09-22T07:28:39.000Z,243.95
CH0114405324,2026-09-22T09:23:40.000Z,244.05
CH0114405324,2026-09-22T11:25:54.000Z,244.475
CH0114405324,2026-09-22T13:29:07.000Z,244.65
CH0114405324,2026-09-22T15:29:12.000Z,247.1
CH0114405324,2026-09-22T17:29:57.000Z,246.4
CH0114405324,2026-09-22T19:29:59.000Z,248.15
CH0114405324,2026-09-23T05:30:15.000Z,249.1
CH0114405324,2026-09-23T07:29:54.000Z,249.1
CH0114405324,2026-09-23T09:20:24.000Z,249.35
CH0114405324,2026-09-23T11:29:22.000Z,249.15
CH0114405324,2026-09-23T13:29:28.000Z,249.1
CH0114405324,2026-09-23T15:28:33.000Z,250.35
CH0114405324,2026-09-23T17:29:12.000Z,251.1
CH0114405324,2026-09-23T19:29:59.000Z,251.45
CH0114405324,2026-09-24T05:30:29.000Z,252.4
CH0114405324,2026-09-24T07:29:51.000Z,252.35
CH0114405324,2026-09-24T09:26:20.000Z,252.4
CH0114405324,2026-09-24T11:24:42.000Z,252.6
CH0114405324,2026-09-24T13:29:31.000Z,253
CH0114405324,2026-09-24T15:27:26.000Z,252
CH0114405324,2026-09-24T17:29:57.000Z,253.8
CH0114405324,2026-09-24T19:29:50.000Z,258.45
CH0114405324,2026-09-25T05:30:35.000Z,259.3
CH0114405324,2026-09-25T07:29:46.000Z,259.2
CH0114405324,2026-09-25T09:24:15.000Z,258.05
CH0114405324,2026-09-25T11:24:42.000Z,258.9
CH0114405324,2026-09-25T13:29:49.000Z,257.9
CH0114405324,2026-09-25T15:29:48.000Z,258.85
CH0114405324,2026-09-25T17:29:24.000Z,257.55
CH0114405324,2026-09-25T19:29:57.000Z,257.25
CH0114405324,2026-09-25T20:59:30.257Z,258.2
CH0114405324,2026-09-28T05:30:40.000Z,257.85
CH0114405324,2026-09-28T07:29:07.000Z,258.2
CH0114405324,2026-09-28T09:24:29.000Z,258.2
CH0114405324,2026-09-28T11:24:56.000Z,258.275
CH0114405324,2026-09-28T13:29:07.000Z,258.4
CH0114405324,2026-09-28T15:28:08.000Z,256.2
CH0114405324,2026-09-28T17:29:52.000Z,258.2
CH0114405324,2026-09-28T19:20:19.609Z,258.25
DE0005933931,2026-08-25T05:30:21.000Z,215.75
DE0005933931,2026-08-25T07:29:25.000Z,215.85
DE0005933931,2026-08-25T09:29:57.000Z,216.575
DE0005933931,2026-08-25T11:29:58.000Z,216.775
DE0005933931,2026-08-25T13:29:53.000Z,216.6
DE0005933931,2026-08-25T15:29:51.000Z,216.65
DE0005933931,2026-08-25T17:29:56.000Z,216.275
DE0005933931,2026-08-25T19:28:01.000Z,216.425
DE0005933931,2026-08-26T05:30:21.000Z,216.5
DE0005933931,2026-08-26T07:29:49.000Z,216.2
DE0005933931,2026-08-26T09:29:28.000Z,216.65
DE0005933931,2026-08-26T11:29:57.000Z,217.05
DE0005933931,2026-08-26T13:29:59.000Z,217.35
DE0005933931,2026-08-26T15:29:51.000Z,216.9
DE0005933931,2026-08-26T17:28:34.000Z,216.525
DE0005933931,2026-08-26T19:29:12.000Z,216.675
DE0005933931,2026-08-27T05:30:52.000Z,217.25
DE0005933931,2026-08-27T07:29:58.000Z,216.875
DE0005933931,2026-08-27T09:29:59.000Z,217.2
DE0005933931,2026-08-27T11:29:53.000Z,217.275
DE0005933931,2026-08-27T13:29:40.000Z,217.275
DE0005933931,2026-08-27T15:29:59.000Z,217.25
DE0005933931,2026-08-27T17:29:28.000Z,217.275
DE0005933931,2026-08-27T19:29:59.000Z,217.35
DE0005933931,2026-08-28T05:30:21.000Z,217.975
DE0005933931,2026-08-28T07:29:46.000Z,218.45
DE0005933931,2026-08-28T09:29:45.000Z,218.65
DE0005933931,2026-08-28T11:29:22.000Z,218.45
DE0005933931,2026-08-28T13:29:59.000Z,218.65
DE0005933931,2026-08-28T15:29:59.000Z,219.15
DE0005933931,2026-08-28T17:29:48.000Z,218.575
DE0005933931,2026-08-28T19:29:13.000Z,218.825
DE0005933931,2026-08-31T05:30:55.000Z,218.625
DE0005933931,2026-08-31T07:29:52.000Z,217.775
DE0005933931,2026-08-31T09:29:59.000Z,217.625
DE0005933931,2026-08-31T11:29:24.000Z,217.575
DE0005933931,2026-08-31T13:29:09.000Z,217.35
DE0005933931,2026-08-31T15:29:59.000Z,216.625
DE0005933931,2026-08-31T17:29:37.000Z,215.8
DE0005933931,2026-08-31T19:29:04.000Z,215.875
DE0005933931,2026-09-01T05:30:21.000Z,216
DE0005933931,2026-09-01T07:29:50.000Z,215.9
DE0005933931,2026-09-01T09:29:54.000Z,213.975
DE0005933931,2026-09-01T11:29:53.000Z,214.025
DE0005933931,2026-09-01T13:29:59.000Z,214.525
DE0005933931,2026-09-01T15:29:56.000Z,213.95
DE0005933931,2026-09-01T17:29:58.000Z,213.425
DE0005933931,2026-09-01T19:29:44.000Z,213.025
DE0005933931,2026-09-02T05:30:51.000Z,213
DE0005933931,2026-09-02T07:29:56.000Z,213.625
DE0005933931,2026-09-02T09:29:20.000Z,212.5
DE0005933931,2026-09-02T11:29:32.000Z,212.875
DE0005933931,2026-09-02T13:29:59.000Z,213.35
DE0005933931,2026-09-02T15:29:58.000Z,213.025
DE0005933931,2026-09-02T17:27:03.000Z,212.875
DE0005933931,2026-09-02T19:22:44.000Z,212.925
DE0005933931,2026-09-03T05:30:55.000Z,212.825
DE0005933931,2026-09-03T07:29:59.000Z,213.175
DE0005933931,2026-09-03T09:29:47.000Z,213.15
DE0005933931,2026-09-03T11:29:54.000Z,213.1
DE0005933931,2026-09-03T13:29:59.000Z,214.3
DE0005933931,2026-09-03T15:29:57.000Z,214.4
DE0005933931,2026-09-03T17:28:26.000Z,214.425
DE0005933931,2026-09-03T19:29:49.000Z,214.575
DE0005933931,2026-09-04T05:30:21.000Z,214.825
DE0005933931,2026-09-04T07:29:58.000Z,214.75
DE0005933931,2026-09-04T09:29:55.000Z,214.15
DE0005933931,2026-09-04T11:29:58.000Z,214.925
DE0005933931,2026-09-04T13:29:46.000Z,215.05
DE0005933931,2026-09-04T15:29:58.000Z,214.675
DE0005933931,2026-09-04T17:29:58.000Z,214.675
DE0005933931,2026-09-04T19:27:07.000Z,214.625
DE0005933931,2026-09-07T05:30:26.000Z,214.375
DE0005933931,2026-09-07T07:29:49.000Z,214.2
DE0005933931,2026-09-07T09:29:59.000Z,214.05
DE0005933931,2026-09-07T11:29:34.000Z,213.825
DE0005933931,2026-09-07T13:29:05.000Z,214.225
DE0005933931,2026-09-07T15:29:56.000Z,214.15
DE0005933931,2026-09-07T19:25:44.000Z,214.325
DE0005933931,2026-09-08T05:30:42.000Z,214.075
DE0005933931,2026-09-08T07:29:44.000Z,213.8
DE0005933931,2026-09-08T09:29:56.000Z,213.525
DE0005933931,2026-09-08T11:29:43.000Z,214.025
DE0005933931,2026-09-08T13:29:19.000Z,214.25
DE0005933931,2026-09-08T15:29:57.000Z,214.225
DE0005933931,2026-09-08T17:25:13.000Z,213.875
DE0005933931,2026-09-08T19:29:35.000Z,213.5
DE0005933931,2026-09-09T05:30:59.000Z,213.15
DE0005933931,2026-09-09T07:29:47.000Z,213.45
DE0005933931,2026-09-09T09:29:39.000Z,212.45
DE0005933931,2026-09-09T11:29:57.000Z,211.05
DE0005933931,2026-09-09T13:29:59.000Z,211.125
DE0005933931,2026-09-09T15:29:59.000Z,210.625
DE0005933931,2026-09-09T17:29:55.000Z,210.625
DE0005933931,2026-09-09T19:28:56.000Z,210.5
DE0005933931,2026-09-10T05:30:56.000Z,211
DE0005933931,2026-09-10T07:29:51.000Z,210.85
DE0005933931,2026-09-10T09:29:26.000Z,210.45
DE0005933931,2026-09-10T11:29:56.000Z,210.75
DE0005933931,2026-09-10T13:29:59.000Z,209.775
DE0005933931,2026-09-10T15:29:58.000Z,209.375
DE0005933931,2026-09-10T17:28:30.000Z,208.8
DE0005933931,2026-09-10T19:28:45.000Z,208.725
DE0005933931,2026-09-11T05:30:53.000Z,209.25
DE0005933931,2026-09-11T07:29:43.000Z,209.825
DE0005933931,2026-09-11T09:28:26.000Z,210.175
DE0005933931,2026-09-11T11:29:47.000Z,210.2
DE0005933931,2026-09-11T13:29:56.000Z,210.6
DE0005933931,2026-09-11T15:29:56.000Z,210.65
DE0005933931,2026-09-11T17:29:20.000Z,210.825
DE0005933931,2026-09-11T19:28:57.000Z,210.575
DE0005933931,2026-09-14T05:30:30.000Z,210.05
DE0005933931,2026-09-14T07:29:48.000Z,210.2
DE0005933931,2026-09-14T09:29:58.000Z,209.3
DE0005933931,2026-09-14T11:29:54.000Z,209.95
DE0005933931,2026-09-14T13:29:28.000Z,209.85
DE0005933931,2026-09-14T15:29:59.000Z,209.525
DE0005933931,2026-09-14T17:29:13.000Z,210.65
DE0005933931,2026-09-14T19:29:43.000Z,210.5
DE0005933931,2026-09-15T05:30:49.000Z,209.4
DE0005933931,2026-09-15T07:29:59.000Z,208.8
DE0005933931,2026-09-15T09:29:59.000Z,208.2
DE0005933931,2026-09-15T11:29:57.000Z,209.55
DE0005933931,2026-09-15T13:29:55.000Z,209.8
DE0005933931,2026-09-15T15:29:50.000Z,209.55
DE0005933931,2026-09-15T17:29:55.000Z,209.7
DE0005933931,2026-09-15T19:28:27.000Z,209.55
DE0005933931,2026-09-16T05:30:59.000Z,209.85
DE0005933931,2026-09-16T07:29:56.000Z,210.15
DE0005933931,2026-09-16T09:29:54.000Z,209.375
DE0005933931,2026-09-16T11:29:55.000Z,210.075
DE0005933931,2026-09-16T13:29:56.000Z,210.075
DE0005933931,2026-09-16T15:29:56.000Z,210.65
DE0005933931,2026-09-16T17:29:10.000Z,210.475
DE0005933931,2026-09-16T19:29:56.000Z,209.55
DE0005933931,2026-09-17T05:30:41.000Z,211.55
DE0005933931,2026-09-17T07:29:59.000Z,212
DE0005933931,2026-09-17T09:29:59.000Z,211.525
DE0005933931,2026-09-17T11:29:48.000Z,211.675
DE0005933931,2026-09-17T13:29:59.000Z,212.2
DE0005933931,2026-09-17T15:29:59.000Z,212.1
DE0005933931,2026-09-17T17:29:34.000Z,211.525
DE0005933931,2026-09-17T19:29:40.000Z,211.325
DE0005933931,2026-09-18T05:30:59.000Z,211.475
DE0005933931,2026-09-18T07:29:58.000Z,211.1
DE0005933931,2026-09-18T09:29:52.000Z,210.95
DE0005933931,2026-09-18T11:29:47.000Z,210.35
DE0005933931,2026-09-18T13:29:59.000Z,209.5
DE0005933931,2026-09-18T15:29:58.000Z,208.575
DE0005933931,2026-09-18T17:29:57.000Z,208.425
DE0005933931,2026-09-18T19:29:57.000Z,208.475
DE0005933931,2026-09-21T05:30:35.000Z,209.525
DE0005933931,2026-09-21T07:29:41.000Z,210.25
DE0005933931,2026-09-21T09:29:57.000Z,210.65
DE0005933931,2026-09-21T11:29:59.000Z,211.075
DE0005933931,2026-09-21T13:29:34.000Z,211.05
DE0005933931,2026-09-21T15:29:59.000Z,210.85
DE0005933931,2026-09-21T17:28:58.000Z,211.325
DE0005933931,2026-09-21T19:29:07.000Z,211.325
DE0005933931,2026-09-22T05:30:57.000Z,210.975
DE0005933931,2026-09-22T07:29:57.000Z,210.3
DE0005933931,2026-09-22T09:29:59.000Z,211.175
DE0005933931,2026-09-22T11:29:58.000Z,211.85
DE0005933931,2026-09-22T13:29:56.000Z,212.25
DE0005933931,2026-09-22T15:29:58.000Z,211
DE0005933931,2026-09-22T17:29:42.000Z,211.05
DE0005933931,2026-09-22T19:29:53.000Z,211.725
DE0005933931,2026-09-23T05:30:45.000Z,211.75
DE0005933931,2026-09-23T07:29:47.000Z,211.1
DE0005933931,2026-09-23T09:29:54.000Z,210.05
DE0005933931,2026-09-23T11:29:59.000Z,209.3
DE0005933931,2026-09-23T13:29:59.000Z,209.8
DE0005933931,2026-09-23T15:29:59.000Z,209.55
DE0005933931,2026-09-23T17:29:50.000Z,208.55
DE0005933931,2026-09-23T19:28:00.000Z,209.025
DE0005933931,2026-09-24T05:30:57.000Z,208.975
DE0005933931,2026-09-24T07:29:53.000Z,209.3
DE0005933931,2026-09-24T09:29:57.000Z,208.4
DE0005933931,2026-09-24T11:29:44.000Z,208.775
DE0005933931,2026-09-24T13:29:49.000Z,209.45
DE0005933931,2026-09-24T15:29:59.000Z,208.15
DE0005933931,2026-09-24T17:29:59.000Z,209.2
DE0005933931,2026-09-24T19:29:47.000Z,209.175
DE0005933931,2026-09-25T05:30:56.000Z,209.45
DE0005933931,2026-09-25T07:29:59.000Z,209.725
DE0005933931,2026-09-25T09:29:58.000Z,209.95
DE0005933931,2026-09-25T11:29:59.000Z,209.8
DE0005933931,2026-09-25T13:29:59.000Z,209.625
DE0005933931,2026-09-25T15:29:57.000Z,209.375
DE0005933931,2026-09-25T17:29:00.000Z,210.55
DE0005933931,2026-09-25T19:29:59.000Z,210.375
DE0005933931,2026-09-25T20:58:21.659Z,210.575
DE0005933931,2026-09-28T05:30:42.000Z,209.675
DE0005933931,2026-09-28T07:29:54.000Z,209.575
DE0005933931,2026-09-28T09:29:57.000Z,209.4
DE0005933931,2026-09-28T11:29:24.000Z,209.475
DE0005933931,2026-09-28T13:29:38.000Z,209.85
DE0005933931,2026-09-28T15:29:59.000Z,209.45
DE0005933931,2026-09-28T17:29:51.000Z,210.55
DE0005933931,2026-09-28T19:20:38.372Z,210.3
DK0061539921,2026-08-25T05:30:01.000Z,28.095
DK0061539921,2026-08-25T07:29:55.000Z,28.385
DK0061539921,2026-08-25T09:29:56.000Z,28.355
DK0061539921,2026-08-25T11:29:55.000Z,28.34
DK0061539921,2026-08-25T13:28:47.000Z,28.49
DK0061539921,2026-08-25T15:29:59.000Z,28.265
DK0061539921,2026-08-25T17:28:14.000Z,28.08
DK0061539921,2026-08-25T19:29:53.000Z,28.085
DK0061539921,2026-08-26T05:30:03.000Z,28.2
DK0061539921,2026-08-26T07:29:44.000Z,28
DK0061539921,2026-08-26T09:29:50.000Z,27.88
DK0061539921,2026-08-26T11:29:59.000Z,27.855
DK0061539921,2026-08-26T13:29:46.000Z,27.84
DK0061539921,2026-08-26T15:29:58.000Z,27.775
DK0061539921,2026-08-26T17:29:16.000Z,27.725
DK0061539921,2026-08-26T19:29:01.000Z,27.725
DK0061539921,2026-08-27T05:30:48.000Z,28.43
DK0061539921,2026-08-27T07:29:29.000Z,28.79
DK0061539921,2026-08-27T09:27:09.000Z,28.98
DK0061539921,2026-08-27T11:29:56.000Z,29.02
DK0061539921,2026-08-27T13:29:06.000Z,28.925
DK0061539921,2026-08-27T15:29:59.000Z,28.88
DK0061539921,2026-08-27T19:22:13.000Z,28.98
DK0061539921,2026-08-28T05:30:35.000Z,28.9
DK0061539921,2026-08-28T07:29:56.000Z,29.195
DK0061539921,2026-08-28T09:29:36.000Z,29.08
DK0061539921,2026-08-28T11:29:41.000Z,28.9
DK0061539921,2026-08-28T13:29:05.000Z,28.62
DK0061539921,2026-08-28T15:29:59.000Z,28.35
DK0061539921,2026-08-28T17:29:45.000Z,28.295
DK0061539921,2026-08-28T19:29:52.000Z,28.31
DK0061539921,2026-08-31T05:30:03.000Z,28.255
DK0061539921,2026-08-31T07:29:55.000Z,28.185
DK0061539921,2026-08-31T09:29:59.000Z,28.265
DK0061539921,2026-08-31T11:28:08.000Z,28.305
DK0061539921,2026-08-31T13:29:46.000Z,28.3
DK0061539921,2026-08-31T15:29:59.000Z,28.485
DK0061539921,2026-08-31T17:29:56.000Z,28.42
DK0061539921,2026-08-31T19:29:04.000Z,28.38
DK0061539921,2026-09-01T05:30:48.000Z,28.345
DK0061539921,2026-09-01T07:29:59.000Z,28.375
DK0061539921,2026-09-01T09:29:18.000Z,28.27
DK0061539921,2026-09-01T11:29:59.000Z,28.175
DK0061539921,2026-09-01T13:29:10.000Z,28.27
DK0061539921,2026-09-01T15:29:58.000Z,27.905
DK0061539921,2026-09-01T17:29:47.000Z,27.855
DK0061539921,2026-09-01T19:29:46.000Z,27.85
DK0061539921,2026-09-02T05:30:51.000Z,27.8
DK0061539921,2026-09-02T07:29:52.000Z,27.745
DK0061539921,2026-09-02T09:29:58.000Z,27.715
DK0061539921,2026-09-02T11:29:33.000Z,27.585
DK0061539921,2026-09-02T13:29:19.000Z,28.03
DK0061539921,2026-09-02T15:29:59.000Z,28.195
DK0061539921,2026-09-02T17:29:55.000Z,28.175
DK0061539921,2026-09-02T19:22:51.000Z,28.175
DK0061539921,2026-09-03T05:30:48.000Z,28.145
DK0061539921,2026-09-03T07:29:45.000Z,28.325
DK0061539921,2026-09-03T09:29:34.000Z,28.28
DK0061539921,2026-09-03T11:29:59.000Z,28.255
DK0061539921,2026-09-03T13:29:57.000Z,28.475
DK0061539921,2026-09-03T15:29:59.000Z,28.665
DK0061539921,2026-09-03T17:27:24.000Z,28.54
DK0061539921,2026-09-04T05:30:02.000Z,28.695
DK0061539921,2026-09-04T07:29:56.000Z,28.64
DK0061539921,2026-09-04T09:28:00.000Z,28.765
DK0061539921,2026-09-04T11:29:51.000Z,28.96
DK0061539921,2026-09-04T13:29:37.000Z,28.8
DK0061539921,2026-09-04T15:29:59.000Z,28.495
DK0061539921,2026-09-04T17:29:05.000Z,28.46
DK0061539921,2026-09-07T05:30:03.000Z,28.375
DK0061539921,2026-09-07T07:29:40.000Z,29.025
DK0061539921,2026-09-07T09:28:39.000Z,29.115
DK0061539921,2026-09-07T11:29:27.000Z,29.16
DK0061539921,2026-09-07T13:29:57.000Z,29.105
DK0061539921,2026-09-07T15:29:59.000Z,29.095
DK0061539921,2026-09-07T17:23:29.000Z,29.19
DK0061539921,2026-09-07T19:25:05.000Z,29.185
DK0061539921,2026-09-08T05:30:04.000Z,29.14
DK0061539921,2026-09-08T07:29:40.000Z,29.055
DK0061539921,2026-09-08T09:29:58.000Z,29.04
DK0061539921,2026-09-08T11:29:46.000Z,28.94
DK0061539921,2026-09-08T13:29:59.000Z,28.945
DK0061539921,2026-09-08T15:29:59.000Z,29.22
DK0061539921,2026-09-08T19:28:53.000Z,29.305
DK0061539921,2026-09-09T05:30:21.000Z,29.24
DK0061539921,2026-09-09T07:29:58.000Z,29.225
DK0061539921,2026-09-09T09:29:51.000Z,28.835
DK0061539921,2026-09-09T11:29:54.000Z,28.78
DK0061539921,2026-09-09T13:29:29.000Z,28.84
DK0061539921,2026-09-09T15:29:59.000Z,28.735
DK0061539921,2026-09-10T05:30:54.000Z,28.735
DK0061539921,2026-09-10T07:28:13.000Z,28.77
DK0061539921,2026-09-10T09:29:02.000Z,28.73
DK0061539921,2026-09-10T11:29:35.000Z,28.55
DK0061539921,2026-09-10T13:29:57.000Z,28.52
DK0061539921,2026-09-10T15:29:59.000Z,28.24
DK0061539921,2026-09-10T17:26:37.000Z,28.14
DK0061539921,2026-09-10T19:25:00.000Z,28.235
DK0061539921,2026-09-11T05:30:01.000Z,28.305
DK0061539921,2026-09-11T07:29:11.000Z,28.82
DK0061539921,2026-09-11T09:29:37.000Z,28.89
DK0061539921,2026-09-11T11:29:16.000Z,28.885
DK0061539921,2026-09-11T13:29:51.000Z,28.985
DK0061539921,2026-09-11T15:29:58.000Z,28.885
DK0061539921,2026-09-11T17:28:29.000Z,28.87
DK0061539921,2026-09-11T19:28:32.000Z,28.875
DK0061539921,2026-09-14T05:30:02.000Z,28.5
DK0061539921,2026-09-14T07:29:48.000Z,28.445
DK0061539921,2026-09-14T09:29:21.000Z,28.18
DK0061539921,2026-09-14T11:29:20.000Z,27.895
DK0061539921,2026-09-14T13:29:57.000Z,27.77
DK0061539921,2026-09-14T15:29:59.000Z,27.27
DK0061539921,2026-09-14T19:24:50.000Z,27.48
DK0061539921,2026-09-15T05:30:48.000Z,27.305
DK0061539921,2026-09-15T07:29:57.000Z,27.03
DK0061539921,2026-09-15T09:29:59.000Z,26.615
DK0061539921,2026-09-15T11:29:52.000Z,26.5
DK0061539921,2026-09-15T13:29:43.000Z,26.99
DK0061539921,2026-09-15T15:29:59.000Z,27.56
DK0061539921,2026-09-15T19:20:01.000Z,27.05
DK0061539921,2026-09-16T05:30:09.000Z,26.955
DK0061539921,2026-09-16T07:29:59.000Z,27.78
DK0061539921,2026-09-16T09:29:59.000Z,27.645
DK0061539921,2026-09-16T11:29:56.000Z,27.785
DK0061539921,2026-09-16T13:29:55.000Z,27.905
DK0061539921,2026-09-16T15:29:59.000Z,27.635
DK0061539921,2026-09-16T17:25:23.000Z,27.595
DK0061539921,2026-09-16T19:28:53.000Z,27.555
DK0061539921,2026-09-17T05:30:41.000Z,27.56
DK0061539921,2026-09-17T07:29:46.000Z,27.52
DK0061539921,2026-09-17T09:29:31.000Z,27.66
DK0061539921,2026-09-17T11:29:29.000Z,27.82
DK0061539921,2026-09-17T13:29:50.000Z,27.94
DK0061539921,2026-09-17T15:29:59.000Z,28.145
DK0061539921,2026-09-17T19:28:50.000Z,28.135
DK0061539921,2026-09-18T05:30:52.000Z,28.145
DK0061539921,2026-09-18T07:29:53.000Z,27.96
DK0061539921,2026-09-18T09:29:08.000Z,27.97
DK0061539921,2026-09-18T11:29:44.000Z,28
DK0061539921,2026-09-18T13:28:48.000Z,28.07
DK0061539921,2026-09-18T15:29:58.000Z,27.82
DK0061539921,2026-09-18T17:28:29.000Z,27.69
DK0061539921,2026-09-21T05:30:51.000Z,27.89
DK0061539921,2026-09-21T07:29:43.000Z,27.965
DK0061539921,2026-09-21T09:28:43.000Z,28.035
DK0061539921,2026-09-21T11:29:53.000Z,28.11
DK0061539921,2026-09-21T13:29:58.000Z,28.465
DK0061539921,2026-09-21T15:29:58.000Z,28.645
DK0061539921,2026-09-21T17:29:45.000Z,28.49
DK0061539921,2026-09-21T19:29:56.000Z,28.61
DK0061539921,2026-09-22T05:30:10.000Z,28.555
DK0061539921,2026-09-22T07:29:54.000Z,28.555
DK0061539921,2026-09-22T09:28:53.000Z,28.51
DK0061539921,2026-09-22T11:29:37.000Z,28.445
DK0061539921,2026-09-22T13:29:46.000Z,28.295
DK0061539921,2026-09-22T15:29:59.000Z,28.21
DK0061539921,2026-09-22T19:29:45.000Z,28.215
DK0061539921,2026-09-23T05:30:11.000Z,28.35
DK0061539921,2026-09-23T07:29:52.000Z,28.21
DK0061539921,2026-09-23T09:29:43.000Z,28.275
DK0061539921,2026-09-23T11:29:15.000Z,27.94
DK0061539921,2026-09-23T13:29:58.000Z,27.965
DK0061539921,2026-09-23T15:29:58.000Z,27.715
DK0061539921,2026-09-23T17:29:43.000Z,27.685
DK0061539921,2026-09-23T19:29:55.000Z,27.785
DK0061539921,2026-09-24T05:30:22.000Z,27.64
DK0061539921,2026-09-24T07:29:59.000Z,27.515
DK0061539921,2026-09-24T09:29:58.000Z,26.88
DK0061539921,2026-09-24T11:29:50.000Z,26.885
DK0061539921,2026-09-24T13:29:53.000Z,26.74
DK0061539921,2026-09-24T15:29:59.000Z,26.735
DK0061539921,2026-09-24T17:29:58.000Z,27.01
DK0061539921,2026-09-24T19:29:44.000Z,26.97
DK0061539921,2026-09-25T05:30:21.000Z,26.925
DK0061539921,2026-09-25T07:29:27.000Z,27.15
DK0061539921,2026-09-25T09:29:27.000Z,27.085
DK0061539921,2026-09-25T11:29:59.000Z,26.965
DK0061539921,2026-09-25T13:29:57.000Z,26.795
DK0061539921,2026-09-25T15:29:59.000Z,26.615
DK0061539921,2026-09-25T17:29:24.000Z,26.675
DK0061539921,2026-09-25T19:27:52.000Z,26.665
DK0061539921,2026-09-25T20:55:29.838Z,26.695
DK0061539921,2026-09-28T05:30:10.000Z,26.65
DK0061539921,2026-09-28T07:29:55.000Z,25.98
DK0061539921,2026-09-28T09:29:34.000Z,26.53
DK0061539921,2026-09-28T11:29:03.000Z,26.785
DK0061539921,2026-09-28T13:29:28.000Z,26.83
DK0061539921,2026-09-28T15:29:59.000Z,26.67
DK0061539921,2026-09-28T17:27:38.000Z,26.755
DK0061539921,2026-09-28T19:20:09.876Z,26.735
FI0009000681,2026-08-25T05:30:45.000Z,8.673
FI0009000681,2026-08-25T07:29:56.000Z,8.653
FI0009000681,2026-08-25T09:29:49.000Z,8.849
FI0009000681,2026-08-25T11:29:32.000Z,8.881
FI0009000681,2026-08-25T13:29:56.000Z,8.881
FI0009000681,2026-08-25T15:29:59.000Z,8.903
FI0009000681,2026-08-25T17:29:57.000Z,8.847
FI0009000681,2026-08-25T19:25:10.000Z,8.852
FI0009000681,2026-08-26T05:30:04.000Z,8.877
FI0009000681,2026-08-26T07:29:52.000Z,8.873
FI0009000681,2026-08-26T09:29:52.000Z,8.834
FI0009000681,2026-08-26T11:29:19.000Z,8.884
FI0009000681,2026-08-26T13:29:56.000Z,8.806
FI0009000681,2026-08-26T15:29:59.000Z,8.816
FI0009000681,2026-08-26T17:29:29.000Z,8.853
FI0009000681,2026-08-26T19:29:50.000Z,8.92
FI0009000681,2026-08-27T05:30:34.000Z,9.103
FI0009000681,2026-08-27T07:29:58.000Z,9.19
FI0009000681,2026-08-27T09:29:59.000Z,9.171
FI0009000681,2026-08-27T11:29:58.000Z,9.189
FI0009000681,2026-08-27T13:29:58.000Z,9.167
FI0009000681,2026-08-27T15:29:57.000Z,8.999
FI0009000681,2026-08-27T17:27:35.000Z,9.126
FI0009000681,2026-08-27T19:29:45.000Z,9.102
FI0009000681,2026-08-28T05:30:08.000Z,9.035
FI0009000681,2026-08-28T07:29:56.000Z,9.159
FI0009000681,2026-08-28T09:29:28.000Z,9.119
FI0009000681,2026-08-28T11:29:58.000Z,9.121
FI0009000681,2026-08-28T13:29:59.000Z,9.11
FI0009000681,2026-08-28T15:29:57.000Z,9.052
FI0009000681,2026-08-28T17:29:26.000Z,8.863
FI0009000681,2026-08-28T19:29:58.000Z,8.857
FI0009000681,2026-08-31T05:30:12.000Z,8.851
FI0009000681,2026-08-31T07:29:56.000Z,8.889
FI0009000681,2026-08-31T09:29:56.000Z,8.856
FI0009000681,2026-08-31T11:29:53.000Z,8.817
FI0009000681,2026-08-31T13:29:59.000Z,8.859
FI0009000681,2026-08-31T15:29:58.000Z,8.731
FI0009000681,2026-08-31T17:29:29.000Z,8.713
FI0009000681,2026-08-31T19:27:35.000Z,8.75
FI0009000681,2026-09-01T05:30:01.000Z,8.702
FI0009000681,2026-09-01T07:29:46.000Z,8.913
FI0009000681,2026-09-01T09:29:59.000Z,8.668
FI0009000681,2026-09-01T11:29:27.000Z,8.669
FI0009000681,2026-09-01T13:29:58.000Z,8.721
FI0009000681,2026-09-01T15:29:57.000Z,8.58
FI0009000681,2026-09-01T17:29:56.000Z,8.491
FI0009000681,2026-09-01T19:29:56.000Z,8.649
FI0009000681,2026-09-02T05:30:38.000Z,8.604
FI0009000681,2026-09-02T07:29:56.000Z,8.703
FI0009000681,2026-09-02T09:29:59.000Z,8.61
FI0009000681,2026-09-02T11:29:52.000Z,8.648
FI0009000681,2026-09-02T13:29:59.000Z,8.647
FI0009000681,2026-09-02T15:29:57.000Z,8.504
FI0009000681,2026-09-02T17:29:45.000Z,8.485
FI0009000681,2026-09-02T19:28:51.000Z,8.54
FI0009000681,2026-09-03T05:30:31.000Z,8.542
FI0009000681,2026-09-03T07:29:59.000Z,8.637
FI0009000681,2026-09-03T09:29:47.000Z,8.587
FI0009000681,2026-09-03T11:29:56.000Z,8.589
FI0009000681,2026-09-03T13:29:59.000Z,8.438
FI0009000681,2026-09-03T15:29:58.000Z,8.407
FI0009000681,2026-09-03T17:29:56.000Z,8.406
FI0009000681,2026-09-03T19:29:50.000Z,8.404
FI0009000681,2026-09-04T05:30:49.000Z,8.452
FI0009000681,2026-09-04T07:29:55.000Z,8.553
FI0009000681,2026-09-04T09:29:45.000Z,8.587
FI0009000681,2026-09-04T11:29:54.000Z,8.663
FI0009000681,2026-09-04T13:29:59.000Z,8.647
FI0009000681,2026-09-04T15:29:53.000Z,8.643
FI0009000681,2026-09-04T17:29:58.000Z,8.631
FI0009000681,2026-09-04T19:29:35.000Z,8.694
FI0009000681,2026-09-07T05:30:18.000Z,8.683
FI0009000681,2026-09-07T07:29:59.000Z,8.971
FI0009000681,2026-09-07T09:29:45.000Z,8.965
FI0009000681,2026-09-07T11:29:53.000Z,8.988
FI0009000681,2026-09-07T13:29:19.000Z,9.083
FI0009000681,2026-09-07T15:29:58.000Z,9.175
FI0009000681,2026-09-07T19:26:28.000Z,9.221
FI0009000681,2026-09-08T05:30:43.000Z,9.117
FI0009000681,2026-09-08T07:29:49.000Z,9.036
FI0009000681,2026-09-08T09:29:54.000Z,9.036
FI0009000681,2026-09-08T11:29:46.000Z,9.001
FI0009000681,2026-09-08T13:29:59.000Z,9.057
FI0009000681,2026-09-08T15:29:58.000Z,9.187
FI0009000681,2026-09-08T17:29:30.000Z,9.319
FI0009000681,2026-09-08T19:29:47.000Z,9.2
FI0009000681,2026-09-09T05:30:55.000Z,9.201
FI0009000681,2026-09-09T07:29:59.000Z,9.574
FI0009000681,2026-09-09T09:29:59.000Z,9.599
FI0009000681,2026-09-09T11:29:56.000Z,9.379
FI0009000681,2026-09-09T13:29:59.000Z,9.494
FI0009000681,2026-09-09T15:29:59.000Z,9.372
FI0009000681,2026-09-09T17:29:58.000Z,9.348
FI0009000681,2026-09-09T19:29:36.000Z,9.349
FI0009000681,2026-09-10T05:30:57.000Z,9.276
FI0009000681,2026-09-10T07:29:59.000Z,9.349
FI0009000681,2026-09-10T09:29:50.000Z,9.327
FI0009000681,2026-09-10T11:29:59.000Z,9.247
FI0009000681,2026-09-10T13:29:50.000Z,9.131
FI0009000681,2026-09-10T15:29:57.000Z,9.237
FI0009000681,2026-09-10T17:29:53.000Z,9.224
FI0009000681,2026-09-10T19:29:56.000Z,9.238
FI0009000681,2026-09-11T07:29:58.000Z,9.253
FI0009000681,2026-09-11T09:29:46.000Z,9.29
FI0009000681,2026-09-11T11:29:48.000Z,9.281
FI0009000681,2026-09-11T13:29:48.000Z,9.377
FI0009000681,2026-09-11T15:29:59.000Z,9.55
FI0009000681,2026-09-11T17:27:39.000Z,9.597
FI0009000681,2026-09-11T19:29:59.000Z,9.61
FI0009000681,2026-09-14T05:30:34.000Z,9.251
FI0009000681,2026-09-14T07:29:58.000Z,9.109
FI0009000681,2026-09-14T09:29:58.000Z,8.751
FI0009000681,2026-09-14T11:29:59.000Z,8.791
FI0009000681,2026-09-14T13:29:59.000Z,8.735
FI0009000681,2026-09-14T15:29:57.000Z,8.585
FI0009000681,2026-09-14T17:29:59.000Z,8.553
FI0009000681,2026-09-14T19:29:59.000Z,8.542
FI0009000681,2026-09-15T05:30:42.000Z,8.467
FI0009000681,2026-09-15T07:29:59.000Z,8.521
FI0009000681,2026-09-15T09:29:54.000Z,8.628
FI0009000681,2026-09-15T11:29:58.000Z,8.671
FI0009000681,2026-09-15T13:29:59.000Z,8.562
FI0009000681,2026-09-15T15:29:58.000Z,8.684
FI0009000681,2026-09-15T17:29:56.000Z,8.564
FI0009000681,2026-09-15T19:29:25.000Z,8.6
FI0009000681,2026-09-16T05:30:55.000Z,8.615
FI0009000681,2026-09-16T07:29:58.000Z,8.791
FI0009000681,2026-09-16T09:29:56.000Z,8.959
FI0009000681,2026-09-16T11:29:50.000Z,9.097
FI0009000681,2026-09-16T13:29:58.000Z,9.068
FI0009000681,2026-09-16T15:29:57.000Z,8.842
FI0009000681,2026-09-16T17:27:50.000Z,8.819
FI0009000681,2026-09-16T19:29:44.000Z,8.752
FI0009000681,2026-09-17T05:30:10.000Z,8.966
FI0009000681,2026-09-17T07:29:58.000Z,9.283
FI0009000681,2026-09-17T09:29:59.000Z,9.419
FI0009000681,2026-09-17T11:29:51.000Z,9.311
FI0009000681,2026-09-17T13:29:59.000Z,9.37
FI0009000681,2026-09-17T15:29:59.000Z,9.23
FI0009000681,2026-09-17T17:29:33.000Z,9.272
FI0009000681,2026-09-17T19:28:36.000Z,9.31
FI0009000681,2026-09-18T05:30:15.000Z,9.331
FI0009000681,2026-09-18T07:29:59.000Z,9.549
FI0009000681,2026-09-18T09:29:53.000Z,9.437
FI0009000681,2026-09-18T11:29:52.000Z,9.475
FI0009000681,2026-09-18T13:29:59.000Z,9.514
FI0009000681,2026-09-18T15:29:58.000Z,9.38
FI0009000681,2026-09-18T17:29:40.000Z,9.257
FI0009000681,2026-09-18T19:29:18.000Z,9.281
FI0009000681,2026-09-21T05:30:23.000Z,9.408
FI0009000681,2026-09-21T07:29:57.000Z,9.424
FI0009000681,2026-09-21T09:29:58.000Z,9.622
FI0009000681,2026-09-21T11:28:39.000Z,9.644
FI0009000681,2026-09-21T13:29:59.000Z,9.615
FI0009000681,2026-09-21T15:29:59.000Z,9.571
FI0009000681,2026-09-21T17:29:54.000Z,9.52
FI0009000681,2026-09-21T19:29:57.000Z,9.555
FI0009000681,2026-09-22T05:30:11.000Z,9.556
FI0009000681,2026-09-22T07:29:59.000Z,9.404
FI0009000681,2026-09-22T09:29:55.000Z,9.472
FI0009000681,2026-09-22T11:29:52.000Z,9.383
FI0009000681,2026-09-22T13:29:59.000Z,9.275
FI0009000681,2026-09-22T15:29:58.000Z,9.287
FI0009000681,2026-09-22T17:29:56.000Z,9.292
FI0009000681,2026-09-22T19:29:58.000Z,9.465
FI0009000681,2026-09-23T05:30:35.000Z,9.419
FI0009000681,2026-09-23T07:29:59.000Z,9.528
FI0009000681,2026-09-23T09:29:49.000Z,9.565
FI0009000681,2026-09-23T11:29:58.000Z,9.514
FI0009000681,2026-09-23T13:29:59.000Z,9.562
FI0009000681,2026-09-23T15:29:59.000Z,9.453
FI0009000681,2026-09-23T17:29:58.000Z,9.384
FI0009000681,2026-09-23T19:29:57.000Z,9.396
FI0009000681,2026-09-24T05:30:55.000Z,9.351
FI0009000681,2026-09-24T07:29:59.000Z,9.21
FI0009000681,2026-09-24T09:29:55.000Z,9.07
FI0009000681,2026-09-24T11:29:38.000Z,9.05
FI0009000681,2026-09-24T13:29:59.000Z,9.016
FI0009000681,2026-09-24T15:29:59.000Z,9.059
FI0009000681,2026-09-24T17:29:55.000Z,9.24
FI0009000681,2026-09-24T19:29:36.000Z,9.3
FI0009000681,2026-09-25T05:30:46.000Z,9.225
FI0009000681,2026-09-25T07:29:55.000Z,9.333
FI0009000681,2026-09-25T09:29:23.000Z,9.413
FI0009000681,2026-09-25T11:29:55.000Z,9.315
FI0009000681,2026-09-25T13:29:59.000Z,9.199
FI0009000681,2026-09-25T15:29:59.000Z,9.136
FI0009000681,2026-09-25T17:27:52.000Z,9.193
FI0009000681,2026-09-25T19:29:58.000Z,9.125
FI0009000681,2026-09-25T20:55:25.409Z,9.183
FI0009000681,2026-09-28T05:30:46.000Z,9.055
FI0009000681,2026-09-28T07:29:59.000Z,9.031
FI0009000681,2026-09-28T09:29:59.000Z,8.985
FI0009000681,2026-09-28T11:29:52.000Z,9.029
FI0009000681,2026-09-28T13:29:59.000Z,9.061
FI0009000681,2026-09-28T15:29:59.000Z,8.828
FI0009000681,2026-09-28T17:29:42.000Z,8.923
FI0009000681,2026-09-28T19:20:12.373Z,8.917
FR0010342592,2026-08-25T05:30:58.000Z,9.2555
FR0010342592,2026-08-25T07:29:59.000Z,9.271
FR0010342592,2026-08-25T09:29:59.000Z,9.31
FR0010342592,2026-08-25T11:29:59.000Z,9.3285
FR0010342592,2026-08-25T13:29:59.000Z,9.295
FR0010342592,2026-08-25T15:29:59.000Z,9.2815
FR0010342592,2026-08-25T17:29:57.000Z,9.245
FR0010342592,2026-08-25T19:29:56.000Z,9.244
FR0010342592,2026-08-26T05:30:58.000Z,9.2715
FR0010342592,2026-08-26T07:29:59.000Z,9.232
FR0010342592,2026-08-26T09:29:59.000Z,9.2365
FR0010342592,2026-08-26T11:29:59.000Z,9.273
FR0010342592,2026-08-26T13:29:59.000Z,9.234
FR0010342592,2026-08-26T15:29:59.000Z,9.284
FR0010342592,2026-08-26T17:29:59.000Z,9.2895
FR0010342592,2026-08-26T19:29:57.000Z,9.335
FR0010342592,2026-08-27T05:30:58.000Z,9.4085
FR0010342592,2026-08-27T07:29:59.000Z,9.4715
FR0010342592,2026-08-27T09:29:58.000Z,9.5095
FR0010342592,2026-08-27T11:29:59.000Z,9.495
FR0010342592,2026-08-27T13:29:59.000Z,9.453
FR0010342592,2026-08-27T15:29:59.000Z,9.491
FR0010342592,2026-08-27T17:29:59.000Z,9.5345
FR0010342592,2026-08-27T19:29:58.000Z,9.5115
FR0010342592,2026-08-28T05:30:57.000Z,9.5285
FR0010342592,2026-08-28T07:29:57.000Z,9.5225
FR0010342592,2026-08-28T09:29:15.000Z,9.525
FR0010342592,2026-08-28T11:29:59.000Z,9.532
FR0010342592,2026-08-28T13:29:59.000Z,9.5475
FR0010342592,2026-08-28T15:29:58.000Z,9.662
FR0010342592,2026-08-28T17:29:59.000Z,9.478
FR0010342592,2026-08-28T19:29:56.000Z,9.495
FR0010342592,2026-08-31T05:30:59.000Z,9.475
FR0010342592,2026-08-31T07:29:59.000Z,9.4955
FR0010342592,2026-08-31T09:29:58.000Z,9.481
FR0010342592,2026-08-31T11:29:46.000Z,9.459
FR0010342592,2026-08-31T13:29:59.000Z,9.4415
FR0010342592,2026-08-31T15:29:59.000Z,9.419
FR0010342592,2026-08-31T17:29:59.000Z,9.408
FR0010342592,2026-08-31T19:29:59.000Z,9.437
FR0010342592,2026-09-01T05:30:58.000Z,9.472
FR0010342592,2026-09-01T07:29:55.000Z,9.515
FR0010342592,2026-09-01T09:29:59.000Z,9.2915
FR0010342592,2026-09-01T11:29:59.000Z,9.2985
FR0010342592,2026-09-01T13:29:55.000Z,9.2445
FR0010342592,2026-09-01T15:29:59.000Z,9.3155
FR0010342592,2026-09-01T17:29:57.000Z,9.258
FR0010342592,2026-09-01T19:29:58.000Z,9.2455
FR0010342592,2026-09-02T05:30:58.000Z,9.237
FR0010342592,2026-09-02T07:29:57.000Z,9.2425
FR0010342592,2026-09-02T09:29:59.000Z,9.1675
FR0010342592,2026-09-02T11:29:59.000Z,9.1945
FR0010342592,2026-09-02T13:29:59.000Z,9.2445
FR0010342592,2026-09-02T15:29:59.000Z,9.294
FR0010342592,2026-09-02T17:29:59.000Z,9.2665
FR0010342592,2026-09-02T19:29:58.000Z,9.281
FR0010342592,2026-09-03T05:30:59.000Z,9.2315
FR0010342592,2026-09-03T07:29:59.000Z,9.2885
FR0010342592,2026-09-03T09:29:59.000Z,9.2805
FR0010342592,2026-09-03T11:29:59.000Z,9.2615
FR0010342592,2026-09-03T13:29:59.000Z,9.3065
FR0010342592,2026-09-03T15:29:58.000Z,9.4845
FR0010342592,2026-09-03T17:29:59.000Z,9.453
FR0010342592,2026-09-03T19:29:59.000Z,9.48
FR0010342592,2026-09-04T05:30:59.000Z,9.534
FR0010342592,2026-09-04T07:29:59.000Z,9.546
FR0010342592,2026-09-04T09:29:57.000Z,9.5465
FR0010342592,2026-09-04T11:29:55.000Z,9.569
FR0010342592,2026-09-04T13:29:59.000Z,9.526
FR0010342592,2026-09-04T15:29:59.000Z,9.4745
FR0010342592,2026-09-04T17:29:59.000Z,9.4825
FR0010342592,2026-09-04T19:29:55.000Z,9.4895
FR0010342592,2026-09-07T05:30:59.000Z,9.552
FR0010342592,2026-09-07T07:29:57.000Z,9.5585
FR0010342592,2026-09-07T09:29:59.000Z,9.5395
FR0010342592,2026-09-07T11:29:59.000Z,9.4945
FR0010342592,2026-09-07T13:29:57.000Z,9.5355
FR0010342592,2026-09-07T15:29:57.000Z,9.5075
FR0010342592,2026-09-07T17:28:03.000Z,9.53
FR0010342592,2026-09-07T19:29:21.000Z,9.5295
FR0010342592,2026-09-08T05:30:59.000Z,9.573
FR0010342592,2026-09-08T07:29:57.000Z,9.5485
FR0010342592,2026-09-08T09:29:59.000Z,9.504
FR0010342592,2026-09-08T11:29:59.000Z,9.5095
FR0010342592,2026-09-08T13:29:59.000Z,9.5445
FR0010342592,2026-09-08T15:29:59.000Z,9.533
FR0010342592,2026-09-08T17:29:59.000Z,9.539
FR0010342592,2026-09-08T19:29:59.000Z,9.5065
FR0010342592,2026-09-09T05:30:58.000Z,9.502
FR0010342592,2026-09-09T07:29:59.000Z,9.5275
FR0010342592,2026-09-09T09:29:55.000Z,9.4795
FR0010342592,2026-09-09T11:29:58.000Z,9.397
FR0010342592,2026-09-09T13:29:59.000Z,9.4235
FR0010342592,2026-09-09T15:29:59.000Z,9.3945
FR0010342592,2026-09-09T17:29:55.000Z,9.421
FR0010342592,2026-09-09T19:29:52.000Z,9.4345
FR0010342592,2026-09-10T05:30:58.000Z,9.4445
FR0010342592,2026-09-10T07:29:59.000Z,9.415
FR0010342592,2026-09-10T09:29:59.000Z,9.3925
FR0010342592,2026-09-10T11:29:59.000Z,9.364
FR0010342592,2026-09-10T13:29:59.000Z,9.221
FR0010342592,2026-09-10T15:29:59.000Z,9.303
FR0010342592,2026-09-10T17:29:59.000Z,9.287
FR0010342592,2026-09-10T19:29:59.000Z,9.263
FR0010342592,2026-09-11T05:30:59.000Z,9.252
FR0010342592,2026-09-11T07:29:58.000Z,9.32
FR0010342592,2026-09-11T09:29:58.000Z,9.352
FR0010342592,2026-09-11T11:29:58.000Z,9.371
FR0010342592,2026-09-11T13:29:59.000Z,9.443
FR0010342592,2026-09-11T15:29:57.000Z,9.4745
FR0010342592,2026-09-11T17:29:45.000Z,9.4655
FR0010342592,2026-09-11T19:29:59.000Z,9.437
FR0010342592,2026-09-14T05:30:57.000Z,9.198
FR0010342592,2026-09-14T07:29:58.000Z,9.1685
FR0010342592,2026-09-14T09:29:59.000Z,9.1165
FR0010342592,2026-09-14T11:29:59.000Z,9.187
FR0010342592,2026-09-14T13:29:59.000Z,9.1525
FR0010342592,2026-09-14T15:29:58.000Z,9.263
FR0010342592,2026-09-14T17:29:59.000Z,9.3755
FR0010342592,2026-09-14T19:29:57.000Z,9.3475
FR0010342592,2026-09-15T05:30:58.000Z,9.243
FR0010342592,2026-09-15T07:29:59.000Z,9.2515
FR0010342592,2026-09-15T09:29:59.000Z,9.199
FR0010342592,2026-09-15T11:29:59.000Z,9.2815
FR0010342592,2026-09-15T13:29:59.000Z,9.289
FR0010342592,2026-09-15T15:29:59.000Z,9.2065
FR0010342592,2026-09-15T17:29:59.000Z,9.19
FR0010342592,2026-09-15T19:29:56.000Z,9.178
FR0010342592,2026-09-16T05:30:57.000Z,9.2235
FR0010342592,2026-09-16T07:29:58.000Z,9.265
FR0010342592,2026-09-16T09:29:53.000Z,9.252
FR0010342592,2026-09-16T11:29:54.000Z,9.2695
FR0010342592,2026-09-16T13:29:59.000Z,9.278
FR0010342592,2026-09-16T15:29:58.000Z,9.349
FR0010342592,2026-09-16T17:29:59.000Z,9.322
FR0010342592,2026-09-16T19:29:59.000Z,9.173
FR0010342592,2026-09-17T05:30:59.000Z,9.361
FR0010342592,2026-09-17T07:29:53.000Z,9.4235
FR0010342592,2026-09-17T09:29:49.000Z,9.4325
FR0010342592,2026-09-17T11:29:59.000Z,9.4485
FR0010342592,2026-09-17T13:29:59.000Z,9.5195
FR0010342592,2026-09-17T15:29:59.000Z,9.5255
FR0010342592,2026-09-17T17:29:44.000Z,9.541
FR0010342592,2026-09-17T19:29:59.000Z,9.544
FR0010342592,2026-09-18T05:30:49.000Z,9.6005
FR0010342592,2026-09-18T07:29:56.000Z,9.6925
FR0010342592,2026-09-18T09:29:58.000Z,9.634
FR0010342592,2026-09-18T11:29:59.000Z,9.6205
FR0010342592,2026-09-18T13:29:59.000Z,9.597
FR0010342592,2026-09-18T15:29:59.000Z,9.5685
FR0010342592,2026-09-18T17:29:58.000Z,9.549
FR0010342592,2026-09-18T19:29:52.000Z,9.602
FR0010342592,2026-09-21T05:30:58.000Z,9.776
FR0010342592,2026-09-21T07:29:52.000Z,9.8155
FR0010342592,2026-09-21T09:29:59.000Z,9.8785
FR0010342592,2026-09-21T11:29:59.000Z,9.8585
FR0010342592,2026-09-21T13:29:59.000Z,9.865
FR0010342592,2026-09-21T15:29:59.000Z,10.101
FR0010342592,2026-09-21T17:29:57.000Z,10.163
FR0010342592,2026-09-21T19:29:57.000Z,10.24
FR0010342592,2026-09-22T05:30:58.000Z,10.229
FR0010342592,2026-09-22T07:29:55.000Z,10.227
FR0010342592,2026-09-22T09:29:58.000Z,10.231
FR0010342592,2026-09-22T11:29:41.000Z,10.238
FR0010342592,2026-09-22T13:29:59.000Z,10.232
FR0010342592,2026-09-22T15:29:58.000Z,10.357
FR0010342592,2026-09-22T17:29:57.000Z,10.379
FR0010342592,2026-09-22T19:29:59.000Z,10.412
FR0010342592,2026-09-23T05:30:58.000Z,10.437
FR0010342592,2026-09-23T07:29:54.000Z,10.451
FR0010342592,2026-09-23T09:29:59.000Z,10.445
FR0010342592,2026-09-23T11:29:59.000Z,10.398
FR0010342592,2026-09-23T13:29:59.000Z,10.421
FR0010342592,2026-09-23T15:29:59.000Z,10.293
FR0010342592,2026-09-23T17:29:57.000Z,10.244
FR0010342592,2026-09-23T19:29:48.000Z,10.282
FR0010342592,2026-09-24T05:30:48.000Z,10.24
FR0010342592,2026-09-24T07:29:57.000Z,10.185
FR0010342592,2026-09-24T09:29:59.000Z,10.093
FR0010342592,2026-09-24T11:29:56.000Z,10.111
FR0010342592,2026-09-24T13:29:59.000Z,10.168
FR0010342592,2026-09-24T15:29:57.000Z,10.146
FR0010342592,2026-09-24T17:29:58.000Z,10.293
FR0010342592,2026-09-24T19:29:56.000Z,10.301
FR0010342592,2026-09-25T05:30:53.000Z,10.332
FR0010342592,2026-09-25T07:29:52.000Z,10.394
FR0010342592,2026-09-25T09:29:59.000Z,10.415
FR0010342592,2026-09-25T11:29:59.000Z,10.423
FR0010342592,2026-09-25T13:29:58.000Z,10.337
FR0010342592,2026-09-25T15:29:58.000Z,10.324
FR0010342592,2026-09-25T17:29:40.000Z,10.396
FR0010342592,2026-09-25T19:29:49.000Z,10.356
FR0010342592,2026-09-25T20:59:58.185Z,10.393
FR0010342592,2026-09-28T05:30:53.000Z,10.228
FR0010342592,2026-09-28T07:29:57.000Z,10.193
FR0010342592,2026-09-28T09:29:59.000Z,10.185
FR0010342592,2026-09-28T11:29:59.000Z,10.227
FR0010342592,2026-09-28T13:29:59.000Z,10.286
FR0010342592,2026-09-28T15:29:59.000Z,10.128
FR0010342592,2026-09-28T17:29:59.000Z,10.208
FR0010342592,2026-09-28T19:20:36.385Z,10.196
IE00B3YCGJ38,2026-08-25T05:30:14.000Z,13.1978
IE00B3YCGJ38,2026-08-25T07:29:59.000Z,13.2065
IE00B3YCGJ38,2026-08-25T09:29:59.000Z,13.2228
IE00B3YCGJ38,2026-08-25T11:29:57.000Z,13.228
IE00B3YCGJ38,2026-08-25T13:29:59.000Z,13.2105
IE00B3YCGJ38,2026-08-25T15:29:59.000Z,13.1978
IE00B3YCGJ38,2026-08-25T17:29:08.000Z,13.1865
IE00B3YCGJ38,2026-08-25T19:29:17.000Z,13.188
IE00B3YCGJ38,2026-08-26T05:30:29.000Z,13.2038
IE00B3YCGJ38,2026-08-26T07:29:56.000Z,13.1945
IE00B3YCGJ38,2026-08-26T09:29:59.000Z,13.2045
IE00B3YCGJ38,2026-08-26T11:29:48.000Z,13.2128
IE00B3YCGJ38,2026-08-26T13:29:59.000Z,13.203
IE00B3YCGJ38,2026-08-26T15:29:58.000Z,13.227
IE00B3YCGJ38,2026-08-26T17:28:03.000Z,13.2252
IE00B3YCGJ38,2026-08-26T19:29:20.000Z,13.2438
IE00B3YCGJ38,2026-08-27T05:30:31.000Z,13.262
IE00B3YCGJ38,2026-08-27T07:29:59.000Z,13.2842
IE00B3YCGJ38,2026-08-27T09:29:47.000Z,13.2962
IE00B3YCGJ38,2026-08-27T11:29:59.000Z,13.2988
IE00B3YCGJ38,2026-08-27T13:29:59.000Z,13.2672
IE00B3YCGJ38,2026-08-27T15:29:59.000Z,13.309
IE00B3YCGJ38,2026-08-27T17:29:16.000Z,13.33
IE00B3YCGJ38,2026-08-27T19:29:58.000Z,13.301
IE00B3YCGJ38,2026-08-28T05:30:39.000Z,13.3178
IE00B3YCGJ38,2026-08-28T07:29:38.000Z,13.3318
IE00B3YCGJ38,2026-08-28T09:29:49.000Z,13.3275
IE00B3YCGJ38,2026-08-28T11:29:58.000Z,13.3275
IE00B3YCGJ38,2026-08-28T13:29:59.000Z,13.3388
IE00B3YCGJ38,2026-08-28T15:29:59.000Z,13.44
IE00B3YCGJ38,2026-08-28T17:29:37.000Z,13.355
IE00B3YCGJ38,2026-08-28T19:29:11.000Z,13.3645
IE00B3YCGJ38,2026-08-31T05:30:39.000Z,13.3335
IE00B3YCGJ38,2026-08-31T07:29:59.000Z,13.3315
IE00B3YCGJ38,2026-08-31T09:29:37.000Z,13.3352
IE00B3YCGJ38,2026-08-31T11:29:58.000Z,13.3252
IE00B3YCGJ38,2026-08-31T13:29:59.000Z,13.3112
IE00B3YCGJ38,2026-08-31T15:29:59.000Z,13.2692
IE00B3YCGJ38,2026-08-31T17:29:41.000Z,13.2595
IE00B3YCGJ38,2026-08-31T19:29:45.000Z,13.28
IE00B3YCGJ38,2026-09-01T05:30:47.000Z,13.2918
IE00B3YCGJ38,2026-09-01T07:29:49.000Z,13.3208
IE00B3YCGJ38,2026-09-01T09:29:51.000Z,13.231
IE00B3YCGJ38,2026-09-01T11:29:53.000Z,13.243
IE00B3YCGJ38,2026-09-01T13:29:59.000Z,13.2282
IE00B3YCGJ38,2026-09-01T15:29:59.000Z,13.2542
IE00B3YCGJ38,2026-09-01T17:29:31.000Z,13.22
IE00B3YCGJ38,2026-09-01T19:29:48.000Z,13.218
IE00B3YCGJ38,2026-09-02T05:30:47.000Z,13.2332
IE00B3YCGJ38,2026-09-02T07:29:50.000Z,13.2438
IE00B3YCGJ38,2026-09-02T09:29:53.000Z,13.212
IE00B3YCGJ38,2026-09-02T11:29:51.000Z,13.2315
IE00B3YCGJ38,2026-09-02T13:29:59.000Z,13.2305
IE00B3YCGJ38,2026-09-02T15:29:59.000Z,13.3008
IE00B3YCGJ38,2026-09-02T17:29:42.000Z,13.2825
IE00B3YCGJ38,2026-09-02T19:29:52.000Z,13.2958
IE00B3YCGJ38,2026-09-03T05:30:53.000Z,13.2558
IE00B3YCGJ38,2026-09-03T07:29:58.000Z,13.2752
IE00B3YCGJ38,2026-09-03T09:29:57.000Z,13.2838
IE00B3YCGJ38,2026-09-03T11:29:49.000Z,13.276
IE00B3YCGJ38,2026-09-03T13:29:59.000Z,13.2985
IE00B3YCGJ38,2026-09-03T15:29:59.000Z,13.3858
IE00B3YCGJ38,2026-09-03T17:29:50.000Z,13.3602
IE00B3YCGJ38,2026-09-03T19:28:39.000Z,13.3855
IE00B3YCGJ38,2026-09-04T05:30:31.000Z,13.3932
IE00B3YCGJ38,2026-09-04T07:29:47.000Z,13.389
IE00B3YCGJ38,2026-09-04T09:29:14.000Z,13.3908
IE00B3YCGJ38,2026-09-04T11:29:50.000Z,13.3952
IE00B3YCGJ38,2026-09-04T13:29:59.000Z,13.3738
IE00B3YCGJ38,2026-09-04T15:29:59.000Z,13.3262
IE00B3YCGJ38,2026-09-04T17:29:42.000Z,13.338
IE00B3YCGJ38,2026-09-04T19:28:52.000Z,13.341
IE00B3YCGJ38,2026-09-07T05:30:58.000Z,13.3368
IE00B3YCGJ38,2026-09-07T07:29:50.000Z,13.3378
IE00B3YCGJ38,2026-09-07T09:29:44.000Z,13.3242
IE00B3YCGJ38,2026-09-07T11:29:52.000Z,13.3068
IE00B3YCGJ38,2026-09-07T13:29:59.000Z,13.318
IE00B3YCGJ38,2026-09-07T15:29:59.000Z,13.2952
IE00B3YCGJ38,2026-09-07T17:28:37.000Z,13.3055
IE00B3YCGJ38,2026-09-07T19:21:10.000Z,13.3068
IE00B3YCGJ38,2026-09-08T05:30:46.000Z,13.3202
IE00B3YCGJ38,2026-09-08T07:29:58.000Z,13.3128
IE00B3YCGJ38,2026-09-08T09:29:55.000Z,13.309
IE00B3YCGJ38,2026-09-08T11:29:40.000Z,13.301
IE00B3YCGJ38,2026-09-08T13:29:59.000Z,13.315
IE00B3YCGJ38,2026-09-08T15:29:59.000Z,13.2872
IE00B3YCGJ38,2026-09-08T17:28:57.000Z,13.2835
IE00B3YCGJ38,2026-09-08T19:29:34.000Z,13.275
IE00B3YCGJ38,2026-09-09T05:30:54.000Z,13.2572
IE00B3YCGJ38,2026-09-09T07:29:55.000Z,13.2638
IE00B3YCGJ38,2026-09-09T09:29:54.000Z,13.2478
IE00B3YCGJ38,2026-09-09T11:29:59.000Z,13.1938
IE00B3YCGJ38,2026-09-09T13:29:59.000Z,13.2008
IE00B3YCGJ38,2026-09-09T15:29:59.000Z,13.1862
IE00B3YCGJ38,2026-09-09T17:29:48.000Z,13.1895
IE00B3YCGJ38,2026-09-09T19:29:28.000Z,13.2062
IE00B3YCGJ38,2026-09-10T05:30:56.000Z,13.216
IE00B3YCGJ38,2026-09-10T07:29:53.000Z,13.2088
IE00B3YCGJ38,2026-09-10T09:29:30.000Z,13.1998
IE00B3YCGJ38,2026-09-10T11:29:55.000Z,13.2008
IE00B3YCGJ38,2026-09-10T13:29:59.000Z,13.1478
IE00B3YCGJ38,2026-09-10T15:29:59.000Z,13.1468
IE00B3YCGJ38,2026-09-10T17:29:09.000Z,13.1342
IE00B3YCGJ38,2026-09-10T19:29:39.000Z,13.129
IE00B3YCGJ38,2026-09-11T05:30:35.000Z,13.1668
IE00B3YCGJ38,2026-09-11T07:29:59.000Z,13.1935
IE00B3YCGJ38,2026-09-11T09:29:57.000Z,13.222
IE00B3YCGJ38,2026-09-11T11:29:59.000Z,13.2298
IE00B3YCGJ38,2026-09-11T13:29:59.000Z,13.2622
IE00B3YCGJ38,2026-09-11T15:29:59.000Z,13.283
IE00B3YCGJ38,2026-09-11T17:29:56.000Z,13.288
IE00B3YCGJ38,2026-09-11T19:29:44.000Z,13.275
IE00B3YCGJ38,2026-09-14T05:30:55.000Z,13.224
IE00B3YCGJ38,2026-09-14T07:29:31.000Z,13.2268
IE00B3YCGJ38,2026-09-14T09:29:59.000Z,13.2205
IE00B3YCGJ38,2026-09-14T11:29:53.000Z,13.2448
IE00B3YCGJ38,2026-09-14T13:29:59.000Z,13.241
IE00B3YCGJ38,2026-09-14T15:29:59.000Z,13.2438
IE00B3YCGJ38,2026-09-14T17:29:33.000Z,13.2775
IE00B3YCGJ38,2026-09-14T19:28:54.000Z,13.268
IE00B3YCGJ38,2026-09-15T05:30:47.000Z,13.23
IE00B3YCGJ38,2026-09-15T07:29:57.000Z,13.223
IE00B3YCGJ38,2026-09-15T09:29:57.000Z,13.2038
IE00B3YCGJ38,2026-09-15T11:29:57.000Z,13.2435
IE00B3YCGJ38,2026-09-15T13:29:59.000Z,13.2522
IE00B3YCGJ38,2026-09-15T15:29:59.000Z,13.2022
IE00B3YCGJ38,2026-09-15T17:28:22.000Z,13.1985
IE00B3YCGJ38,2026-09-15T19:29:11.000Z,13.1998
IE00B3YCGJ38,2026-09-16T05:30:55.000Z,13.2232
IE00B3YCGJ38,2026-09-16T07:29:38.000Z,13.2288
IE00B3YCGJ38,2026-09-16T09:29:57.000Z,13.226
IE00B3YCGJ38,2026-09-16T11:29:57.000Z,13.242
IE00B3YCGJ38,2026-09-16T13:29:59.000Z,13.2495
IE00B3YCGJ38,2026-09-16T15:29:59.000Z,13.2622
IE00B3YCGJ38,2026-09-16T17:29:46.000Z,13.259
IE00B3YCGJ38,2026-09-16T19:29:57.000Z,13.184
IE00B3YCGJ38,2026-09-17T05:30:25.000Z,13.3052
IE00B3YCGJ38,2026-09-17T07:29:42.000Z,13.3338
IE00B3YCGJ38,2026-09-17T09:29:54.000Z,13.3348
IE00B3YCGJ38,2026-09-17T11:29:48.000Z,13.3432
IE00B3YCGJ38,2026-09-17T13:29:59.000Z,13.3692
IE00B3YCGJ38,2026-09-17T15:29:59.000Z,13.353
IE00B3YCGJ38,2026-09-17T17:29:01.000Z,13.363
IE00B3YCGJ38,2026-09-17T19:29:52.000Z,13.3695
IE00B3YCGJ38,2026-09-18T05:30:31.000Z,13.3982
IE00B3YCGJ38,2026-09-18T07:29:51.000Z,13.4258
IE00B3YCGJ38,2026-09-18T09:29:58.000Z,13.3978
IE00B3YCGJ38,2026-09-18T11:29:58.000Z,13.3992
IE00B3YCGJ38,2026-09-18T13:29:59.000Z,13.391
IE00B3YCGJ38,2026-09-18T15:29:59.000Z,13.3685
IE00B3YCGJ38,2026-09-18T17:29:20.000Z,13.3408
IE00B3YCGJ38,2026-09-18T19:29:55.000Z,13.3618
IE00B3YCGJ38,2026-09-21T05:30:36.000Z,13.4442
IE00B3YCGJ38,2026-09-21T07:29:53.000Z,13.4625
IE00B3YCGJ38,2026-09-21T09:29:59.000Z,13.4708
IE00B3YCGJ38,2026-09-21T11:29:59.000Z,13.4675
IE00B3YCGJ38,2026-09-21T13:29:58.000Z,13.4635
IE00B3YCGJ38,2026-09-21T15:29:59.000Z,13.541
IE00B3YCGJ38,2026-09-21T17:29:52.000Z,13.59
IE00B3YCGJ38,2026-09-21T19:29:28.000Z,13.6152
IE00B3YCGJ38,2026-09-22T05:30:31.000Z,13.5992
IE00B3YCGJ38,2026-09-22T07:29:51.000Z,13.62
IE00B3YCGJ38,2026-09-22T09:29:58.000Z,13.6095
IE00B3YCGJ38,2026-09-22T11:29:43.000Z,13.6218
IE00B3YCGJ38,2026-09-22T13:29:59.000Z,13.6318
IE00B3YCGJ38,2026-09-22T15:29:59.000Z,13.6375
IE00B3YCGJ38,2026-09-22T17:28:23.000Z,13.6552
IE00B3YCGJ38,2026-09-22T19:29:23.000Z,13.6545
IE00B3YCGJ38,2026-09-23T05:30:50.000Z,13.6648
IE00B3YCGJ38,2026-09-23T07:29:56.000Z,13.6728
IE00B3YCGJ38,2026-09-23T09:29:59.000Z,13.683
IE00B3YCGJ38,2026-09-23T11:29:54.000Z,13.6685
IE00B3YCGJ38,2026-09-23T13:29:59.000Z,13.6562
IE00B3YCGJ38,2026-09-23T15:29:59.000Z,13.6198
IE00B3YCGJ38,2026-09-23T17:29:08.000Z,13.606
IE00B3YCGJ38,2026-09-23T19:29:50.000Z,13.5995
IE00B3YCGJ38,2026-09-24T05:30:43.000Z,13.5752
IE00B3YCGJ38,2026-09-24T07:29:50.000Z,13.5502
IE00B3YCGJ38,2026-09-24T09:29:59.000Z,13.537
IE00B3YCGJ38,2026-09-24T11:29:48.000Z,13.547
IE00B3YCGJ38,2026-09-24T13:29:59.000Z,13.5712
IE00B3YCGJ38,2026-09-24T15:29:59.000Z,13.5525
IE00B3YCGJ38,2026-09-24T17:29:29.000Z,13.61
IE00B3YCGJ38,2026-09-24T19:29:44.000Z,13.615
IE00B3YCGJ38,2026-09-25T05:30:58.000Z,13.606
IE00B3YCGJ38,2026-09-25T07:29:58.000Z,13.6305
IE00B3YCGJ38,2026-09-25T09:29:32.000Z,13.6348
IE00B3YCGJ38,2026-09-25T11:29:55.000Z,13.6268
IE00B3YCGJ38,2026-09-25T13:29:57.000Z,13.6058
IE00B3YCGJ38,2026-09-25T15:29:59.000Z,13.606
IE00B3YCGJ38,2026-09-25T17:28:41.000Z,13.6595
IE00B3YCGJ38,2026-09-25T19:29:41.000Z,13.6335
IE00B3YCGJ38,2026-09-25T20:59:38.129Z,13.6545
IE00B3YCGJ38,2026-09-28T05:30:23.000Z,13.6138
IE00B3YCGJ38,2026-09-28T07:29:55.000Z,13.6185
IE00B3YCGJ38,2026-09-28T09:29:59.000Z,13.6105
IE00B3YCGJ38,2026-09-28T11:29:54.000Z,13.6208
IE00B3YCGJ38,2026-09-28T13:29:59.000Z,13.6372
IE00B3YCGJ38,2026-09-28T15:29:59.000Z,13.573
IE00B3YCGJ38,2026-09-28T17:29:43.000Z,13.6078
IE00B3YCGJ38,2026-09-28T19:20:06.511Z,13.5972
IE00B4L5Y983,2026-08-25T05:30:59.000Z,126.455
IE00B4L5Y983,2026-08-25T07:29:59.000Z,126.56
IE00B4L5Y983,2026-08-25T09:29:56.000Z,126.7125
IE00B4L5Y983,2026-08-25T11:29:59.000Z,126.7575
IE00B4L5Y983,2026-08-25T13:29:59.000Z,126.6
IE00B4L5Y983,2026-08-25T15:29:58.000Z,126.56
IE00B4L5Y983,2026-08-25T17:29:59.000Z,126.4725
IE00B4L5Y983,2026-08-25T19:29:56.000Z,126.55
IE00B4L5Y983,2026-08-26T05:30:46.000Z,126.6775
IE00B4L5Y983,2026-08-26T07:29:56.000Z,126.53
IE00B4L5Y983,2026-08-26T09:29:59.000Z,126.645
IE00B4L5Y983,2026-08-26T11:29:59.000Z,126.7175
IE00B4L5Y983,2026-08-26T13:29:59.000Z,126.635
IE00B4L5Y983,2026-08-26T15:29:58.000Z,126.7325
IE00B4L5Y983,2026-08-26T17:29:54.000Z,126.6925
IE00B4L5Y983,2026-08-26T19:29:57.000Z,126.92
IE00B4L5Y983,2026-08-27T05:30:57.000Z,127.0625
IE00B4L5Y983,2026-08-27T07:29:59.000Z,127.0875
IE00B4L5Y983,2026-08-27T09:29:59.000Z,127.17
IE00B4L5Y983,2026-08-27T11:29:55.000Z,127.1925
IE00B4L5Y983,2026-08-27T13:29:59.000Z,126.9375
IE00B4L5Y983,2026-08-27T15:29:59.000Z,127.1425
IE00B4L5Y983,2026-08-27T17:29:59.000Z,127.385
IE00B4L5Y983,2026-08-27T19:29:59.000Z,127.0975
IE00B4L5Y983,2026-08-28T05:30:49.000Z,127.22
IE00B4L5Y983,2026-08-28T07:29:57.000Z,127.55
IE00B4L5Y983,2026-08-28T09:29:59.000Z,127.5225
IE00B4L5Y983,2026-08-28T11:29:59.000Z,127.49
IE00B4L5Y983,2026-08-28T13:29:59.000Z,127.6025
IE00B4L5Y983,2026-08-28T15:29:59.000Z,128.27
IE00B4L5Y983,2026-08-28T17:29:55.000Z,127.5475
IE00B4L5Y983,2026-08-28T19:29:56.000Z,127.66
IE00B4L5Y983,2026-08-31T05:30:58.000Z,127.315
IE00B4L5Y983,2026-08-31T07:29:48.000Z,127.5425
IE00B4L5Y983,2026-08-31T09:29:58.000Z,127.52
IE00B4L5Y983,2026-08-31T11:29:59.000Z,127.4725
IE00B4L5Y983,2026-08-31T13:29:59.000Z,127.345
IE00B4L5Y983,2026-08-31T15:29:57.000Z,126.8325
IE00B4L5Y983,2026-08-31T17:29:56.000Z,126.75
IE00B4L5Y983,2026-08-31T19:29:59.000Z,126.92
IE00B4L5Y983,2026-09-01T05:30:59.000Z,127.1125
IE00B4L5Y983,2026-09-01T07:29:50.000Z,127.3175
IE00B4L5Y983,2026-09-01T09:29:59.000Z,126.3675
IE00B4L5Y983,2026-09-01T11:29:51.000Z,126.475
IE00B4L5Y983,2026-09-01T13:29:57.000Z,126.4575
IE00B4L5Y983,2026-09-01T15:29:59.000Z,126.555
IE00B4L5Y983,2026-09-01T17:29:57.000Z,126.225
IE00B4L5Y983,2026-09-01T19:29:59.000Z,126.2125
IE00B4L5Y983,2026-09-02T05:30:57.000Z,126.335
IE00B4L5Y983,2026-09-02T07:29:58.000Z,126.3975
IE00B4L5Y983,2026-09-02T09:29:58.000Z,126.0075
IE00B4L5Y983,2026-09-02T11:29:59.000Z,126.205
IE00B4L5Y983,2026-09-02T13:29:59.000Z,126.31
IE00B4L5Y983,2026-09-02T15:29:58.000Z,126.835
IE00B4L5Y983,2026-09-02T17:29:56.000Z,126.6625
IE00B4L5Y983,2026-09-02T19:29:58.000Z,126.8775
IE00B4L5Y983,2026-09-03T05:30:59.000Z,126.48
IE00B4L5Y983,2026-09-03T07:29:58.000Z,126.8175
IE00B4L5Y983,2026-09-03T09:29:58.000Z,126.92
IE00B4L5Y983,2026-09-03T11:29:54.000Z,126.8825
IE00B4L5Y983,2026-09-03T13:29:59.000Z,127.18
IE00B4L5Y983,2026-09-03T15:29:58.000Z,127.865
IE00B4L5Y983,2026-09-03T17:29:58.000Z,127.6675
IE00B4L5Y983,2026-09-03T19:29:59.000Z,127.915
IE00B4L5Y983,2026-09-04T05:30:54.000Z,127.94
IE00B4L5Y983,2026-09-04T07:29:59.000Z,127.865
IE00B4L5Y983,2026-09-04T09:29:56.000Z,127.82
IE00B4L5Y983,2026-09-04T11:29:57.000Z,127.895
IE00B4L5Y983,2026-09-04T13:29:59.000Z,127.6975
IE00B4L5Y983,2026-09-04T15:29:59.000Z,127.46
IE00B4L5Y983,2026-09-04T17:29:56.000Z,127.595
IE00B4L5Y983,2026-09-04T19:29:55.000Z,127.6125
IE00B4L5Y983,2026-09-07T05:30:59.000Z,127.5575
IE00B4L5Y983,2026-09-07T07:29:54.000Z,127.5325
IE00B4L5Y983,2026-09-07T09:29:27.000Z,127.485
IE00B4L5Y983,2026-09-07T11:29:36.000Z,127.3325
IE00B4L5Y983,2026-09-07T13:29:45.000Z,127.505
IE00B4L5Y983,2026-09-07T15:29:59.000Z,127.2825
IE00B4L5Y983,2026-09-07T17:29:55.000Z,127.3975
IE00B4L5Y983,2026-09-07T19:29:58.000Z,127.4575
IE00B4L5Y983,2026-09-08T05:30:55.000Z,127.5475
IE00B4L5Y983,2026-09-08T07:29:59.000Z,127.3
IE00B4L5Y983,2026-09-08T09:29:59.000Z,127.245
IE00B4L5Y983,2026-09-08T11:29:52.000Z,127.2225
IE00B4L5Y983,2026-09-08T13:29:58.000Z,127.385
IE00B4L5Y983,2026-09-08T15:29:59.000Z,127.14
IE00B4L5Y983,2026-09-08T17:29:38.000Z,127.105
IE00B4L5Y983,2026-09-08T19:29:59.000Z,127.0275
IE00B4L5Y983,2026-09-09T05:30:58.000Z,126.855
IE00B4L5Y983,2026-09-09T07:29:47.000Z,126.9175
IE00B4L5Y983,2026-09-09T09:29:54.000Z,126.665
IE00B4L5Y983,2026-09-09T11:29:51.000Z,126.0725
IE00B4L5Y983,2026-09-09T13:29:59.000Z,126.225
IE00B4L5Y983,2026-09-09T15:29:58.000Z,125.945
IE00B4L5Y983,2026-09-09T17:29:55.000Z,125.99
IE00B4L5Y983,2026-09-09T19:29:54.000Z,126.125
IE00B4L5Y983,2026-09-10T05:30:59.000Z,126.2275
IE00B4L5Y983,2026-09-10T07:29:57.000Z,126.2275
IE00B4L5Y983,2026-09-10T09:29:55.000Z,126.0375
IE00B4L5Y983,2026-09-10T11:29:59.000Z,126.0425
IE00B4L5Y983,2026-09-10T13:29:59.000Z,125.525
IE00B4L5Y983,2026-09-10T15:29:58.000Z,125.44
IE00B4L5Y983,2026-09-10T17:29:59.000Z,125.345
IE00B4L5Y983,2026-09-10T19:29:59.000Z,125.26
IE00B4L5Y983,2026-09-11T05:30:59.000Z,125.5625
IE00B4L5Y983,2026-09-11T07:29:57.000Z,125.8675
IE00B4L5Y983,2026-09-11T09:29:57.000Z,126.0525
IE00B4L5Y983,2026-09-11T11:29:56.000Z,126.2175
IE00B4L5Y983,2026-09-11T13:29:58.000Z,126.6075
IE00B4L5Y983,2026-09-11T15:29:58.000Z,126.635
IE00B4L5Y983,2026-09-11T17:29:46.000Z,126.745
IE00B4L5Y983,2026-09-11T19:29:59.000Z,126.615
IE00B4L5Y983,2026-09-14T05:30:57.000Z,126.1925
IE00B4L5Y983,2026-09-14T07:29:50.000Z,126.2075
IE00B4L5Y983,2026-09-14T09:29:59.000Z,126.0675
IE00B4L5Y983,2026-09-14T11:29:53.000Z,126.285
IE00B4L5Y983,2026-09-14T13:29:58.000Z,126.2675
IE00B4L5Y983,2026-09-14T15:29:59.000Z,126.25
IE00B4L5Y983,2026-09-14T17:29:59.000Z,126.6025
IE00B4L5Y983,2026-09-14T19:29:54.000Z,126.4875
IE00B4L5Y983,2026-09-15T05:30:57.000Z,126.0825
IE00B4L5Y983,2026-09-15T07:29:59.000Z,125.8825
IE00B4L5Y983,2026-09-15T09:29:58.000Z,125.7
IE00B4L5Y983,2026-09-15T11:29:56.000Z,126.1675
IE00B4L5Y983,2026-09-15T13:29:58.000Z,126.235
IE00B4L5Y983,2026-09-15T15:29:59.000Z,125.7875
IE00B4L5Y983,2026-09-15T17:29:58.000Z,125.8
IE00B4L5Y983,2026-09-15T19:29:57.000Z,125.8025
IE00B4L5Y983,2026-09-16T05:30:56.000Z,125.995
IE00B4L5Y983,2026-09-16T07:29:54.000Z,126.14
IE00B4L5Y983,2026-09-16T09:29:59.000Z,126.0725
IE00B4L5Y983,2026-09-16T11:29:57.000Z,126.2925
IE00B4L5Y983,2026-09-16T13:29:59.000Z,126.36
IE00B4L5Y983,2026-09-16T15:29:58.000Z,126.4825
IE00B4L5Y983,2026-09-16T17:29:53.000Z,126.4375
IE00B4L5Y983,2026-09-16T19:29:57.000Z,125.6875
IE00B4L5Y983,2026-09-17T05:30:42.000Z,126.9025
IE00B4L5Y983,2026-09-17T07:29:59.000Z,127.1775
IE00B4L5Y983,2026-09-17T09:29:58.000Z,127.1175
IE00B4L5Y983,2026-09-17T11:29:51.000Z,127.195
IE00B4L5Y983,2026-09-17T13:29:59.000Z,127.495
IE00B4L5Y983,2026-09-17T15:29:59.000Z,127.34
IE00B4L5Y983,2026-09-17T17:29:48.000Z,127.43
IE00B4L5Y983,2026-09-17T19:29:57.000Z,127.4875
IE00B4L5Y983,2026-09-18T05:30:55.000Z,127.7125
IE00B4L5Y983,2026-09-18T07:29:58.000Z,127.7625
IE00B4L5Y983,2026-09-18T09:29:58.000Z,127.49
IE00B4L5Y983,2026-09-18T11:29:58.000Z,127.435
IE00B4L5Y983,2026-09-18T13:29:59.000Z,127.325
IE00B4L5Y983,2026-09-18T15:29:58.000Z,127.045
IE00B4L5Y983,2026-09-18T17:29:52.000Z,126.8225
IE00B4L5Y983,2026-09-18T19:29:59.000Z,127.0075
IE00B4L5Y983,2026-09-21T05:30:59.000Z,127.705
IE00B4L5Y983,2026-09-21T07:29:59.000Z,127.96
IE00B4L5Y983,2026-09-21T09:29:56.000Z,128.0875
IE00B4L5Y983,2026-09-21T11:29:57.000Z,128.1
IE00B4L5Y983,2026-09-21T13:29:52.000Z,128.0725
IE00B4L5Y983,2026-09-21T15:29:59.000Z,128.5725
IE00B4L5Y983,2026-09-21T17:29:57.000Z,128.96
IE00B4L5Y983,2026-09-21T19:29:49.000Z,129.1925
IE00B4L5Y983,2026-09-22T05:30:53.000Z,128.9925
IE00B4L5Y983,2026-09-22T07:29:51.000Z,129.155
IE00B4L5Y983,2026-09-22T09:29:58.000Z,129.1625
IE00B4L5Y983,2026-09-22T11:29:59.000Z,129.31
IE00B4L5Y983,2026-09-22T13:29:45.000Z,129.42
IE00B4L5Y983,2026-09-22T15:29:57.000Z,129.4175
IE00B4L5Y983,2026-09-22T17:29:56.000Z,129.5225
IE00B4L5Y983,2026-09-22T19:29:51.000Z,129.5325
IE00B4L5Y983,2026-09-23T05:30:53.000Z,129.71
IE00B4L5Y983,2026-09-23T07:29:58.000Z,129.7175
IE00B4L5Y983,2026-09-23T09:29:57.000Z,129.71
IE00B4L5Y983,2026-09-23T11:29:58.000Z,129.4675
IE00B4L5Y983,2026-09-23T13:29:56.000Z,129.4425
IE00B4L5Y983,2026-09-23T15:29:59.000Z,129.0925
IE00B4L5Y983,2026-09-23T17:29:59.000Z,128.945
IE00B4L5Y983,2026-09-23T19:29:57.000Z,128.905
IE00B4L5Y983,2026-09-24T05:30:42.000Z,128.6975
IE00B4L5Y983,2026-09-24T07:29:53.000Z,128.4775
IE00B4L5Y983,2026-09-24T09:29:58.000Z,128.2525
IE00B4L5Y983,2026-09-24T11:29:58.000Z,128.365
IE00B4L5Y983,2026-09-24T13:29:58.000Z,128.63
IE00B4L5Y983,2026-09-24T15:29:59.000Z,128.34
IE00B4L5Y983,2026-09-24T17:29:59.000Z,128.9325
IE00B4L5Y983,2026-09-24T19:29:59.000Z,128.9675
IE00B4L5Y983,2026-09-25T05:30:58.000Z,128.97
IE00B4L5Y983,2026-09-25T07:29:54.000Z,129.17
IE00B4L5Y983,2026-09-25T09:29:58.000Z,129.235
IE00B4L5Y983,2026-09-25T11:29:57.000Z,129.1375
IE00B4L5Y983,2026-09-25T13:29:59.000Z,128.97
IE00B4L5Y983,2026-09-25T15:29:59.000Z,128.865
IE00B4L5Y983,2026-09-25T17:29:56.000Z,129.3775
IE00B4L5Y983,2026-09-25T19:29:54.000Z,129.1525
IE00B4L5Y983,2026-09-25T20:59:57.963Z,129.3925
IE00B4L5Y983,2026-09-28T05:30:51.000Z,128.92
IE00B4L5Y983,2026-09-28T07:29:58.000Z,128.9975
IE00B4L5Y983,2026-09-28T09:29:59.000Z,128.8825
IE00B4L5Y983,2026-09-28T11:29:59.000Z,128.9925
IE00B4L5Y983,2026-09-28T13:29:55.000Z,129.1325
IE00B4L5Y983,2026-09-28T15:29:59.000Z,128.585
IE00B4L5Y983,2026-09-28T17:29:56.000Z,128.905
IE00B4L5Y983,2026-09-28T19:20:42.017Z,128.835
IE00B4ND3602,2026-08-25T05:30:39.000Z,77.3125
IE00B4ND3602,2026-08-25T07:29:54.000Z,77.11
IE00B4ND3602,2026-08-25T09:29:47.000Z,76.9125
IE00B4ND3602,2026-08-25T11:29:28.000Z,77.1925
IE00B4ND3602,2026-08-25T13:29:59.000Z,76.605
IE00B4ND3602,2026-08-25T15:29:59.000Z,77.12
IE00B4ND3602,2026-08-25T17:29:04.000Z,77.1175
IE00B4ND3602,2026-08-25T19:28:43.000Z,77.495
IE00B4ND3602,2026-08-26T05:30:59.000Z,77.3875
IE00B4ND3602,2026-08-26T07:29:58.000Z,76.98
IE00B4ND3602,2026-08-26T09:29:42.000Z,76.775
IE00B4ND3602,2026-08-26T11:29:05.000Z,76.8475
IE00B4ND3602,2026-08-26T13:29:59.000Z,76.725
IE00B4ND3602,2026-08-26T15:29:58.000Z,76.4875
IE00B4ND3602,2026-08-26T17:27:12.000Z,76.535
IE00B4ND3602,2026-08-26T19:29:47.000Z,76.555
IE00B4ND3602,2026-08-27T05:30:52.000Z,76.8275
IE00B4ND3602,2026-08-27T07:29:58.000Z,76.5625
IE00B4ND3602,2026-08-27T09:29:59.000Z,76.5675
IE00B4ND3602,2026-08-27T11:29:34.000Z,76.555
IE00B4ND3602,2026-08-27T13:29:59.000Z,76.355
IE00B4ND3602,2026-08-27T15:29:59.000Z,76.465
IE00B4ND3602,2026-08-27T17:29:41.000Z,76.7075
IE00B4ND3602,2026-08-27T19:29:17.000Z,76.675
IE00B4ND3602,2026-08-28T05:30:52.000Z,76.2725
IE00B4ND3602,2026-08-28T07:29:57.000Z,76.755
IE00B4ND3602,2026-08-28T09:29:58.000Z,76.665
IE00B4ND3602,2026-08-28T11:29:58.000Z,76.59
IE00B4ND3602,2026-08-28T13:29:59.000Z,76.69
IE00B4ND3602,2026-08-28T15:29:59.000Z,76.325
IE00B4ND3602,2026-08-28T17:29:54.000Z,74.94
IE00B4ND3602,2026-08-28T19:29:41.000Z,74.63
IE00B4ND3602,2026-08-31T05:30:52.000Z,74.2175
IE00B4ND3602,2026-08-31T07:29:57.000Z,74.3475
IE00B4ND3602,2026-08-31T09:29:59.000Z,74.2425
IE00B4ND3602,2026-08-31T11:29:57.000Z,74.615
IE00B4ND3602,2026-08-31T13:29:59.000Z,74.34
IE00B4ND3602,2026-08-31T15:29:59.000Z,74.02
IE00B4ND3602,2026-08-31T17:29:57.000Z,74.04
IE00B4ND3602,2026-08-31T19:29:56.000Z,74.155
IE00B4ND3602,2026-09-01T05:30:50.000Z,74.0875
IE00B4ND3602,2026-09-01T07:29:54.000Z,74.025
IE00B4ND3602,2026-09-01T09:29:59.000Z,73.1525
IE00B4ND3602,2026-09-01T11:29:58.000Z,73.2825
IE00B4ND3602,2026-09-01T13:29:59.000Z,72.6625
IE00B4ND3602,2026-09-01T15:29:59.000Z,73.0375
IE00B4ND3602,2026-09-01T17:29:42.000Z,72.7975
IE00B4ND3602,2026-09-01T19:29:56.000Z,72.555
IE00B4ND3602,2026-09-02T05:30:59.000Z,72.38
IE00B4ND3602,2026-09-02T07:29:44.000Z,72.5125
IE00B4ND3602,2026-09-02T09:29:59.000Z,72.2025
IE00B4ND3602,2026-09-02T11:29:59.000Z,72.4225
IE00B4ND3602,2026-09-02T13:29:59.000Z,72.9
IE00B4ND3602,2026-09-02T15:29:58.000Z,73.15
IE00B4ND3602,2026-09-02T17:29:57.000Z,73.1175
IE00B4ND3602,2026-09-02T19:29:56.000Z,73.3025
IE00B4ND3602,2026-09-03T05:30:50.000Z,74.045
IE00B4ND3602,2026-09-03T07:29:57.000Z,73.9825
IE00B4ND3602,2026-09-03T09:29:59.000Z,74.135
IE00B4ND3602,2026-09-03T11:29:59.000Z,74.0775
IE00B4ND3602,2026-09-03T13:29:59.000Z,74.755
IE00B4ND3602,2026-09-03T15:29:57.000Z,75.195
IE00B4ND3602,2026-09-03T17:29:41.000Z,74.9525
IE00B4ND3602,2026-09-03T19:29:34.000Z,74.7075
IE00B4ND3602,2026-09-04T05:30:48.000Z,74.6275
IE00B4ND3602,2026-09-04T07:29:55.000Z,74.605
IE00B4ND3602,2026-09-04T09:29:59.000Z,74.545
IE00B4ND3602,2026-09-04T11:29:59.000Z,74.5325
IE00B4ND3602,2026-09-04T13:29:59.000Z,73.6825
IE00B4ND3602,2026-09-04T15:29:59.000Z,74.1175
IE00B4ND3602,2026-09-04T17:29:44.000Z,74.0075
IE00B4ND3602,2026-09-04T19:28:09.000Z,74.045
IE00B4ND3602,2026-09-07T05:30:44.000Z,73.67
IE00B4ND3602,2026-09-07T07:29:58.000Z,73.385
IE00B4ND3602,2026-09-07T09:29:58.000Z,73.5175
IE00B4ND3602,2026-09-07T11:29:56.000Z,73.245
IE00B4ND3602,2026-09-07T13:29:59.000Z,73.4825
IE00B4ND3602,2026-09-07T15:29:57.000Z,73.595
IE00B4ND3602,2026-09-07T17:26:32.000Z,73.665
IE00B4ND3602,2026-09-07T19:28:57.000Z,73.605
IE00B4ND3602,2026-09-08T05:30:36.000Z,73.8775
IE00B4ND3602,2026-09-08T07:29:56.000Z,73.505
IE00B4ND3602,2026-09-08T09:29:56.000Z,73.38
IE00B4ND3602,2026-09-08T11:29:54.000Z,73.5025
IE00B4ND3602,2026-09-08T13:29:55.000Z,73.435
IE00B4ND3602,2026-09-08T15:29:59.000Z,73.3625
IE00B4ND3602,2026-09-08T17:28:28.000Z,73.3175
IE00B4ND3602,2026-09-08T19:27:34.000Z,72.895
IE00B4ND3602,2026-09-09T05:30:34.000Z,73.1475
IE00B4ND3602,2026-09-09T07:29:48.000Z,73.4525
IE00B4ND3602,2026-09-09T09:29:47.000Z,73.3325
IE00B4ND3602,2026-09-09T11:29:59.000Z,73.4025
IE00B4ND3602,2026-09-09T13:29:59.000Z,73.7575
IE00B4ND3602,2026-09-09T15:29:59.000Z,73.315
IE00B4ND3602,2026-09-09T17:29:26.000Z,73.5775
IE00B4ND3602,2026-09-09T19:29:20.000Z,73.3725
IE00B4ND3602,2026-09-10T05:30:49.000Z,73.66
IE00B4ND3602,2026-09-10T07:29:54.000Z,73.4725
IE00B4ND3602,2026-09-10T09:29:51.000Z,73.2175
IE00B4ND3602,2026-09-10T11:29:59.000Z,73.19
IE00B4ND3602,2026-09-10T13:29:59.000Z,72.835
IE00B4ND3602,2026-09-10T15:29:59.000Z,72.835
IE00B4ND3602,2026-09-10T17:29:03.000Z,72.8075
IE00B4ND3602,2026-09-10T19:29:22.000Z,72.2325
IE00B4ND3602,2026-09-11T05:30:57.000Z,72.475
IE00B4ND3602,2026-09-11T07:29:59.000Z,72.6325
IE00B4ND3602,2026-09-11T09:29:59.000Z,72.63
IE00B4ND3602,2026-09-11T11:29:34.000Z,72.55
IE00B4ND3602,2026-09-11T13:29:59.000Z,73.3775
IE00B4ND3602,2026-09-11T15:29:59.000Z,73.0475
IE00B4ND3602,2026-09-11T17:29:36.000Z,72.9725
IE00B4ND3602,2026-09-11T19:29:59.000Z,72.71
IE00B4ND3602,2026-09-14T05:30:57.000Z,72.75
IE00B4ND3602,2026-09-14T07:29:59.000Z,72.4525
IE00B4ND3602,2026-09-14T09:29:55.000Z,72.045
IE00B4ND3602,2026-09-14T11:29:32.000Z,72.1525
IE00B4ND3602,2026-09-14T13:29:59.000Z,71.8525
IE00B4ND3602,2026-09-14T15:29:58.000Z,71.98
IE00B4ND3602,2026-09-14T17:29:53.000Z,72.4425
IE00B4ND3602,2026-09-14T19:29:56.000Z,72.2075
IE00B4ND3602,2026-09-15T05:30:59.000Z,72.25
IE00B4ND3602,2026-09-15T07:29:52.000Z,72.1375
IE00B4ND3602,2026-09-15T09:29:58.000Z,71.75
IE00B4ND3602,2026-09-15T11:29:55.000Z,71.98
IE00B4ND3602,2026-09-15T13:29:56.000Z,72.04
IE00B4ND3602,2026-09-15T15:29:59.000Z,71.965
IE00B4ND3602,2026-09-15T17:29:31.000Z,72.185
IE00B4ND3602,2026-09-15T19:28:47.000Z,72.3075
IE00B4ND3602,2026-09-16T05:30:52.000Z,72.6725
IE00B4ND3602,2026-09-16T07:29:57.000Z,72.8075
IE00B4ND3602,2026-09-16T09:29:57.000Z,72.7675
IE00B4ND3602,2026-09-16T11:29:56.000Z,73.135
IE00B4ND3602,2026-09-16T13:29:59.000Z,73.175
IE00B4ND3602,2026-09-16T15:29:56.000Z,73.035
IE00B4ND3602,2026-09-16T17:27:53.000Z,73.0525
IE00B4ND3602,2026-09-16T19:29:58.000Z,71.8825
IE00B4ND3602,2026-09-17T05:30:57.000Z,72.63
IE00B4ND3602,2026-09-17T07:29:58.000Z,73.1475
IE00B4ND3602,2026-09-17T09:29:52.000Z,72.79
IE00B4ND3602,2026-09-17T11:29:58.000Z,73.1825
IE00B4ND3602,2026-09-17T13:29:59.000Z,73.72
IE00B4ND3602,2026-09-17T15:29:59.000Z,73.6275
IE00B4ND3602,2026-09-17T17:29:04.000Z,73.755
IE00B4ND3602,2026-09-17T19:29:59.000Z,73.4775
IE00B4ND3602,2026-09-18T05:30:57.000Z,73.7525
IE00B4ND3602,2026-09-18T07:29:55.000Z,74.27
IE00B4ND3602,2026-09-18T09:29:50.000Z,74.1225
IE00B4ND3602,2026-09-18T11:29:59.000Z,74.0675
IE00B4ND3602,2026-09-18T13:29:59.000Z,73.8625
IE00B4ND3602,2026-09-18T15:29:59.000Z,73.6825
IE00B4ND3602,2026-09-18T17:29:57.000Z,74.185
IE00B4ND3602,2026-09-18T19:28:49.000Z,74.0675
IE00B4ND3602,2026-09-21T05:30:51.000Z,73.7475
IE00B4ND3602,2026-09-21T07:29:44.000Z,73.5275
IE00B4ND3602,2026-09-21T09:29:59.000Z,73.4525
IE00B4ND3602,2026-09-21T11:29:50.000Z,73.5275
IE00B4ND3602,2026-09-21T13:29:59.000Z,73.725
IE00B4ND3602,2026-09-21T15:29:59.000Z,73.58
IE00B4ND3602,2026-09-21T17:29:53.000Z,73.4525
IE00B4ND3602,2026-09-21T19:29:57.000Z,73.525
IE00B4ND3602,2026-09-22T05:30:56.000Z,73.1175
IE00B4ND3602,2026-09-22T07:29:58.000Z,73.035
IE00B4ND3602,2026-09-22T09:29:53.000Z,73.0425
IE00B4ND3602,2026-09-22T11:29:59.000Z,73.0675
IE00B4ND3602,2026-09-22T13:29:59.000Z,73.34
IE00B4ND3602,2026-09-22T15:29:59.000Z,73.4425
IE00B4ND3602,2026-09-22T17:29:50.000Z,73.5925
IE00B4ND3602,2026-09-22T19:29:58.000Z,73.87
IE00B4ND3602,2026-09-23T05:30:45.000Z,73.6725
IE00B4ND3602,2026-09-23T07:29:59.000Z,73.41
IE00B4ND3602,2026-09-23T09:29:53.000Z,73.355
IE00B4ND3602,2026-09-23T11:29:59.000Z,73.19
IE00B4ND3602,2026-09-23T13:29:59.000Z,73.2725
IE00B4ND3602,2026-09-23T15:29:59.000Z,72.9225
IE00B4ND3602,2026-09-23T17:29:44.000Z,72.98
IE00B4ND3602,2026-09-23T19:29:16.000Z,72.9975
IE00B4ND3602,2026-09-24T05:30:59.000Z,73.0825
IE00B4ND3602,2026-09-24T07:29:55.000Z,72.95
IE00B4ND3602,2026-09-24T09:29:56.000Z,72.56
IE00B4ND3602,2026-09-24T11:29:59.000Z,72.7
IE00B4ND3602,2026-09-24T13:29:59.000Z,73.0125
IE00B4ND3602,2026-09-24T15:29:59.000Z,72.515
IE00B4ND3602,2026-09-24T17:29:34.000Z,72.6925
IE00B4ND3602,2026-09-24T19:29:33.000Z,72.8825
IE00B4ND3602,2026-09-25T05:30:50.000Z,72.7475
IE00B4ND3602,2026-09-25T07:29:58.000Z,72.835
IE00B4ND3602,2026-09-25T09:29:59.000Z,73.08
IE00B4ND3602,2026-09-25T11:29:58.000Z,73.2025
IE00B4ND3602,2026-09-25T13:29:59.000Z,72.795
IE00B4ND3602,2026-09-25T15:29:58.000Z,72.835
IE00B4ND3602,2026-09-25T17:29:56.000Z,72.9675
IE00B4ND3602,2026-09-25T19:29:32.000Z,73.01
IE00B4ND3602,2026-09-25T20:59:35.260Z,72.9125
IE00B4ND3602,2026-09-28T05:30:52.000Z,71.38
IE00B4ND3602,2026-09-28T07:29:53.000Z,70.8975
IE00B4ND3602,2026-09-28T09:29:49.000Z,70.6725
IE00B4ND3602,2026-09-28T11:29:57.000Z,70.855
IE00B4ND3602,2026-09-28T13:29:59.000Z,70.68
IE00B4ND3602,2026-09-28T15:29:59.000Z,70.355
IE00B4ND3602,2026-09-28T17:29:49.000Z,70.5975
IE00B4ND3602,2026-09-28T19:20:41.787Z,70.61
IE00B53SZB19,2026-08-25T05:30:57.000Z,1436.4
IE00B53SZB19,2026-08-25T07:29:58.000Z,1437.5
IE00B53SZB19,2026-08-25T09:29:53.000Z,1440.1
IE00B53SZB19,2026-08-25T11:29:59.000Z,1441.7
IE00B53SZB19,2026-08-25T13:29:59.000Z,1438.6
IE00B53SZB19,2026-08-25T15:29:59.000Z,1437.9
IE00B53SZB19,2026-08-25T17:29:26.000Z,1435
IE00B53SZB19,2026-08-25T19:29:58.000Z,1434.8
IE00B53SZB19,2026-08-26T05:30:54.000Z,1437.4
IE00B53SZB19,2026-08-26T07:29:57.000Z,1434.1
IE00B53SZB19,2026-08-26T09:29:59.000Z,1434.6
IE00B53SZB19,2026-08-26T11:29:49.000Z,1437.5
IE00B53SZB19,2026-08-26T13:29:59.000Z,1434.3
IE00B53SZB19,2026-08-26T15:29:58.000Z,1439.1
IE00B53SZB19,2026-08-26T17:29:59.000Z,1439.2
IE00B53SZB19,2026-08-26T19:29:47.000Z,1443.1
IE00B53SZB19,2026-08-27T05:30:58.000Z,1448.4
IE00B53SZB19,2026-08-27T07:29:59.000Z,1453.9
IE00B53SZB19,2026-08-27T09:29:53.000Z,1457.1
IE00B53SZB19,2026-08-27T11:29:55.000Z,1456.4
IE00B53SZB19,2026-08-27T13:29:59.000Z,1452
IE00B53SZB19,2026-08-27T15:29:59.000Z,1455.6
IE00B53SZB19,2026-08-27T17:29:56.000Z,1458.6
IE00B53SZB19,2026-08-27T19:29:54.000Z,1457
IE00B53SZB19,2026-08-28T05:30:32.000Z,1458.3
IE00B53SZB19,2026-08-28T07:29:46.000Z,1458.5
IE00B53SZB19,2026-08-28T09:29:59.000Z,1458.5
IE00B53SZB19,2026-08-28T11:29:58.000Z,1459.1
IE00B53SZB19,2026-08-28T13:29:59.000Z,1459.2
IE00B53SZB19,2026-08-28T15:29:57.000Z,1471.6
IE00B53SZB19,2026-08-28T17:29:52.000Z,1458.5
IE00B53SZB19,2026-08-28T19:29:56.000Z,1459.8
IE00B53SZB19,2026-08-31T05:30:57.000Z,1458.1
IE00B53SZB19,2026-08-31T07:29:58.000Z,1459.6
IE00B53SZB19,2026-08-31T09:29:59.000Z,1458.1
IE00B53SZB19,2026-08-31T11:29:59.000Z,1456.3
IE00B53SZB19,2026-08-31T13:29:59.000Z,1455.4
IE00B53SZB19,2026-08-31T15:29:59.000Z,1452.3
IE00B53SZB19,2026-08-31T17:29:59.000Z,1451.2
IE00B53SZB19,2026-08-31T19:29:59.000Z,1453.6
IE00B53SZB19,2026-09-01T05:30:49.000Z,1457
IE00B53SZB19,2026-09-01T07:29:50.000Z,1461.1
IE00B53SZB19,2026-09-01T09:29:51.000Z,1444
IE00B53SZB19,2026-09-01T11:29:40.000Z,1444.7
IE00B53SZB19,2026-09-01T13:29:59.000Z,1440.2
IE00B53SZB19,2026-09-01T15:29:56.000Z,1446.1
IE00B53SZB19,2026-09-01T17:29:55.000Z,1441.1
IE00B53SZB19,2026-09-01T19:29:57.000Z,1441.1
IE00B53SZB19,2026-09-02T05:30:57.000Z,1440.9
IE00B53SZB19,2026-09-02T07:29:57.000Z,1441.9
IE00B53SZB19,2026-09-02T09:29:52.000Z,1435.9
IE00B53SZB19,2026-09-02T11:29:57.000Z,1438.1
IE00B53SZB19,2026-09-02T13:29:59.000Z,1439.2
IE00B53SZB19,2026-09-02T15:29:59.000Z,1444.8
IE00B53SZB19,2026-09-02T17:29:59.000Z,1443
IE00B53SZB19,2026-09-02T19:29:53.000Z,1444.2
IE00B53SZB19,2026-09-03T05:30:59.000Z,1439.6
IE00B53SZB19,2026-09-03T07:29:59.000Z,1443.9
IE00B53SZB19,2026-09-03T09:29:51.000Z,1443.4
IE00B53SZB19,2026-09-03T11:29:59.000Z,1441.4
IE00B53SZB19,2026-09-03T13:29:59.000Z,1443.9
IE00B53SZB19,2026-09-03T15:29:59.000Z,1458
IE00B53SZB19,2026-09-03T17:29:31.000Z,1454.6
IE00B53SZB19,2026-09-03T19:29:38.000Z,1457.4
IE00B53SZB19,2026-09-04T05:30:55.000Z,1461.4
IE00B53SZB19,2026-09-04T07:29:44.000Z,1462.4
IE00B53SZB19,2026-09-04T09:29:25.000Z,1462.6
IE00B53SZB19,2026-09-04T11:29:58.000Z,1464.5
IE00B53SZB19,2026-09-04T13:29:59.000Z,1461.6
IE00B53SZB19,2026-09-04T15:29:57.000Z,1457.3
IE00B53SZB19,2026-09-04T17:29:36.000Z,1458
IE00B53SZB19,2026-09-04T19:29:23.000Z,1458.8
IE00B53SZB19,2026-09-07T05:30:29.000Z,1463.8
IE00B53SZB19,2026-09-07T07:29:52.000Z,1464.3
IE00B53SZB19,2026-09-07T09:29:08.000Z,1462.5
IE00B53SZB19,2026-09-07T11:29:43.000Z,1458.8
IE00B53SZB19,2026-09-07T13:29:59.000Z,1462
IE00B53SZB19,2026-09-07T15:29:53.000Z,1459.7
IE00B53SZB19,2026-09-07T19:27:41.000Z,1461.5
IE00B53SZB19,2026-09-08T05:30:59.000Z,1465
IE00B53SZB19,2026-09-08T07:29:57.000Z,1463.9
IE00B53SZB19,2026-09-08T09:29:55.000Z,1460.5
IE00B53SZB19,2026-09-08T11:29:55.000Z,1460.7
IE00B53SZB19,2026-09-08T13:29:59.000Z,1463.8
IE00B53SZB19,2026-09-08T15:29:59.000Z,1461.4
IE00B53SZB19,2026-09-08T17:29:58.000Z,1462
IE00B53SZB19,2026-09-08T19:29:56.000Z,1459.6
IE00B53SZB19,2026-09-09T05:30:58.000Z,1459
IE00B53SZB19,2026-09-09T07:29:36.000Z,1460.4
IE00B53SZB19,2026-09-09T09:29:59.000Z,1457.1
IE00B53SZB19,2026-09-09T11:29:59.000Z,1449.8
IE00B53SZB19,2026-09-09T13:29:59.000Z,1451.6
IE00B53SZB19,2026-09-09T15:29:57.000Z,1451.2
IE00B53SZB19,2026-09-09T17:29:57.000Z,1452.3
IE00B53SZB19,2026-09-09T19:29:56.000Z,1454
IE00B53SZB19,2026-09-10T05:30:56.000Z,1454.4
IE00B53SZB19,2026-09-10T07:29:59.000Z,1452.1
IE00B53SZB19,2026-09-10T09:29:55.000Z,1450.4
IE00B53SZB19,2026-09-10T11:29:57.000Z,1449.3
IE00B53SZB19,2026-09-10T13:29:59.000Z,1439.3
IE00B53SZB19,2026-09-10T15:29:59.000Z,1444.2
IE00B53SZB19,2026-09-10T17:29:53.000Z,1443.2
IE00B53SZB19,2026-09-10T19:29:59.000Z,1441.7
IE00B53SZB19,2026-09-11T05:30:56.000Z,1441.4
IE00B53SZB19,2026-09-11T07:29:58.000Z,1446.5
IE00B53SZB19,2026-09-11T09:29:59.000Z,1450.9
IE00B53SZB19,2026-09-11T11:29:59.000Z,1451.7
IE00B53SZB19,2026-09-11T13:29:59.000Z,1455.8
IE00B53SZB19,2026-09-11T15:29:57.000Z,1458.9
IE00B53SZB19,2026-09-11T17:29:59.000Z,1458.5
IE00B53SZB19,2026-09-11T19:29:55.000Z,1456.4
IE00B53SZB19,2026-09-14T05:30:54.000Z,1439.9
IE00B53SZB19,2026-09-14T07:29:57.000Z,1438.8
IE00B53SZB19,2026-09-14T09:29:58.000Z,1435.4
IE00B53SZB19,2026-09-14T11:29:52.000Z,1440.6
IE00B53SZB19,2026-09-14T13:29:59.000Z,1439.5
IE00B53SZB19,2026-09-14T15:29:59.000Z,1446.8
IE00B53SZB19,2026-09-14T17:29:59.000Z,1454.7
IE00B53SZB19,2026-09-14T19:29:59.000Z,1452.7
IE00B53SZB19,2026-09-15T05:30:58.000Z,1445.9
IE00B53SZB19,2026-09-15T07:29:59.000Z,1446.3
IE00B53SZB19,2026-09-15T09:29:55.000Z,1442.5
IE00B53SZB19,2026-09-15T11:29:58.000Z,1448.5
IE00B53SZB19,2026-09-15T13:29:59.000Z,1449.1
IE00B53SZB19,2026-09-15T15:29:59.000Z,1442.6
IE00B53SZB19,2026-09-15T17:29:56.000Z,1441.8
IE00B53SZB19,2026-09-15T19:29:57.000Z,1440.6
IE00B53SZB19,2026-09-16T05:30:45.000Z,1443.7
IE00B53SZB19,2026-09-16T07:29:55.000Z,1446.8
IE00B53SZB19,2026-09-16T09:29:56.000Z,1446.4
IE00B53SZB19,2026-09-16T11:29:59.000Z,1447.8
IE00B53SZB19,2026-09-16T13:29:58.000Z,1448.7
IE00B53SZB19,2026-09-16T15:29:57.000Z,1454.2
IE00B53SZB19,2026-09-16T17:29:59.000Z,1452.2
IE00B53SZB19,2026-09-16T19:29:58.000Z,1444.9
IE00B53SZB19,2026-09-17T05:30:58.000Z,1459.1
IE00B53SZB19,2026-09-17T07:29:57.000Z,1464.1
IE00B53SZB19,2026-09-17T09:29:42.000Z,1465
IE00B53SZB19,2026-09-17T11:29:52.000Z,1466.5
IE00B53SZB19,2026-09-17T13:29:59.000Z,1471.3
IE00B53SZB19,2026-09-17T15:29:58.000Z,1472.1
IE00B53SZB19,2026-09-17T17:29:48.000Z,1473.5
IE00B53SZB19,2026-09-17T19:29:59.000Z,1473.5
IE00B53SZB19,2026-09-18T05:30:43.000Z,1477.7
IE00B53SZB19,2026-09-18T07:29:57.000Z,1485
IE00B53SZB19,2026-09-18T09:29:57.000Z,1480.1
IE00B53SZB19,2026-09-18T11:29:59.000Z,1480.2
IE00B53SZB19,2026-09-18T13:29:59.000Z,1479.1
IE00B53SZB19,2026-09-18T15:29:57.000Z,1476.3
IE00B53SZB19,2026-09-18T17:29:45.000Z,1473.6
IE00B53SZB19,2026-09-18T19:29:52.000Z,1477.7
IE00B53SZB19,2026-09-21T05:30:55.000Z,1491.7
IE00B53SZB19,2026-09-21T07:29:59.000Z,1494.9
IE00B53SZB19,2026-09-21T09:29:58.000Z,1499.6
IE00B53SZB19,2026-09-21T11:29:57.000Z,1497.5
IE00B53SZB19,2026-09-21T13:29:59.000Z,1497.8
IE00B53SZB19,2026-09-21T15:29:56.000Z,1517.3
IE00B53SZB19,2026-09-21T17:29:56.000Z,1522
IE00B53SZB19,2026-09-21T19:29:59.000Z,1528.1
IE00B53SZB19,2026-09-22T05:30:58.000Z,1526.3
IE00B53SZB19,2026-09-22T07:29:51.000Z,1527.6
IE00B53SZB19,2026-09-22T09:29:56.000Z,1528
IE00B53SZB19,2026-09-22T11:29:58.000Z,1528
IE00B53SZB19,2026-09-22T13:29:59.000Z,1528.2
IE00B53SZB19,2026-09-22T15:29:56.000Z,1538.4
IE00B53SZB19,2026-09-22T17:29:44.000Z,1540.5
IE00B53SZB19,2026-09-22T19:29:58.000Z,1542.1
IE00B53SZB19,2026-09-23T05:30:59.000Z,1545.5
IE00B53SZB19,2026-09-23T07:29:59.000Z,1546.9
IE00B53SZB19,2026-09-23T09:29:59.000Z,1546.8
IE00B53SZB19,2026-09-23T11:29:58.000Z,1543.6
IE00B53SZB19,2026-09-23T13:29:59.000Z,1545.8
IE00B53SZB19,2026-09-23T15:29:59.000Z,1537.3
IE00B53SZB19,2026-09-23T17:29:52.000Z,1535
IE00B53SZB19,2026-09-23T19:29:59.000Z,1537.1
IE00B53SZB19,2026-09-24T05:30:44.000Z,1535.2
IE00B53SZB19,2026-09-24T07:29:59.000Z,1529.1
IE00B53SZB19,2026-09-24T09:29:59.000Z,1523.5
IE00B53SZB19,2026-09-24T11:29:59.000Z,1525
IE00B53SZB19,2026-09-24T13:29:59.000Z,1529.2
IE00B53SZB19,2026-09-24T15:29:59.000Z,1528
IE00B53SZB19,2026-09-24T17:29:59.000Z,1538.6
IE00B53SZB19,2026-09-24T19:29:55.000Z,1539.1
IE00B53SZB19,2026-09-25T05:30:53.000Z,1542.7
IE00B53SZB19,2026-09-25T07:29:56.000Z,1545.9
IE00B53SZB19,2026-09-25T09:29:57.000Z,1546.8
IE00B53SZB19,2026-09-25T11:29:56.000Z,1546.3
IE00B53SZB19,2026-09-25T13:29:59.000Z,1539.7
IE00B53SZB19,2026-09-25T15:29:59.000Z,1539.6
IE00B53SZB19,2026-09-25T17:29:44.000Z,1545.6
IE00B53SZB19,2026-09-25T19:29:55.000Z,1541.9
IE00B53SZB19,2026-09-25T20:59:51.113Z,1545.2
IE00B53SZB19,2026-09-28T05:30:59.000Z,1533.1
IE00B53SZB19,2026-09-28T07:29:59.000Z,1531.4
IE00B53SZB19,2026-09-28T09:29:59.000Z,1530.6
IE00B53SZB19,2026-09-28T11:29:56.000Z,1533.8
IE00B53SZB19,2026-09-28T13:29:59.000Z,1538.9
IE00B53SZB19,2026-09-28T15:29:59.000Z,1526.9
IE00B53SZB19,2026-09-28T17:29:59.000Z,1532.3
IE00B53SZB19,2026-09-28T19:20:41.153Z,1531.8
IE00B8KQN827,2026-08-25T05:30:07.000Z,351.25
IE00B8KQN827,2026-08-25T07:27:33.000Z,354.95
IE00B8KQN827,2026-08-25T09:27:07.000Z,354.35
IE00B8KQN827,2026-08-25T11:28:21.000Z,358.85
IE00B8KQN827,2026-08-25T13:29:58.000Z,358.6
IE00B8KQN827,2026-08-25T15:29:57.000Z,353.65
IE00B8KQN827,2026-08-25T17:29:43.000Z,352.25
IE00B8KQN827,2026-08-25T19:29:55.000Z,349.5
IE00B8KQN827,2026-08-26T05:30:07.000Z,350.75
IE00B8KQN827,2026-08-26T07:29:33.000Z,351.05
IE00B8KQN827,2026-08-26T09:25:44.000Z,351.45
IE00B8KQN827,2026-08-26T11:24:29.000Z,352.9
IE00B8KQN827,2026-08-26T13:29:46.000Z,351.4
IE00B8KQN827,2026-08-26T15:29:10.000Z,358.35
IE00B8KQN827,2026-08-26T17:29:33.000Z,358.7
IE00B8KQN827,2026-08-26T19:29:50.000Z,358.65
IE00B8KQN827,2026-08-27T05:30:07.000Z,363.05
IE00B8KQN827,2026-08-27T07:29:42.000Z,364.25
IE00B8KQN827,2026-08-27T09:29:53.000Z,365.8
IE00B8KQN827,2026-08-27T11:26:14.000Z,369.7
IE00B8KQN827,2026-08-27T13:29:49.000Z,367.85
IE00B8KQN827,2026-08-27T15:29:48.000Z,360.85
IE00B8KQN827,2026-08-27T17:29:58.000Z,358.75
IE00B8KQN827,2026-08-27T19:29:56.000Z,357
IE00B8KQN827,2026-08-28T05:30:07.000Z,358.1
IE00B8KQN827,2026-08-28T07:21:14.000Z,357.45
IE00B8KQN827,2026-08-28T09:29:38.000Z,357.75
IE00B8KQN827,2026-08-28T11:24:34.000Z,357.4
IE00B8KQN827,2026-08-28T13:25:31.000Z,357.6
IE00B8KQN827,2026-08-28T15:29:59.000Z,353
IE00B8KQN827,2026-08-28T17:29:59.000Z,348.3
IE00B8KQN827,2026-08-28T19:29:57.000Z,348.4
IE00B8KQN827,2026-08-31T05:30:06.000Z,346.65
IE00B8KQN827,2026-08-31T07:23:54.000Z,347.6
IE00B8KQN827,2026-08-31T09:25:24.000Z,349.15
IE00B8KQN827,2026-08-31T11:28:49.000Z,347.45
IE00B8KQN827,2026-08-31T13:28:23.000Z,346.025
IE00B8KQN827,2026-08-31T15:29:46.000Z,344.925
IE00B8KQN827,2026-08-31T17:29:52.000Z,345.725
IE00B8KQN827,2026-08-31T19:29:52.000Z,347.9
IE00B8KQN827,2026-09-01T05:30:06.000Z,346.125
IE00B8KQN827,2026-09-01T07:22:28.000Z,346.95
IE00B8KQN827,2026-09-01T09:29:40.000Z,344.875
IE00B8KQN827,2026-09-01T11:28:31.000Z,343.9
IE00B8KQN827,2026-09-01T13:29:59.000Z,342.275
IE00B8KQN827,2026-09-01T15:29:54.000Z,337.575
IE00B8KQN827,2026-09-01T17:29:49.000Z,335.7
IE00B8KQN827,2026-09-01T19:29:58.000Z,336.375
IE00B8KQN827,2026-09-02T05:30:43.000Z,338.1
IE00B8KQN827,2026-09-02T07:26:24.000Z,338.15
IE00B8KQN827,2026-09-02T09:21:34.000Z,336.525
IE00B8KQN827,2026-09-02T11:29:00.000Z,336.725
IE00B8KQN827,2026-09-02T13:29:52.000Z,337.6
IE00B8KQN827,2026-09-02T15:29:44.000Z,338.875
IE00B8KQN827,2026-09-02T17:29:57.000Z,336.9
IE00B8KQN827,2026-09-02T19:29:54.000Z,337.05
IE00B8KQN827,2026-09-03T05:30:07.000Z,337.4
IE00B8KQN827,2026-09-03T07:29:47.000Z,337.15
IE00B8KQN827,2026-09-03T09:26:06.000Z,338.475
IE00B8KQN827,2026-09-03T11:22:52.000Z,337.525
IE00B8KQN827,2026-09-03T13:29:29.000Z,337.225
IE00B8KQN827,2026-09-03T15:29:58.000Z,341.575
IE00B8KQN827,2026-09-03T17:29:57.000Z,339.85
IE00B8KQN827,2026-09-03T19:29:55.000Z,340.7
IE00B8KQN827,2026-09-04T05:30:05.000Z,342.9
IE00B8KQN827,2026-09-04T07:29:44.000Z,343.15
IE00B8KQN827,2026-09-04T09:27:08.000Z,344.175
IE00B8KQN827,2026-09-04T11:29:46.000Z,345.275
IE00B8KQN827,2026-09-04T13:29:59.000Z,345.2
IE00B8KQN827,2026-09-04T15:29:42.000Z,350.675
IE00B8KQN827,2026-09-04T17:29:35.000Z,350.35
IE00B8KQN827,2026-09-04T19:29:51.000Z,352.575
IE00B8KQN827,2026-09-07T05:30:05.000Z,353.35
IE00B8KQN827,2026-09-07T07:20:54.000Z,355.25
IE00B8KQN827,2026-09-07T09:27:35.000Z,358.3
IE00B8KQN827,2026-09-07T11:29:25.000Z,359.7
IE00B8KQN827,2026-09-07T15:27:36.000Z,355.5
IE00B8KQN827,2026-09-07T17:29:24.000Z,355.55
IE00B8KQN827,2026-09-07T19:26:36.000Z,356.05
IE00B8KQN827,2026-09-08T05:30:48.000Z,359.425
IE00B8KQN827,2026-09-08T07:29:43.000Z,362.9
IE00B8KQN827,2026-09-08T09:29:59.000Z,365.15
IE00B8KQN827,2026-09-08T11:28:44.000Z,363.2
IE00B8KQN827,2026-09-08T13:29:59.000Z,363
IE00B8KQN827,2026-09-08T15:29:58.000Z,368.975
IE00B8KQN827,2026-09-08T17:28:24.000Z,369
IE00B8KQN827,2026-09-08T19:29:57.000Z,366.35
IE00B8KQN827,2026-09-09T05:30:34.000Z,363.05
IE00B8KQN827,2026-09-09T07:29:34.000Z,363.4
IE00B8KQN827,2026-09-09T09:24:57.000Z,361.875
IE00B8KQN827,2026-09-09T11:28:18.000Z,359.025
IE00B8KQN827,2026-09-09T13:29:59.000Z,359.025
IE00B8KQN827,2026-09-09T15:29:59.000Z,357.975
IE00B8KQN827,2026-09-09T17:27:56.000Z,358.65
IE00B8KQN827,2026-09-09T19:29:57.000Z,358.275
IE00B8KQN827,2026-09-10T05:30:01.000Z,357.8
IE00B8KQN827,2026-09-10T07:29:48.000Z,357.675
IE00B8KQN827,2026-09-10T09:28:18.000Z,358.225
IE00B8KQN827,2026-09-10T11:25:21.000Z,358.625
IE00B8KQN827,2026-09-10T13:29:17.000Z,352.1
IE00B8KQN827,2026-09-10T15:29:58.000Z,356.25
IE00B8KQN827,2026-09-10T17:29:58.000Z,351.2
IE00B8KQN827,2026-09-10T19:29:54.000Z,350.9
IE00B8KQN827,2026-09-11T05:30:39.000Z,353.85
IE00B8KQN827,2026-09-11T07:29:42.000Z,354.55
IE00B8KQN827,2026-09-11T09:29:59.000Z,356.175
IE00B8KQN827,2026-09-11T11:24:28.000Z,355.825
IE00B8KQN827,2026-09-11T13:29:59.000Z,360.55
IE00B8KQN827,2026-09-11T15:29:49.000Z,366.3
IE00B8KQN827,2026-09-11T17:29:06.000Z,364.1
IE00B8KQN827,2026-09-11T19:29:19.000Z,365.45
IE00B8KQN827,2026-09-14T05:30:07.000Z,361.225
IE00B8KQN827,2026-09-14T07:23:36.000Z,360.25
IE00B8KQN827,2026-09-14T09:26:51.000Z,354.925
IE00B8KQN827,2026-09-14T11:29:31.000Z,349.675
IE00B8KQN827,2026-09-14T13:29:58.000Z,342.55
IE00B8KQN827,2026-09-14T15:29:46.000Z,342.675
IE00B8KQN827,2026-09-14T17:29:48.000Z,340.95
IE00B8KQN827,2026-09-14T19:29:59.000Z,341.1
IE00B8KQN827,2026-09-15T05:30:19.000Z,342
IE00B8KQN827,2026-09-15T07:29:39.000Z,340.95
IE00B8KQN827,2026-09-15T09:29:37.000Z,341.6
IE00B8KQN827,2026-09-15T11:27:26.000Z,343.325
IE00B8KQN827,2026-09-15T13:29:20.000Z,344.425
IE00B8KQN827,2026-09-15T15:29:58.000Z,338.85
IE00B8KQN827,2026-09-15T17:29:42.000Z,340.025
IE00B8KQN827,2026-09-15T19:29:59.000Z,339.525
IE00B8KQN827,2026-09-16T05:30:14.000Z,341.05
IE00B8KQN827,2026-09-16T07:29:59.000Z,342.15
IE00B8KQN827,2026-09-16T09:23:10.000Z,343.625
IE00B8KQN827,2026-09-16T11:29:59.000Z,343.975
IE00B8KQN827,2026-09-16T13:28:58.000Z,345.025
IE00B8KQN827,2026-09-16T15:29:56.000Z,345.775
IE00B8KQN827,2026-09-16T17:29:59.000Z,348.375
IE00B8KQN827,2026-09-16T19:29:57.000Z,345.125
IE00B8KQN827,2026-09-17T05:30:35.000Z,352.125
IE00B8KQN827,2026-09-17T07:28:58.000Z,351.25
IE00B8KQN827,2026-09-17T09:28:42.000Z,352.375
IE00B8KQN827,2026-09-17T11:29:30.000Z,355.875
IE00B8KQN827,2026-09-17T13:29:50.000Z,362
IE00B8KQN827,2026-09-17T15:29:59.000Z,357.5
IE00B8KQN827,2026-09-17T17:29:56.000Z,358.175
IE00B8KQN827,2026-09-17T19:29:57.000Z,357
IE00B8KQN827,2026-09-18T05:30:17.000Z,358.2
IE00B8KQN827,2026-09-18T07:27:53.000Z,359.75
IE00B8KQN827,2026-09-18T09:29:45.000Z,359.2
IE00B8KQN827,2026-09-18T11:27:41.000Z,359.075
IE00B8KQN827,2026-09-18T13:29:59.000Z,359.425
IE00B8KQN827,2026-09-18T15:29:34.000Z,364.55
IE00B8KQN827,2026-09-18T17:29:53.000Z,366.05
IE00B8KQN827,2026-09-18T19:29:54.000Z,368.1
IE00B8KQN827,2026-09-21T05:30:17.000Z,372.55
IE00B8KQN827,2026-09-21T07:28:53.000Z,373.7
IE00B8KQN827,2026-09-21T09:26:55.000Z,375.175
IE00B8KQN827,2026-09-21T13:29:38.000Z,374.5
IE00B8KQN827,2026-09-21T15:28:57.000Z,377.35
IE00B8KQN827,2026-09-21T17:29:49.000Z,379
IE00B8KQN827,2026-09-21T19:29:58.000Z,381.85
IE00B8KQN827,2026-09-22T05:30:17.000Z,378.95
IE00B8KQN827,2026-09-22T07:28:38.000Z,378.3
IE00B8KQN827,2026-09-22T09:23:07.000Z,376.675
IE00B8KQN827,2026-09-22T11:29:48.000Z,377.6
IE00B8KQN827,2026-09-22T13:29:53.000Z,379.625
IE00B8KQN827,2026-09-22T15:29:39.000Z,385.6
IE00B8KQN827,2026-09-22T17:29:46.000Z,384.6
IE00B8KQN827,2026-09-22T19:29:50.000Z,385
IE00B8KQN827,2026-09-23T05:30:17.000Z,387.75
IE00B8KQN827,2026-09-23T07:29:51.000Z,387.7
IE00B8KQN827,2026-09-23T09:29:52.000Z,385.75
IE00B8KQN827,2026-09-23T11:27:57.000Z,385.825
IE00B8KQN827,2026-09-23T13:29:48.000Z,386
IE00B8KQN827,2026-09-23T15:29:58.000Z,386
IE00B8KQN827,2026-09-23T17:29:11.000Z,385.875
IE00B8KQN827,2026-09-23T19:29:58.000Z,383.925
IE00B8KQN827,2026-09-24T05:30:28.000Z,383.9
IE00B8KQN827,2026-09-24T07:29:59.000Z,382.95
IE00B8KQN827,2026-09-24T09:23:35.000Z,380.725
IE00B8KQN827,2026-09-24T11:22:56.000Z,380.825
IE00B8KQN827,2026-09-24T13:29:56.000Z,379.575
IE00B8KQN827,2026-09-24T15:29:59.000Z,382.55
IE00B8KQN827,2026-09-24T17:29:53.000Z,385.35
IE00B8KQN827,2026-09-24T19:29:46.000Z,385.3
IE00B8KQN827,2026-09-25T05:30:17.000Z,387.375
IE00B8KQN827,2026-09-25T07:29:45.000Z,391.55
IE00B8KQN827,2026-09-25T09:25:44.000Z,392.1
IE00B8KQN827,2026-09-25T11:27:30.000Z,392.55
IE00B8KQN827,2026-09-25T13:29:38.000Z,391.15
IE00B8KQN827,2026-09-25T15:29:59.000Z,385.375
IE00B8KQN827,2026-09-25T17:29:42.000Z,385.85
IE00B8KQN827,2026-09-25T19:29:32.000Z,385.45
IE00B8KQN827,2026-09-25T20:22:44.484Z,386.1
IE00B8KQN827,2026-09-28T05:30:17.000Z,382.2
IE00B8KQN827,2026-09-28T07:27:03.000Z,381.85
IE00B8KQN827,2026-09-28T09:29:49.000Z,379.3
IE00B8KQN827,2026-09-28T11:28:25.000Z,384.075
IE00B8KQN827,2026-09-28T13:29:24.000Z,384.325
IE00B8KQN827,2026-09-28T15:29:58.000Z,374.575
IE00B8KQN827,2026-09-28T17:29:56.000Z,378.125
IE00B8KQN827,2026-09-28T19:20:45.241Z,378.175
IE00BD1F4N50,2026-08-25T05:30:58.000Z,17.914
IE00BD1F4N50,2026-08-25T07:29:27.000Z,18.132
IE00BD1F4N50,2026-08-25T09:29:58.000Z,18.173
IE00BD1F4N50,2026-08-25T11:29:59.000Z,18.198
IE00BD1F4N50,2026-08-25T13:29:59.000Z,18.195
IE00BD1F4N50,2026-08-25T15:29:54.000Z,18.131
IE00BD1F4N50,2026-08-25T17:29:10.000Z,18.078
IE00BD1F4N50,2026-08-25T19:29:58.000Z,18.095
IE00BD1F4N50,2026-08-26T05:30:49.000Z,18.133
IE00BD1F4N50,2026-08-26T07:29:26.000Z,18.08
IE00BD1F4N50,2026-08-26T09:29:17.000Z,18.084
IE00BD1F4N50,2026-08-26T11:29:47.000Z,18.109
IE00BD1F4N50,2026-08-26T13:29:59.000Z,18.064
IE00BD1F4N50,2026-08-26T15:29:52.000Z,18.196
IE00BD1F4N50,2026-08-26T17:29:54.000Z,18.2
IE00BD1F4N50,2026-08-26T19:29:47.000Z,18.237
IE00BD1F4N50,2026-08-27T05:30:55.000Z,18.306
IE00BD1F4N50,2026-08-27T07:29:59.000Z,18.404
IE00BD1F4N50,2026-08-27T09:29:58.000Z,18.463
IE00BD1F4N50,2026-08-27T11:29:59.000Z,18.463
IE00BD1F4N50,2026-08-27T13:29:58.000Z,18.345
IE00BD1F4N50,2026-08-27T15:29:59.000Z,18.166
IE00BD1F4N50,2026-08-27T17:29:59.000Z,18.208
IE00BD1F4N50,2026-08-27T19:29:59.000Z,18.168
IE00BD1F4N50,2026-08-28T05:30:55.000Z,18.178
IE00BD1F4N50,2026-08-28T07:29:45.000Z,18.175
IE00BD1F4N50,2026-08-28T09:29:18.000Z,18.163
IE00BD1F4N50,2026-08-28T11:29:07.000Z,18.179
IE00BD1F4N50,2026-08-28T13:29:59.000Z,18.187
IE00BD1F4N50,2026-08-28T15:29:36.000Z,18.215
IE00BD1F4N50,2026-08-28T17:29:58.000Z,18.046
IE00BD1F4N50,2026-08-28T19:29:58.000Z,18.077
IE00BD1F4N50,2026-08-31T05:30:58.000Z,18.019
IE00BD1F4N50,2026-08-31T07:29:43.000Z,18.079
IE00BD1F4N50,2026-08-31T09:29:55.000Z,18.077
IE00BD1F4N50,2026-08-31T11:29:45.000Z,18.053
IE00BD1F4N50,2026-08-31T13:29:58.000Z,18.006
IE00BD1F4N50,2026-08-31T15:29:54.000Z,17.924
IE00BD1F4N50,2026-08-31T17:29:45.000Z,17.913
IE00BD1F4N50,2026-08-31T19:29:46.000Z,17.939
IE00BD1F4N50,2026-09-01T05:30:53.000Z,17.956
IE00BD1F4N50,2026-09-01T07:29:57.000Z,18.09
IE00BD1F4N50,2026-09-01T09:29:58.000Z,17.857
IE00BD1F4N50,2026-09-01T11:29:46.000Z,17.87
IE00BD1F4N50,2026-09-01T13:29:59.000Z,17.876
IE00BD1F4N50,2026-09-01T15:29:55.000Z,17.886
IE00BD1F4N50,2026-09-01T17:29:57.000Z,17.845
IE00BD1F4N50,2026-09-01T19:29:48.000Z,17.841
IE00BD1F4N50,2026-09-02T05:30:42.000Z,17.86
IE00BD1F4N50,2026-09-02T07:29:48.000Z,17.874
IE00BD1F4N50,2026-09-02T09:29:53.000Z,17.797
IE00BD1F4N50,2026-09-02T11:29:47.000Z,17.818
IE00BD1F4N50,2026-09-02T13:29:59.000Z,17.823
IE00BD1F4N50,2026-09-02T15:29:38.000Z,17.822
IE00BD1F4N50,2026-09-02T17:29:52.000Z,17.829
IE00BD1F4N50,2026-09-02T19:29:56.000Z,17.924
IE00BD1F4N50,2026-09-03T05:30:58.000Z,17.866
IE00BD1F4N50,2026-09-03T07:29:58.000Z,17.866
IE00BD1F4N50,2026-09-03T09:29:57.000Z,17.863
IE00BD1F4N50,2026-09-03T11:28:37.000Z,17.854
IE00BD1F4N50,2026-09-03T13:29:28.000Z,17.852
IE00BD1F4N50,2026-09-03T15:29:50.000Z,17.983
IE00BD1F4N50,2026-09-03T17:29:27.000Z,17.957
IE00BD1F4N50,2026-09-03T19:29:54.000Z,17.95
IE00BD1F4N50,2026-09-04T05:30:31.000Z,17.99
IE00BD1F4N50,2026-09-04T07:29:11.000Z,18.093
IE00BD1F4N50,2026-09-04T09:29:50.000Z,18.121
IE00BD1F4N50,2026-09-04T11:29:51.000Z,18.152
IE00BD1F4N50,2026-09-04T13:29:58.000Z,18.085
IE00BD1F4N50,2026-09-04T15:29:53.000Z,18.232
IE00BD1F4N50,2026-09-04T17:29:54.000Z,18.271
IE00BD1F4N50,2026-09-04T19:29:57.000Z,18.267
IE00BD1F4N50,2026-09-07T05:30:43.000Z,18.246
IE00BD1F4N50,2026-09-07T07:29:59.000Z,18.439
IE00BD1F4N50,2026-09-07T09:29:48.000Z,18.411
IE00BD1F4N50,2026-09-07T11:29:50.000Z,18.346
IE00BD1F4N50,2026-09-07T13:29:59.000Z,18.406
IE00BD1F4N50,2026-09-07T15:29:37.000Z,18.379
IE00BD1F4N50,2026-09-07T17:29:24.000Z,18.376
IE00BD1F4N50,2026-09-07T19:29:36.000Z,18.402
IE00BD1F4N50,2026-09-08T05:30:51.000Z,18.406
IE00BD1F4N50,2026-09-08T07:29:58.000Z,18.471
IE00BD1F4N50,2026-09-08T09:29:56.000Z,18.417
IE00BD1F4N50,2026-09-08T11:29:53.000Z,18.437
IE00BD1F4N50,2026-09-08T13:29:59.000Z,18.499
IE00BD1F4N50,2026-09-08T15:29:58.000Z,18.632
IE00BD1F4N50,2026-09-08T17:29:52.000Z,18.661
IE00BD1F4N50,2026-09-08T19:29:59.000Z,18.644
IE00BD1F4N50,2026-09-09T05:30:53.000Z,18.613
IE00BD1F4N50,2026-09-09T07:29:58.000Z,18.622
IE00BD1F4N50,2026-09-09T09:29:53.000Z,18.582
IE00BD1F4N50,2026-09-09T11:29:40.000Z,18.442
IE00BD1F4N50,2026-09-09T13:29:59.000Z,18.493
IE00BD1F4N50,2026-09-09T15:29:58.000Z,18.597
IE00BD1F4N50,2026-09-09T17:29:59.000Z,18.614
IE00BD1F4N50,2026-09-09T19:29:57.000Z,18.615
IE00BD1F4N50,2026-09-10T05:30:57.000Z,18.626
IE00BD1F4N50,2026-09-10T07:29:59.000Z,18.57
IE00BD1F4N50,2026-09-10T09:29:59.000Z,18.511
IE00BD1F4N50,2026-09-10T11:29:58.000Z,18.488
IE00BD1F4N50,2026-09-10T13:29:59.000Z,18.389
IE00BD1F4N50,2026-09-10T15:29:51.000Z,18.356
IE00BD1F4N50,2026-09-10T17:29:59.000Z,18.293
IE00BD1F4N50,2026-09-10T19:29:59.000Z,18.308
IE00BD1F4N50,2026-09-11T05:30:46.000Z,18.368
IE00BD1F4N50,2026-09-11T07:29:53.000Z,18.346
IE00BD1F4N50,2026-09-11T09:29:45.000Z,18.375
IE00BD1F4N50,2026-09-11T11:29:50.000Z,18.393
IE00BD1F4N50,2026-09-11T13:29:59.000Z,18.472
IE00BD1F4N50,2026-09-11T15:29:55.000Z,18.519
IE00BD1F4N50,2026-09-11T17:29:44.000Z,18.525
IE00BD1F4N50,2026-09-11T19:29:59.000Z,18.491
IE00BD1F4N50,2026-09-14T05:30:48.000Z,18.295
IE00BD1F4N50,2026-09-14T07:29:58.000Z,18.208
IE00BD1F4N50,2026-09-14T09:29:59.000Z,18.125
IE00BD1F4N50,2026-09-14T11:29:59.000Z,18.088
IE00BD1F4N50,2026-09-14T13:29:59.000Z,18.011
IE00BD1F4N50,2026-09-14T15:29:56.000Z,18.06
IE00BD1F4N50,2026-09-14T17:29:58.000Z,18.1
IE00BD1F4N50,2026-09-14T19:29:58.000Z,18.08
IE00BD1F4N50,2026-09-15T05:30:59.000Z,18.021
IE00BD1F4N50,2026-09-15T07:29:59.000Z,18.024
IE00BD1F4N50,2026-09-15T09:29:29.000Z,17.972
IE00BD1F4N50,2026-09-15T11:29:54.000Z,18.1
IE00BD1F4N50,2026-09-15T13:29:59.000Z,18.111
IE00BD1F4N50,2026-09-15T15:29:57.000Z,18.022
IE00BD1F4N50,2026-09-15T17:29:58.000Z,17.992
IE00BD1F4N50,2026-09-15T19:29:11.000Z,18.002
IE00BD1F4N50,2026-09-16T05:30:53.000Z,18.079
IE00BD1F4N50,2026-09-16T07:29:55.000Z,18.156
IE00BD1F4N50,2026-09-16T09:29:54.000Z,18.169
IE00BD1F4N50,2026-09-16T11:29:53.000Z,18.178
IE00BD1F4N50,2026-09-16T13:29:58.000Z,18.199
IE00BD1F4N50,2026-09-16T15:29:57.000Z,18.249
IE00BD1F4N50,2026-09-16T17:29:56.000Z,18.235
IE00BD1F4N50,2026-09-16T19:29:59.000Z,18.069
IE00BD1F4N50,2026-09-17T05:30:57.000Z,18.256
IE00BD1F4N50,2026-09-17T07:29:46.000Z,18.349
IE00BD1F4N50,2026-09-17T09:29:58.000Z,18.381
IE00BD1F4N50,2026-09-17T11:29:45.000Z,18.43
IE00BD1F4N50,2026-09-17T13:29:59.000Z,18.472
IE00BD1F4N50,2026-09-17T15:29:58.000Z,18.517
IE00BD1F4N50,2026-09-17T17:29:43.000Z,18.535
IE00BD1F4N50,2026-09-17T19:29:51.000Z,18.53
IE00BD1F4N50,2026-09-18T05:30:58.000Z,18.596
IE00BD1F4N50,2026-09-18T07:29:51.000Z,18.67
IE00BD1F4N50,2026-09-18T09:29:21.000Z,18.615
IE00BD1F4N50,2026-09-18T11:29:59.000Z,18.59
IE00BD1F4N50,2026-09-18T13:29:59.000Z,18.621
IE00BD1F4N50,2026-09-18T15:29:58.000Z,18.612
IE00BD1F4N50,2026-09-18T17:29:59.000Z,18.579
IE00BD1F4N50,2026-09-18T19:29:57.000Z,18.614
IE00BD1F4N50,2026-09-21T05:30:58.000Z,18.891
IE00BD1F4N50,2026-09-21T07:29:30.000Z,18.933
IE00BD1F4N50,2026-09-21T09:29:57.000Z,19.023
IE00BD1F4N50,2026-09-21T11:29:55.000Z,18.99
IE00BD1F4N50,2026-09-21T13:29:58.000Z,19.045
IE00BD1F4N50,2026-09-21T15:29:54.000Z,19.209
IE00BD1F4N50,2026-09-21T17:29:40.000Z,19.2
IE00BD1F4N50,2026-09-21T19:29:57.000Z,19.218
IE00BD1F4N50,2026-09-22T05:30:57.000Z,19.182
IE00BD1F4N50,2026-09-22T07:29:56.000Z,19.163
IE00BD1F4N50,2026-09-22T09:29:56.000Z,19.139
IE00BD1F4N50,2026-09-22T11:29:58.000Z,19.13
IE00BD1F4N50,2026-09-22T13:29:56.000Z,19.101
IE00BD1F4N50,2026-09-22T15:29:57.000Z,19.238
IE00BD1F4N50,2026-09-22T17:29:59.000Z,19.318
IE00BD1F4N50,2026-09-22T19:29:59.000Z,19.324
IE00BD1F4N50,2026-09-23T05:30:58.000Z,19.403
IE00BD1F4N50,2026-09-23T07:29:59.000Z,19.421
IE00BD1F4N50,2026-09-23T09:29:58.000Z,19.401
IE00BD1F4N50,2026-09-23T11:29:59.000Z,19.337
IE00BD1F4N50,2026-09-23T13:29:58.000Z,19.422
IE00BD1F4N50,2026-09-23T15:29:58.000Z,19.371
IE00BD1F4N50,2026-09-23T17:29:57.000Z,19.334
IE00BD1F4N50,2026-09-23T19:29:57.000Z,19.353
IE00BD1F4N50,2026-09-24T05:30:41.000Z,19.326
IE00BD1F4N50,2026-09-24T07:29:59.000Z,19.256
IE00BD1F4N50,2026-09-24T09:29:53.000Z,19.164
IE00BD1F4N50,2026-09-24T11:29:38.000Z,19.202
IE00BD1F4N50,2026-09-24T13:29:59.000Z,19.246
IE00BD1F4N50,2026-09-24T15:29:52.000Z,19.278
IE00BD1F4N50,2026-09-24T17:29:58.000Z,19.425
IE00BD1F4N50,2026-09-24T19:29:58.000Z,19.424
IE00BD1F4N50,2026-09-25T05:30:57.000Z,19.452
IE00BD1F4N50,2026-09-25T07:29:53.000Z,19.565
IE00BD1F4N50,2026-09-25T09:29:59.000Z,19.573
IE00BD1F4N50,2026-09-25T11:29:56.000Z,19.57
IE00BD1F4N50,2026-09-25T13:29:59.000Z,19.491
IE00BD1F4N50,2026-09-25T15:29:59.000Z,19.451
IE00BD1F4N50,2026-09-25T17:29:58.000Z,19.529
IE00BD1F4N50,2026-09-25T19:29:53.000Z,19.497
IE00BD1F4N50,2026-09-25T20:55:23.871Z,19.508
IE00BD1F4N50,2026-09-28T05:30:57.000Z,19.312
IE00BD1F4N50,2026-09-28T07:29:46.000Z,19.277
IE00BD1F4N50,2026-09-28T09:29:59.000Z,19.252
IE00BD1F4N50,2026-09-28T11:29:57.000Z,19.317
IE00BD1F4N50,2026-09-28T13:29:58.000Z,19.425
IE00BD1F4N50,2026-09-28T15:29:53.000Z,19.172
IE00BD1F4N50,2026-09-28T17:29:57.000Z,19.265
IE00BD1F4N50,2026-09-28T19:20:49.264Z,19.316
IE00BF01VY89,2026-08-25T05:30:19.000Z,205.5275
IE00BF01VY89,2026-08-25T07:29:35.000Z,205.4385
IE00BF01VY89,2026-08-25T09:29:53.000Z,206.495
IE00BF01VY89,2026-08-25T11:29:48.000Z,207.8715
IE00BF01VY89,2026-08-25T13:29:45.000Z,206.613
IE00BF01VY89,2026-08-25T15:28:44.000Z,203.511
IE00BF01VY89,2026-08-25T17:29:59.000Z,203.909
IE00BF01VY89,2026-08-25T19:29:59.000Z,203.8765
IE00BF01VY89,2026-08-26T05:30:59.000Z,204.083
IE00BF01VY89,2026-08-26T07:29:59.000Z,203.7025
IE00BF01VY89,2026-08-26T09:28:12.000Z,203.8825
IE00BF01VY89,2026-08-26T11:28:14.000Z,204.595
IE00BF01VY89,2026-08-26T13:29:59.000Z,204.122
IE00BF01VY89,2026-08-26T15:29:43.000Z,199.819
IE00BF01VY89,2026-08-26T17:29:54.000Z,198.104
IE00BF01VY89,2026-08-26T19:29:59.000Z,198.467
IE00BF01VY89,2026-08-27T05:30:36.000Z,197.8425
IE00BF01VY89,2026-08-27T07:29:56.000Z,197.6575
IE00BF01VY89,2026-08-27T09:29:56.000Z,197.751
IE00BF01VY89,2026-08-27T11:29:58.000Z,197.4925
IE00BF01VY89,2026-08-27T13:29:57.000Z,195.952
IE00BF01VY89,2026-08-27T15:29:32.000Z,197.7675
IE00BF01VY89,2026-08-27T17:29:59.000Z,198.1155
IE00BF01VY89,2026-08-27T19:29:54.000Z,197.3255
IE00BF01VY89,2026-08-28T05:30:57.000Z,197.996
IE00BF01VY89,2026-08-28T07:29:11.000Z,198.337
IE00BF01VY89,2026-08-28T09:28:45.000Z,199.2775
IE00BF01VY89,2026-08-28T11:29:39.000Z,198.6265
IE00BF01VY89,2026-08-28T13:29:59.000Z,197.588
IE00BF01VY89,2026-08-28T15:29:58.000Z,206.73
IE00BF01VY89,2026-08-28T17:29:58.000Z,204.681
IE00BF01VY89,2026-08-28T19:29:58.000Z,206.1115
IE00BF01VY89,2026-08-31T05:30:59.000Z,203.326
IE00BF01VY89,2026-08-31T07:29:36.000Z,206.944
IE00BF01VY89,2026-08-31T09:29:25.000Z,206.846
IE00BF01VY89,2026-08-31T11:27:30.000Z,206.775
IE00BF01VY89,2026-08-31T13:29:35.000Z,206.8285
IE00BF01VY89,2026-08-31T15:26:36.000Z,206.5435
IE00BF01VY89,2026-08-31T17:29:45.000Z,194.393
IE00BF01VY89,2026-08-31T19:29:59.000Z,194.7895
IE00BF01VY89,2026-09-01T05:30:17.000Z,195.5795
IE00BF01VY89,2026-09-01T07:29:58.000Z,195.2845
IE00BF01VY89,2026-09-01T09:28:45.000Z,192.4795
IE00BF01VY89,2026-09-01T11:29:16.000Z,193.1945
IE00BF01VY89,2026-09-01T13:29:55.000Z,191.799
IE00BF01VY89,2026-09-01T15:29:48.000Z,192.6995
IE00BF01VY89,2026-09-01T17:29:59.000Z,191.6075
IE00BF01VY89,2026-09-01T19:29:55.000Z,190.831
IE00BF01VY89,2026-09-02T05:30:47.000Z,193.7705
IE00BF01VY89,2026-09-02T07:26:22.000Z,193.729
IE00BF01VY89,2026-09-02T09:29:42.000Z,192.9875
IE00BF01VY89,2026-09-02T11:29:31.000Z,191.633
IE00BF01VY89,2026-09-02T13:29:59.000Z,189.929
IE00BF01VY89,2026-09-02T15:29:58.000Z,193.545
IE00BF01VY89,2026-09-02T17:29:58.000Z,194.6085
IE00BF01VY89,2026-09-02T19:29:54.000Z,194.356
IE00BF01VY89,2026-09-03T05:30:48.000Z,194.239
IE00BF01VY89,2026-09-03T07:29:59.000Z,194.85
IE00BF01VY89,2026-09-03T09:29:59.000Z,196.0705
IE00BF01VY89,2026-09-03T11:29:57.000Z,195.272
IE00BF01VY89,2026-09-03T13:29:57.000Z,196.466
IE00BF01VY89,2026-09-03T15:29:56.000Z,199.3355
IE00BF01VY89,2026-09-03T17:29:59.000Z,198.6885
IE00BF01VY89,2026-09-03T19:29:59.000Z,199.916
IE00BF01VY89,2026-09-04T05:30:53.000Z,200.4685
IE00BF01VY89,2026-09-04T07:29:59.000Z,200.9885
IE00BF01VY89,2026-09-04T09:29:58.000Z,200.247
IE00BF01VY89,2026-09-04T11:29:21.000Z,200.1395
IE00BF01VY89,2026-09-04T13:29:54.000Z,198.8365
IE00BF01VY89,2026-09-04T15:29:47.000Z,193.7325
IE00BF01VY89,2026-09-04T17:29:57.000Z,194.9615
IE00BF01VY89,2026-09-04T19:29:59.000Z,196.071
IE00BF01VY89,2026-09-07T05:30:14.000Z,196.909
IE00BF01VY89,2026-09-07T07:29:07.000Z,196.039
IE00BF01VY89,2026-09-07T09:29:31.000Z,194.6945
IE00BF01VY89,2026-09-07T11:29:54.000Z,193.7555
IE00BF01VY89,2026-09-07T13:28:19.000Z,194.893
IE00BF01VY89,2026-09-07T15:29:34.000Z,194.0995
IE00BF01VY89,2026-09-07T17:27:53.000Z,193.965
IE00BF01VY89,2026-09-07T19:24:59.000Z,194.8985
IE00BF01VY89,2026-09-08T05:30:57.000Z,193.5965
IE00BF01VY89,2026-09-08T07:29:47.000Z,192.9575
IE00BF01VY89,2026-09-08T09:29:43.000Z,192.827
IE00BF01VY89,2026-09-08T11:28:29.000Z,192.0715
IE00BF01VY89,2026-09-08T13:29:59.000Z,190.7035
IE00BF01VY89,2026-09-08T15:29:50.000Z,194.341
IE00BF01VY89,2026-09-08T17:29:59.000Z,195.591
IE00BF01VY89,2026-09-08T19:29:56.000Z,193.6155
IE00BF01VY89,2026-09-09T07:28:29.000Z,195.2925
IE00BF01VY89,2026-09-09T09:29:58.000Z,194.4575
IE00BF01VY89,2026-09-09T11:29:42.000Z,188.118
IE00BF01VY89,2026-09-09T13:29:59.000Z,187.037
IE00BF01VY89,2026-09-09T15:29:12.000Z,184.787
IE00BF01VY89,2026-09-10T07:29:15.000Z,186.973
IE00BF01VY89,2026-09-10T09:29:16.000Z,186.8175
IE00BF01VY89,2026-09-10T11:29:39.000Z,187.723
IE00BF01VY89,2026-09-10T13:29:59.000Z,184.3015
IE00BF01VY89,2026-09-10T15:29:35.000Z,185.6395
IE00BF01VY89,2026-09-10T17:29:35.000Z,187.747
IE00BF01VY89,2026-09-10T19:29:55.000Z,188.6425
IE00BF01VY89,2026-09-11T05:30:56.000Z,187.77
IE00BF01VY89,2026-09-11T07:29:47.000Z,189.4555
IE00BF01VY89,2026-09-11T09:29:54.000Z,190.4295
IE00BF01VY89,2026-09-11T11:29:49.000Z,191.5735
IE00BF01VY89,2026-09-11T13:29:54.000Z,191.4285
IE00BF01VY89,2026-09-11T15:29:15.000Z,199.516
IE00BF01VY89,2026-09-11T17:29:53.000Z,197.605
IE00BF01VY89,2026-09-11T19:29:57.000Z,195.829
IE00BF01VY89,2026-09-14T07:29:55.000Z,192.4815
IE00BF01VY89,2026-09-14T09:29:36.000Z,192.5935
IE00BF01VY89,2026-09-14T11:29:48.000Z,200.468
IE00BF01VY89,2026-09-14T13:29:59.000Z,199.787
IE00BF01VY89,2026-09-14T15:29:57.000Z,203.274
IE00BF01VY89,2026-09-14T17:29:59.000Z,204.87
IE00BF01VY89,2026-09-14T19:29:58.000Z,206.8075
IE00BF01VY89,2026-09-15T05:30:41.000Z,204.5715
IE00BF01VY89,2026-09-15T07:29:58.000Z,203.85
IE00BF01VY89,2026-09-15T09:29:30.000Z,202.683
IE00BF01VY89,2026-09-15T11:28:48.000Z,203.626
IE00BF01VY89,2026-09-15T13:29:59.000Z,204.5675
IE00BF01VY89,2026-09-15T15:29:50.000Z,200.864
IE00BF01VY89,2026-09-15T17:29:56.000Z,200.2115
IE00BF01VY89,2026-09-15T19:29:49.000Z,201.635
IE00BF01VY89,2026-09-16T05:30:24.000Z,202.5025
IE00BF01VY89,2026-09-16T07:29:54.000Z,202.441
IE00BF01VY89,2026-09-16T09:29:58.000Z,201.7145
IE00BF01VY89,2026-09-16T11:29:58.000Z,203.2305
IE00BF01VY89,2026-09-16T13:29:59.000Z,204.638
IE00BF01VY89,2026-09-16T15:29:33.000Z,203.8
IE00BF01VY89,2026-09-16T17:29:59.000Z,203.316
IE00BF01VY89,2026-09-16T19:29:59.000Z,199.667
IE00BF01VY89,2026-09-17T05:30:17.000Z,204.934
IE00BF01VY89,2026-09-17T07:29:34.000Z,205.68
IE00BF01VY89,2026-09-17T09:29:50.000Z,205.953
IE00BF01VY89,2026-09-17T11:29:06.000Z,205.303
IE00BF01VY89,2026-09-17T13:29:59.000Z,206.9235
IE00BF01VY89,2026-09-17T15:28:10.000Z,206.385
IE00BF01VY89,2026-09-17T17:29:59.000Z,203.543
IE00BF01VY89,2026-09-17T19:29:56.000Z,205.62
IE00BF01VY89,2026-09-18T05:30:58.000Z,213.5545
IE00BF01VY89,2026-09-18T07:29:58.000Z,213.618
IE00BF01VY89,2026-09-18T09:29:58.000Z,214.9365
IE00BF01VY89,2026-09-18T11:29:50.000Z,215.7185
IE00BF01VY89,2026-09-18T13:29:59.000Z,215.6405
IE00BF01VY89,2026-09-18T15:29:54.000Z,210.0905
IE00BF01VY89,2026-09-18T17:29:59.000Z,209.203
IE00BF01VY89,2026-09-18T19:29:54.000Z,211.236
IE00BF01VY89,2026-09-21T07:29:42.000Z,210.452
IE00BF01VY89,2026-09-21T09:28:34.000Z,210.7545
IE00BF01VY89,2026-09-21T11:29:54.000Z,209.241
IE00BF01VY89,2026-09-21T13:29:59.000Z,208.959
IE00BF01VY89,2026-09-21T15:29:58.000Z,216.306
IE00BF01VY89,2026-09-21T17:29:53.000Z,215.682
IE00BF01VY89,2026-09-21T19:29:56.000Z,216.5775
IE00BF01VY89,2026-09-22T05:30:39.000Z,217.0685
IE00BF01VY89,2026-09-22T07:29:58.000Z,217.6985
IE00BF01VY89,2026-09-22T09:29:59.000Z,218.725
IE00BF01VY89,2026-09-22T11:29:57.000Z,217.533
IE00BF01VY89,2026-09-22T13:29:58.000Z,217.8735
IE00BF01VY89,2026-09-22T15:29:38.000Z,218.1755
IE00BF01VY89,2026-09-22T17:29:56.000Z,211.937
IE00BF01VY89,2026-09-22T19:29:57.000Z,213.096
IE00BF01VY89,2026-09-23T05:30:46.000Z,212.823
IE00BF01VY89,2026-09-23T07:29:59.000Z,213.945
IE00BF01VY89,2026-09-23T09:29:54.000Z,212.988
IE00BF01VY89,2026-09-23T11:29:59.000Z,211.8955
IE00BF01VY89,2026-09-23T13:29:59.000Z,208.452
IE00BF01VY89,2026-09-23T15:29:36.000Z,200.3195
IE00BF01VY89,2026-09-23T17:29:57.000Z,196.618
IE00BF01VY89,2026-09-23T19:29:59.000Z,197.796
IE00BF01VY89,2026-09-24T05:30:56.000Z,198.0145
IE00BF01VY89,2026-09-24T07:29:55.000Z,197.0805
IE00BF01VY89,2026-09-24T09:29:59.000Z,194.736
IE00BF01VY89,2026-09-24T11:29:52.000Z,194.1835
IE00BF01VY89,2026-09-24T13:29:59.000Z,195.7
IE00BF01VY89,2026-09-24T15:29:36.000Z,196.527
IE00BF01VY89,2026-09-24T17:29:50.000Z,200.083
IE00BF01VY89,2026-09-24T19:29:58.000Z,200.736
IE00BF01VY89,2026-09-25T05:30:53.000Z,202.17
IE00BF01VY89,2026-09-25T07:29:28.000Z,201.682
IE00BF01VY89,2026-09-25T09:29:49.000Z,202.8305
IE00BF01VY89,2026-09-25T11:29:55.000Z,202.169
IE00BF01VY89,2026-09-25T13:29:56.000Z,200.7615
IE00BF01VY89,2026-09-25T15:29:58.000Z,203.2055
IE00BF01VY89,2026-09-25T17:29:57.000Z,204.413
IE00BF01VY89,2026-09-25T19:29:53.000Z,203.658
IE00BF01VY89,2026-09-25T20:58:58.943Z,204.2825
IE00BF01VY89,2026-09-28T05:30:44.000Z,201.575
IE00BF01VY89,2026-09-28T09:29:27.000Z,200.5775
IE00BF01VY89,2026-09-28T11:29:57.000Z,199.828
IE00BF01VY89,2026-09-28T13:29:56.000Z,200.272
IE00BF01VY89,2026-09-28T15:29:48.000Z,199.836
IE00BF01VY89,2026-09-28T17:29:34.000Z,201.305
IE00BF01VY89,2026-09-28T19:20:42.111Z,201.229
IE00BF4RFH31,2026-08-25T05:30:54.000Z,9.155
IE00BF4RFH31,2026-08-25T07:29:36.000Z,9.1655
IE00BF4RFH31,2026-08-25T09:29:57.000Z,9.1865
IE00BF4RFH31,2026-08-25T11:29:55.000Z,9.1955
IE00BF4RFH31,2026-08-25T13:29:54.000Z,9.186
IE00BF4RFH31,2026-08-25T15:29:59.000Z,9.169
IE00BF4RFH31,2026-08-25T17:29:59.000Z,9.1625
IE00BF4RFH31,2026-08-25T19:29:58.000Z,9.161
IE00BF4RFH31,2026-08-26T05:30:53.000Z,9.1735
IE00BF4RFH31,2026-08-26T07:29:59.000Z,9.172
IE00BF4RFH31,2026-08-26T09:29:58.000Z,9.1715
IE00BF4RFH31,2026-08-26T11:29:55.000Z,9.176
IE00BF4RFH31,2026-08-26T13:29:58.000Z,9.166
IE00BF4RFH31,2026-08-26T15:29:53.000Z,9.1815
IE00BF4RFH31,2026-08-26T17:28:58.000Z,9.1795
IE00BF4RFH31,2026-08-26T19:29:10.000Z,9.1955
IE00BF4RFH31,2026-08-27T05:30:52.000Z,9.1965
IE00BF4RFH31,2026-08-27T07:29:59.000Z,9.198
IE00BF4RFH31,2026-08-27T09:29:52.000Z,9.2035
IE00BF4RFH31,2026-08-27T11:29:46.000Z,9.205
IE00BF4RFH31,2026-08-27T13:29:58.000Z,9.188
IE00BF4RFH31,2026-08-27T15:29:58.000Z,9.195
IE00BF4RFH31,2026-08-27T17:29:46.000Z,9.214
IE00BF4RFH31,2026-08-27T19:28:54.000Z,9.2025
IE00BF4RFH31,2026-08-28T05:30:08.000Z,9.2125
IE00BF4RFH31,2026-08-28T07:29:59.000Z,9.2245
IE00BF4RFH31,2026-08-28T09:29:40.000Z,9.22
IE00BF4RFH31,2026-08-28T11:29:59.000Z,9.211
IE00BF4RFH31,2026-08-28T13:29:57.000Z,9.215
IE00BF4RFH31,2026-08-28T15:29:54.000Z,9.207
IE00BF4RFH31,2026-08-28T17:29:48.000Z,9.1495
IE00BF4RFH31,2026-08-28T19:29:57.000Z,9.1575
IE00BF4RFH31,2026-08-31T05:30:58.000Z,9.1365
IE00BF4RFH31,2026-08-31T07:29:54.000Z,9.168
IE00BF4RFH31,2026-08-31T09:29:50.000Z,9.168
IE00BF4RFH31,2026-08-31T11:29:59.000Z,9.1635
IE00BF4RFH31,2026-08-31T13:29:59.000Z,9.1505
IE00BF4RFH31,2026-08-31T15:29:59.000Z,9.098
IE00BF4RFH31,2026-08-31T17:29:03.000Z,9.096
IE00BF4RFH31,2026-08-31T19:29:57.000Z,9.1095
IE00BF4RFH31,2026-09-01T05:30:48.000Z,9.107
IE00BF4RFH31,2026-09-01T07:29:23.000Z,9.1525
IE00BF4RFH31,2026-09-01T09:29:59.000Z,9.0785
IE00BF4RFH31,2026-09-01T11:29:26.000Z,9.086
IE00BF4RFH31,2026-09-01T13:29:54.000Z,9.0875
IE00BF4RFH31,2026-09-01T15:29:55.000Z,9.0875
IE00BF4RFH31,2026-09-01T17:29:47.000Z,9.0675
IE00BF4RFH31,2026-09-01T19:29:41.000Z,9.0685
IE00BF4RFH31,2026-09-02T05:30:58.000Z,9.0715
IE00BF4RFH31,2026-09-02T07:29:57.000Z,9.055
IE00BF4RFH31,2026-09-02T09:29:43.000Z,9.0155
IE00BF4RFH31,2026-09-02T11:29:55.000Z,9.0285
IE00BF4RFH31,2026-09-02T13:29:59.000Z,9.0525
IE00BF4RFH31,2026-09-02T15:29:53.000Z,9.081
IE00BF4RFH31,2026-09-02T17:29:50.000Z,9.0735
IE00BF4RFH31,2026-09-02T19:29:49.000Z,9.0845
IE00BF4RFH31,2026-09-03T05:30:50.000Z,9.077
IE00BF4RFH31,2026-09-03T07:29:59.000Z,9.101
IE00BF4RFH31,2026-09-03T09:29:50.000Z,9.1085
IE00BF4RFH31,2026-09-03T11:29:51.000Z,9.11
IE00BF4RFH31,2026-09-03T13:29:59.000Z,9.1445
IE00BF4RFH31,2026-09-03T15:29:55.000Z,9.1475
IE00BF4RFH31,2026-09-03T17:29:02.000Z,9.1345
IE00BF4RFH31,2026-09-03T19:29:56.000Z,9.143
IE00BF4RFH31,2026-09-04T05:30:24.000Z,9.1505
IE00BF4RFH31,2026-09-04T07:29:52.000Z,9.143
IE00BF4RFH31,2026-09-04T09:29:57.000Z,9.145
IE00BF4RFH31,2026-09-04T11:29:51.000Z,9.1465
IE00BF4RFH31,2026-09-04T13:29:54.000Z,9.1245
IE00BF4RFH31,2026-09-04T15:29:58.000Z,9.1585
IE00BF4RFH31,2026-09-04T17:29:35.000Z,9.171
IE00BF4RFH31,2026-09-04T19:29:47.000Z,9.17
IE00BF4RFH31,2026-09-07T05:30:09.000Z,9.1585
IE00BF4RFH31,2026-09-07T07:29:59.000Z,9.1545
IE00BF4RFH31,2026-09-07T09:29:50.000Z,9.1565
IE00BF4RFH31,2026-09-07T11:29:54.000Z,9.1405
IE00BF4RFH31,2026-09-07T13:29:42.000Z,9.151
IE00BF4RFH31,2026-09-07T15:29:31.000Z,9.1415
IE00BF4RFH31,2026-09-07T17:29:38.000Z,9.1635
IE00BF4RFH31,2026-09-07T19:29:20.000Z,9.1635
IE00BF4RFH31,2026-09-08T05:30:40.000Z,9.1605
IE00BF4RFH31,2026-09-08T07:29:58.000Z,9.13
IE00BF4RFH31,2026-09-08T09:29:42.000Z,9.128
IE00BF4RFH31,2026-09-08T11:29:45.000Z,9.1295
IE00BF4RFH31,2026-09-08T13:29:59.000Z,9.146
IE00BF4RFH31,2026-09-08T15:29:57.000Z,9.128
IE00BF4RFH31,2026-09-08T17:29:48.000Z,9.1295
IE00BF4RFH31,2026-09-08T19:29:59.000Z,9.1265
IE00BF4RFH31,2026-09-09T05:30:57.000Z,9.1145
IE00BF4RFH31,2026-09-09T07:29:58.000Z,9.109
IE00BF4RFH31,2026-09-09T09:29:41.000Z,9.0865
IE00BF4RFH31,2026-09-09T11:29:28.000Z,9.0465
IE00BF4RFH31,2026-09-09T13:29:59.000Z,9.064
IE00BF4RFH31,2026-09-09T15:29:58.000Z,9.013
IE00BF4RFH31,2026-09-09T17:29:10.000Z,9.0185
IE00BF4RFH31,2026-09-09T19:29:55.000Z,9.0185
IE00BF4RFH31,2026-09-10T05:30:31.000Z,9.0315
IE00BF4RFH31,2026-09-10T07:29:59.000Z,9.0195
IE00BF4RFH31,2026-09-10T09:28:51.000Z,9.0025
IE00BF4RFH31,2026-09-10T11:29:25.000Z,9.0035
IE00BF4RFH31,2026-09-10T13:29:55.000Z,8.9565
IE00BF4RFH31,2026-09-10T15:29:59.000Z,8.937
IE00BF4RFH31,2026-09-10T17:28:35.000Z,8.938
IE00BF4RFH31,2026-09-10T19:28:10.000Z,8.9305
IE00BF4RFH31,2026-09-11T05:30:56.000Z,8.949
IE00BF4RFH31,2026-09-11T07:29:58.000Z,8.9515
IE00BF4RFH31,2026-09-11T09:29:53.000Z,8.968
IE00BF4RFH31,2026-09-11T11:29:26.000Z,8.983
IE00BF4RFH31,2026-09-11T13:29:54.000Z,9.0025
IE00BF4RFH31,2026-09-11T15:29:54.000Z,9.0005
IE00BF4RFH31,2026-09-11T17:29:38.000Z,9.0055
IE00BF4RFH31,2026-09-11T19:29:38.000Z,8.996
IE00BF4RFH31,2026-09-14T05:30:38.000Z,8.9675
IE00BF4RFH31,2026-09-14T07:29:28.000Z,8.994
IE00BF4RFH31,2026-09-14T09:29:58.000Z,8.986
IE00BF4RFH31,2026-09-14T11:29:59.000Z,8.9895
IE00BF4RFH31,2026-09-14T13:29:54.000Z,8.9785
IE00BF4RFH31,2026-09-14T15:29:59.000Z,8.972
IE00BF4RFH31,2026-09-14T17:29:47.000Z,8.9945
IE00BF4RFH31,2026-09-14T19:28:29.000Z,8.9895
IE00BF4RFH31,2026-09-15T05:30:51.000Z,8.969
IE00BF4RFH31,2026-09-15T07:29:59.000Z,8.9355
IE00BF4RFH31,2026-09-15T09:29:56.000Z,8.9205
IE00BF4RFH31,2026-09-15T11:29:31.000Z,8.9625
IE00BF4RFH31,2026-09-15T13:29:55.000Z,8.964
IE00BF4RFH31,2026-09-15T15:29:57.000Z,8.927
IE00BF4RFH31,2026-09-15T17:29:59.000Z,8.929
IE00BF4RFH31,2026-09-15T19:29:47.000Z,8.93
IE00BF4RFH31,2026-09-16T05:30:52.000Z,8.944
IE00BF4RFH31,2026-09-16T07:29:48.000Z,8.956
IE00BF4RFH31,2026-09-16T09:29:57.000Z,8.9485
IE00BF4RFH31,2026-09-16T11:29:57.000Z,8.974
IE00BF4RFH31,2026-09-16T13:29:56.000Z,8.975
IE00BF4RFH31,2026-09-16T15:29:26.000Z,9.0005
IE00BF4RFH31,2026-09-16T17:29:04.000Z,9
IE00BF4RFH31,2026-09-16T19:29:57.000Z,8.941
IE00BF4RFH31,2026-09-17T05:30:40.000Z,9.0195
IE00BF4RFH31,2026-09-17T07:29:58.000Z,9.041
IE00BF4RFH31,2026-09-17T09:29:47.000Z,9.0325
IE00BF4RFH31,2026-09-17T11:29:39.000Z,9.0465
IE00BF4RFH31,2026-09-17T13:29:58.000Z,9.0765
IE00BF4RFH31,2026-09-17T15:29:56.000Z,9.051
IE00BF4RFH31,2026-09-17T17:28:45.000Z,9.0605
IE00BF4RFH31,2026-09-17T19:29:15.000Z,9.06
IE00BF4RFH31,2026-09-18T05:30:59.000Z,9.053
IE00BF4RFH31,2026-09-18T07:29:41.000Z,9.0335
IE00BF4RFH31,2026-09-18T09:29:34.000Z,9.017
IE00BF4RFH31,2026-09-18T11:29:53.000Z,9.0105
IE00BF4RFH31,2026-09-18T13:29:59.000Z,9.001
IE00BF4RFH31,2026-09-18T15:29:59.000Z,8.966
IE00BF4RFH31,2026-09-18T17:28:46.000Z,8.9475
IE00BF4RFH31,2026-09-18T19:29:45.000Z,8.963
IE00BF4RFH31,2026-09-21T05:30:55.000Z,9.0115
IE00BF4RFH31,2026-09-21T07:29:59.000Z,9.0205
IE00BF4RFH31,2026-09-21T09:29:58.000Z,9.0215
IE00BF4RFH31,2026-09-21T11:29:58.000Z,9.035
IE00BF4RFH31,2026-09-21T13:29:32.000Z,9.039
IE00BF4RFH31,2026-09-21T15:29:57.000Z,9.038
IE00BF4RFH31,2026-09-21T17:29:48.000Z,9.0635
IE00BF4RFH31,2026-09-21T19:29:30.000Z,9.0745
IE00BF4RFH31,2026-09-22T05:30:58.000Z,9.042
IE00BF4RFH31,2026-09-22T07:29:51.000Z,9.044
IE00BF4RFH31,2026-09-22T09:29:46.000Z,9.055
IE00BF4RFH31,2026-09-22T11:29:50.000Z,9.0795
IE00BF4RFH31,2026-09-22T13:29:58.000Z,9.1
IE00BF4RFH31,2026-09-22T15:29:57.000Z,9.0875
IE00BF4RFH31,2026-09-22T17:29:33.000Z,9.094
IE00BF4RFH31,2026-09-22T19:29:36.000Z,9.0945
IE00BF4RFH31,2026-09-23T05:30:04.000Z,9.107
IE00BF4RFH31,2026-09-23T07:29:56.000Z,9.103
IE00BF4RFH31,2026-09-23T09:29:59.000Z,9.0935
IE00BF4RFH31,2026-09-23T11:29:24.000Z,9.0725
IE00BF4RFH31,2026-09-23T13:29:53.000Z,9.079
IE00BF4RFH31,2026-09-23T15:29:59.000Z,9.0645
IE00BF4RFH31,2026-09-23T17:29:42.000Z,9.0545
IE00BF4RFH31,2026-09-23T19:28:37.000Z,9.0515
IE00BF4RFH31,2026-09-24T05:30:23.000Z,9.0325
IE00BF4RFH31,2026-09-24T07:29:59.000Z,9.0115
IE00BF4RFH31,2026-09-24T09:29:08.000Z,8.9965
IE00BF4RFH31,2026-09-24T11:29:56.000Z,9.0015
IE00BF4RFH31,2026-09-24T13:29:59.000Z,9.0205
IE00BF4RFH31,2026-09-24T15:29:59.000Z,8.9615
IE00BF4RFH31,2026-09-24T17:29:42.000Z,8.9965
IE00BF4RFH31,2026-09-24T19:29:45.000Z,8.9975
IE00BF4RFH31,2026-09-25T05:30:46.000Z,9.002
IE00BF4RFH31,2026-09-25T07:29:52.000Z,9.0235
IE00BF4RFH31,2026-09-25T09:29:35.000Z,9.032
IE00BF4RFH31,2026-09-25T11:29:59.000Z,9.025
IE00BF4RFH31,2026-09-25T13:29:56.000Z,9.0145
IE00BF4RFH31,2026-09-25T15:29:56.000Z,8.995
IE00BF4RFH31,2026-09-25T17:29:50.000Z,9.0285
IE00BF4RFH31,2026-09-25T19:29:53.000Z,9.0225
IE00BF4RFH31,2026-09-25T20:55:15.942Z,9.026
IE00BF4RFH31,2026-09-28T05:30:55.000Z,9.0025
IE00BF4RFH31,2026-09-28T07:29:59.000Z,8.9925
IE00BF4RFH31,2026-09-28T09:29:59.000Z,8.9845
IE00BF4RFH31,2026-09-28T11:29:55.000Z,8.9905
IE00BF4RFH31,2026-09-28T13:29:59.000Z,8.992
IE00BF4RFH31,2026-09-28T15:29:45.000Z,8.95
IE00BF4RFH31,2026-09-28T17:29:52.000Z,8.9745
IE00BF4RFH31,2026-09-28T19:20:30.200Z,8.977
IE00BGBN6P67,2026-08-25T05:30:51.000Z,159.8
IE00BGBN6P67,2026-08-25T07:29:59.000Z,161.38
IE00BGBN6P67,2026-08-25T09:29:58.000Z,161.19
IE00BGBN6P67,2026-08-25T11:29:36.000Z,160.59
IE00BGBN6P67,2026-08-25T13:29:56.000Z,159.19
IE00BGBN6P67,2026-08-25T15:29:56.000Z,163.11
IE00BGBN6P67,2026-08-25T17:29:59.000Z,162.9
IE00BGBN6P67,2026-08-26T05:30:59.000Z,164.84
IE00BGBN6P67,2026-08-26T07:29:59.000Z,164.28
IE00BGBN6P67,2026-08-26T09:29:59.000Z,164.03
IE00BGBN6P67,2026-08-26T11:27:23.000Z,164.26
IE00BGBN6P67,2026-08-26T13:29:59.000Z,162.66
IE00BGBN6P67,2026-08-26T15:29:57.000Z,162.78
IE00BGBN6P67,2026-08-26T17:29:10.000Z,160.95
IE00BGBN6P67,2026-08-26T19:28:42.000Z,161.45
IE00BGBN6P67,2026-08-27T05:30:55.000Z,163.84
IE00BGBN6P67,2026-08-27T07:29:55.000Z,163.84
IE00BGBN6P67,2026-08-27T09:29:41.000Z,165.77
IE00BGBN6P67,2026-08-27T11:29:33.000Z,165.11
IE00BGBN6P67,2026-08-27T13:29:58.000Z,165.09
IE00BGBN6P67,2026-08-27T15:29:59.000Z,168.11
IE00BGBN6P67,2026-08-27T17:29:55.000Z,167.18
IE00BGBN6P67,2026-08-28T05:30:30.000Z,166
IE00BGBN6P67,2026-08-28T07:29:56.000Z,167.24
IE00BGBN6P67,2026-08-28T09:29:59.000Z,166.15
IE00BGBN6P67,2026-08-28T11:29:15.000Z,166.25
IE00BGBN6P67,2026-08-28T13:29:59.000Z,165.62
IE00BGBN6P67,2026-08-28T15:29:53.000Z,164.87
IE00BGBN6P67,2026-08-31T05:30:58.000Z,160.59
IE00BGBN6P67,2026-08-31T07:29:57.000Z,161.07
IE00BGBN6P67,2026-08-31T09:29:50.000Z,161.31
IE00BGBN6P67,2026-08-31T11:29:27.000Z,161.15
IE00BGBN6P67,2026-08-31T13:29:57.000Z,160.5
IE00BGBN6P67,2026-08-31T15:29:59.000Z,159.66
IE00BGBN6P67,2026-08-31T19:28:48.000Z,161.55
IE00BGBN6P67,2026-09-01T05:30:51.000Z,163.23
IE00BGBN6P67,2026-09-01T07:29:47.000Z,163.46
IE00BGBN6P67,2026-09-01T09:29:43.000Z,160.65
IE00BGBN6P67,2026-09-01T11:29:23.000Z,160.78
IE00BGBN6P67,2026-09-01T13:29:59.000Z,160.03
IE00BGBN6P67,2026-09-01T15:29:58.000Z,160.32
IE00BGBN6P67,2026-09-01T17:27:16.000Z,159.67
IE00BGBN6P67,2026-09-02T05:30:38.000Z,157.64
IE00BGBN6P67,2026-09-02T07:29:57.000Z,157.7
IE00BGBN6P67,2026-09-02T09:29:55.000Z,156.29
IE00BGBN6P67,2026-09-02T11:29:49.000Z,156.15
IE00BGBN6P67,2026-09-02T13:29:59.000Z,156.7
IE00BGBN6P67,2026-09-02T15:29:57.000Z,158.16
IE00BGBN6P67,2026-09-03T05:30:54.000Z,159.25
IE00BGBN6P67,2026-09-03T07:29:59.000Z,159.94
IE00BGBN6P67,2026-09-03T09:29:58.000Z,159.86
IE00BGBN6P67,2026-09-03T11:29:57.000Z,159.78
IE00BGBN6P67,2026-09-03T13:29:59.000Z,161.28
IE00BGBN6P67,2026-09-03T15:29:59.000Z,167.76
IE00BGBN6P67,2026-09-03T17:29:41.000Z,166.89
IE00BGBN6P67,2026-09-03T19:29:58.000Z,167.91
IE00BGBN6P67,2026-09-04T05:30:42.000Z,169.24
IE00BGBN6P67,2026-09-04T07:29:59.000Z,168.93
IE00BGBN6P67,2026-09-04T09:29:59.000Z,169.27
IE00BGBN6P67,2026-09-04T11:29:20.000Z,169.59
IE00BGBN6P67,2026-09-04T13:29:57.000Z,167.04
IE00BGBN6P67,2026-09-04T15:29:59.000Z,168.55
IE00BGBN6P67,2026-09-04T17:29:39.000Z,168.51
IE00BGBN6P67,2026-09-04T19:29:56.000Z,168.81
IE00BGBN6P67,2026-09-07T05:30:57.000Z,168.84
IE00BGBN6P67,2026-09-07T07:29:59.000Z,169.02
IE00BGBN6P67,2026-09-07T09:29:31.000Z,169.02
IE00BGBN6P67,2026-09-07T11:29:59.000Z,168.56
IE00BGBN6P67,2026-09-07T13:29:59.000Z,168.94
IE00BGBN6P67,2026-09-07T15:29:59.000Z,168.12
IE00BGBN6P67,2026-09-08T05:30:44.000Z,167.51
IE00BGBN6P67,2026-09-08T07:28:51.000Z,167.61
IE00BGBN6P67,2026-09-08T09:29:50.000Z,167.33
IE00BGBN6P67,2026-09-08T11:29:45.000Z,167.99
IE00BGBN6P67,2026-09-08T13:29:59.000Z,168.5
IE00BGBN6P67,2026-09-08T15:29:56.000Z,169.49
IE00BGBN6P67,2026-09-08T19:25:11.000Z,170.22
IE00BGBN6P67,2026-09-09T05:30:50.000Z,169.03
IE00BGBN6P67,2026-09-09T07:29:59.000Z,169.06
IE00BGBN6P67,2026-09-09T09:29:49.000Z,169.09
IE00BGBN6P67,2026-09-09T11:29:29.000Z,167.72
IE00BGBN6P67,2026-09-09T13:29:59.000Z,169.25
IE00BGBN6P67,2026-09-09T15:29:57.000Z,165.91
IE00BGBN6P67,2026-09-10T05:30:56.000Z,165.99
IE00BGBN6P67,2026-09-10T07:29:59.000Z,165.63
IE00BGBN6P67,2026-09-10T09:29:58.000Z,165.04
IE00BGBN6P67,2026-09-10T11:25:07.000Z,164.68
IE00BGBN6P67,2026-09-10T13:29:56.000Z,162.59
IE00BGBN6P67,2026-09-10T15:29:57.000Z,163.72
IE00BGBN6P67,2026-09-11T05:30:59.000Z,161.42
IE00BGBN6P67,2026-09-11T07:29:58.000Z,162.74
IE00BGBN6P67,2026-09-11T09:29:59.000Z,163.29
IE00BGBN6P67,2026-09-11T11:29:28.000Z,163.04
IE00BGBN6P67,2026-09-11T13:29:59.000Z,164.43
IE00BGBN6P67,2026-09-11T15:29:20.000Z,167.51
IE00BGBN6P67,2026-09-11T19:22:21.000Z,165.16
IE00BGBN6P67,2026-09-14T05:30:54.000Z,163.83
IE00BGBN6P67,2026-09-14T07:29:48.000Z,163.26
IE00BGBN6P67,2026-09-14T09:29:59.000Z,162.39
IE00BGBN6P67,2026-09-14T11:29:43.000Z,163
IE00BGBN6P67,2026-09-14T13:29:49.000Z,162.42
IE00BGBN6P67,2026-09-14T15:29:58.000Z,164.4
IE00BGBN6P67,2026-09-15T05:30:12.000Z,163.78
IE00BGBN6P67,2026-09-15T07:29:31.000Z,163.03
IE00BGBN6P67,2026-09-15T09:29:56.000Z,162.5
IE00BGBN6P67,2026-09-15T11:29:48.000Z,163.72
IE00BGBN6P67,2026-09-15T13:29:56.000Z,162.92
IE00BGBN6P67,2026-09-15T15:29:45.000Z,161.26
IE00BGBN6P67,2026-09-16T05:30:50.000Z,158.66
IE00BGBN6P67,2026-09-16T07:29:25.000Z,159.12
IE00BGBN6P67,2026-09-16T09:28:29.000Z,159.01
IE00BGBN6P67,2026-09-16T11:29:40.000Z,159.73
IE00BGBN6P67,2026-09-16T13:29:54.000Z,160.07
IE00BGBN6P67,2026-09-16T15:29:58.000Z,160
IE00BGBN6P67,2026-09-16T19:26:03.000Z,157.89
IE00BGBN6P67,2026-09-17T05:30:58.000Z,160.84
IE00BGBN6P67,2026-09-17T07:29:46.000Z,161.77
IE00BGBN6P67,2026-09-17T09:29:59.000Z,162.43
IE00BGBN6P67,2026-09-17T11:27:45.000Z,162.37
IE00BGBN6P67,2026-09-17T13:29:58.000Z,163.98
IE00BGBN6P67,2026-09-17T15:29:59.000Z,162.59
IE00BGBN6P67,2026-09-17T17:23:19.000Z,163.89
IE00BGBN6P67,2026-09-18T05:30:56.000Z,164.81
IE00BGBN6P67,2026-09-18T07:29:53.000Z,165.82
IE00BGBN6P67,2026-09-18T09:29:34.000Z,165.88
IE00BGBN6P67,2026-09-18T11:29:51.000Z,165.53
IE00BGBN6P67,2026-09-18T13:29:59.000Z,166.33
IE00BGBN6P67,2026-09-18T15:29:58.000Z,168.5
IE00BGBN6P67,2026-09-18T17:29:13.000Z,168.32
IE00BGBN6P67,2026-09-21T05:30:59.000Z,172.75
IE00BGBN6P67,2026-09-21T07:29:29.000Z,173.45
IE00BGBN6P67,2026-09-21T09:29:36.000Z,176.62
IE00BGBN6P67,2026-09-21T11:27:27.000Z,177.06
IE00BGBN6P67,2026-09-21T13:29:59.000Z,177.25
IE00BGBN6P67,2026-09-21T15:29:57.000Z,176.56
IE00BGBN6P67,2026-09-22T05:30:54.000Z,175.48
IE00BGBN6P67,2026-09-22T07:29:47.000Z,174.44
IE00BGBN6P67,2026-09-22T09:29:57.000Z,175.24
IE00BGBN6P67,2026-09-22T11:29:58.000Z,175.92
IE00BGBN6P67,2026-09-22T13:29:59.000Z,175.95
IE00BGBN6P67,2026-09-22T15:29:40.000Z,177.85
IE00BGBN6P67,2026-09-23T05:30:53.000Z,178.96
IE00BGBN6P67,2026-09-23T07:29:59.000Z,178.8
IE00BGBN6P67,2026-09-23T09:29:59.000Z,178.47
IE00BGBN6P67,2026-09-23T11:29:43.000Z,177.23
IE00BGBN6P67,2026-09-23T13:29:59.000Z,176.9
IE00BGBN6P67,2026-09-23T15:29:59.000Z,177.59
IE00BGBN6P67,2026-09-23T19:20:41.000Z,176.53
IE00BGBN6P67,2026-09-24T05:30:48.000Z,175.13
IE00BGBN6P67,2026-09-24T07:29:56.000Z,174.42
IE00BGBN6P67,2026-09-24T09:29:56.000Z,172.99
IE00BGBN6P67,2026-09-24T11:29:47.000Z,173.48
IE00BGBN6P67,2026-09-24T13:29:59.000Z,173.86
IE00BGBN6P67,2026-09-24T15:29:52.000Z,173.18
IE00BGBN6P67,2026-09-25T05:30:36.000Z,175.3
IE00BGBN6P67,2026-09-25T07:29:40.000Z,175.59
IE00BGBN6P67,2026-09-25T09:29:51.000Z,176.64
IE00BGBN6P67,2026-09-25T11:29:59.000Z,176.89
IE00BGBN6P67,2026-09-25T13:29:56.000Z,175.74
IE00BGBN6P67,2026-09-25T15:29:59.000Z,171.69
IE00BGBN6P67,2026-09-25T20:55:35.028Z,171.75
IE00BGBN6P67,2026-09-28T05:30:44.000Z,170
IE00BGBN6P67,2026-09-28T07:29:59.000Z,169.31
IE00BGBN6P67,2026-09-28T09:29:57.000Z,168.86
IE00BGBN6P67,2026-09-28T11:28:49.000Z,169.47
IE00BGBN6P67,2026-09-28T13:29:59.000Z,169.97
IE00BGBN6P67,2026-09-28T15:29:59.000Z,167.15
IE00BGBN6P67,2026-09-28T18:36:54.093Z,166.44
IE00BK5BQT80,2026-08-25T05:30:48.000Z,166.05
IE00BK5BQT80,2026-08-25T07:29:59.000Z,166.15
IE00BK5BQT80,2026-08-25T09:29:59.000Z,166.43
IE00BK5BQT80,2026-08-25T11:29:59.000Z,166.5
IE00BK5BQT80,2026-08-25T13:29:59.000Z,166.27
IE00BK5BQT80,2026-08-25T15:29:59.000Z,166.29
IE00BK5BQT80,2026-08-25T17:29:11.000Z,166.2
IE00BK5BQT80,2026-08-25T19:29:55.000Z,166.29
IE00BK5BQT80,2026-08-26T05:30:54.000Z,166.61
IE00BK5BQT80,2026-08-26T07:29:59.000Z,166.41
IE00BK5BQT80,2026-08-26T09:29:59.000Z,166.52
IE00BK5BQT80,2026-08-26T11:29:59.000Z,166.62
IE00BK5BQT80,2026-08-26T13:29:59.000Z,166.5
IE00BK5BQT80,2026-08-26T15:29:59.000Z,166.6
IE00BK5BQT80,2026-08-26T17:29:43.000Z,166.54
IE00BK5BQT80,2026-08-26T19:26:59.000Z,166.72
IE00BK5BQT80,2026-08-27T05:30:55.000Z,166.99
IE00BK5BQT80,2026-08-27T07:29:59.000Z,167.07
IE00BK5BQT80,2026-08-27T09:29:59.000Z,167.18
IE00BK5BQT80,2026-08-27T11:29:59.000Z,167.23
IE00BK5BQT80,2026-08-27T13:29:59.000Z,166.89
IE00BK5BQT80,2026-08-27T15:29:58.000Z,167.11
IE00BK5BQT80,2026-08-27T17:29:59.000Z,167.4
IE00BK5BQT80,2026-08-27T19:29:55.000Z,167.13
IE00BK5BQT80,2026-08-28T05:30:47.000Z,167.39
IE00BK5BQT80,2026-08-28T07:29:50.000Z,167.68
IE00BK5BQT80,2026-08-28T09:29:59.000Z,167.67
IE00BK5BQT80,2026-08-28T11:29:59.000Z,167.61
IE00BK5BQT80,2026-08-28T13:29:59.000Z,167.74
IE00BK5BQT80,2026-08-28T15:29:59.000Z,168.58
IE00BK5BQT80,2026-08-28T17:29:46.000Z,167.64
IE00BK5BQT80,2026-08-28T19:29:59.000Z,167.75
IE00BK5BQT80,2026-08-31T05:30:46.000Z,167.55
IE00BK5BQT80,2026-08-31T07:29:59.000Z,167.65
IE00BK5BQT80,2026-08-31T09:29:59.000Z,167.63
IE00BK5BQT80,2026-08-31T11:29:58.000Z,167.57
IE00BK5BQT80,2026-08-31T13:29:59.000Z,167.46
IE00BK5BQT80,2026-08-31T15:29:59.000Z,166.75
IE00BK5BQT80,2026-08-31T17:29:40.000Z,166.59
IE00BK5BQT80,2026-08-31T19:29:59.000Z,166.79
IE00BK5BQT80,2026-09-01T05:30:58.000Z,167.2
IE00BK5BQT80,2026-09-01T07:29:59.000Z,167.62
IE00BK5BQT80,2026-09-01T09:29:59.000Z,166.27
IE00BK5BQT80,2026-09-01T11:29:59.000Z,166.39
IE00BK5BQT80,2026-09-01T13:29:59.000Z,166.39
IE00BK5BQT80,2026-09-01T15:29:59.000Z,166.54
IE00BK5BQT80,2026-09-01T17:29:59.000Z,166.09
IE00BK5BQT80,2026-09-01T19:29:51.000Z,166.03
IE00BK5BQT80,2026-09-02T05:30:59.000Z,166.14
IE00BK5BQT80,2026-09-02T07:29:43.000Z,166.17
IE00BK5BQT80,2026-09-02T09:29:55.000Z,165.65
IE00BK5BQT80,2026-09-02T11:29:59.000Z,165.9
IE00BK5BQT80,2026-09-02T13:29:59.000Z,166.11
IE00BK5BQT80,2026-09-02T15:29:59.000Z,166.84
IE00BK5BQT80,2026-09-02T17:29:47.000Z,166.7
IE00BK5BQT80,2026-09-02T19:29:46.000Z,166.88
IE00BK5BQT80,2026-09-03T05:30:51.000Z,166.36
IE00BK5BQT80,2026-09-03T07:29:59.000Z,166.71
IE00BK5BQT80,2026-09-03T09:29:59.000Z,166.85
IE00BK5BQT80,2026-09-03T11:29:59.000Z,166.81
IE00BK5BQT80,2026-09-03T13:29:59.000Z,167.21
IE00BK5BQT80,2026-09-03T15:29:59.000Z,168.02
IE00BK5BQT80,2026-09-03T17:29:49.000Z,167.83
IE00BK5BQT80,2026-09-03T19:29:43.000Z,168.09
IE00BK5BQT80,2026-09-04T05:30:38.000Z,168.25
IE00BK5BQT80,2026-09-04T07:29:59.000Z,168.15
IE00BK5BQT80,2026-09-04T09:29:58.000Z,168.15
IE00BK5BQT80,2026-09-04T11:29:57.000Z,168.23
IE00BK5BQT80,2026-09-04T13:29:59.000Z,167.97
IE00BK5BQT80,2026-09-04T15:29:59.000Z,167.89
IE00BK5BQT80,2026-09-04T17:29:55.000Z,168.02
IE00BK5BQT80,2026-09-04T19:29:53.000Z,168.04
IE00BK5BQT80,2026-09-07T05:30:25.000Z,168.11
IE00BK5BQT80,2026-09-07T07:29:59.000Z,168.05
IE00BK5BQT80,2026-09-07T09:29:59.000Z,168.01
IE00BK5BQT80,2026-09-07T11:29:58.000Z,167.79
IE00BK5BQT80,2026-09-07T13:29:53.000Z,168.01
IE00BK5BQT80,2026-09-07T15:29:58.000Z,167.71
IE00BK5BQT80,2026-09-07T17:29:54.000Z,167.88
IE00BK5BQT80,2026-09-07T19:29:13.000Z,167.9
IE00BK5BQT80,2026-09-08T05:30:59.000Z,168.04
IE00BK5BQT80,2026-09-08T07:29:59.000Z,167.72
IE00BK5BQT80,2026-09-08T09:29:59.000Z,167.61
IE00BK5BQT80,2026-09-08T11:29:59.000Z,167.63
IE00BK5BQT80,2026-09-08T13:29:59.000Z,167.92
IE00BK5BQT80,2026-09-08T15:29:59.000Z,167.58
IE00BK5BQT80,2026-09-08T17:29:46.000Z,167.51
IE00BK5BQT80,2026-09-08T19:29:31.000Z,167.42
IE00BK5BQT80,2026-09-09T05:30:57.000Z,167.21
IE00BK5BQT80,2026-09-09T07:29:59.000Z,167.36
IE00BK5BQT80,2026-09-09T09:29:59.000Z,167.01
IE00BK5BQT80,2026-09-09T11:29:59.000Z,166.23
IE00BK5BQT80,2026-09-09T13:29:59.000Z,166.42
IE00BK5BQT80,2026-09-09T15:29:59.000Z,166.06
IE00BK5BQT80,2026-09-09T17:29:52.000Z,166.16
IE00BK5BQT80,2026-09-09T19:28:48.000Z,166.31
IE00BK5BQT80,2026-09-10T05:30:53.000Z,166.5
IE00BK5BQT80,2026-09-10T07:29:59.000Z,166.37
IE00BK5BQT80,2026-09-10T09:29:58.000Z,166.08
IE00BK5BQT80,2026-09-10T11:29:58.000Z,166.05
IE00BK5BQT80,2026-09-10T13:29:59.000Z,165.34
IE00BK5BQT80,2026-09-10T15:29:59.000Z,165.25
IE00BK5BQT80,2026-09-10T17:29:50.000Z,165.07
IE00BK5BQT80,2026-09-10T19:28:51.000Z,164.95
IE00BK5BQT80,2026-09-11T05:30:39.000Z,165.61
IE00BK5BQT80,2026-09-11T07:29:59.000Z,165.85
IE00BK5BQT80,2026-09-11T09:29:59.000Z,166.19
IE00BK5BQT80,2026-09-11T11:29:58.000Z,166.3
IE00BK5BQT80,2026-09-11T13:29:58.000Z,166.81
IE00BK5BQT80,2026-09-11T15:29:59.000Z,166.85
IE00BK5BQT80,2026-09-11T17:29:50.000Z,167.02
IE00BK5BQT80,2026-09-11T19:29:59.000Z,166.78
IE00BK5BQT80,2026-09-14T05:30:53.000Z,166.09
IE00BK5BQT80,2026-09-14T07:29:59.000Z,166.08
IE00BK5BQT80,2026-09-14T09:29:59.000Z,165.85
IE00BK5BQT80,2026-09-14T11:29:59.000Z,166.15
IE00BK5BQT80,2026-09-14T13:29:59.000Z,166.04
IE00BK5BQT80,2026-09-14T15:29:59.000Z,166.03
IE00BK5BQT80,2026-09-14T17:29:58.000Z,166.52
IE00BK5BQT80,2026-09-14T19:29:56.000Z,166.35
IE00BK5BQT80,2026-09-15T05:30:46.000Z,165.9
IE00BK5BQT80,2026-09-15T07:29:59.000Z,165.48
IE00BK5BQT80,2026-09-15T09:29:59.000Z,165.2
IE00BK5BQT80,2026-09-15T11:29:59.000Z,165.84
IE00BK5BQT80,2026-09-15T13:29:59.000Z,165.95
IE00BK5BQT80,2026-09-15T15:29:59.000Z,165.33
IE00BK5BQT80,2026-09-15T17:29:55.000Z,165.35
IE00BK5BQT80,2026-09-15T19:28:28.000Z,165.37
IE00BK5BQT80,2026-09-16T05:30:47.000Z,165.68
IE00BK5BQT80,2026-09-16T07:29:59.000Z,165.91
IE00BK5BQT80,2026-09-16T09:29:58.000Z,165.76
IE00BK5BQT80,2026-09-16T11:29:59.000Z,166.12
IE00BK5BQT80,2026-09-16T13:29:59.000Z,166.2
IE00BK5BQT80,2026-09-16T15:29:59.000Z,166.33
IE00BK5BQT80,2026-09-16T17:29:44.000Z,166.29
IE00BK5BQT80,2026-09-16T19:29:50.000Z,165.25
IE00BK5BQT80,2026-09-17T05:30:18.000Z,166.85
IE00BK5BQT80,2026-09-17T07:29:59.000Z,167.24
IE00BK5BQT80,2026-09-17T09:29:59.000Z,167.13
IE00BK5BQT80,2026-09-17T11:29:58.000Z,167.24
IE00BK5BQT80,2026-09-17T13:29:59.000Z,167.71
IE00BK5BQT80,2026-09-17T15:29:59.000Z,167.57
IE00BK5BQT80,2026-09-17T17:29:26.000Z,167.67
IE00BK5BQT80,2026-09-17T19:28:11.000Z,167.74
IE00BK5BQT80,2026-09-18T05:30:50.000Z,168
IE00BK5BQT80,2026-09-18T07:29:59.000Z,168.09
IE00BK5BQT80,2026-09-18T09:29:59.000Z,167.74
IE00BK5BQT80,2026-09-18T11:29:59.000Z,167.65
IE00BK5BQT80,2026-09-18T13:29:59.000Z,167.52
IE00BK5BQT80,2026-09-18T15:29:59.000Z,167.13
IE00BK5BQT80,2026-09-18T17:29:59.000Z,166.87
IE00BK5BQT80,2026-09-18T19:29:56.000Z,167.12
IE00BK5BQT80,2026-09-21T05:30:59.000Z,168.22
IE00BK5BQT80,2026-09-21T07:29:59.000Z,168.56
IE00BK5BQT80,2026-09-21T09:29:59.000Z,168.8
IE00BK5BQT80,2026-09-21T11:29:59.000Z,168.82
IE00BK5BQT80,2026-09-21T13:29:59.000Z,168.8
IE00BK5BQT80,2026-09-21T15:29:59.000Z,169.43
IE00BK5BQT80,2026-09-21T17:29:06.000Z,169.9
IE00BK5BQT80,2026-09-21T19:28:30.000Z,170.22
IE00BK5BQT80,2026-09-22T05:30:55.000Z,169.78
IE00BK5BQT80,2026-09-22T07:29:56.000Z,170.04
IE00BK5BQT80,2026-09-22T09:29:59.000Z,170.1
IE00BK5BQT80,2026-09-22T11:29:59.000Z,170.3
IE00BK5BQT80,2026-09-22T13:29:59.000Z,170.41
IE00BK5BQT80,2026-09-22T15:29:59.000Z,170.53
IE00BK5BQT80,2026-09-22T17:29:06.000Z,170.67
IE00BK5BQT80,2026-09-22T19:29:53.000Z,170.77
IE00BK5BQT80,2026-09-23T05:30:34.000Z,170.8
IE00BK5BQT80,2026-09-23T07:29:59.000Z,170.78
IE00BK5BQT80,2026-09-23T09:29:59.000Z,170.8
IE00BK5BQT80,2026-09-23T11:29:59.000Z,170.46
IE00BK5BQT80,2026-09-23T13:29:59.000Z,170.53
IE00BK5BQT80,2026-09-23T15:29:59.000Z,170.02
IE00BK5BQT80,2026-09-23T17:29:47.000Z,169.77
IE00BK5BQT80,2026-09-23T19:28:56.000Z,169.73
IE00BK5BQT80,2026-09-24T05:30:32.000Z,169.52
IE00BK5BQT80,2026-09-24T07:29:57.000Z,169.24
IE00BK5BQT80,2026-09-24T09:29:58.000Z,168.86
IE00BK5BQT80,2026-09-24T11:29:59.000Z,169.04
IE00BK5BQT80,2026-09-24T13:29:59.000Z,169.36
IE00BK5BQT80,2026-09-24T15:29:58.000Z,168.89
IE00BK5BQT80,2026-09-24T17:29:28.000Z,169.64
IE00BK5BQT80,2026-09-24T19:29:47.000Z,169.64
IE00BK5BQT80,2026-09-25T05:30:57.000Z,169.8
IE00BK5BQT80,2026-09-25T07:29:56.000Z,170.02
IE00BK5BQT80,2026-09-25T09:29:59.000Z,170.14
IE00BK5BQT80,2026-09-25T11:29:58.000Z,170.01
IE00BK5BQT80,2026-09-25T13:29:59.000Z,169.78
IE00BK5BQT80,2026-09-25T15:29:59.000Z,169.69
IE00BK5BQT80,2026-09-25T17:29:41.000Z,170.35
IE00BK5BQT80,2026-09-25T19:29:39.000Z,170.08
IE00BK5BQT80,2026-09-25T20:56:22.713Z,170.34
IE00BK5BQT80,2026-09-28T05:30:54.000Z,169.79
IE00BK5BQT80,2026-09-28T07:29:56.000Z,169.71
IE00BK5BQT80,2026-09-28T09:29:59.000Z,169.54
IE00BK5BQT80,2026-09-28T11:29:59.000Z,169.72
IE00BK5BQT80,2026-09-28T13:29:59.000Z,169.92
IE00BK5BQT80,2026-09-28T15:29:59.000Z,169.16
IE00BK5BQT80,2026-09-28T17:29:59.000Z,169.71
IE00BK5BQT80,2026-09-28T19:20:44.485Z,169.62
IE00BK5BZX59,2026-08-25T05:30:19.000Z,154.755
IE00BK5BZX59,2026-08-25T07:29:34.000Z,154.47
IE00BK5BZX59,2026-08-25T09:29:59.000Z,155.83
IE00BK5BZX59,2026-08-25T11:29:55.000Z,157.33
IE00BK5BZX59,2026-08-25T13:29:59.000Z,156.245
IE00BK5BZX59,2026-08-25T15:29:59.000Z,152.52
IE00BK5BZX59,2026-08-25T17:29:59.000Z,153.025
IE00BK5BZX59,2026-08-25T19:29:59.000Z,153.01
IE00BK5BZX59,2026-08-26T05:30:59.000Z,153.15
IE00BK5BZX59,2026-08-26T07:29:59.000Z,152.635
IE00BK5BZX59,2026-08-26T09:29:50.000Z,152.9
IE00BK5BZX59,2026-08-26T11:29:59.000Z,153.655
IE00BK5BZX59,2026-08-26T13:29:59.000Z,152.895
IE00BK5BZX59,2026-08-26T15:29:59.000Z,148.07
IE00BK5BZX59,2026-08-26T17:29:54.000Z,146.34
IE00BK5BZX59,2026-08-26T19:29:59.000Z,146.75
IE00BK5BZX59,2026-08-27T07:29:59.000Z,145.9
IE00BK5BZX59,2026-08-27T09:29:58.000Z,145.875
IE00BK5BZX59,2026-08-27T11:29:58.000Z,145.54
IE00BK5BZX59,2026-08-27T13:29:59.000Z,143.975
IE00BK5BZX59,2026-08-27T15:29:59.000Z,145.815
IE00BK5BZX59,2026-08-27T17:27:10.000Z,146.425
IE00BK5BZX59,2026-08-27T19:29:54.000Z,145.475
IE00BK5BZX59,2026-08-28T05:30:57.000Z,146.135
IE00BK5BZX59,2026-08-28T07:29:59.000Z,146.775
IE00BK5BZX59,2026-08-28T09:29:57.000Z,147.43
IE00BK5BZX59,2026-08-28T11:29:52.000Z,146.885
IE00BK5BZX59,2026-08-28T13:29:59.000Z,145.395
IE00BK5BZX59,2026-08-28T15:29:59.000Z,155.5
IE00BK5BZX59,2026-08-28T17:29:58.000Z,153.2
IE00BK5BZX59,2026-08-28T19:29:58.000Z,154.78
IE00BK5BZX59,2026-08-31T05:30:59.000Z,151.65
IE00BK5BZX59,2026-08-31T07:29:58.000Z,151.6
IE00BK5BZX59,2026-08-31T09:29:59.000Z,150.805
IE00BK5BZX59,2026-08-31T11:29:59.000Z,150.745
IE00BK5BZX59,2026-08-31T13:29:59.000Z,148.95
IE00BK5BZX59,2026-08-31T15:29:59.000Z,141.955
IE00BK5BZX59,2026-08-31T17:29:45.000Z,141.795
IE00BK5BZX59,2026-08-31T19:29:59.000Z,142.245
IE00BK5BZX59,2026-09-01T05:30:17.000Z,143.08
IE00BK5BZX59,2026-09-01T07:29:59.000Z,142.305
IE00BK5BZX59,2026-09-01T09:29:50.000Z,139.545
IE00BK5BZX59,2026-09-01T11:29:42.000Z,140.52
IE00BK5BZX59,2026-09-01T13:29:59.000Z,139.04
IE00BK5BZX59,2026-09-01T15:29:57.000Z,139.895
IE00BK5BZX59,2026-09-01T17:29:59.000Z,138.615
IE00BK5BZX59,2026-09-01T19:29:55.000Z,137.765
IE00BK5BZX59,2026-09-02T05:30:47.000Z,140.895
IE00BK5BZX59,2026-09-02T07:29:59.000Z,140.775
IE00BK5BZX59,2026-09-02T09:29:33.000Z,140.055
IE00BK5BZX59,2026-09-02T11:29:44.000Z,138.705
IE00BK5BZX59,2026-09-02T13:29:59.000Z,136.575
IE00BK5BZX59,2026-09-02T15:29:59.000Z,140.75
IE00BK5BZX59,2026-09-02T17:29:58.000Z,141.845
IE00BK5BZX59,2026-09-02T19:29:54.000Z,141.56
IE00BK5BZX59,2026-09-03T05:30:48.000Z,141.475
IE00BK5BZX59,2026-09-03T07:29:58.000Z,142.33
IE00BK5BZX59,2026-09-03T09:29:58.000Z,143.485
IE00BK5BZX59,2026-09-03T11:29:59.000Z,142.585
IE00BK5BZX59,2026-09-03T13:29:56.000Z,144.015
IE00BK5BZX59,2026-09-03T15:29:59.000Z,147.17
IE00BK5BZX59,2026-09-03T17:29:59.000Z,146.57
IE00BK5BZX59,2026-09-03T19:29:59.000Z,147.86
IE00BK5BZX59,2026-09-04T05:30:53.000Z,148.49
IE00BK5BZX59,2026-09-04T07:29:58.000Z,148.275
IE00BK5BZX59,2026-09-04T09:29:59.000Z,148.395
IE00BK5BZX59,2026-09-04T11:29:58.000Z,148.11
IE00BK5BZX59,2026-09-04T13:29:59.000Z,146.705
IE00BK5BZX59,2026-09-04T15:29:53.000Z,141
IE00BK5BZX59,2026-09-07T05:30:47.000Z,144.365
IE00BK5BZX59,2026-09-07T07:29:30.000Z,143.895
IE00BK5BZX59,2026-09-07T09:29:59.000Z,143.045
IE00BK5BZX59,2026-09-07T11:29:58.000Z,141.285
IE00BK5BZX59,2026-09-07T13:29:59.000Z,141.71
IE00BK5BZX59,2026-09-07T15:29:59.000Z,141.62
IE00BK5BZX59,2026-09-07T17:27:53.000Z,141.245
IE00BK5BZX59,2026-09-07T19:24:59.000Z,142.245
IE00BK5BZX59,2026-09-08T05:30:57.000Z,140.83
IE00BK5BZX59,2026-09-08T07:29:57.000Z,140.12
IE00BK5BZX59,2026-09-08T09:29:58.000Z,139.9
IE00BK5BZX59,2026-09-08T11:29:57.000Z,139.01
IE00BK5BZX59,2026-09-08T13:29:59.000Z,137.445
IE00BK5BZX59,2026-09-08T15:29:59.000Z,141.73
IE00BK5BZX59,2026-09-08T17:29:59.000Z,143.02
IE00BK5BZX59,2026-09-08T19:29:56.000Z,140.845
IE00BK5BZX59,2026-09-09T05:30:09.000Z,142.77
IE00BK5BZX59,2026-09-09T07:29:36.000Z,142.995
IE00BK5BZX59,2026-09-09T09:29:56.000Z,141.74
IE00BK5BZX59,2026-09-09T11:29:59.000Z,134.99
IE00BK5BZX59,2026-09-09T13:29:59.000Z,133.74
IE00BK5BZX59,2026-09-09T15:29:59.000Z,130.81
IE00BK5BZX59,2026-09-09T17:27:32.000Z,132.985
IE00BK5BZX59,2026-09-09T19:28:28.000Z,133.645
IE00BK5BZX59,2026-09-10T05:30:02.000Z,133.26
IE00BK5BZX59,2026-09-10T07:29:58.000Z,133.725
IE00BK5BZX59,2026-09-10T09:29:59.000Z,133.47
IE00BK5BZX59,2026-09-10T11:29:55.000Z,134.405
IE00BK5BZX59,2026-09-10T13:29:58.000Z,130.475
IE00BK5BZX59,2026-09-10T15:29:59.000Z,132.105
IE00BK5BZX59,2026-09-10T17:29:35.000Z,134.355
IE00BK5BZX59,2026-09-10T19:29:55.000Z,135.26
IE00BK5BZX59,2026-09-11T05:30:04.000Z,134.275
IE00BK5BZX59,2026-09-11T07:29:59.000Z,136.305
IE00BK5BZX59,2026-09-11T09:29:39.000Z,137.115
IE00BK5BZX59,2026-09-11T11:29:57.000Z,138.49
IE00BK5BZX59,2026-09-11T13:29:59.000Z,138.49
IE00BK5BZX59,2026-09-11T15:29:59.000Z,146.225
IE00BK5BZX59,2026-09-11T17:28:57.000Z,144.77
IE00BK5BZX59,2026-09-11T19:29:57.000Z,142.9
IE00BK5BZX59,2026-09-14T05:30:02.000Z,138.865
IE00BK5BZX59,2026-09-14T07:29:59.000Z,139.175
IE00BK5BZX59,2026-09-14T09:29:48.000Z,139.05
IE00BK5BZX59,2026-09-14T11:29:58.000Z,147.75
IE00BK5BZX59,2026-09-14T13:29:59.000Z,147.45
IE00BK5BZX59,2026-09-14T15:29:59.000Z,150.74
IE00BK5BZX59,2026-09-14T17:29:59.000Z,152.54
IE00BK5BZX59,2026-09-14T19:29:58.000Z,154.63
IE00BK5BZX59,2026-09-15T05:30:41.000Z,151.88
IE00BK5BZX59,2026-09-15T07:29:49.000Z,151.06
IE00BK5BZX59,2026-09-15T09:29:58.000Z,149.87
IE00BK5BZX59,2026-09-15T11:29:46.000Z,151.32
IE00BK5BZX59,2026-09-15T13:29:58.000Z,152
IE00BK5BZX59,2026-09-15T15:29:58.000Z,147.92
IE00BK5BZX59,2026-09-15T17:29:56.000Z,147.025
IE00BK5BZX59,2026-09-15T19:29:49.000Z,148.645
IE00BK5BZX59,2026-09-16T05:30:09.000Z,149.075
IE00BK5BZX59,2026-09-16T07:29:47.000Z,149.675
IE00BK5BZX59,2026-09-16T09:29:58.000Z,148.625
IE00BK5BZX59,2026-09-16T11:29:54.000Z,150.375
IE00BK5BZX59,2026-09-16T13:29:59.000Z,152.39
IE00BK5BZX59,2026-09-16T15:29:59.000Z,151.395
IE00BK5BZX59,2026-09-16T17:29:59.000Z,150.5
IE00BK5BZX59,2026-09-16T19:29:59.000Z,146.015
IE00BK5BZX59,2026-09-17T07:29:52.000Z,152.6
IE00BK5BZX59,2026-09-17T09:29:59.000Z,152.925
IE00BK5BZX59,2026-09-17T11:29:52.000Z,152.01
IE00BK5BZX59,2026-09-17T13:29:59.000Z,154.895
IE00BK5BZX59,2026-09-17T15:29:59.000Z,153.685
IE00BK5BZX59,2026-09-17T17:29:59.000Z,150.35
IE00BK5BZX59,2026-09-17T19:29:59.000Z,152.645
IE00BK5BZX59,2026-09-18T05:30:58.000Z,161.47
IE00BK5BZX59,2026-09-18T07:29:59.000Z,161.515
IE00BK5BZX59,2026-09-18T09:29:59.000Z,163.015
IE00BK5BZX59,2026-09-18T11:29:56.000Z,163.74
IE00BK5BZX59,2026-09-18T13:29:59.000Z,165.16
IE00BK5BZX59,2026-09-18T15:29:59.000Z,157.44
IE00BK5BZX59,2026-09-18T17:29:59.000Z,156.655
IE00BK5BZX59,2026-09-18T19:29:54.000Z,158.95
IE00BK5BZX59,2026-09-21T05:30:19.000Z,157.83
IE00BK5BZX59,2026-09-21T07:29:50.000Z,158.29
IE00BK5BZX59,2026-09-21T09:29:59.000Z,158.325
IE00BK5BZX59,2026-09-21T11:29:54.000Z,156.655
IE00BK5BZX59,2026-09-21T13:29:58.000Z,156.155
IE00BK5BZX59,2026-09-21T15:29:59.000Z,164.455
IE00BK5BZX59,2026-09-21T17:29:53.000Z,163.81
IE00BK5BZX59,2026-09-21T19:29:56.000Z,164.795
IE00BK5BZX59,2026-09-22T05:30:39.000Z,165.39
IE00BK5BZX59,2026-09-22T07:29:57.000Z,166.03
IE00BK5BZX59,2026-09-22T09:29:57.000Z,167.19
IE00BK5BZX59,2026-09-22T11:29:55.000Z,165.855
IE00BK5BZX59,2026-09-22T13:29:59.000Z,166.17
IE00BK5BZX59,2026-09-22T15:29:59.000Z,166.26
IE00BK5BZX59,2026-09-22T17:29:56.000Z,159.25
IE00BK5BZX59,2026-09-22T19:29:59.000Z,159.595
IE00BK5BZX59,2026-09-23T05:30:46.000Z,160.21
IE00BK5BZX59,2026-09-23T07:29:59.000Z,160.465
IE00BK5BZX59,2026-09-23T09:29:52.000Z,160.265
IE00BK5BZX59,2026-09-23T11:29:59.000Z,158.895
IE00BK5BZX59,2026-09-23T13:29:59.000Z,156.56
IE00BK5BZX59,2026-09-23T15:29:59.000Z,145.91
IE00BK5BZX59,2026-09-23T17:29:57.000Z,141.585
IE00BK5BZX59,2026-09-23T19:29:59.000Z,142.99
IE00BK5BZX59,2026-09-24T05:30:56.000Z,143.27
IE00BK5BZX59,2026-09-24T07:29:56.000Z,142.265
IE00BK5BZX59,2026-09-24T09:29:59.000Z,139.77
IE00BK5BZX59,2026-09-24T11:29:58.000Z,139.145
IE00BK5BZX59,2026-09-24T13:29:59.000Z,139.875
IE00BK5BZX59,2026-09-24T15:29:59.000Z,141.5
IE00BK5BZX59,2026-09-24T17:29:50.000Z,145.33
IE00BK5BZX59,2026-09-24T19:29:58.000Z,146.04
IE00BK5BZX59,2026-09-25T05:30:53.000Z,147.595
IE00BK5BZX59,2026-09-25T07:29:58.000Z,147.225
IE00BK5BZX59,2026-09-25T09:29:58.000Z,148.62
IE00BK5BZX59,2026-09-25T11:29:54.000Z,147.85
IE00BK5BZX59,2026-09-25T13:29:59.000Z,146.45
IE00BK5BZX59,2026-09-25T15:29:59.000Z,149.06
IE00BK5BZX59,2026-09-25T17:29:57.000Z,150.16
IE00BK5BZX59,2026-09-25T19:29:53.000Z,149.39
IE00BK5BZX59,2026-09-25T20:59:19.124Z,150.02
IE00BK5BZX59,2026-09-28T05:30:44.000Z,147.005
IE00BK5BZX59,2026-09-28T07:23:57.000Z,146.545
IE00BK5BZX59,2026-09-28T09:29:38.000Z,145.535
IE00BK5BZX59,2026-09-28T11:29:58.000Z,144.905
IE00BK5BZX59,2026-09-28T13:29:59.000Z,145.265
IE00BK5BZX59,2026-09-28T15:29:56.000Z,145.06
IE00BK5BZX59,2026-09-28T17:29:34.000Z,146.65
IE00BK5BZX59,2026-09-28T19:20:42.113Z,146.515
IE00BKVD2N49,2026-08-25T05:30:05.000Z,692
IE00BKVD2N49,2026-08-25T07:27:21.000Z,693
IE00BKVD2N49,2026-08-25T11:26:41.000Z,699
IE00BKVD2N49,2026-08-25T13:29:59.000Z,697
IE00BKVD2N49,2026-08-25T15:29:00.000Z,705
IE00BKVD2N49,2026-08-25T17:28:04.000Z,701
IE00BKVD2N49,2026-08-26T05:30:09.000Z,705
IE00BKVD2N49,2026-08-26T07:28:23.000Z,702
IE00BKVD2N49,2026-08-26T09:25:32.000Z,702
IE00BKVD2N49,2026-08-26T11:25:45.000Z,703
IE00BKVD2N49,2026-08-26T13:29:28.000Z,703
IE00BKVD2N49,2026-08-26T15:29:42.000Z,725
IE00BKVD2N49,2026-08-26T17:28:58.000Z,724
IE00BKVD2N49,2026-08-26T19:28:26.000Z,730
IE00BKVD2N49,2026-08-27T05:30:11.000Z,745
IE00BKVD2N49,2026-08-27T07:26:19.000Z,749
IE00BKVD2N49,2026-08-27T09:28:11.000Z,756
IE00BKVD2N49,2026-08-27T11:28:32.000Z,764
IE00BKVD2N49,2026-08-27T13:29:56.000Z,752
IE00BKVD2N49,2026-08-27T15:29:29.000Z,721
IE00BKVD2N49,2026-08-27T17:28:28.000Z,709
IE00BKVD2N49,2026-08-27T19:25:29.000Z,721
IE00BKVD2N49,2026-08-28T05:30:58.000Z,717
IE00BKVD2N49,2026-08-28T07:29:59.000Z,715
IE00BKVD2N49,2026-08-28T11:29:33.000Z,718
IE00BKVD2N49,2026-08-28T13:29:59.000Z,715
IE00BKVD2N49,2026-08-28T15:28:59.000Z,727
IE00BKVD2N49,2026-08-28T17:27:17.000Z,723
IE00BKVD2N49,2026-08-28T19:21:22.000Z,717
IE00BKVD2N49,2026-08-31T05:30:01.000Z,714
IE00BKVD2N49,2026-08-31T07:27:42.000Z,717
IE00BKVD2N49,2026-08-31T11:27:10.000Z,718
IE00BKVD2N49,2026-08-31T13:29:55.000Z,715
IE00BKVD2N49,2026-08-31T15:29:01.000Z,705
IE00BKVD2N49,2026-08-31T17:21:39.000Z,701
IE00BKVD2N49,2026-08-31T19:23:05.000Z,709
IE00BKVD2N49,2026-09-01T05:30:09.000Z,713
IE00BKVD2N49,2026-09-01T07:23:39.000Z,719
IE00BKVD2N49,2026-09-01T09:22:03.000Z,701
IE00BKVD2N49,2026-09-01T11:27:05.000Z,698
IE00BKVD2N49,2026-09-01T13:29:41.000Z,695
IE00BKVD2N49,2026-09-01T15:29:59.000Z,707
IE00BKVD2N49,2026-09-01T17:28:56.000Z,703
IE00BKVD2N49,2026-09-01T19:28:12.000Z,705
IE00BKVD2N49,2026-09-02T05:30:59.000Z,702
IE00BKVD2N49,2026-09-02T07:28:58.000Z,701
IE00BKVD2N49,2026-09-02T09:29:16.000Z,697.95
IE00BKVD2N49,2026-09-02T11:28:16.000Z,697.05
IE00BKVD2N49,2026-09-02T13:29:05.000Z,694
IE00BKVD2N49,2026-09-02T15:29:56.000Z,685
IE00BKVD2N49,2026-09-02T17:29:38.000Z,693
IE00BKVD2N49,2026-09-02T19:28:32.000Z,695
IE00BKVD2N49,2026-09-03T05:30:55.000Z,690
IE00BKVD2N49,2026-09-03T07:29:58.000Z,692
IE00BKVD2N49,2026-09-03T09:29:51.000Z,694
IE00BKVD2N49,2026-09-03T11:29:40.000Z,692
IE00BKVD2N49,2026-09-03T13:29:45.000Z,685
IE00BKVD2N49,2026-09-03T15:29:53.000Z,685
IE00BKVD2N49,2026-09-03T17:29:57.000Z,687
IE00BKVD2N49,2026-09-03T19:29:54.000Z,675
IE00BKVD2N49,2026-09-04T05:30:58.000Z,696
IE00BKVD2N49,2026-09-04T07:27:53.000Z,698
IE00BKVD2N49,2026-09-04T09:25:42.000Z,703.95
IE00BKVD2N49,2026-09-04T11:29:26.000Z,704.95
IE00BKVD2N49,2026-09-04T13:29:36.000Z,702
IE00BKVD2N49,2026-09-04T15:28:10.000Z,719
IE00BKVD2N49,2026-09-04T17:27:42.000Z,721
IE00BKVD2N49,2026-09-04T19:29:43.000Z,723
IE00BKVD2N49,2026-09-07T05:30:09.000Z,730.9
IE00BKVD2N49,2026-09-07T07:29:57.000Z,729.9
IE00BKVD2N49,2026-09-07T09:29:08.000Z,725
IE00BKVD2N49,2026-09-07T11:27:11.000Z,725
IE00BKVD2N49,2026-09-07T13:27:11.000Z,726
IE00BKVD2N49,2026-09-07T15:29:51.000Z,727
IE00BKVD2N49,2026-09-07T19:28:06.000Z,727
IE00BKVD2N49,2026-09-08T05:30:31.000Z,747.05
IE00BKVD2N49,2026-09-08T07:29:31.000Z,742.05
IE00BKVD2N49,2026-09-08T09:20:43.000Z,736.05
IE00BKVD2N49,2026-09-08T11:25:56.000Z,738.05
IE00BKVD2N49,2026-09-08T13:29:59.000Z,756.05
IE00BKVD2N49,2026-09-08T15:28:17.000Z,761
IE00BKVD2N49,2026-09-08T17:28:54.000Z,787
IE00BKVD2N49,2026-09-08T19:27:46.000Z,791
IE00BKVD2N49,2026-09-09T05:30:37.000Z,778
IE00BKVD2N49,2026-09-09T07:29:19.000Z,779
IE00BKVD2N49,2026-09-09T09:28:39.000Z,781
IE00BKVD2N49,2026-09-09T11:29:38.000Z,770
IE00BKVD2N49,2026-09-09T13:29:41.000Z,766
IE00BKVD2N49,2026-09-09T15:26:45.000Z,781
IE00BKVD2N49,2026-09-09T17:28:12.000Z,781
IE00BKVD2N49,2026-09-09T19:27:14.000Z,773
IE00BKVD2N49,2026-09-10T05:30:01.000Z,761
IE00BKVD2N49,2026-09-10T07:29:09.000Z,761
IE00BKVD2N49,2026-09-10T09:21:37.000Z,755.05
IE00BKVD2N49,2026-09-10T11:29:51.000Z,752
IE00BKVD2N49,2026-09-10T13:29:51.000Z,742
IE00BKVD2N49,2026-09-10T15:26:13.000Z,745
IE00BKVD2N49,2026-09-10T17:29:45.000Z,739
IE00BKVD2N49,2026-09-10T19:27:42.000Z,751
IE00BKVD2N49,2026-09-11T05:30:09.000Z,743
IE00BKVD2N49,2026-09-11T07:29:43.000Z,753
IE00BKVD2N49,2026-09-11T09:22:43.000Z,753.95
IE00BKVD2N49,2026-09-11T11:27:50.000Z,752
IE00BKVD2N49,2026-09-11T13:29:59.000Z,750.9
IE00BKVD2N49,2026-09-11T15:27:57.000Z,717
IE00BKVD2N49,2026-09-11T17:27:22.000Z,715
IE00BKVD2N49,2026-09-11T19:25:04.000Z,717
IE00BKVD2N49,2026-09-14T05:30:46.000Z,695
IE00BKVD2N49,2026-09-14T07:29:50.000Z,689
IE00BKVD2N49,2026-09-14T09:29:59.000Z,685.05
IE00BKVD2N49,2026-09-14T11:29:55.000Z,680
IE00BKVD2N49,2026-09-14T13:29:58.000Z,675
IE00BKVD2N49,2026-09-14T15:29:48.000Z,701
IE00BKVD2N49,2026-09-14T17:29:48.000Z,707
IE00BKVD2N49,2026-09-14T19:26:37.000Z,705
IE00BKVD2N49,2026-09-15T05:30:10.000Z,699
IE00BKVD2N49,2026-09-15T07:29:49.000Z,700
IE00BKVD2N49,2026-09-15T09:27:57.000Z,698.95
IE00BKVD2N49,2026-09-15T11:28:01.000Z,704
IE00BKVD2N49,2026-09-15T13:29:56.000Z,693
IE00BKVD2N49,2026-09-15T15:29:50.000Z,669
IE00BKVD2N49,2026-09-15T17:27:13.000Z,661.05
IE00BKVD2N49,2026-09-15T19:20:43.000Z,667
IE00BKVD2N49,2026-09-16T05:30:14.000Z,670
IE00BKVD2N49,2026-09-16T07:27:02.000Z,676
IE00BKVD2N49,2026-09-16T09:28:30.000Z,676.05
IE00BKVD2N49,2026-09-16T11:29:51.000Z,678
IE00BKVD2N49,2026-09-16T13:29:16.000Z,679.05
IE00BKVD2N49,2026-09-16T15:29:57.000Z,685
IE00BKVD2N49,2026-09-16T17:27:32.000Z,683
IE00BKVD2N49,2026-09-16T19:29:57.000Z,678
IE00BKVD2N49,2026-09-17T05:30:40.000Z,691.9
IE00BKVD2N49,2026-09-17T07:23:41.000Z,693.95
IE00BKVD2N49,2026-09-17T11:27:18.000Z,701
IE00BKVD2N49,2026-09-17T13:29:56.000Z,703.9
IE00BKVD2N49,2026-09-17T15:29:42.000Z,699
IE00BKVD2N49,2026-09-17T17:27:43.000Z,697
IE00BKVD2N49,2026-09-17T19:24:52.000Z,695
IE00BKVD2N49,2026-09-18T05:30:35.000Z,704
IE00BKVD2N49,2026-09-18T07:27:16.000Z,710
IE00BKVD2N49,2026-09-18T09:27:15.000Z,707
IE00BKVD2N49,2026-09-18T11:29:57.000Z,704.95
IE00BKVD2N49,2026-09-18T13:29:59.000Z,710
IE00BKVD2N49,2026-09-18T15:29:11.000Z,731
IE00BKVD2N49,2026-09-18T17:28:32.000Z,739
IE00BKVD2N49,2026-09-18T19:27:36.000Z,745
IE00BKVD2N49,2026-09-21T05:30:17.000Z,749
IE00BKVD2N49,2026-09-21T07:29:30.000Z,756.9
IE00BKVD2N49,2026-09-21T09:28:33.000Z,764.05
IE00BKVD2N49,2026-09-21T11:29:54.000Z,767.05
IE00BKVD2N49,2026-09-21T13:29:41.000Z,780
IE00BKVD2N49,2026-09-21T15:27:22.000Z,763
IE00BKVD2N49,2026-09-21T17:29:02.000Z,759
IE00BKVD2N49,2026-09-21T19:29:58.000Z,761
IE00BKVD2N49,2026-09-22T05:30:57.000Z,759
IE00BKVD2N49,2026-09-22T07:28:43.000Z,755.95
IE00BKVD2N49,2026-09-22T09:27:08.000Z,750.05
IE00BKVD2N49,2026-09-22T11:29:53.000Z,756
IE00BKVD2N49,2026-09-22T13:29:56.000Z,752.05
IE00BKVD2N49,2026-09-22T15:28:09.000Z,771
IE00BKVD2N49,2026-09-22T17:29:16.000Z,789
IE00BKVD2N49,2026-09-22T19:24:30.000Z,803
IE00BKVD2N49,2026-09-23T05:30:30.000Z,803
IE00BKVD2N49,2026-09-23T07:27:35.000Z,806.05
IE00BKVD2N49,2026-09-23T11:29:59.000Z,794
IE00BKVD2N49,2026-09-23T13:28:53.000Z,808
IE00BKVD2N49,2026-09-23T15:29:43.000Z,803
IE00BKVD2N49,2026-09-23T17:23:32.000Z,809
IE00BKVD2N49,2026-09-23T19:29:43.000Z,809
IE00BKVD2N49,2026-09-24T05:30:17.000Z,807
IE00BKVD2N49,2026-09-24T07:21:34.000Z,798
IE00BKVD2N49,2026-09-24T09:29:58.000Z,789.95
IE00BKVD2N49,2026-09-24T11:29:17.000Z,796.95
IE00BKVD2N49,2026-09-24T13:29:59.000Z,796
IE00BKVD2N49,2026-09-24T15:27:50.000Z,805
IE00BKVD2N49,2026-09-24T17:29:57.000Z,799
IE00BKVD2N49,2026-09-24T19:29:24.000Z,793
IE00BKVD2N49,2026-09-25T05:30:57.000Z,799
IE00BKVD2N49,2026-09-25T07:29:55.000Z,805
IE00BKVD2N49,2026-09-25T09:29:50.000Z,807.05
IE00BKVD2N49,2026-09-25T11:28:18.000Z,809
IE00BKVD2N49,2026-09-25T13:29:57.000Z,807
IE00BKVD2N49,2026-09-25T15:29:18.000Z,803
IE00BKVD2N49,2026-09-25T17:22:57.000Z,807
IE00BKVD2N49,2026-09-25T19:29:35.000Z,803
IE00BKVD2N49,2026-09-25T20:48:26.852Z,804
IE00BKVD2N49,2026-09-28T05:30:17.000Z,791.05
IE00BKVD2N49,2026-09-28T09:28:36.000Z,784.05
IE00BKVD2N49,2026-09-28T11:29:52.000Z,788
IE00BKVD2N49,2026-09-28T13:29:59.000Z,800
IE00BKVD2N49,2026-09-28T15:29:59.000Z,781
IE00BKVD2N49,2026-09-28T17:28:21.000Z,809
IE00BKVD2N49,2026-09-28T19:19:45.964Z,815
IE00BLRPRL42,2026-08-25T05:30:58.000Z,348.95
IE00BLRPRL42,2026-08-25T07:29:59.000Z,350.41
IE00BLRPRL42,2026-08-25T09:29:58.000Z,352.69
IE00BLRPRL42,2026-08-25T11:29:59.000Z,353.65
IE00BLRPRL42,2026-08-25T13:29:59.000Z,351.85
IE00BLRPRL42,2026-08-25T15:29:59.000Z,351.32
IE00BLRPRL42,2026-08-25T17:29:58.000Z,349.31
IE00BLRPRL42,2026-08-25T19:29:47.000Z,349.3
IE00BLRPRL42,2026-08-26T05:30:52.000Z,350.77
IE00BLRPRL42,2026-08-26T07:29:59.000Z,348.41
IE00BLRPRL42,2026-08-26T09:29:59.000Z,348.54
IE00BLRPRL42,2026-08-26T11:29:56.000Z,350.58
IE00BLRPRL42,2026-08-26T13:29:59.000Z,347.78
IE00BLRPRL42,2026-08-26T15:29:59.000Z,351.05
IE00BLRPRL42,2026-08-26T17:28:05.000Z,351.3
IE00BLRPRL42,2026-08-26T19:29:54.000Z,353.89
IE00BLRPRL42,2026-08-27T05:30:56.000Z,358.04
IE00BLRPRL42,2026-08-27T07:29:59.000Z,361.46
IE00BLRPRL42,2026-08-27T09:29:59.000Z,363.48
IE00BLRPRL42,2026-08-27T11:29:59.000Z,362.57
IE00BLRPRL42,2026-08-27T13:29:59.000Z,360.71
IE00BLRPRL42,2026-08-27T15:29:59.000Z,362.64
IE00BLRPRL42,2026-08-27T17:29:51.000Z,364.99
IE00BLRPRL42,2026-08-27T19:29:51.000Z,363.68
IE00BLRPRL42,2026-08-28T05:30:50.000Z,364.22
IE00BLRPRL42,2026-08-28T07:29:59.000Z,364.11
IE00BLRPRL42,2026-08-28T09:29:59.000Z,364.17
IE00BLRPRL42,2026-08-28T11:29:59.000Z,364.71
IE00BLRPRL42,2026-08-28T13:29:59.000Z,364.76
IE00BLRPRL42,2026-08-28T15:29:59.000Z,371.5
IE00BLRPRL42,2026-08-28T17:29:56.000Z,360.55
IE00BLRPRL42,2026-08-28T19:29:56.000Z,361.35
IE00BLRPRL42,2026-08-31T05:30:56.000Z,360.28
IE00BLRPRL42,2026-08-31T07:29:56.000Z,361.58
IE00BLRPRL42,2026-08-31T09:29:56.000Z,360.66
IE00BLRPRL42,2026-08-31T11:29:58.000Z,359.62
IE00BLRPRL42,2026-08-31T13:29:59.000Z,358.7
IE00BLRPRL42,2026-08-31T15:29:59.000Z,357.6
IE00BLRPRL42,2026-08-31T17:29:30.000Z,356.86
IE00BLRPRL42,2026-08-31T19:28:48.000Z,358.6
IE00BLRPRL42,2026-09-01T05:30:57.000Z,360.45
IE00BLRPRL42,2026-09-01T07:29:58.000Z,362.74
IE00BLRPRL42,2026-09-01T09:29:59.000Z,349.98
IE00BLRPRL42,2026-09-01T11:29:55.000Z,350.43
IE00BLRPRL42,2026-09-01T13:29:59.000Z,347.38
IE00BLRPRL42,2026-09-01T15:29:59.000Z,351.59
IE00BLRPRL42,2026-09-01T17:29:54.000Z,348.25
IE00BLRPRL42,2026-09-01T19:29:20.000Z,347.72
IE00BLRPRL42,2026-09-02T05:30:55.000Z,347.13
IE00BLRPRL42,2026-09-02T07:29:59.000Z,346.96
IE00BLRPRL42,2026-09-02T09:29:55.000Z,342.74
IE00BLRPRL42,2026-09-02T11:29:59.000Z,344.4
IE00BLRPRL42,2026-09-02T13:29:59.000Z,346.43
IE00BLRPRL42,2026-09-02T15:29:58.000Z,350.42
IE00BLRPRL42,2026-09-02T17:29:14.000Z,348.43
IE00BLRPRL42,2026-09-02T19:29:48.000Z,349.09
IE00BLRPRL42,2026-09-03T05:30:59.000Z,346.65
IE00BLRPRL42,2026-09-03T07:29:59.000Z,349.94
IE00BLRPRL42,2026-09-03T09:29:52.000Z,349.52
IE00BLRPRL42,2026-09-03T11:29:59.000Z,348.58
IE00BLRPRL42,2026-09-03T13:29:59.000Z,351.33
IE00BLRPRL42,2026-09-03T15:29:58.000Z,361.42
IE00BLRPRL42,2026-09-03T17:29:23.000Z,359.75
IE00BLRPRL42,2026-09-03T19:29:07.000Z,361.16
IE00BLRPRL42,2026-09-04T05:30:54.000Z,364.29
IE00BLRPRL42,2026-09-04T07:29:59.000Z,365
IE00BLRPRL42,2026-09-04T09:29:59.000Z,364.75
IE00BLRPRL42,2026-09-04T11:29:57.000Z,366.14
IE00BLRPRL42,2026-09-04T13:29:59.000Z,363.83
IE00BLRPRL42,2026-09-04T15:29:58.000Z,360.54
IE00BLRPRL42,2026-09-04T17:29:11.000Z,360.78
IE00BLRPRL42,2026-09-04T19:29:47.000Z,361.42
IE00BLRPRL42,2026-09-07T05:30:55.000Z,364.96
IE00BLRPRL42,2026-09-07T07:29:58.000Z,365.41
IE00BLRPRL42,2026-09-07T09:29:59.000Z,364.43
IE00BLRPRL42,2026-09-07T11:29:51.000Z,361.8
IE00BLRPRL42,2026-09-07T13:29:59.000Z,364.23
IE00BLRPRL42,2026-09-07T15:29:59.000Z,362.75
IE00BLRPRL42,2026-09-08T05:30:59.000Z,366.35
IE00BLRPRL42,2026-09-08T07:29:59.000Z,364.74
IE00BLRPRL42,2026-09-08T09:29:59.000Z,361.98
IE00BLRPRL42,2026-09-08T11:29:57.000Z,362.5
IE00BLRPRL42,2026-09-08T13:29:59.000Z,365.15
IE00BLRPRL42,2026-09-08T15:29:59.000Z,363.81
IE00BLRPRL42,2026-09-08T17:29:40.000Z,364.06
IE00BLRPRL42,2026-09-08T19:29:31.000Z,362.17
IE00BLRPRL42,2026-09-09T05:30:59.000Z,362.26
IE00BLRPRL42,2026-09-09T07:29:59.000Z,363.63
IE00BLRPRL42,2026-09-09T09:29:58.000Z,360.74
IE00BLRPRL42,2026-09-09T11:29:59.000Z,356.28
IE00BLRPRL42,2026-09-09T13:29:59.000Z,358.4
IE00BLRPRL42,2026-09-09T15:29:59.000Z,355.82
IE00BLRPRL42,2026-09-09T17:29:57.000Z,357.69
IE00BLRPRL42,2026-09-09T19:29:54.000Z,358.03
IE00BLRPRL42,2026-09-10T05:30:58.000Z,358.86
IE00BLRPRL42,2026-09-10T07:29:59.000Z,357.22
IE00BLRPRL42,2026-09-10T09:29:59.000Z,355.97
IE00BLRPRL42,2026-09-10T11:29:59.000Z,354.16
IE00BLRPRL42,2026-09-10T13:29:59.000Z,345.69
IE00BLRPRL42,2026-09-10T15:29:59.000Z,350.49
IE00BLRPRL42,2026-09-10T17:26:46.000Z,349.51
IE00BLRPRL42,2026-09-10T19:29:27.000Z,347.95
IE00BLRPRL42,2026-09-11T05:30:58.000Z,347.68
IE00BLRPRL42,2026-09-11T07:29:57.000Z,350.79
IE00BLRPRL42,2026-09-11T09:29:49.000Z,353.45
IE00BLRPRL42,2026-09-11T11:29:56.000Z,353.83
IE00BLRPRL42,2026-09-11T13:29:59.000Z,356.97
IE00BLRPRL42,2026-09-11T15:29:59.000Z,359.74
IE00BLRPRL42,2026-09-11T17:29:46.000Z,359.17
IE00BLRPRL42,2026-09-11T19:29:40.000Z,357.29
IE00BLRPRL42,2026-09-14T05:30:55.000Z,343.3
IE00BLRPRL42,2026-09-14T07:29:59.000Z,341.71
IE00BLRPRL42,2026-09-14T09:29:59.000Z,338.58
IE00BLRPRL42,2026-09-14T11:29:58.000Z,342.55
IE00BLRPRL42,2026-09-14T13:29:59.000Z,340.22
IE00BLRPRL42,2026-09-14T15:29:58.000Z,346.82
IE00BLRPRL42,2026-09-14T17:29:51.000Z,353.13
IE00BLRPRL42,2026-09-14T19:23:50.000Z,351.73
IE00BLRPRL42,2026-09-15T05:30:59.000Z,345.6
IE00BLRPRL42,2026-09-15T07:29:59.000Z,345.92
IE00BLRPRL42,2026-09-15T09:29:56.000Z,342.98
IE00BLRPRL42,2026-09-15T11:29:59.000Z,347.69
IE00BLRPRL42,2026-09-15T13:29:59.000Z,348.3
IE00BLRPRL42,2026-09-15T15:29:59.000Z,343.56
IE00BLRPRL42,2026-09-15T17:25:44.000Z,342.54
IE00BLRPRL42,2026-09-15T19:28:24.000Z,342.05
IE00BLRPRL42,2026-09-16T05:30:26.000Z,344.35
IE00BLRPRL42,2026-09-16T07:29:59.000Z,346.82
IE00BLRPRL42,2026-09-16T09:29:58.000Z,345.96
IE00BLRPRL42,2026-09-16T11:29:58.000Z,346.87
IE00BLRPRL42,2026-09-16T13:29:59.000Z,347.87
IE00BLRPRL42,2026-09-16T15:29:58.000Z,351.37
IE00BLRPRL42,2026-09-16T17:29:45.000Z,349.59
IE00BLRPRL42,2026-09-16T19:29:59.000Z,339.94
IE00BLRPRL42,2026-09-17T05:30:58.000Z,350.55
IE00BLRPRL42,2026-09-17T07:29:59.000Z,354.63
IE00BLRPRL42,2026-09-17T09:29:58.000Z,355.01
IE00BLRPRL42,2026-09-17T11:29:57.000Z,355.85
IE00BLRPRL42,2026-09-17T13:29:59.000Z,360.55
IE00BLRPRL42,2026-09-17T15:29:59.000Z,360.27
IE00BLRPRL42,2026-09-17T17:27:13.000Z,361.27
IE00BLRPRL42,2026-09-17T19:27:41.000Z,361.42
IE00BLRPRL42,2026-09-18T05:30:53.000Z,364.57
IE00BLRPRL42,2026-09-18T07:29:56.000Z,369.53
IE00BLRPRL42,2026-09-18T09:29:59.000Z,366.27
IE00BLRPRL42,2026-09-18T11:29:59.000Z,365.28
IE00BLRPRL42,2026-09-18T13:29:59.000Z,363.85
IE00BLRPRL42,2026-09-18T15:29:59.000Z,362.31
IE00BLRPRL42,2026-09-18T17:27:20.000Z,361.63
IE00BLRPRL42,2026-09-18T19:29:52.000Z,364.85
IE00BLRPRL42,2026-09-21T05:30:56.000Z,374.34
IE00BLRPRL42,2026-09-21T07:29:54.000Z,376.48
IE00BLRPRL42,2026-09-21T09:29:59.000Z,380.11
IE00BLRPRL42,2026-09-21T11:29:55.000Z,379.01
IE00BLRPRL42,2026-09-21T13:29:59.000Z,379.03
IE00BLRPRL42,2026-09-21T15:29:59.000Z,392.7
IE00BLRPRL42,2026-09-21T17:28:20.000Z,396.31
IE00BLRPRL42,2026-09-21T19:23:09.000Z,400.66
IE00BLRPRL42,2026-09-22T05:30:43.000Z,400.06
IE00BLRPRL42,2026-09-22T07:29:56.000Z,399.61
IE00BLRPRL42,2026-09-22T09:29:58.000Z,399.77
IE00BLRPRL42,2026-09-22T11:29:59.000Z,400.03
IE00BLRPRL42,2026-09-22T13:29:59.000Z,399.75
IE00BLRPRL42,2026-09-22T15:29:58.000Z,406.74
IE00BLRPRL42,2026-09-22T17:29:49.000Z,407.8
IE00BLRPRL42,2026-09-22T19:28:48.000Z,409.98
IE00BLRPRL42,2026-09-23T05:30:58.000Z,411.25
IE00BLRPRL42,2026-09-23T07:29:59.000Z,412.18
IE00BLRPRL42,2026-09-23T09:29:59.000Z,411.44
IE00BLRPRL42,2026-09-23T11:29:59.000Z,408.7
IE00BLRPRL42,2026-09-23T13:29:59.000Z,410.65
IE00BLRPRL42,2026-09-23T15:29:58.000Z,402.12
IE00BLRPRL42,2026-09-23T17:29:08.000Z,399.35
IE00BLRPRL42,2026-09-23T19:29:52.000Z,402.29
IE00BLRPRL42,2026-09-24T05:30:55.000Z,399.91
IE00BLRPRL42,2026-09-24T07:29:59.000Z,396.38
IE00BLRPRL42,2026-09-24T09:29:59.000Z,389.85
IE00BLRPRL42,2026-09-24T11:29:52.000Z,391
IE00BLRPRL42,2026-09-24T13:29:59.000Z,393.73
IE00BLRPRL42,2026-09-24T15:29:58.000Z,393.89
IE00BLRPRL42,2026-09-24T17:29:45.000Z,401.51
IE00BLRPRL42,2026-09-24T19:29:41.000Z,402.58
IE00BLRPRL42,2026-09-25T05:30:58.000Z,405.02
IE00BLRPRL42,2026-09-25T07:29:56.000Z,407.71
IE00BLRPRL42,2026-09-25T09:29:59.000Z,409
IE00BLRPRL42,2026-09-25T11:29:57.000Z,409.84
IE00BLRPRL42,2026-09-25T13:29:59.000Z,403.36
IE00BLRPRL42,2026-09-25T15:29:58.000Z,404.42
IE00BLRPRL42,2026-09-25T17:28:15.000Z,408.95
IE00BLRPRL42,2026-09-25T19:29:55.000Z,406.24
IE00BLRPRL42,2026-09-25T20:59:31.140Z,408.55
IE00BLRPRL42,2026-09-28T05:30:51.000Z,398.51
IE00BLRPRL42,2026-09-28T07:29:58.000Z,395.84
IE00BLRPRL42,2026-09-28T09:29:59.000Z,395.43
IE00BLRPRL42,2026-09-28T11:29:59.000Z,397.72
IE00BLRPRL42,2026-09-28T13:29:59.000Z,401.22
IE00BLRPRL42,2026-09-28T15:29:59.000Z,391.92
IE00BLRPRL42,2026-09-28T17:29:59.000Z,396.55
IE00BLRPRL42,2026-09-28T19:20:29.455Z,395.83
IE00BMC38736,2026-08-25T05:30:59.000Z,88.365
IE00BMC38736,2026-08-25T07:29:58.000Z,88.9
IE00BMC38736,2026-08-25T09:29:59.000Z,89.2
IE00BMC38736,2026-08-25T11:29:57.000Z,89.36
IE00BMC38736,2026-08-25T13:29:59.000Z,89.19
IE00BMC38736,2026-08-25T15:29:55.000Z,89.17
IE00BMC38736,2026-08-25T17:29:28.000Z,88.99
IE00BMC38736,2026-08-25T19:28:50.000Z,89.05
IE00BMC38736,2026-08-26T05:30:46.000Z,89.05
IE00BMC38736,2026-08-26T07:29:59.000Z,88.915
IE00BMC38736,2026-08-26T09:29:57.000Z,89.105
IE00BMC38736,2026-08-26T11:29:20.000Z,89.35
IE00BMC38736,2026-08-26T13:29:59.000Z,88.91
IE00BMC38736,2026-08-26T15:29:59.000Z,89.15
IE00BMC38736,2026-08-26T17:29:01.000Z,89.01
IE00BMC38736,2026-08-26T19:20:49.000Z,89.225
IE00BMC38736,2026-08-27T05:30:45.000Z,91.06
IE00BMC38736,2026-08-27T07:29:59.000Z,91.385
IE00BMC38736,2026-08-27T09:29:59.000Z,91.79
IE00BMC38736,2026-08-27T11:29:59.000Z,91.565
IE00BMC38736,2026-08-27T13:29:59.000Z,90.965
IE00BMC38736,2026-08-27T15:29:58.000Z,90.46
IE00BMC38736,2026-08-27T17:26:23.000Z,90.99
IE00BMC38736,2026-08-27T19:29:47.000Z,90.74
IE00BMC38736,2026-08-28T05:30:13.000Z,90.805
IE00BMC38736,2026-08-28T07:29:58.000Z,90.475
IE00BMC38736,2026-08-28T09:29:02.000Z,90.355
IE00BMC38736,2026-08-28T11:29:59.000Z,90.625
IE00BMC38736,2026-08-28T13:29:59.000Z,90.64
IE00BMC38736,2026-08-28T15:29:59.000Z,90.675
IE00BMC38736,2026-08-28T17:29:56.000Z,89.16
IE00BMC38736,2026-08-28T19:27:11.000Z,89.47
IE00BMC38736,2026-08-31T05:30:52.000Z,89.625
IE00BMC38736,2026-08-31T07:29:59.000Z,89.77
IE00BMC38736,2026-08-31T09:29:53.000Z,89.595
IE00BMC38736,2026-08-31T11:29:53.000Z,89.395
IE00BMC38736,2026-08-31T13:29:59.000Z,89.27
IE00BMC38736,2026-08-31T15:29:59.000Z,89.06
IE00BMC38736,2026-08-31T17:28:56.000Z,89.305
IE00BMC38736,2026-08-31T19:24:36.000Z,89.335
IE00BMC38736,2026-09-01T05:30:16.000Z,89.39
IE00BMC38736,2026-09-01T07:29:50.000Z,90.04
IE00BMC38736,2026-09-01T09:29:59.000Z,88.285
IE00BMC38736,2026-09-01T11:29:41.000Z,88.3
IE00BMC38736,2026-09-01T13:29:59.000Z,88.09
IE00BMC38736,2026-09-01T15:29:51.000Z,88.185
IE00BMC38736,2026-09-01T17:27:40.000Z,87.895
IE00BMC38736,2026-09-01T19:29:10.000Z,87.755
IE00BMC38736,2026-09-02T05:30:54.000Z,87.57
IE00BMC38736,2026-09-02T07:29:58.000Z,87.85
IE00BMC38736,2026-09-02T09:29:48.000Z,87.295
IE00BMC38736,2026-09-02T11:29:59.000Z,87.38
IE00BMC38736,2026-09-02T13:29:59.000Z,87.88
IE00BMC38736,2026-09-02T15:29:58.000Z,88.52
IE00BMC38736,2026-09-02T17:28:09.000Z,88.535
IE00BMC38736,2026-09-02T19:29:59.000Z,88.28
IE00BMC38736,2026-09-03T05:30:59.000Z,88.23
IE00BMC38736,2026-09-03T07:29:59.000Z,88.255
IE00BMC38736,2026-09-03T09:29:46.000Z,87.855
IE00BMC38736,2026-09-03T11:29:58.000Z,87.66
IE00BMC38736,2026-09-03T13:29:59.000Z,87.325
IE00BMC38736,2026-09-03T15:29:58.000Z,87.815
IE00BMC38736,2026-09-03T17:29:39.000Z,87.41
IE00BMC38736,2026-09-03T19:29:49.000Z,88.245
IE00BMC38736,2026-09-04T05:30:52.000Z,88.925
IE00BMC38736,2026-09-04T07:29:56.000Z,89.345
IE00BMC38736,2026-09-04T09:29:46.000Z,89.465
IE00BMC38736,2026-09-04T11:29:57.000Z,89.7
IE00BMC38736,2026-09-04T13:29:59.000Z,89.515
IE00BMC38736,2026-09-04T15:29:57.000Z,90.51
IE00BMC38736,2026-09-04T17:27:32.000Z,90.685
IE00BMC38736,2026-09-04T19:29:23.000Z,90.745
IE00BMC38736,2026-09-07T05:30:33.000Z,91.03
IE00BMC38736,2026-09-07T07:29:59.000Z,92.06
IE00BMC38736,2026-09-07T09:29:59.000Z,91.995
IE00BMC38736,2026-09-07T11:29:59.000Z,91.515
IE00BMC38736,2026-09-07T13:29:59.000Z,92.185
IE00BMC38736,2026-09-07T15:29:59.000Z,92.075
IE00BMC38736,2026-09-07T17:29:03.000Z,91.88
IE00BMC38736,2026-09-07T19:27:22.000Z,92.01
IE00BMC38736,2026-09-08T05:30:53.000Z,92.465
IE00BMC38736,2026-09-08T07:29:57.000Z,92.595
IE00BMC38736,2026-09-08T09:29:59.000Z,92.24
IE00BMC38736,2026-09-08T11:29:52.000Z,92.42
IE00BMC38736,2026-09-08T13:29:59.000Z,93.235
IE00BMC38736,2026-09-08T15:29:59.000Z,93.575
IE00BMC38736,2026-09-08T19:26:30.000Z,93.375
IE00BMC38736,2026-09-09T05:30:15.000Z,93.18
IE00BMC38736,2026-09-09T07:29:57.000Z,93.355
IE00BMC38736,2026-09-09T09:29:56.000Z,92.83
IE00BMC38736,2026-09-09T11:29:56.000Z,91.905
IE00BMC38736,2026-09-09T13:29:59.000Z,92.22
IE00BMC38736,2026-09-09T15:29:59.000Z,92.73
IE00BMC38736,2026-09-09T17:29:47.000Z,93.025
IE00BMC38736,2026-09-09T19:27:29.000Z,93.035
IE00BMC38736,2026-09-10T05:30:49.000Z,92.805
IE00BMC38736,2026-09-10T07:29:58.000Z,92.765
IE00BMC38736,2026-09-10T09:29:56.000Z,92.54
IE00BMC38736,2026-09-10T11:29:58.000Z,92.205
IE00BMC38736,2026-09-10T13:29:59.000Z,91.205
IE00BMC38736,2026-09-10T15:29:59.000Z,91.425
IE00BMC38736,2026-09-10T17:29:57.000Z,90.95
IE00BMC38736,2026-09-10T19:29:55.000Z,90.88
IE00BMC38736,2026-09-11T05:30:31.000Z,90.595
IE00BMC38736,2026-09-11T07:29:59.000Z,91.245
IE00BMC38736,2026-09-11T09:29:56.000Z,91.675
IE00BMC38736,2026-09-11T11:29:48.000Z,91.72
IE00BMC38736,2026-09-11T13:29:59.000Z,92.155
IE00BMC38736,2026-09-11T15:29:58.000Z,92.565
IE00BMC38736,2026-09-11T17:29:46.000Z,92.68
IE00BMC38736,2026-09-11T19:29:55.000Z,92.255
IE00BMC38736,2026-09-14T05:30:57.000Z,89.775
IE00BMC38736,2026-09-14T07:29:58.000Z,89.22
IE00BMC38736,2026-09-14T09:29:59.000Z,88.185
IE00BMC38736,2026-09-14T11:29:52.000Z,88.23
IE00BMC38736,2026-09-14T13:29:59.000Z,87.44
IE00BMC38736,2026-09-14T15:29:58.000Z,87.93
IE00BMC38736,2026-09-14T17:29:57.000Z,88.29
IE00BMC38736,2026-09-14T19:25:26.000Z,88.3
IE00BMC38736,2026-09-15T05:30:54.000Z,87.76
IE00BMC38736,2026-09-15T07:29:57.000Z,88.185
IE00BMC38736,2026-09-15T09:29:55.000Z,87.87
IE00BMC38736,2026-09-15T11:29:59.000Z,88.675
IE00BMC38736,2026-09-15T13:29:59.000Z,88.835
IE00BMC38736,2026-09-15T15:29:59.000Z,88.085
IE00BMC38736,2026-09-15T17:29:02.000Z,87.735
IE00BMC38736,2026-09-15T19:29:10.000Z,87.72
IE00BMC38736,2026-09-16T05:30:45.000Z,88.375
IE00BMC38736,2026-09-16T07:29:54.000Z,89.105
IE00BMC38736,2026-09-16T09:29:55.000Z,89.175
IE00BMC38736,2026-09-16T11:29:59.000Z,89.155
IE00BMC38736,2026-09-16T13:29:59.000Z,89.505
IE00BMC38736,2026-09-16T15:29:59.000Z,89.555
IE00BMC38736,2026-09-16T17:29:49.000Z,89.4
IE00BMC38736,2026-09-16T19:29:50.000Z,88.455
IE00BMC38736,2026-09-17T05:30:29.000Z,89.665
IE00BMC38736,2026-09-17T07:29:55.000Z,90.235
IE00BMC38736,2026-09-17T09:29:59.000Z,90.6
IE00BMC38736,2026-09-17T11:29:48.000Z,90.805
IE00BMC38736,2026-09-17T13:29:59.000Z,91.36
IE00BMC38736,2026-09-17T15:29:58.000Z,91.83
IE00BMC38736,2026-09-17T17:29:08.000Z,91.97
IE00BMC38736,2026-09-17T19:29:34.000Z,91.88
IE00BMC38736,2026-09-18T05:30:43.000Z,92.03
IE00BMC38736,2026-09-18T07:29:53.000Z,93.205
IE00BMC38736,2026-09-18T09:29:10.000Z,92.685
IE00BMC38736,2026-09-18T11:29:59.000Z,92.325
IE00BMC38736,2026-09-18T13:29:59.000Z,92.59
IE00BMC38736,2026-09-18T15:29:59.000Z,92.935
IE00BMC38736,2026-09-18T17:29:57.000Z,92.45
IE00BMC38736,2026-09-18T19:29:51.000Z,92.7
IE00BMC38736,2026-09-21T05:30:57.000Z,95.255
IE00BMC38736,2026-09-21T07:29:59.000Z,95.425
IE00BMC38736,2026-09-21T09:29:59.000Z,96.205
IE00BMC38736,2026-09-21T11:29:54.000Z,95.845
IE00BMC38736,2026-09-21T13:29:59.000Z,95.97
IE00BMC38736,2026-09-21T15:29:57.000Z,97.475
IE00BMC38736,2026-09-21T17:29:59.000Z,97.4
IE00BMC38736,2026-09-21T19:29:53.000Z,98.025
IE00BMC38736,2026-09-22T05:30:56.000Z,97.59
IE00BMC38736,2026-09-22T07:29:57.000Z,97.39
IE00BMC38736,2026-09-22T09:29:57.000Z,97.425
IE00BMC38736,2026-09-22T11:29:56.000Z,97.42
IE00BMC38736,2026-09-22T13:29:59.000Z,97.315
IE00BMC38736,2026-09-22T15:29:58.000Z,99.245
IE00BMC38736,2026-09-22T17:29:55.000Z,99.73
IE00BMC38736,2026-09-22T19:29:56.000Z,99.925
IE00BMC38736,2026-09-23T05:30:58.000Z,100
IE00BMC38736,2026-09-23T07:29:57.000Z,100.2
IE00BMC38736,2026-09-23T09:29:54.000Z,100.04
IE00BMC38736,2026-09-23T11:29:58.000Z,99.445
IE00BMC38736,2026-09-23T13:29:59.000Z,100.2
IE00BMC38736,2026-09-23T15:29:57.000Z,99.435
IE00BMC38736,2026-09-23T17:29:42.000Z,99.06
IE00BMC38736,2026-09-23T19:28:53.000Z,99.3
IE00BMC38736,2026-09-24T05:30:48.000Z,98.98
IE00BMC38736,2026-09-24T07:29:49.000Z,98.49
IE00BMC38736,2026-09-24T09:29:45.000Z,97.605
IE00BMC38736,2026-09-24T11:29:59.000Z,97.885
IE00BMC38736,2026-09-24T13:29:59.000Z,98.075
IE00BMC38736,2026-09-24T15:29:58.000Z,98.295
IE00BMC38736,2026-09-24T17:26:53.000Z,99.635
IE00BMC38736,2026-09-24T19:26:18.000Z,99.535
IE00BMC38736,2026-09-25T05:30:50.000Z,100.47
IE00BMC38736,2026-09-25T07:29:51.000Z,101.08
IE00BMC38736,2026-09-25T09:29:36.000Z,101.18
IE00BMC38736,2026-09-25T11:29:56.000Z,101.08
IE00BMC38736,2026-09-25T13:29:57.000Z,100.39
IE00BMC38736,2026-09-25T15:29:58.000Z,100.2
IE00BMC38736,2026-09-25T17:28:30.000Z,100.48
IE00BMC38736,2026-09-25T20:57:38.949Z,100.48
IE00BMC38736,2026-09-28T05:30:19.000Z,100.15
IE00BMC38736,2026-09-28T07:29:54.000Z,98.545
IE00BMC38736,2026-09-28T09:29:57.000Z,98.41
IE00BMC38736,2026-09-28T11:29:59.000Z,99.08
IE00BMC38736,2026-09-28T13:29:59.000Z,100.19
IE00BMC38736,2026-09-28T15:29:59.000Z,98.235
IE00BMC38736,2026-09-28T17:29:26.000Z,99.17
IE00BMC38736,2026-09-28T19:20:28.158Z,99.095
IT0005239360,2026-08-25T05:30:11.000Z,84.445
IT0005239360,2026-08-25T07:29:59.000Z,84.535
IT0005239360,2026-08-25T09:29:43.000Z,84.785
IT0005239360,2026-08-25T11:29:55.000Z,84.555
IT0005239360,2026-08-25T13:29:59.000Z,84.455
IT0005239360,2026-08-25T15:29:48.000Z,84.395
IT0005239360,2026-08-25T17:29:24.000Z,84.2
IT0005239360,2026-08-25T19:29:55.000Z,84.275
IT0005239360,2026-08-26T05:30:42.000Z,84.425
IT0005239360,2026-08-26T07:29:58.000Z,84.535
IT0005239360,2026-08-26T09:29:58.000Z,85.045
IT0005239360,2026-08-26T11:29:58.000Z,85.235
IT0005239360,2026-08-26T13:29:58.000Z,86.085
IT0005239360,2026-08-26T15:29:58.000Z,86.045
IT0005239360,2026-08-26T17:29:42.000Z,85.99
IT0005239360,2026-08-26T19:29:02.000Z,85.99
IT0005239360,2026-08-27T05:30:48.000Z,86.155
IT0005239360,2026-08-27T07:29:59.000Z,85.835
IT0005239360,2026-08-27T09:29:58.000Z,84.855
IT0005239360,2026-08-27T11:29:36.000Z,84.615
IT0005239360,2026-08-27T13:29:57.000Z,84.315
IT0005239360,2026-08-27T15:29:59.000Z,83.435
IT0005239360,2026-08-27T17:29:50.000Z,83.41
IT0005239360,2026-08-27T19:29:59.000Z,83.425
IT0005239360,2026-08-28T05:30:35.000Z,83.745
IT0005239360,2026-08-28T07:29:58.000Z,84.295
IT0005239360,2026-08-28T09:29:59.000Z,84.18
IT0005239360,2026-08-28T11:29:51.000Z,84.005
IT0005239360,2026-08-28T13:29:59.000Z,84.165
IT0005239360,2026-08-28T15:29:59.000Z,84.695
IT0005239360,2026-08-28T17:29:45.000Z,84.515
IT0005239360,2026-08-28T19:29:53.000Z,84.6
IT0005239360,2026-08-31T05:30:20.000Z,84.645
IT0005239360,2026-08-31T07:29:58.000Z,84.62
IT0005239360,2026-08-31T09:29:34.000Z,84.815
IT0005239360,2026-08-31T11:29:54.000Z,84.895
IT0005239360,2026-08-31T13:29:41.000Z,84.855
IT0005239360,2026-08-31T15:29:59.000Z,84.335
IT0005239360,2026-08-31T17:29:56.000Z,83.915
IT0005239360,2026-08-31T19:29:47.000Z,83.925
IT0005239360,2026-09-01T05:30:46.000Z,84.165
IT0005239360,2026-09-01T07:29:59.000Z,84.165
IT0005239360,2026-09-01T09:29:59.000Z,82.885
IT0005239360,2026-09-01T11:29:58.000Z,83.235
IT0005239360,2026-09-01T13:29:58.000Z,83.405
IT0005239360,2026-09-01T15:29:58.000Z,83.29
IT0005239360,2026-09-01T17:29:53.000Z,83.265
IT0005239360,2026-09-01T19:29:47.000Z,82.975
IT0005239360,2026-09-02T05:30:53.000Z,82.96
IT0005239360,2026-09-02T07:29:59.000Z,83.685
IT0005239360,2026-09-02T09:29:58.000Z,83.285
IT0005239360,2026-09-02T11:29:38.000Z,83.285
IT0005239360,2026-09-02T13:29:58.000Z,83.545
IT0005239360,2026-09-02T15:29:59.000Z,83.51
IT0005239360,2026-09-02T17:29:26.000Z,83.84
IT0005239360,2026-09-02T19:29:59.000Z,84.01
IT0005239360,2026-09-03T05:30:31.000Z,83.725
IT0005239360,2026-09-03T07:29:59.000Z,82.98
IT0005239360,2026-09-03T09:29:58.000Z,83.815
IT0005239360,2026-09-03T11:29:50.000Z,83.925
IT0005239360,2026-09-03T13:29:47.000Z,84.215
IT0005239360,2026-09-03T15:29:59.000Z,84.485
IT0005239360,2026-09-03T17:29:45.000Z,84.915
IT0005239360,2026-09-03T19:29:50.000Z,84.665
IT0005239360,2026-09-04T05:30:00.000Z,84.72
IT0005239360,2026-09-04T07:29:58.000Z,83.315
IT0005239360,2026-09-04T09:29:58.000Z,83.035
IT0005239360,2026-09-04T11:29:58.000Z,83.425
IT0005239360,2026-09-04T13:29:59.000Z,83.935
IT0005239360,2026-09-04T15:29:59.000Z,83.585
IT0005239360,2026-09-04T17:29:25.000Z,83.555
IT0005239360,2026-09-04T19:29:51.000Z,83.535
IT0005239360,2026-09-07T05:30:50.000Z,84.31
IT0005239360,2026-09-07T07:29:59.000Z,83.525
IT0005239360,2026-09-07T09:29:59.000Z,83.385
IT0005239360,2026-09-07T11:29:58.000Z,83.135
IT0005239360,2026-09-07T13:29:27.000Z,83.605
IT0005239360,2026-09-07T15:29:58.000Z,83.785
IT0005239360,2026-09-07T17:25:01.000Z,84
IT0005239360,2026-09-07T19:29:09.000Z,83.99
IT0005239360,2026-09-08T05:30:07.000Z,83.935
IT0005239360,2026-09-08T07:29:58.000Z,83.555
IT0005239360,2026-09-08T09:29:58.000Z,83.295
IT0005239360,2026-09-08T11:29:58.000Z,83.545
IT0005239360,2026-09-08T13:29:58.000Z,83.655
IT0005239360,2026-09-08T15:29:58.000Z,84.22
IT0005239360,2026-09-08T17:26:30.000Z,84.245
IT0005239360,2026-09-08T19:29:52.000Z,84.115
IT0005239360,2026-09-09T05:30:59.000Z,84.045
IT0005239360,2026-09-09T07:29:56.000Z,83.015
IT0005239360,2026-09-09T09:29:52.000Z,82.865
IT0005239360,2026-09-09T11:29:58.000Z,82.255
IT0005239360,2026-09-09T13:29:46.000Z,83.175
IT0005239360,2026-09-09T15:29:59.000Z,83.795
IT0005239360,2026-09-09T17:29:52.000Z,84.055
IT0005239360,2026-09-09T19:29:11.000Z,84.31
IT0005239360,2026-09-10T05:30:57.000Z,84.36
IT0005239360,2026-09-10T07:29:59.000Z,84.645
IT0005239360,2026-09-10T09:29:52.000Z,84.175
IT0005239360,2026-09-10T11:29:58.000Z,84.125
IT0005239360,2026-09-10T13:29:59.000Z,83.67
IT0005239360,2026-09-10T15:29:59.000Z,84
IT0005239360,2026-09-10T17:28:20.000Z,83.765
IT0005239360,2026-09-10T19:29:38.000Z,83.465
IT0005239360,2026-09-11T05:30:16.000Z,83.68
IT0005239360,2026-09-11T07:29:59.000Z,84.455
IT0005239360,2026-09-11T09:29:59.000Z,84.605
IT0005239360,2026-09-11T11:29:59.000Z,84.325
IT0005239360,2026-09-11T13:29:59.000Z,85.125
IT0005239360,2026-09-11T15:29:59.000Z,85.105
IT0005239360,2026-09-11T17:28:30.000Z,85.045
IT0005239360,2026-09-11T19:29:34.000Z,84.89
IT0005239360,2026-09-14T05:30:51.000Z,84.68
IT0005239360,2026-09-14T07:29:58.000Z,85.38
IT0005239360,2026-09-14T09:29:59.000Z,84.41
IT0005239360,2026-09-14T11:29:59.000Z,84.24
IT0005239360,2026-09-14T13:29:58.000Z,84.495
IT0005239360,2026-09-14T15:29:59.000Z,84.535
IT0005239360,2026-09-14T17:29:57.000Z,84.67
IT0005239360,2026-09-14T19:29:57.000Z,84.45
IT0005239360,2026-09-15T05:30:42.000Z,84.175
IT0005239360,2026-09-15T07:29:59.000Z,82.44
IT0005239360,2026-09-15T09:29:55.000Z,82.705
IT0005239360,2026-09-15T11:29:58.000Z,83.325
IT0005239360,2026-09-15T13:29:52.000Z,83.455
IT0005239360,2026-09-15T15:29:59.000Z,82.575
IT0005239360,2026-09-15T17:27:44.000Z,82.595
IT0005239360,2026-09-15T19:27:37.000Z,82.445
IT0005239360,2026-09-16T05:30:58.000Z,82.605
IT0005239360,2026-09-16T07:29:58.000Z,83.685
IT0005239360,2026-09-16T09:29:58.000Z,83.535
IT0005239360,2026-09-16T11:29:52.000Z,83.525
IT0005239360,2026-09-16T13:29:58.000Z,82.945
IT0005239360,2026-09-16T15:29:58.000Z,83.285
IT0005239360,2026-09-16T17:29:43.000Z,82.905
IT0005239360,2026-09-16T19:29:47.000Z,82.505
IT0005239360,2026-09-17T07:29:58.000Z,83.315
IT0005239360,2026-09-17T09:29:59.000Z,83.075
IT0005239360,2026-09-17T11:29:51.000Z,83.265
IT0005239360,2026-09-17T13:29:59.000Z,83.465
IT0005239360,2026-09-17T15:29:59.000Z,83.635
IT0005239360,2026-09-17T17:27:38.000Z,83.49
IT0005239360,2026-09-17T19:29:56.000Z,83.45
IT0005239360,2026-09-18T05:30:48.000Z,83.45
IT0005239360,2026-09-18T07:29:58.000Z,83.305
IT0005239360,2026-09-18T09:29:59.000Z,83.23
IT0005239360,2026-09-18T11:29:58.000Z,82.16
IT0005239360,2026-09-18T13:29:59.000Z,81.545
IT0005239360,2026-09-18T15:29:59.000Z,81.345
IT0005239360,2026-09-18T17:29:57.000Z,81.17
IT0005239360,2026-09-18T19:28:36.000Z,81.24
IT0005239360,2026-09-21T05:30:59.000Z,81.125
IT0005239360,2026-09-21T07:29:58.000Z,82.555
IT0005239360,2026-09-21T09:29:59.000Z,82.735
IT0005239360,2026-09-21T11:29:58.000Z,83.295
IT0005239360,2026-09-21T13:29:36.000Z,83.305
IT0005239360,2026-09-21T15:29:59.000Z,83.845
IT0005239360,2026-09-21T17:29:45.000Z,83.93
IT0005239360,2026-09-21T19:29:57.000Z,83.935
IT0005239360,2026-09-22T05:30:59.000Z,83.85
IT0005239360,2026-09-22T07:29:58.000Z,83.105
IT0005239360,2026-09-22T09:29:58.000Z,83.38
IT0005239360,2026-09-22T11:29:58.000Z,83.595
IT0005239360,2026-09-22T13:29:58.000Z,83.865
IT0005239360,2026-09-22T15:29:59.000Z,83.15
IT0005239360,2026-09-22T17:29:53.000Z,83.335
IT0005239360,2026-09-22T19:29:50.000Z,83.665
IT0005239360,2026-09-23T05:30:12.000Z,83.665
IT0005239360,2026-09-23T07:29:59.000Z,84.025
IT0005239360,2026-09-23T09:29:59.000Z,83.755
IT0005239360,2026-09-23T11:29:59.000Z,82.95
IT0005239360,2026-09-23T13:29:59.000Z,83.435
IT0005239360,2026-09-23T15:29:59.000Z,83.505
IT0005239360,2026-09-23T17:29:45.000Z,83.11
IT0005239360,2026-09-23T19:29:55.000Z,83.25
IT0005239360,2026-09-24T05:30:45.000Z,83.115
IT0005239360,2026-09-24T07:29:59.000Z,83.3
IT0005239360,2026-09-24T09:29:58.000Z,82.605
IT0005239360,2026-09-24T11:29:43.000Z,82.745
IT0005239360,2026-09-24T13:29:58.000Z,82.805
IT0005239360,2026-09-24T15:29:59.000Z,82.205
IT0005239360,2026-09-24T17:29:58.000Z,82.795
IT0005239360,2026-09-24T19:29:43.000Z,82.75
IT0005239360,2026-09-25T05:30:23.000Z,82.875
IT0005239360,2026-09-25T07:29:58.000Z,83.645
IT0005239360,2026-09-25T09:29:58.000Z,83.675
IT0005239360,2026-09-25T11:29:58.000Z,84.255
IT0005239360,2026-09-25T13:29:59.000Z,83.835
IT0005239360,2026-09-25T15:29:58.000Z,83.775
IT0005239360,2026-09-25T17:29:57.000Z,84.405
IT0005239360,2026-09-25T19:27:54.000Z,84.355
IT0005239360,2026-09-25T20:54:51.740Z,84.405
IT0005239360,2026-09-28T05:30:42.000Z,84.005
IT0005239360,2026-09-28T07:29:59.000Z,84.195
IT0005239360,2026-09-28T09:29:59.000Z,83.745
IT0005239360,2026-09-28T11:29:58.000Z,83.945
IT0005239360,2026-09-28T13:29:58.000Z,84.505
IT0005239360,2026-09-28T15:29:58.000Z,84.185
IT0005239360,2026-09-28T17:29:47.000Z,84.74
IT0005239360,2026-09-28T19:20:39.059Z,84.62
JE00B24DK975,2026-08-25T05:30:55.000Z,7.5438
JE00B24DK975,2026-08-25T07:29:09.000Z,7.5762
JE00B24DK975,2026-08-25T09:29:59.000Z,7.7038
JE00B24DK975,2026-08-25T11:29:59.000Z,7.7252
JE00B24DK975,2026-08-25T13:29:59.000Z,7.7288
JE00B24DK975,2026-08-25T15:29:59.000Z,7.73
JE00B24DK975,2026-08-25T17:29:57.000Z,7.757
JE00B24DK975,2026-08-25T19:29:50.000Z,7.7525
JE00B24DK975,2026-08-26T05:30:56.000Z,7.8898
JE00B24DK975,2026-08-26T07:29:55.000Z,7.9005
JE00B24DK975,2026-08-26T09:29:56.000Z,7.9125
JE00B24DK975,2026-08-26T11:29:59.000Z,7.916
JE00B24DK975,2026-08-26T13:29:59.000Z,7.8742
JE00B24DK975,2026-08-26T15:29:59.000Z,7.7345
JE00B24DK975,2026-08-26T17:29:49.000Z,7.7195
JE00B24DK975,2026-08-26T19:29:29.000Z,7.7815
JE00B24DK975,2026-08-27T05:30:51.000Z,7.8228
JE00B24DK975,2026-08-27T07:29:58.000Z,7.868
JE00B24DK975,2026-08-27T09:29:58.000Z,7.7745
JE00B24DK975,2026-08-27T11:29:58.000Z,7.7532
JE00B24DK975,2026-08-27T13:29:59.000Z,7.7408
JE00B24DK975,2026-08-27T15:29:59.000Z,7.7735
JE00B24DK975,2026-08-27T17:29:43.000Z,7.7245
JE00B24DK975,2026-08-27T19:29:58.000Z,7.617
JE00B24DK975,2026-08-28T05:30:57.000Z,7.688
JE00B24DK975,2026-08-28T07:29:59.000Z,7.716
JE00B24DK975,2026-08-28T09:29:59.000Z,7.7012
JE00B24DK975,2026-08-28T11:29:57.000Z,7.6955
JE00B24DK975,2026-08-28T13:29:59.000Z,7.75
JE00B24DK975,2026-08-28T15:29:59.000Z,7.7145
JE00B24DK975,2026-08-28T17:29:53.000Z,7.7142
JE00B24DK975,2026-08-28T19:29:46.000Z,7.7152
JE00B24DK975,2026-08-31T05:30:55.000Z,7.481
JE00B24DK975,2026-08-31T07:29:57.000Z,7.5768
JE00B24DK975,2026-08-31T09:29:59.000Z,7.4618
JE00B24DK975,2026-08-31T11:29:58.000Z,7.435
JE00B24DK975,2026-08-31T13:29:59.000Z,7.506
JE00B24DK975,2026-08-31T15:29:56.000Z,7.4975
JE00B24DK975,2026-08-31T17:29:57.000Z,7.4855
JE00B24DK975,2026-08-31T19:29:57.000Z,7.4815
JE00B24DK975,2026-09-01T05:30:57.000Z,7.3978
JE00B24DK975,2026-09-01T07:29:53.000Z,7.3955
JE00B24DK975,2026-09-01T09:29:59.000Z,7.3215
JE00B24DK975,2026-09-01T11:29:58.000Z,7.352
JE00B24DK975,2026-09-01T13:29:59.000Z,7.3218
JE00B24DK975,2026-09-01T15:29:59.000Z,7.3382
JE00B24DK975,2026-09-01T17:29:59.000Z,7.226
JE00B24DK975,2026-09-01T19:29:40.000Z,7.1465
JE00B24DK975,2026-09-02T05:30:49.000Z,7.1502
JE00B24DK975,2026-09-02T07:29:57.000Z,7.1818
JE00B24DK975,2026-09-02T09:29:59.000Z,7.1692
JE00B24DK975,2026-09-02T11:29:59.000Z,7.2202
JE00B24DK975,2026-09-02T13:29:59.000Z,7.2038
JE00B24DK975,2026-09-02T15:29:59.000Z,7.1435
JE00B24DK975,2026-09-02T17:29:46.000Z,7.138
JE00B24DK975,2026-09-02T19:29:46.000Z,7.147
JE00B24DK975,2026-09-03T05:30:55.000Z,7.1945
JE00B24DK975,2026-09-03T07:29:59.000Z,7.1568
JE00B24DK975,2026-09-03T09:29:59.000Z,7.118
JE00B24DK975,2026-09-03T11:29:56.000Z,7.0652
JE00B24DK975,2026-09-03T13:29:59.000Z,7.1002
JE00B24DK975,2026-09-03T15:29:59.000Z,7.0775
JE00B24DK975,2026-09-03T17:29:55.000Z,7.085
JE00B24DK975,2026-09-03T19:29:54.000Z,7.1148
JE00B24DK975,2026-09-04T05:30:59.000Z,7.1265
JE00B24DK975,2026-09-04T07:29:59.000Z,7.1155
JE00B24DK975,2026-09-04T09:29:57.000Z,7.1602
JE00B24DK975,2026-09-04T11:29:55.000Z,7.152
JE00B24DK975,2026-09-04T13:29:59.000Z,7.1898
JE00B24DK975,2026-09-04T15:29:59.000Z,7.1398
JE00B24DK975,2026-09-04T17:29:52.000Z,7.1288
JE00B24DK975,2026-09-04T19:29:47.000Z,7.09
JE00B24DK975,2026-09-07T05:30:47.000Z,7.0375
JE00B24DK975,2026-09-07T07:29:59.000Z,7.025
JE00B24DK975,2026-09-07T09:29:55.000Z,7.0635
JE00B24DK975,2026-09-07T11:29:59.000Z,7.008
JE00B24DK975,2026-09-07T13:29:59.000Z,7.0035
JE00B24DK975,2026-09-07T15:29:59.000Z,6.9682
JE00B24DK975,2026-09-07T17:29:58.000Z,7.0055
JE00B24DK975,2026-09-08T05:30:58.000Z,6.9442
JE00B24DK975,2026-09-08T07:29:51.000Z,6.8775
JE00B24DK975,2026-09-08T09:29:56.000Z,6.8982
JE00B24DK975,2026-09-08T11:29:59.000Z,6.9135
JE00B24DK975,2026-09-08T13:29:59.000Z,6.9648
JE00B24DK975,2026-09-08T15:29:59.000Z,6.9535
JE00B24DK975,2026-09-08T17:29:55.000Z,7.0285
JE00B24DK975,2026-09-08T19:29:34.000Z,6.9195
JE00B24DK975,2026-09-09T05:30:59.000Z,6.8918
JE00B24DK975,2026-09-09T07:29:58.000Z,6.8308
JE00B24DK975,2026-09-09T09:29:59.000Z,6.804
JE00B24DK975,2026-09-09T11:29:59.000Z,6.7668
JE00B24DK975,2026-09-09T13:29:59.000Z,6.7558
JE00B24DK975,2026-09-09T15:29:59.000Z,6.7388
JE00B24DK975,2026-09-09T17:29:59.000Z,6.78
JE00B24DK975,2026-09-09T19:28:20.000Z,6.7415
JE00B24DK975,2026-09-10T05:30:54.000Z,6.7748
JE00B24DK975,2026-09-10T07:29:58.000Z,6.7412
JE00B24DK975,2026-09-10T09:29:57.000Z,6.6665
JE00B24DK975,2026-09-10T11:29:51.000Z,6.6852
JE00B24DK975,2026-09-10T13:29:59.000Z,6.5175
JE00B24DK975,2026-09-10T15:29:59.000Z,6.506
JE00B24DK975,2026-09-10T17:29:42.000Z,6.42
JE00B24DK975,2026-09-10T19:29:48.000Z,6.3955
JE00B24DK975,2026-09-11T05:30:55.000Z,6.4442
JE00B24DK975,2026-09-11T07:29:59.000Z,6.4762
JE00B24DK975,2026-09-11T09:29:58.000Z,6.5475
JE00B24DK975,2026-09-11T11:29:59.000Z,6.5725
JE00B24DK975,2026-09-11T13:29:59.000Z,6.5998
JE00B24DK975,2026-09-11T15:29:59.000Z,6.5785
JE00B24DK975,2026-09-11T17:29:40.000Z,6.584
JE00B24DK975,2026-09-11T19:28:38.000Z,6.5242
JE00B24DK975,2026-09-14T05:30:53.000Z,6.4462
JE00B24DK975,2026-09-14T07:29:56.000Z,6.451
JE00B24DK975,2026-09-14T09:29:59.000Z,6.4325
JE00B24DK975,2026-09-14T11:29:59.000Z,6.4205
JE00B24DK975,2026-09-14T13:29:57.000Z,6.3872
JE00B24DK975,2026-09-14T15:29:59.000Z,6.3912
JE00B24DK975,2026-09-14T17:29:59.000Z,6.496
JE00B24DK975,2026-09-14T19:29:56.000Z,6.4965
JE00B24DK975,2026-09-15T05:30:53.000Z,6.4078
JE00B24DK975,2026-09-15T07:29:58.000Z,6.4142
JE00B24DK975,2026-09-15T09:29:59.000Z,6.3745
JE00B24DK975,2026-09-15T11:29:59.000Z,6.4282
JE00B24DK975,2026-09-15T13:29:58.000Z,6.4125
JE00B24DK975,2026-09-15T15:29:59.000Z,6.3332
JE00B24DK975,2026-09-15T17:29:51.000Z,6.241
JE00B24DK975,2026-09-15T19:29:20.000Z,6.322
JE00B24DK975,2026-09-16T05:30:56.000Z,6.3455
JE00B24DK975,2026-09-16T07:29:54.000Z,6.3568
JE00B24DK975,2026-09-16T09:29:58.000Z,6.338
JE00B24DK975,2026-09-16T11:29:58.000Z,6.3898
JE00B24DK975,2026-09-16T13:29:59.000Z,6.3798
JE00B24DK975,2026-09-16T15:29:59.000Z,6.4938
JE00B24DK975,2026-09-16T17:29:57.000Z,6.484
JE00B24DK975,2026-09-16T19:29:54.000Z,6.5185
JE00B24DK975,2026-09-17T05:30:52.000Z,6.5232
JE00B24DK975,2026-09-17T07:29:57.000Z,6.573
JE00B24DK975,2026-09-17T09:29:56.000Z,6.518
JE00B24DK975,2026-09-17T11:29:59.000Z,6.5732
JE00B24DK975,2026-09-17T13:29:59.000Z,6.5808
JE00B24DK975,2026-09-17T15:29:59.000Z,6.5632
JE00B24DK975,2026-09-17T17:29:53.000Z,6.512
JE00B24DK975,2026-09-17T19:29:52.000Z,6.5635
JE00B24DK975,2026-09-18T05:30:58.000Z,6.5742
JE00B24DK975,2026-09-18T07:29:57.000Z,6.6358
JE00B24DK975,2026-09-18T09:29:59.000Z,6.6005
JE00B24DK975,2026-09-18T11:29:59.000Z,6.6022
JE00B24DK975,2026-09-18T13:29:59.000Z,6.521
JE00B24DK975,2026-09-18T15:29:59.000Z,6.5298
JE00B24DK975,2026-09-18T17:29:57.000Z,6.5895
JE00B24DK975,2026-09-18T19:29:57.000Z,6.5982
JE00B24DK975,2026-09-21T05:30:57.000Z,6.6718
JE00B24DK975,2026-09-21T07:29:55.000Z,6.6872
JE00B24DK975,2026-09-21T09:29:59.000Z,6.6675
JE00B24DK975,2026-09-21T11:29:59.000Z,6.7072
JE00B24DK975,2026-09-21T13:29:59.000Z,6.76
JE00B24DK975,2026-09-21T15:29:58.000Z,6.7785
JE00B24DK975,2026-09-21T17:29:45.000Z,6.7998
JE00B24DK975,2026-09-21T19:29:58.000Z,6.7782
JE00B24DK975,2026-09-22T05:30:54.000Z,6.6768
JE00B24DK975,2026-09-22T07:29:58.000Z,6.7262
JE00B24DK975,2026-09-22T09:29:59.000Z,6.8402
JE00B24DK975,2026-09-22T11:29:59.000Z,6.9108
JE00B24DK975,2026-09-22T13:29:59.000Z,6.9108
JE00B24DK975,2026-09-22T15:29:59.000Z,6.8485
JE00B24DK975,2026-09-22T17:29:28.000Z,6.8665
JE00B24DK975,2026-09-22T19:29:54.000Z,6.9052
JE00B24DK975,2026-09-23T05:30:59.000Z,6.9528
JE00B24DK975,2026-09-23T07:29:59.000Z,6.925
JE00B24DK975,2026-09-23T09:29:56.000Z,6.9158
JE00B24DK975,2026-09-23T11:29:57.000Z,6.8872
JE00B24DK975,2026-09-23T13:29:59.000Z,6.848
JE00B24DK975,2026-09-23T15:29:59.000Z,6.7598
JE00B24DK975,2026-09-23T17:29:58.000Z,6.8425
JE00B24DK975,2026-09-23T19:29:58.000Z,6.757
JE00B24DK975,2026-09-24T05:30:45.000Z,6.8482
JE00B24DK975,2026-09-24T07:29:54.000Z,6.81
JE00B24DK975,2026-09-24T09:29:59.000Z,6.692
JE00B24DK975,2026-09-24T11:29:59.000Z,6.7258
JE00B24DK975,2026-09-24T13:29:59.000Z,6.7158
JE00B24DK975,2026-09-24T15:29:59.000Z,6.5538
JE00B24DK975,2026-09-24T17:29:52.000Z,6.679
JE00B24DK975,2026-09-24T19:29:51.000Z,6.649
JE00B24DK975,2026-09-25T05:30:55.000Z,6.8295
JE00B24DK975,2026-09-25T07:29:58.000Z,6.772
JE00B24DK975,2026-09-25T09:29:59.000Z,6.7915
JE00B24DK975,2026-09-25T11:29:59.000Z,6.8128
JE00B24DK975,2026-09-25T13:29:59.000Z,6.7848
JE00B24DK975,2026-09-25T15:29:59.000Z,6.7238
JE00B24DK975,2026-09-25T17:29:49.000Z,6.8688
JE00B24DK975,2026-09-25T19:29:48.000Z,6.828
JE00B24DK975,2026-09-25T20:21:32.324Z,6.8488
JE00B24DK975,2026-09-28T05:30:56.000Z,6.7282
JE00B24DK975,2026-09-28T07:29:59.000Z,6.739
JE00B24DK975,2026-09-28T09:29:59.000Z,6.6392
JE00B24DK975,2026-09-28T11:29:59.000Z,6.6362
JE00B24DK975,2026-09-28T13:29:59.000Z,6.729
JE00B24DK975,2026-09-28T15:29:59.000Z,6.6738
JE00B24DK975,2026-09-28T17:29:59.000Z,6.828
JE00B24DK975,2026-09-28T19:20:40.719Z,6.8132
LU2023678282,2026-08-25T05:30:58.000Z,19.124
LU2023678282,2026-08-25T07:29:59.000Z,19.462
LU2023678282,2026-08-25T09:29:58.000Z,19.574
LU2023678282,2026-08-25T11:29:58.000Z,19.635
LU2023678282,2026-08-25T13:29:59.000Z,19.576
LU2023678282,2026-08-25T15:29:57.000Z,19.672
LU2023678282,2026-08-25T17:29:50.000Z,19.529
LU2023678282,2026-08-25T19:29:58.000Z,19.522
LU2023678282,2026-08-26T05:30:48.000Z,19.616
LU2023678282,2026-08-26T07:29:59.000Z,19.525
LU2023678282,2026-08-26T09:29:59.000Z,19.477
LU2023678282,2026-08-26T11:29:51.000Z,19.586
LU2023678282,2026-08-26T13:29:59.000Z,19.484
LU2023678282,2026-08-26T15:29:59.000Z,19.811
LU2023678282,2026-08-26T17:29:59.000Z,19.839
LU2023678282,2026-08-26T19:29:48.000Z,19.862
LU2023678282,2026-08-27T05:30:56.000Z,19.9415
LU2023678282,2026-08-27T07:29:59.000Z,20.5075
LU2023678282,2026-08-27T09:29:48.000Z,20.625
LU2023678282,2026-08-27T11:29:56.000Z,20.6275
LU2023678282,2026-08-27T13:29:55.000Z,20.465
LU2023678282,2026-08-27T15:29:51.000Z,19.711
LU2023678282,2026-08-27T17:29:58.000Z,19.684
LU2023678282,2026-08-27T19:29:59.000Z,19.712
LU2023678282,2026-08-28T05:30:58.000Z,19.538
LU2023678282,2026-08-28T07:29:59.000Z,19.366
LU2023678282,2026-08-28T09:29:59.000Z,19.352
LU2023678282,2026-08-28T11:29:59.000Z,19.387
LU2023678282,2026-08-28T13:29:59.000Z,19.429
LU2023678282,2026-08-28T15:29:31.000Z,19.735
LU2023678282,2026-08-28T17:29:56.000Z,19.488
LU2023678282,2026-08-28T19:29:59.000Z,19.435
LU2023678282,2026-08-31T05:30:59.000Z,19.407
LU2023678282,2026-08-31T07:29:59.000Z,19.567
LU2023678282,2026-08-31T09:29:54.000Z,19.567
LU2023678282,2026-08-31T11:29:59.000Z,19.519
LU2023678282,2026-08-31T13:29:59.000Z,19.49
LU2023678282,2026-08-31T15:29:53.000Z,19.459
LU2023678282,2026-08-31T17:29:59.000Z,19.389
LU2023678282,2026-08-31T19:29:59.000Z,19.363
LU2023678282,2026-09-01T05:30:54.000Z,19.671
LU2023678282,2026-09-01T07:29:59.000Z,19.755
LU2023678282,2026-09-01T09:29:59.000Z,19.247
LU2023678282,2026-09-01T11:29:57.000Z,19.259
LU2023678282,2026-09-01T13:29:59.000Z,19.246
LU2023678282,2026-09-01T15:29:56.000Z,19.448
LU2023678282,2026-09-01T17:29:59.000Z,19.348
LU2023678282,2026-09-01T19:29:59.000Z,19.302
LU2023678282,2026-09-02T05:30:51.000Z,19.156
LU2023678282,2026-09-02T07:29:58.000Z,19.212
LU2023678282,2026-09-02T09:29:53.000Z,19.044
LU2023678282,2026-09-02T11:29:59.000Z,19.099
LU2023678282,2026-09-02T13:29:59.000Z,19.186
LU2023678282,2026-09-02T15:29:53.000Z,19.226
LU2023678282,2026-09-02T17:29:59.000Z,19.267
LU2023678282,2026-09-02T19:29:55.000Z,19.335
LU2023678282,2026-09-03T05:30:59.000Z,19.218
LU2023678282,2026-09-03T07:29:59.000Z,19.148
LU2023678282,2026-09-03T09:29:58.000Z,19.095
LU2023678282,2026-09-03T11:29:58.000Z,19.086
LU2023678282,2026-09-03T13:29:59.000Z,19.114
LU2023678282,2026-09-03T15:29:31.000Z,19.258
LU2023678282,2026-09-03T17:29:57.000Z,19.203
LU2023678282,2026-09-03T19:29:57.000Z,19.175
LU2023678282,2026-09-04T05:30:58.000Z,19.533
LU2023678282,2026-09-04T07:29:48.000Z,19.653
LU2023678282,2026-09-04T09:29:58.000Z,19.715
LU2023678282,2026-09-04T11:29:59.000Z,19.778
LU2023678282,2026-09-04T13:29:59.000Z,19.695
LU2023678282,2026-09-04T15:29:59.000Z,20.37
LU2023678282,2026-09-04T17:29:50.000Z,20.4125
LU2023678282,2026-09-04T19:29:58.000Z,20.4575
LU2023678282,2026-09-07T05:30:57.000Z,20.7425
LU2023678282,2026-09-07T07:29:58.000Z,21.0275
LU2023678282,2026-09-07T09:29:59.000Z,20.9725
LU2023678282,2026-09-07T11:29:59.000Z,20.88
LU2023678282,2026-09-07T13:29:59.000Z,20.99
LU2023678282,2026-09-07T15:29:59.000Z,20.9925
LU2023678282,2026-09-07T17:28:48.000Z,21.0725
LU2023678282,2026-09-07T19:29:20.000Z,21.12
LU2023678282,2026-09-08T05:30:59.000Z,21.27
LU2023678282,2026-09-08T07:29:55.000Z,21.1375
LU2023678282,2026-09-08T09:29:58.000Z,20.9975
LU2023678282,2026-09-08T11:29:51.000Z,21.0775
LU2023678282,2026-09-08T13:29:59.000Z,21.2425
LU2023678282,2026-09-08T15:29:59.000Z,21.245
LU2023678282,2026-09-08T17:29:37.000Z,21.315
LU2023678282,2026-09-08T19:29:51.000Z,21.2425
LU2023678282,2026-09-09T05:30:58.000Z,21.175
LU2023678282,2026-09-09T07:29:40.000Z,21.16
LU2023678282,2026-09-09T09:29:59.000Z,21.0875
LU2023678282,2026-09-09T11:29:47.000Z,20.8825
LU2023678282,2026-09-09T13:29:54.000Z,20.95
LU2023678282,2026-09-09T15:29:56.000Z,21.3725
LU2023678282,2026-09-09T17:29:59.000Z,21.3675
LU2023678282,2026-09-09T19:29:56.000Z,21.35
LU2023678282,2026-09-10T05:30:50.000Z,21.2925
LU2023678282,2026-09-10T07:29:59.000Z,21.1675
LU2023678282,2026-09-10T09:29:50.000Z,21.0275
LU2023678282,2026-09-10T11:29:57.000Z,20.985
LU2023678282,2026-09-10T13:29:59.000Z,20.685
LU2023678282,2026-09-10T15:29:58.000Z,20.555
LU2023678282,2026-09-10T17:29:48.000Z,20.485
LU2023678282,2026-09-10T19:29:59.000Z,20.545
LU2023678282,2026-09-11T05:30:46.000Z,20.4025
LU2023678282,2026-09-11T07:29:58.000Z,20.585
LU2023678282,2026-09-11T09:29:55.000Z,20.66
LU2023678282,2026-09-11T11:29:35.000Z,20.6625
LU2023678282,2026-09-11T13:29:57.000Z,20.8375
LU2023678282,2026-09-11T15:29:51.000Z,20.6
LU2023678282,2026-09-11T17:29:54.000Z,20.59
LU2023678282,2026-09-11T19:29:52.000Z,20.5275
LU2023678282,2026-09-14T05:30:58.000Z,19.9535
LU2023678282,2026-09-14T07:29:59.000Z,19.515
LU2023678282,2026-09-14T09:29:59.000Z,19.359
LU2023678282,2026-09-14T11:29:58.000Z,19.354
LU2023678282,2026-09-14T13:29:59.000Z,19.113
LU2023678282,2026-09-14T15:29:59.000Z,19.276
LU2023678282,2026-09-14T17:29:58.000Z,19.448
LU2023678282,2026-09-14T19:29:59.000Z,19.392
LU2023678282,2026-09-15T05:30:57.000Z,19.275
LU2023678282,2026-09-15T07:29:50.000Z,19.399
LU2023678282,2026-09-15T09:29:58.000Z,19.31
LU2023678282,2026-09-15T11:29:59.000Z,19.534
LU2023678282,2026-09-15T13:29:57.000Z,19.505
LU2023678282,2026-09-15T15:29:59.000Z,19.286
LU2023678282,2026-09-15T17:29:55.000Z,19.18
LU2023678282,2026-09-15T19:29:53.000Z,19.171
LU2023678282,2026-09-16T05:30:56.000Z,19.344
LU2023678282,2026-09-16T07:29:58.000Z,19.561
LU2023678282,2026-09-16T09:29:56.000Z,19.531
LU2023678282,2026-09-16T11:29:56.000Z,19.598
LU2023678282,2026-09-16T13:29:59.000Z,19.614
LU2023678282,2026-09-16T15:29:59.000Z,19.67
LU2023678282,2026-09-16T17:29:58.000Z,19.615
LU2023678282,2026-09-16T19:29:59.000Z,19.413
LU2023678282,2026-09-17T05:30:25.000Z,19.685
LU2023678282,2026-09-17T07:29:51.000Z,19.769
LU2023678282,2026-09-17T09:29:59.000Z,19.824
LU2023678282,2026-09-17T11:29:55.000Z,19.941
LU2023678282,2026-09-17T13:29:59.000Z,20.14
LU2023678282,2026-09-17T15:29:47.000Z,20.3625
LU2023678282,2026-09-17T17:29:56.000Z,20.39
LU2023678282,2026-09-17T19:29:59.000Z,20.38
LU2023678282,2026-09-18T05:30:50.000Z,20.5075
LU2023678282,2026-09-18T07:29:59.000Z,20.725
LU2023678282,2026-09-18T09:29:59.000Z,20.59
LU2023678282,2026-09-18T11:29:55.000Z,20.565
LU2023678282,2026-09-18T13:29:59.000Z,20.57
LU2023678282,2026-09-18T15:29:58.000Z,20.755
LU2023678282,2026-09-18T17:29:58.000Z,20.8225
LU2023678282,2026-09-18T19:29:59.000Z,20.93
LU2023678282,2026-09-21T05:30:59.000Z,21.37
LU2023678282,2026-09-21T07:29:59.000Z,21.4775
LU2023678282,2026-09-21T09:29:59.000Z,21.705
LU2023678282,2026-09-21T11:29:58.000Z,21.655
LU2023678282,2026-09-21T13:29:59.000Z,21.8025
LU2023678282,2026-09-21T15:29:55.000Z,21.7825
LU2023678282,2026-09-21T17:29:59.000Z,21.73
LU2023678282,2026-09-21T19:29:58.000Z,21.8675
LU2023678282,2026-09-22T05:30:57.000Z,21.8
LU2023678282,2026-09-22T07:29:58.000Z,21.6475
LU2023678282,2026-09-22T09:29:52.000Z,21.645
LU2023678282,2026-09-22T11:29:59.000Z,21.66
LU2023678282,2026-09-22T13:29:59.000Z,21.64
LU2023678282,2026-09-22T15:29:59.000Z,22.325
LU2023678282,2026-09-22T17:29:53.000Z,22.555
LU2023678282,2026-09-22T19:29:59.000Z,22.69
LU2023678282,2026-09-23T05:30:45.000Z,22.68
LU2023678282,2026-09-23T07:29:59.000Z,22.69
LU2023678282,2026-09-23T09:29:52.000Z,22.63
LU2023678282,2026-09-23T11:29:58.000Z,22.5025
LU2023678282,2026-09-23T13:29:59.000Z,22.655
LU2023678282,2026-09-23T15:29:49.000Z,22.455
LU2023678282,2026-09-23T17:29:52.000Z,22.3275
LU2023678282,2026-09-23T19:29:55.000Z,22.3575
LU2023678282,2026-09-24T05:30:58.000Z,22.2575
LU2023678282,2026-09-24T07:29:59.000Z,22.0425
LU2023678282,2026-09-24T09:29:59.000Z,21.8275
LU2023678282,2026-09-24T11:29:19.000Z,21.955
LU2023678282,2026-09-24T13:29:59.000Z,22.0325
LU2023678282,2026-09-24T15:29:33.000Z,21.9375
LU2023678282,2026-09-24T17:29:54.000Z,22.1225
LU2023678282,2026-09-24T19:29:57.000Z,22.01
LU2023678282,2026-09-25T05:30:58.000Z,22.1975
LU2023678282,2026-09-25T07:29:57.000Z,22.3775
LU2023678282,2026-09-25T09:29:59.000Z,22.4575
LU2023678282,2026-09-25T11:29:51.000Z,22.4375
LU2023678282,2026-09-25T13:29:59.000Z,22.4025
LU2023678282,2026-09-25T15:29:59.000Z,22.255
LU2023678282,2026-09-25T17:29:42.000Z,22.4175
LU2023678282,2026-09-25T19:29:59.000Z,22.385
LU2023678282,2026-09-25T20:59:46.009Z,22.3625
LU2023678282,2026-09-28T05:30:50.000Z,22.0575
LU2023678282,2026-09-28T07:29:59.000Z,21.73
LU2023678282,2026-09-28T09:29:58.000Z,21.665
LU2023678282,2026-09-28T11:29:59.000Z,21.765
LU2023678282,2026-09-28T13:29:58.000Z,21.98
LU2023678282,2026-09-28T15:29:49.000Z,21.41
LU2023678282,2026-09-28T17:29:58.000Z,21.7525
LU2023678282,2026-09-28T19:20:24.711Z,21.7575
LU2333563281,2026-08-25T05:30:12.000Z,11.34
LU2333563281,2026-08-25T07:29:11.000Z,11.31
LU2333563281,2026-08-25T09:29:12.000Z,11.38
LU2333563281,2026-08-25T11:24:05.000Z,11.51
LU2333563281,2026-08-25T13:26:23.000Z,11.56
LU2333563281,2026-08-25T15:29:59.000Z,11.63
LU2333563281,2026-08-25T17:20:06.000Z,11.85
LU2333563281,2026-08-26T05:30:01.000Z,11.78
LU2333563281,2026-08-26T07:29:52.000Z,11.53
LU2333563281,2026-08-26T09:25:17.000Z,11.44
LU2333563281,2026-08-26T11:24:06.000Z,11.45
LU2333563281,2026-08-26T13:29:59.000Z,11.48
LU2333563281,2026-08-26T15:29:58.000Z,11.46
LU2333563281,2026-08-27T05:30:02.000Z,11.55
LU2333563281,2026-08-27T07:29:40.000Z,11.53
LU2333563281,2026-08-27T09:29:50.000Z,11.59
LU2333563281,2026-08-27T13:29:07.000Z,11.65
LU2333563281,2026-08-27T15:29:58.000Z,11.75
LU2333563281,2026-08-28T05:30:01.000Z,11.81
LU2333563281,2026-08-28T07:29:55.000Z,11.68
LU2333563281,2026-08-28T09:29:06.000Z,11.74
LU2333563281,2026-08-28T11:29:57.000Z,11.83
LU2333563281,2026-08-28T13:28:02.000Z,11.7
LU2333563281,2026-08-28T15:29:56.000Z,11.71
LU2333563281,2026-08-31T05:30:01.000Z,11.77
LU2333563281,2026-08-31T07:29:28.000Z,11.73
LU2333563281,2026-08-31T09:27:46.000Z,11.95
LU2333563281,2026-08-31T11:27:22.000Z,11.95
LU2333563281,2026-08-31T13:27:25.000Z,11.97
LU2333563281,2026-08-31T15:29:58.000Z,11.95
LU2333563281,2026-08-31T19:22:30.000Z,11.92
LU2333563281,2026-09-01T05:30:01.000Z,11.9
LU2333563281,2026-09-01T07:28:04.000Z,11.66
LU2333563281,2026-09-01T09:29:56.000Z,11.84
LU2333563281,2026-09-01T11:21:20.000Z,11.84
LU2333563281,2026-09-01T13:26:05.000Z,11.88
LU2333563281,2026-09-01T15:29:58.000Z,11.74
LU2333563281,2026-09-02T05:30:01.000Z,11.68
LU2333563281,2026-09-02T07:27:59.000Z,11.65
LU2333563281,2026-09-02T09:27:09.000Z,11.65
LU2333563281,2026-09-02T11:20:18.000Z,11.71
LU2333563281,2026-09-02T13:27:30.000Z,11.62
LU2333563281,2026-09-02T15:29:58.000Z,11.6
LU2333563281,2026-09-03T05:30:01.000Z,11.6
LU2333563281,2026-09-03T07:29:53.000Z,11.54
LU2333563281,2026-09-03T09:27:54.000Z,11.41
LU2333563281,2026-09-03T11:29:38.000Z,11.37
LU2333563281,2026-09-03T13:29:27.000Z,11.52
LU2333563281,2026-09-03T15:29:55.000Z,11.48
LU2333563281,2026-09-04T05:30:02.000Z,11.47
LU2333563281,2026-09-04T07:29:56.000Z,11.47
LU2333563281,2026-09-04T09:28:42.000Z,11.41
LU2333563281,2026-09-04T11:29:35.000Z,11.41
LU2333563281,2026-09-04T13:29:59.000Z,11.45
LU2333563281,2026-09-04T15:29:59.000Z,11.74
LU2333563281,2026-09-04T19:27:34.000Z,11.84
LU2333563281,2026-09-07T05:30:06.000Z,11.73
LU2333563281,2026-09-07T07:24:49.000Z,11.87
LU2333563281,2026-09-07T09:27:29.000Z,11.83
LU2333563281,2026-09-07T11:23:53.000Z,11.85
LU2333563281,2026-09-07T13:20:29.000Z,11.9
LU2333563281,2026-09-07T15:29:57.000Z,11.68
LU2333563281,2026-09-08T05:30:01.000Z,11.83
LU2333563281,2026-09-08T07:22:38.000Z,11.87
LU2333563281,2026-09-08T09:26:43.000Z,11.95
LU2333563281,2026-09-08T11:28:25.000Z,12.05
LU2333563281,2026-09-08T13:20:09.000Z,12.01
LU2333563281,2026-09-08T15:29:57.000Z,11.93
LU2333563281,2026-09-09T05:30:11.000Z,12.1
LU2333563281,2026-09-09T07:29:34.000Z,11.96
LU2333563281,2026-09-09T09:29:18.000Z,12.05
LU2333563281,2026-09-09T11:28:08.000Z,12.1
LU2333563281,2026-09-09T13:22:56.000Z,12.07
LU2333563281,2026-09-09T15:29:58.000Z,11.97
LU2333563281,2026-09-10T05:30:01.000Z,11.97
LU2333563281,2026-09-10T07:25:10.000Z,11.9
LU2333563281,2026-09-10T11:25:06.000Z,11.68
LU2333563281,2026-09-10T13:29:08.000Z,11.62
LU2333563281,2026-09-10T15:29:59.000Z,11.72
LU2333563281,2026-09-11T05:30:01.000Z,11.78
LU2333563281,2026-09-11T07:26:15.000Z,11.71
LU2333563281,2026-09-11T09:25:53.000Z,11.66
LU2333563281,2026-09-11T11:27:11.000Z,11.7
LU2333563281,2026-09-11T13:28:52.000Z,11.69
LU2333563281,2026-09-11T15:29:58.000Z,11.61
LU2333563281,2026-09-11T17:24:50.000Z,11.62
LU2333563281,2026-09-11T19:24:53.000Z,11.64
LU2333563281,2026-09-14T05:30:19.000Z,11.56
LU2333563281,2026-09-14T07:28:00.000Z,11.62
LU2333563281,2026-09-14T09:29:35.000Z,11.56
LU2333563281,2026-09-14T11:25:57.000Z,11.59
LU2333563281,2026-09-14T13:24:07.000Z,11.53
LU2333563281,2026-09-14T15:29:59.000Z,11.54
LU2333563281,2026-09-14T17:22:16.000Z,11.55
LU2333563281,2026-09-14T19:25:48.000Z,11.79
LU2333563281,2026-09-15T05:30:46.000Z,11.6
LU2333563281,2026-09-15T07:29:30.000Z,11.63
LU2333563281,2026-09-15T09:29:41.000Z,11.55
LU2333563281,2026-09-15T11:28:10.000Z,11.55
LU2333563281,2026-09-15T13:28:01.000Z,11.51
LU2333563281,2026-09-15T15:29:59.000Z,11.41
LU2333563281,2026-09-16T05:30:15.000Z,11.47
LU2333563281,2026-09-16T07:27:22.000Z,11.43
LU2333563281,2026-09-16T09:29:25.000Z,11.22
LU2333563281,2026-09-16T11:29:07.000Z,11.25
LU2333563281,2026-09-16T13:29:50.000Z,11.44
LU2333563281,2026-09-16T15:29:58.000Z,11.51
LU2333563281,2026-09-17T05:30:15.000Z,11.53
LU2333563281,2026-09-17T07:29:57.000Z,11.57
LU2333563281,2026-09-17T09:28:59.000Z,11.45
LU2333563281,2026-09-17T11:27:48.000Z,11.55
LU2333563281,2026-09-17T13:29:56.000Z,11.55
LU2333563281,2026-09-17T15:29:46.000Z,11.55
LU2333563281,2026-09-18T05:30:17.000Z,11.55
LU2333563281,2026-09-18T07:27:42.000Z,11.58
LU2333563281,2026-09-18T09:29:46.000Z,11.61
LU2333563281,2026-09-18T11:20:36.000Z,11.58
LU2333563281,2026-09-18T13:29:29.000Z,11.47
LU2333563281,2026-09-18T15:29:58.000Z,11.44
LU2333563281,2026-09-21T05:30:17.000Z,11.48
LU2333563281,2026-09-21T07:29:59.000Z,11.58
LU2333563281,2026-09-21T09:29:42.000Z,11.51
LU2333563281,2026-09-21T11:23:50.000Z,11.41
LU2333563281,2026-09-21T15:28:43.000Z,11.41
LU2333563281,2026-09-21T19:28:57.000Z,11.29
LU2333563281,2026-09-22T05:30:17.000Z,11.28
LU2333563281,2026-09-22T07:29:55.000Z,11.45
LU2333563281,2026-09-22T09:29:44.000Z,11.71
LU2333563281,2026-09-22T11:29:28.000Z,11.67
LU2333563281,2026-09-22T13:28:41.000Z,11.68
LU2333563281,2026-09-22T15:29:54.000Z,11.67
LU2333563281,2026-09-22T19:26:28.000Z,11.52
LU2333563281,2026-09-23T05:30:17.000Z,11.58
LU2333563281,2026-09-23T07:26:22.000Z,11.57
LU2333563281,2026-09-23T09:27:57.000Z,11.62
LU2333563281,2026-09-23T11:26:38.000Z,11.54
LU2333563281,2026-09-23T13:28:40.000Z,11.54
LU2333563281,2026-09-23T15:29:59.000Z,11.7
LU2333563281,2026-09-24T05:30:26.000Z,11.91
LU2333563281,2026-09-24T07:27:23.000Z,11.8
LU2333563281,2026-09-24T09:27:53.000Z,11.62
LU2333563281,2026-09-24T11:29:56.000Z,11.75
LU2333563281,2026-09-24T13:28:01.000Z,11.64
LU2333563281,2026-09-24T15:29:55.000Z,11.54
LU2333563281,2026-09-25T05:30:21.000Z,11.64
LU2333563281,2026-09-25T07:29:14.000Z,11.58
LU2333563281,2026-09-25T09:24:02.000Z,11.59
LU2333563281,2026-09-25T11:29:31.000Z,11.55
LU2333563281,2026-09-25T13:24:25.000Z,11.53
LU2333563281,2026-09-25T15:29:54.000Z,11.4
LU2333563281,2026-09-25T19:59:02.763Z,11.37
LU2333563281,2026-09-28T05:30:17.000Z,11.35
LU2333563281,2026-09-28T07:28:11.000Z,11.36
LU2333563281,2026-09-28T09:24:49.000Z,11.34
LU2333563281,2026-09-28T11:27:41.000Z,11.46
LU2333563281,2026-09-28T13:27:17.000Z,11.52
LU2333563281,2026-09-28T15:29:57.000Z,11.68
LU2333563281,2026-09-28T19:18:22.800Z,11.69
NL0009805522,2026-08-25T05:30:59.000Z,186.25
NL0009805522,2026-08-25T07:29:58.000Z,186.2
NL0009805522,2026-08-25T09:29:56.000Z,188.37
NL0009805522,2026-08-25T11:29:57.000Z,187.99
NL0009805522,2026-08-25T13:29:59.000Z,186.81
NL0009805522,2026-08-25T15:29:59.000Z,186.96
NL0009805522,2026-08-25T17:29:58.000Z,188.42
NL0009805522,2026-08-25T19:29:56.000Z,189.15
NL0009805522,2026-08-26T05:30:43.000Z,188.95
NL0009805522,2026-08-26T07:29:22.000Z,188.48
NL0009805522,2026-08-26T09:29:38.000Z,187.5
NL0009805522,2026-08-26T11:29:58.000Z,188.93
NL0009805522,2026-08-26T13:29:59.000Z,184.84
NL0009805522,2026-08-26T15:29:59.000Z,185.38
NL0009805522,2026-08-26T17:29:57.000Z,184.84
NL0009805522,2026-08-26T19:29:58.000Z,184.05
NL0009805522,2026-08-27T05:30:54.000Z,192.92
NL0009805522,2026-08-27T07:29:58.000Z,194.48
NL0009805522,2026-08-27T09:29:59.000Z,196.6
NL0009805522,2026-08-27T11:29:56.000Z,195
NL0009805522,2026-08-27T13:29:59.000Z,191.9
NL0009805522,2026-08-27T15:29:59.000Z,187.75
NL0009805522,2026-08-27T17:29:59.000Z,187.88
NL0009805522,2026-08-27T19:29:59.000Z,186.73
NL0009805522,2026-08-28T05:30:59.000Z,183.59
NL0009805522,2026-08-28T07:29:57.000Z,184.9
NL0009805522,2026-08-28T09:29:57.000Z,183.55
NL0009805522,2026-08-28T11:29:58.000Z,183.92
NL0009805522,2026-08-28T13:29:58.000Z,182.06
NL0009805522,2026-08-28T15:29:57.000Z,182.48
NL0009805522,2026-08-28T17:29:53.000Z,179
NL0009805522,2026-08-28T19:29:58.000Z,180.05
NL0009805522,2026-08-31T05:30:56.000Z,178.85
NL0009805522,2026-08-31T07:29:27.000Z,179.39
NL0009805522,2026-08-31T09:29:57.000Z,178.61
NL0009805522,2026-08-31T11:29:59.000Z,177.98
NL0009805522,2026-08-31T13:29:59.000Z,177.13
NL0009805522,2026-08-31T15:29:55.000Z,175.78
NL0009805522,2026-08-31T17:29:53.000Z,176.48
NL0009805522,2026-08-31T19:29:58.000Z,175.84
NL0009805522,2026-09-01T05:30:55.000Z,178.21
NL0009805522,2026-09-01T07:29:59.000Z,179.65
NL0009805522,2026-09-01T09:29:41.000Z,174.52
NL0009805522,2026-09-01T11:29:59.000Z,173.92
NL0009805522,2026-09-01T13:29:59.000Z,172.75
NL0009805522,2026-09-01T15:29:59.000Z,172.89
NL0009805522,2026-09-01T17:29:52.000Z,173.28
NL0009805522,2026-09-01T19:29:54.000Z,172.93
NL0009805522,2026-09-02T05:30:50.000Z,170.94
NL0009805522,2026-09-02T07:29:48.000Z,170.52
NL0009805522,2026-09-02T09:29:57.000Z,168.43
NL0009805522,2026-09-02T11:29:58.000Z,168.86
NL0009805522,2026-09-02T13:29:59.000Z,168.63
NL0009805522,2026-09-02T15:29:58.000Z,172.11
NL0009805522,2026-09-02T17:29:58.000Z,172.62
NL0009805522,2026-09-02T19:29:56.000Z,176.12
NL0009805522,2026-09-03T05:30:51.000Z,174.38
NL0009805522,2026-09-03T07:29:54.000Z,175.7
NL0009805522,2026-09-03T09:29:59.000Z,175.6
NL0009805522,2026-09-03T11:29:58.000Z,175.37
NL0009805522,2026-09-03T13:29:59.000Z,175.17
NL0009805522,2026-09-03T15:29:59.000Z,179.84
NL0009805522,2026-09-03T17:29:58.000Z,179.73
NL0009805522,2026-09-03T19:29:59.000Z,181.96
NL0009805522,2026-09-04T05:30:37.000Z,184.31
NL0009805522,2026-09-04T07:29:57.000Z,182.99
NL0009805522,2026-09-04T09:29:59.000Z,183.24
NL0009805522,2026-09-04T11:29:55.000Z,183.84
NL0009805522,2026-09-04T13:29:58.000Z,180.73
NL0009805522,2026-09-04T15:29:59.000Z,185.59
NL0009805522,2026-09-04T17:29:58.000Z,187.73
NL0009805522,2026-09-04T19:29:59.000Z,192.09
NL0009805522,2026-09-07T05:30:04.000Z,191.9
NL0009805522,2026-09-07T07:29:36.000Z,193.14
NL0009805522,2026-09-07T09:29:59.000Z,193.3
NL0009805522,2026-09-07T11:29:38.000Z,193.15
NL0009805522,2026-09-07T13:29:12.000Z,194.75
NL0009805522,2026-09-07T15:29:28.000Z,195.74
NL0009805522,2026-09-07T17:25:13.000Z,197.46
NL0009805522,2026-09-07T19:29:09.000Z,196.51
NL0009805522,2026-09-08T05:30:59.000Z,197.93
NL0009805522,2026-09-08T07:29:57.000Z,196.24
NL0009805522,2026-09-08T09:29:39.000Z,193.84
NL0009805522,2026-09-08T11:29:59.000Z,199.1
NL0009805522,2026-09-08T13:29:59.000Z,202.075
NL0009805522,2026-09-08T15:29:59.000Z,213.725
NL0009805522,2026-09-08T17:29:59.000Z,216.275
NL0009805522,2026-09-08T19:29:59.000Z,212.125
NL0009805522,2026-09-09T05:30:32.000Z,210.2
NL0009805522,2026-09-09T07:29:31.000Z,211.4
NL0009805522,2026-09-09T09:29:57.000Z,211.65
NL0009805522,2026-09-09T11:29:34.000Z,208.4
NL0009805522,2026-09-09T13:29:59.000Z,212.75
NL0009805522,2026-09-09T15:29:59.000Z,209.975
NL0009805522,2026-09-09T17:29:55.000Z,207.8
NL0009805522,2026-09-09T19:29:58.000Z,208.025
NL0009805522,2026-09-10T05:30:55.000Z,203.725
NL0009805522,2026-09-10T07:29:54.000Z,203.05
NL0009805522,2026-09-10T09:29:53.000Z,201.425
NL0009805522,2026-09-10T11:29:59.000Z,200.35
NL0009805522,2026-09-10T13:29:59.000Z,199.73
NL0009805522,2026-09-10T15:29:59.000Z,198.34
NL0009805522,2026-09-10T17:29:58.000Z,196.65
NL0009805522,2026-09-10T19:29:59.000Z,197.28
NL0009805522,2026-09-11T05:30:56.000Z,196.54
NL0009805522,2026-09-11T07:29:57.000Z,199.545
NL0009805522,2026-09-11T09:29:55.000Z,201.3
NL0009805522,2026-09-11T11:29:59.000Z,200.325
NL0009805522,2026-09-11T13:29:59.000Z,202.325
NL0009805522,2026-09-11T15:29:59.000Z,197.17
NL0009805522,2026-09-11T17:29:58.000Z,195.47
NL0009805522,2026-09-11T19:29:59.000Z,194.18
NL0009805522,2026-09-14T05:30:55.000Z,184.21
NL0009805522,2026-09-14T07:29:54.000Z,182.4
NL0009805522,2026-09-14T09:29:59.000Z,180.5
NL0009805522,2026-09-14T11:29:59.000Z,179.46
NL0009805522,2026-09-14T13:29:58.000Z,177.69
NL0009805522,2026-09-14T15:29:59.000Z,184.82
NL0009805522,2026-09-14T17:29:58.000Z,187.21
NL0009805522,2026-09-14T19:29:58.000Z,184.49
NL0009805522,2026-09-15T05:30:34.000Z,183.31
NL0009805522,2026-09-15T07:28:06.000Z,184.02
NL0009805522,2026-09-15T09:29:34.000Z,181.96
NL0009805522,2026-09-15T11:29:59.000Z,186.21
NL0009805522,2026-09-15T13:29:59.000Z,183.07
NL0009805522,2026-09-15T15:29:59.000Z,182.73
NL0009805522,2026-09-15T17:29:59.000Z,181.1
NL0009805522,2026-09-15T19:29:56.000Z,179.97
NL0009805522,2026-09-16T05:30:59.000Z,180.83
NL0009805522,2026-09-16T07:29:50.000Z,183.07
NL0009805522,2026-09-16T09:29:56.000Z,182.93
NL0009805522,2026-09-16T11:29:59.000Z,183.82
NL0009805522,2026-09-16T13:29:59.000Z,184.22
NL0009805522,2026-09-16T15:29:58.000Z,189.13
NL0009805522,2026-09-16T17:29:58.000Z,188.39
NL0009805522,2026-09-16T19:29:59.000Z,182.44
NL0009805522,2026-09-17T07:29:57.000Z,197.32
NL0009805522,2026-09-17T09:29:58.000Z,198.57
NL0009805522,2026-09-17T11:29:59.000Z,199.52
NL0009805522,2026-09-17T13:29:49.000Z,200.425
NL0009805522,2026-09-17T15:29:59.000Z,184.4
NL0009805522,2026-09-17T17:29:59.000Z,186.58
NL0009805522,2026-09-17T19:29:59.000Z,187.55
NL0009805522,2026-09-18T05:30:54.000Z,188.97
NL0009805522,2026-09-18T07:29:58.000Z,191.76
NL0009805522,2026-09-18T09:29:56.000Z,190.36
NL0009805522,2026-09-18T11:29:41.000Z,190.21
NL0009805522,2026-09-18T13:29:59.000Z,190.03
NL0009805522,2026-09-18T15:29:59.000Z,188.99
NL0009805522,2026-09-18T17:29:58.000Z,191.97
NL0009805522,2026-09-18T19:29:56.000Z,193.37
NL0009805522,2026-09-21T05:30:57.000Z,198.01
NL0009805522,2026-09-21T07:29:09.000Z,198.7
NL0009805522,2026-09-21T09:29:59.000Z,198.64
NL0009805522,2026-09-21T11:29:58.000Z,196.12
NL0009805522,2026-09-21T13:29:59.000Z,196.8
NL0009805522,2026-09-21T15:29:59.000Z,203.975
NL0009805522,2026-09-21T17:29:59.000Z,203.325
NL0009805522,2026-09-21T19:29:59.000Z,203.425
NL0009805522,2026-09-22T05:30:49.000Z,201.225
NL0009805522,2026-09-22T07:29:57.000Z,201.65
NL0009805522,2026-09-22T09:29:57.000Z,201.275
NL0009805522,2026-09-22T11:29:55.000Z,202.575
NL0009805522,2026-09-22T13:29:59.000Z,203.7
NL0009805522,2026-09-22T15:29:59.000Z,206.2
NL0009805522,2026-09-22T17:29:58.000Z,205.025
NL0009805522,2026-09-22T19:29:57.000Z,207.25
NL0009805522,2026-09-23T05:30:58.000Z,206.725
NL0009805522,2026-09-23T07:29:55.000Z,207.05
NL0009805522,2026-09-23T09:29:59.000Z,207.65
NL0009805522,2026-09-23T11:29:59.000Z,203.425
NL0009805522,2026-09-23T13:29:59.000Z,206.25
NL0009805522,2026-09-23T15:29:59.000Z,205.35
NL0009805522,2026-09-23T17:29:57.000Z,203.05
NL0009805522,2026-09-23T19:29:59.000Z,202.675
NL0009805522,2026-09-24T05:30:15.000Z,199.795
NL0009805522,2026-09-24T07:29:56.000Z,199.26
NL0009805522,2026-09-24T09:29:58.000Z,197.06
NL0009805522,2026-09-24T11:29:59.000Z,200.375
NL0009805522,2026-09-24T13:29:59.000Z,204.4
NL0009805522,2026-09-24T15:29:59.000Z,210.8
NL0009805522,2026-09-24T17:29:49.000Z,216.85
NL0009805522,2026-09-24T19:29:58.000Z,215.85
NL0009805522,2026-09-25T05:30:50.000Z,216.175
NL0009805522,2026-09-25T07:29:54.000Z,216.9
NL0009805522,2026-09-25T09:29:50.000Z,218.1
NL0009805522,2026-09-25T11:29:54.000Z,217.75
NL0009805522,2026-09-25T13:29:52.000Z,215.775
NL0009805522,2026-09-25T15:29:59.000Z,208.95
NL0009805522,2026-09-25T17:29:58.000Z,209.475
NL0009805522,2026-09-25T19:29:58.000Z,209.05
NL0009805522,2026-09-25T20:59:57.588Z,208.525
NL0009805522,2026-09-28T05:30:45.000Z,204.425
NL0009805522,2026-09-28T07:29:25.000Z,203.6
NL0009805522,2026-09-28T09:29:47.000Z,203.3
NL0009805522,2026-09-28T11:29:52.000Z,204.775
NL0009805522,2026-09-28T13:29:59.000Z,207.4
NL0009805522,2026-09-28T15:29:59.000Z,203.15
NL0009805522,2026-09-28T17:29:49.000Z,204.975
NL0009805522,2026-09-28T19:20:35.584Z,204.95
NL0010273215,2026-08-25T05:30:49.000Z,1503.9
NL0010273215,2026-08-25T07:29:58.000Z,1495.7
NL0010273215,2026-08-25T09:29:58.000Z,1509.4
NL0010273215,2026-08-25T11:29:58.000Z,1509.4
NL0010273215,2026-08-25T13:29:59.000Z,1507.5
NL0010273215,2026-08-25T15:29:59.000Z,1501
NL0010273215,2026-08-25T17:29:58.000Z,1496.9
NL0010273215,2026-08-25T19:29:58.000Z,1495.6
NL0010273215,2026-08-26T05:30:56.000Z,1499.3
NL0010273215,2026-08-26T07:29:59.000Z,1481
NL0010273215,2026-08-26T09:29:59.000Z,1496
NL0010273215,2026-08-26T11:29:58.000Z,1498.2
NL0010273215,2026-08-26T13:29:59.000Z,1497.6
NL0010273215,2026-08-26T15:29:59.000Z,1494.4
NL0010273215,2026-08-26T17:29:57.000Z,1493.2
NL0010273215,2026-08-26T19:29:41.000Z,1498.8
NL0010273215,2026-08-27T05:30:54.000Z,1515.1
NL0010273215,2026-08-27T07:29:59.000Z,1519.5
NL0010273215,2026-08-27T09:29:58.000Z,1521.2
NL0010273215,2026-08-27T11:29:58.000Z,1514.3
NL0010273215,2026-08-27T13:29:59.000Z,1498.8
NL0010273215,2026-08-27T15:29:59.000Z,1483
NL0010273215,2026-08-27T17:29:57.000Z,1483.2
NL0010273215,2026-08-27T19:29:59.000Z,1479.3
NL0010273215,2026-08-28T05:30:35.000Z,1485
NL0010273215,2026-08-28T07:29:58.000Z,1483.6
NL0010273215,2026-08-28T09:29:59.000Z,1487.3
NL0010273215,2026-08-28T11:29:58.000Z,1486.8
NL0010273215,2026-08-28T13:29:59.000Z,1491
NL0010273215,2026-08-28T15:29:59.000Z,1492.3
NL0010273215,2026-08-28T17:29:51.000Z,1466.2
NL0010273215,2026-08-28T19:29:57.000Z,1476.1
NL0010273215,2026-08-31T05:30:58.000Z,1469.5
NL0010273215,2026-08-31T07:29:58.000Z,1477.8
NL0010273215,2026-08-31T09:29:58.000Z,1478
NL0010273215,2026-08-31T11:29:58.000Z,1482
NL0010273215,2026-08-31T13:29:59.000Z,1474.5
NL0010273215,2026-08-31T15:29:59.000Z,1448
NL0010273215,2026-08-31T17:29:47.000Z,1454.3
NL0010273215,2026-08-31T19:29:48.000Z,1456.8
NL0010273215,2026-09-01T05:30:46.000Z,1459.4
NL0010273215,2026-09-01T07:29:58.000Z,1469.5
NL0010273215,2026-09-01T09:29:58.000Z,1449.6
NL0010273215,2026-09-01T11:29:58.000Z,1451
NL0010273215,2026-09-01T13:29:59.000Z,1450.2
NL0010273215,2026-09-01T15:29:59.000Z,1431.1
NL0010273215,2026-09-01T17:29:59.000Z,1433.7
NL0010273215,2026-09-01T19:29:57.000Z,1433.3
NL0010273215,2026-09-02T05:30:52.000Z,1432.2
NL0010273215,2026-09-02T07:29:58.000Z,1435.4
NL0010273215,2026-09-02T09:29:58.000Z,1435.6
NL0010273215,2026-09-02T11:29:58.000Z,1432
NL0010273215,2026-09-02T13:29:59.000Z,1442.6
NL0010273215,2026-09-02T15:29:59.000Z,1443
NL0010273215,2026-09-02T17:29:59.000Z,1441.8
NL0010273215,2026-09-02T19:29:59.000Z,1455.8
NL0010273215,2026-09-03T05:30:48.000Z,1445.3
NL0010273215,2026-09-03T07:29:59.000Z,1443.5
NL0010273215,2026-09-03T09:29:59.000Z,1428.4
NL0010273215,2026-09-03T11:29:58.000Z,1429.1
NL0010273215,2026-09-03T13:29:59.000Z,1413.8
NL0010273215,2026-09-03T15:29:59.000Z,1424.3
NL0010273215,2026-09-03T17:29:57.000Z,1411
NL0010273215,2026-09-03T19:29:58.000Z,1417.5
NL0010273215,2026-09-04T05:30:30.000Z,1428.2
NL0010273215,2026-09-04T07:29:58.000Z,1442.3
NL0010273215,2026-09-04T09:29:58.000Z,1446.7
NL0010273215,2026-09-04T11:29:59.000Z,1446.6
NL0010273215,2026-09-04T13:29:59.000Z,1444.8
NL0010273215,2026-09-04T15:29:59.000Z,1471.6
NL0010273215,2026-09-04T17:29:58.000Z,1471.6
NL0010273215,2026-09-04T19:29:56.000Z,1469
NL0010273215,2026-09-07T05:30:50.000Z,1479.5
NL0010273215,2026-09-07T07:29:58.000Z,1486.6
NL0010273215,2026-09-07T09:29:59.000Z,1489.3
NL0010273215,2026-09-07T11:29:58.000Z,1481.3
NL0010273215,2026-09-07T13:29:59.000Z,1494.7
NL0010273215,2026-09-07T15:29:59.000Z,1501.2
NL0010273215,2026-09-07T17:27:53.000Z,1500.4
NL0010273215,2026-09-07T19:29:09.000Z,1500.4
NL0010273215,2026-09-08T05:30:07.000Z,1497.2
NL0010273215,2026-09-08T07:29:58.000Z,1494.6
NL0010273215,2026-09-08T09:29:59.000Z,1509
NL0010273215,2026-09-08T11:29:59.000Z,1520.2
NL0010273215,2026-09-08T13:29:59.000Z,1526.7
NL0010273215,2026-09-08T15:29:58.000Z,1517.5
NL0010273215,2026-09-08T17:29:57.000Z,1520.6
NL0010273215,2026-09-08T19:29:59.000Z,1520.6
NL0010273215,2026-09-09T05:30:57.000Z,1520.5
NL0010273215,2026-09-09T07:29:59.000Z,1513.7
NL0010273215,2026-09-09T09:29:58.000Z,1501
NL0010273215,2026-09-09T11:29:58.000Z,1483.2
NL0010273215,2026-09-09T13:29:59.000Z,1483
NL0010273215,2026-09-09T15:29:59.000Z,1488
NL0010273215,2026-09-09T17:29:58.000Z,1491.5
NL0010273215,2026-09-09T19:29:55.000Z,1485.3
NL0010273215,2026-09-10T05:30:59.000Z,1491.1
NL0010273215,2026-09-10T07:29:58.000Z,1484.4
NL0010273215,2026-09-10T09:29:58.000Z,1476
NL0010273215,2026-09-10T11:29:58.000Z,1471.5
NL0010273215,2026-09-10T13:29:59.000Z,1456.1
NL0010273215,2026-09-10T15:29:59.000Z,1473.1
NL0010273215,2026-09-10T17:29:56.000Z,1463.8
NL0010273215,2026-09-10T19:29:59.000Z,1464.9
NL0010273215,2026-09-11T05:30:43.000Z,1457.3
NL0010273215,2026-09-11T07:29:58.000Z,1473
NL0010273215,2026-09-11T09:29:58.000Z,1481.9
NL0010273215,2026-09-11T11:29:58.000Z,1483.8
NL0010273215,2026-09-11T13:29:59.000Z,1488.2
NL0010273215,2026-09-11T15:29:59.000Z,1478.1
NL0010273215,2026-09-11T17:29:59.000Z,1475.4
NL0010273215,2026-09-11T19:29:56.000Z,1466
NL0010273215,2026-09-14T05:30:58.000Z,1434.5
NL0010273215,2026-09-14T07:29:59.000Z,1414.4
NL0010273215,2026-09-14T09:29:59.000Z,1396.8
NL0010273215,2026-09-14T11:29:59.000Z,1392.5
NL0010273215,2026-09-14T13:29:59.000Z,1382.4
NL0010273215,2026-09-14T15:29:59.000Z,1386.3
NL0010273215,2026-09-14T17:29:59.000Z,1379.8
NL0010273215,2026-09-14T19:29:59.000Z,1372.2
NL0010273215,2026-09-15T05:30:41.000Z,1368.6
NL0010273215,2026-09-15T07:29:59.000Z,1399.7
NL0010273215,2026-09-15T09:29:59.000Z,1389.5
NL0010273215,2026-09-15T11:29:59.000Z,1406.5
NL0010273215,2026-09-15T13:29:59.000Z,1400
NL0010273215,2026-09-15T15:29:59.000Z,1373.6
NL0010273215,2026-09-15T17:29:59.000Z,1382.5
NL0010273215,2026-09-15T19:29:57.000Z,1381.4
NL0010273215,2026-09-16T05:30:46.000Z,1382.7
NL0010273215,2026-09-16T07:29:59.000Z,1410.7
NL0010273215,2026-09-16T09:29:58.000Z,1413.4
NL0010273215,2026-09-16T11:29:58.000Z,1418.1
NL0010273215,2026-09-16T13:29:59.000Z,1413.7
NL0010273215,2026-09-16T15:29:59.000Z,1395.8
NL0010273215,2026-09-16T17:29:59.000Z,1391.6
NL0010273215,2026-09-16T19:29:59.000Z,1391.7
NL0010273215,2026-09-17T07:29:58.000Z,1419.6
NL0010273215,2026-09-17T09:29:59.000Z,1423.6
NL0010273215,2026-09-17T11:29:58.000Z,1423.2
NL0010273215,2026-09-17T13:29:59.000Z,1425.8
NL0010273215,2026-09-17T15:29:59.000Z,1418
NL0010273215,2026-09-17T17:29:54.000Z,1413.5
NL0010273215,2026-09-17T19:29:55.000Z,1418.9
NL0010273215,2026-09-18T05:30:43.000Z,1421.8
NL0010273215,2026-09-18T07:29:58.000Z,1445.8
NL0010273215,2026-09-18T09:29:59.000Z,1435.2
NL0010273215,2026-09-18T11:29:59.000Z,1420.3
NL0010273215,2026-09-18T13:29:59.000Z,1423.7
NL0010273215,2026-09-18T15:29:59.000Z,1439.5
NL0010273215,2026-09-18T17:29:32.000Z,1434.6
NL0010273215,2026-09-18T19:29:59.000Z,1438.1
NL0010273215,2026-09-21T05:30:42.000Z,1462.5
NL0010273215,2026-09-21T07:29:58.000Z,1487.1
NL0010273215,2026-09-21T09:29:58.000Z,1494.1
NL0010273215,2026-09-21T11:29:58.000Z,1486.7
NL0010273215,2026-09-21T13:29:59.000Z,1475.4
NL0010273215,2026-09-21T15:29:59.000Z,1481.7
NL0010273215,2026-09-21T17:29:59.000Z,1489.7
NL0010273215,2026-09-21T19:29:59.000Z,1492
NL0010273215,2026-09-22T05:30:33.000Z,1489.4
NL0010273215,2026-09-22T07:29:59.000Z,1479.6
NL0010273215,2026-09-22T09:29:59.000Z,1484
NL0010273215,2026-09-22T11:29:58.000Z,1485.4
NL0010273215,2026-09-22T13:29:59.000Z,1481.6
NL0010273215,2026-09-22T15:29:59.000Z,1510.9
NL0010273215,2026-09-22T17:29:58.000Z,1509.8
NL0010273215,2026-09-22T19:29:59.000Z,1521.8
NL0010273215,2026-09-23T05:30:59.000Z,1522.9
NL0010273215,2026-09-23T07:29:58.000Z,1521.3
NL0010273215,2026-09-23T09:29:59.000Z,1513.8
NL0010273215,2026-09-23T11:29:59.000Z,1505.5
NL0010273215,2026-09-23T13:29:59.000Z,1517.3
NL0010273215,2026-09-23T15:29:59.000Z,1522.7
NL0010273215,2026-09-23T17:29:58.000Z,1515.9
NL0010273215,2026-09-23T19:29:57.000Z,1522.1
NL0010273215,2026-09-24T05:30:51.000Z,1524.4
NL0010273215,2026-09-24T07:29:59.000Z,1514.9
NL0010273215,2026-09-24T09:29:59.000Z,1497
NL0010273215,2026-09-24T11:29:58.000Z,1504.8
NL0010273215,2026-09-24T13:29:59.000Z,1504.7
NL0010273215,2026-09-24T15:29:59.000Z,1507.7
NL0010273215,2026-09-24T17:29:55.000Z,1514.7
NL0010273215,2026-09-24T19:29:59.000Z,1513.1
NL0010273215,2026-09-25T05:30:52.000Z,1523.4
NL0010273215,2026-09-25T07:29:58.000Z,1534.2
NL0010273215,2026-09-25T09:29:58.000Z,1538.8
NL0010273215,2026-09-25T11:29:59.000Z,1539.5
NL0010273215,2026-09-25T13:29:59.000Z,1528.4
NL0010273215,2026-09-25T15:29:59.000Z,1525.9
NL0010273215,2026-09-25T17:29:58.000Z,1527.2
NL0010273215,2026-09-25T19:29:59.000Z,1529.7
NL0010273215,2026-09-25T20:59:58.854Z,1530.6
NL0010273215,2026-09-28T05:30:40.000Z,1519.6
NL0010273215,2026-09-28T07:29:59.000Z,1510.7
NL0010273215,2026-09-28T09:29:59.000Z,1507.6
NL0010273215,2026-09-28T11:29:59.000Z,1519
NL0010273215,2026-09-28T13:29:59.000Z,1539.2
NL0010273215,2026-09-28T15:29:59.000Z,1537.2
NL0010273215,2026-09-28T17:29:56.000Z,1560.5
NL0010273215,2026-09-28T19:20:51.501Z,1564.5
US0079031078,2026-08-25T05:30:58.000Z,395.75
US0079031078,2026-08-25T07:29:58.000Z,398.15
US0079031078,2026-08-25T09:29:58.000Z,401.2
US0079031078,2026-08-25T11:29:58.000Z,401.1
US0079031078,2026-08-25T13:29:59.000Z,406.525
US0079031078,2026-08-25T15:29:59.000Z,411
US0079031078,2026-08-25T17:29:59.000Z,408.325
US0079031078,2026-08-25T19:29:54.000Z,411.125
US0079031078,2026-08-26T05:30:48.000Z,411.475
US0079031078,2026-08-26T07:29:59.000Z,409.95
US0079031078,2026-08-26T09:29:58.000Z,411.25
US0079031078,2026-08-26T11:29:59.000Z,412.25
US0079031078,2026-08-26T13:29:59.000Z,407.4
US0079031078,2026-08-26T15:29:59.000Z,415.675
US0079031078,2026-08-26T17:29:57.000Z,414.825
US0079031078,2026-08-26T19:29:55.000Z,414.075
US0079031078,2026-08-27T05:30:56.000Z,413.6
US0079031078,2026-08-27T07:29:58.000Z,416.475
US0079031078,2026-08-27T09:29:59.000Z,419.05
US0079031078,2026-08-27T11:29:59.000Z,419.5
US0079031078,2026-08-27T13:29:59.000Z,413.425
US0079031078,2026-08-27T15:29:59.000Z,407.825
US0079031078,2026-08-27T17:29:58.000Z,407.25
US0079031078,2026-08-27T19:29:59.000Z,405.75
US0079031078,2026-08-28T05:30:48.000Z,406.525
US0079031078,2026-08-28T07:29:59.000Z,406.45
US0079031078,2026-08-28T09:29:59.000Z,405.4
US0079031078,2026-08-28T11:29:58.000Z,406.325
US0079031078,2026-08-28T13:29:58.000Z,406.25
US0079031078,2026-08-28T15:29:59.000Z,409.4
US0079031078,2026-08-28T17:29:59.000Z,406.475
US0079031078,2026-08-28T19:29:59.000Z,405.5
US0079031078,2026-08-31T05:30:59.000Z,403.125
US0079031078,2026-08-31T07:29:59.000Z,404.75
US0079031078,2026-08-31T09:29:59.000Z,404
US0079031078,2026-08-31T11:29:59.000Z,402.2
US0079031078,2026-08-31T13:29:59.000Z,401.3
US0079031078,2026-08-31T15:29:56.000Z,402.45
US0079031078,2026-08-31T17:29:59.000Z,402.75
US0079031078,2026-08-31T19:29:41.000Z,403.25
US0079031078,2026-09-01T05:30:50.000Z,404.5
US0079031078,2026-09-01T07:29:58.000Z,407.725
US0079031078,2026-09-01T09:29:59.000Z,398.75
US0079031078,2026-09-01T11:29:59.000Z,398.8
US0079031078,2026-09-01T13:29:59.000Z,396.575
US0079031078,2026-09-01T15:29:58.000Z,395.65
US0079031078,2026-09-01T17:29:59.000Z,394.025
US0079031078,2026-09-01T19:29:56.000Z,397.125
US0079031078,2026-09-02T05:30:56.000Z,395.5
US0079031078,2026-09-02T07:29:59.000Z,396.375
US0079031078,2026-09-02T09:29:58.000Z,392.975
US0079031078,2026-09-02T11:29:58.000Z,393.95
US0079031078,2026-09-02T13:29:59.000Z,395.775
US0079031078,2026-09-02T15:29:59.000Z,396
US0079031078,2026-09-02T17:29:59.000Z,394.75
US0079031078,2026-09-02T19:29:59.000Z,394.2
US0079031078,2026-09-03T05:30:33.000Z,391.975
US0079031078,2026-09-03T07:29:59.000Z,394.35
US0079031078,2026-09-03T09:29:58.000Z,392.825
US0079031078,2026-09-03T11:29:59.000Z,391.5
US0079031078,2026-09-03T13:29:59.000Z,389.925
US0079031078,2026-09-03T15:29:59.000Z,393
US0079031078,2026-09-03T17:29:59.000Z,393.7
US0079031078,2026-09-03T19:29:56.000Z,392.925
US0079031078,2026-09-04T05:30:59.000Z,395.95
US0079031078,2026-09-04T07:29:58.000Z,397.175
US0079031078,2026-09-04T09:29:58.000Z,398.4
US0079031078,2026-09-04T11:29:58.000Z,398.4
US0079031078,2026-09-04T13:29:59.000Z,397.275
US0079031078,2026-09-04T15:29:59.000Z,404.3
US0079031078,2026-09-04T17:29:55.000Z,408.1
US0079031078,2026-09-04T19:29:59.000Z,406.075
US0079031078,2026-09-07T05:30:11.000Z,409.5
US0079031078,2026-09-07T07:29:58.000Z,415.525
US0079031078,2026-09-07T09:29:58.000Z,413.575
US0079031078,2026-09-07T11:29:58.000Z,411.6
US0079031078,2026-09-07T13:29:59.000Z,413.775
US0079031078,2026-09-07T15:29:58.000Z,413.1
US0079031078,2026-09-07T17:26:10.000Z,412.4
US0079031078,2026-09-07T19:29:09.000Z,413.425
US0079031078,2026-09-08T05:30:37.000Z,418.675
US0079031078,2026-09-08T07:29:58.000Z,417.125
US0079031078,2026-09-08T09:29:58.000Z,417.425
US0079031078,2026-09-08T11:29:58.000Z,415.5
US0079031078,2026-09-08T13:29:59.000Z,420
US0079031078,2026-09-08T15:29:59.000Z,437.025
US0079031078,2026-09-08T17:29:57.000Z,439.375
US0079031078,2026-09-08T19:29:59.000Z,435.2
US0079031078,2026-09-09T05:30:57.000Z,436.375
US0079031078,2026-09-09T07:29:59.000Z,436.825
US0079031078,2026-09-09T09:29:59.000Z,433.875
US0079031078,2026-09-09T11:29:59.000Z,430.3
US0079031078,2026-09-09T13:29:59.000Z,435.575
US0079031078,2026-09-09T15:29:59.000Z,446.55
US0079031078,2026-09-09T17:29:58.000Z,448.5
US0079031078,2026-09-09T19:29:59.000Z,446.25
US0079031078,2026-09-10T05:30:59.000Z,448.4
US0079031078,2026-09-10T07:29:59.000Z,445.575
US0079031078,2026-09-10T09:29:58.000Z,446.225
US0079031078,2026-09-10T11:29:58.000Z,442.65
US0079031078,2026-09-10T13:29:58.000Z,439
US0079031078,2026-09-10T15:29:59.000Z,436.75
US0079031078,2026-09-10T17:29:59.000Z,435.8
US0079031078,2026-09-10T19:29:59.000Z,435.6
US0079031078,2026-09-11T05:30:58.000Z,433.15
US0079031078,2026-09-11T07:29:59.000Z,436.85
US0079031078,2026-09-11T09:29:58.000Z,438.325
US0079031078,2026-09-11T11:29:58.000Z,438.375
US0079031078,2026-09-11T13:29:59.000Z,439.925
US0079031078,2026-09-11T15:29:59.000Z,444.8
US0079031078,2026-09-11T17:29:59.000Z,444.825
US0079031078,2026-09-11T19:29:59.000Z,445.275
US0079031078,2026-09-14T05:30:31.000Z,431.05
US0079031078,2026-09-14T07:29:58.000Z,426.875
US0079031078,2026-09-14T09:29:58.000Z,422.8
US0079031078,2026-09-14T11:29:59.000Z,423.7
US0079031078,2026-09-14T13:29:59.000Z,421.625
US0079031078,2026-09-14T15:29:59.000Z,421.925
US0079031078,2026-09-14T17:29:59.000Z,428.575
US0079031078,2026-09-14T19:29:59.000Z,429.25
US0079031078,2026-09-15T05:30:59.000Z,425.325
US0079031078,2026-09-15T07:29:59.000Z,426.6
US0079031078,2026-09-15T09:29:58.000Z,425.3
US0079031078,2026-09-15T11:29:58.000Z,430.375
US0079031078,2026-09-15T13:29:59.000Z,434.7
US0079031078,2026-09-15T15:29:58.000Z,437.9
US0079031078,2026-09-15T17:29:59.000Z,437.5
US0079031078,2026-09-15T19:29:59.000Z,436.675
US0079031078,2026-09-16T05:30:27.000Z,439.1
US0079031078,2026-09-16T07:29:59.000Z,442.875
US0079031078,2026-09-16T09:29:59.000Z,442.675
US0079031078,2026-09-16T11:29:58.000Z,443.85
US0079031078,2026-09-16T13:29:59.000Z,448.35
US0079031078,2026-09-16T15:29:59.000Z,455.375
US0079031078,2026-09-16T17:29:56.000Z,452.55
US0079031078,2026-09-16T19:29:59.000Z,443.575
US0079031078,2026-09-17T07:29:58.000Z,454.075
US0079031078,2026-09-17T09:29:58.000Z,455.5
US0079031078,2026-09-17T11:29:59.000Z,458.2
US0079031078,2026-09-17T13:29:58.000Z,464.5
US0079031078,2026-09-17T15:29:59.000Z,474.475
US0079031078,2026-09-17T17:29:58.000Z,477.1
US0079031078,2026-09-17T19:29:56.000Z,475.5
US0079031078,2026-09-18T05:30:58.000Z,477.125
US0079031078,2026-09-18T07:29:58.000Z,483
US0079031078,2026-09-18T09:29:59.000Z,479.525
US0079031078,2026-09-18T11:29:59.000Z,476.525
US0079031078,2026-09-18T13:29:59.000Z,478.025
US0079031078,2026-09-18T15:29:59.000Z,474
US0079031078,2026-09-18T17:29:58.000Z,475
US0079031078,2026-09-18T19:29:59.000Z,474.8
US0079031078,2026-09-21T05:30:59.000Z,494.75
US0079031078,2026-09-21T07:29:58.000Z,496.775
US0079031078,2026-09-21T09:29:59.000Z,503
US0079031078,2026-09-21T11:29:59.000Z,500.35
US0079031078,2026-09-21T13:29:58.000Z,508.55
US0079031078,2026-09-21T15:29:58.000Z,533.25
US0079031078,2026-09-21T17:29:59.000Z,528.7
US0079031078,2026-09-21T19:29:59.000Z,535.75
US0079031078,2026-09-22T05:30:58.000Z,532.6
US0079031078,2026-09-22T07:29:58.000Z,534.55
US0079031078,2026-09-22T09:29:59.000Z,531.3
US0079031078,2026-09-22T11:29:58.000Z,529.7
US0079031078,2026-09-22T13:29:59.000Z,529.15
US0079031078,2026-09-22T15:29:59.000Z,540.05
US0079031078,2026-09-22T17:29:59.000Z,539.35
US0079031078,2026-09-22T19:29:55.000Z,542.3
US0079031078,2026-09-23T05:30:58.000Z,543.2
US0079031078,2026-09-23T07:29:59.000Z,545.05
US0079031078,2026-09-23T09:29:58.000Z,543.45
US0079031078,2026-09-23T11:29:59.000Z,541.9
US0079031078,2026-09-23T13:29:59.000Z,545.35
US0079031078,2026-09-23T15:29:59.000Z,538.8
US0079031078,2026-09-23T17:29:57.000Z,538.05
US0079031078,2026-09-23T19:29:59.000Z,539.8
US0079031078,2026-09-24T05:30:10.000Z,537.3
US0079031078,2026-09-24T07:29:59.000Z,533.8
US0079031078,2026-09-24T09:29:59.000Z,527.5
US0079031078,2026-09-24T11:29:58.000Z,528.8
US0079031078,2026-09-24T13:29:58.000Z,529.05
US0079031078,2026-09-24T15:29:58.000Z,537.85
US0079031078,2026-09-24T17:29:59.000Z,548.9
US0079031078,2026-09-24T19:29:56.000Z,550.75
US0079031078,2026-09-25T05:30:53.000Z,558
US0079031078,2026-09-25T07:29:59.000Z,565.25
US0079031078,2026-09-25T09:29:58.000Z,564.3
US0079031078,2026-09-25T11:29:59.000Z,562.15
US0079031078,2026-09-25T13:29:59.000Z,556.6
US0079031078,2026-09-25T15:29:59.000Z,551.85
US0079031078,2026-09-25T17:29:51.000Z,552.75
US0079031078,2026-09-25T19:29:58.000Z,552.7
US0079031078,2026-09-25T20:59:58.965Z,553.5
US0079031078,2026-09-28T05:30:58.000Z,540.85
US0079031078,2026-09-28T07:29:59.000Z,539.95
US0079031078,2026-09-28T09:29:59.000Z,539.55
US0079031078,2026-09-28T11:29:59.000Z,543.1
US0079031078,2026-09-28T13:29:59.000Z,550.8
US0079031078,2026-09-28T15:29:59.000Z,527.85
US0079031078,2026-09-28T17:29:59.000Z,532.85
US0079031078,2026-09-28T19:20:46.991Z,534.95
US02079K3059,2026-08-25T05:30:46.000Z,298.125
US02079K3059,2026-08-25T07:29:36.000Z,298.2
US02079K3059,2026-08-25T09:29:59.000Z,298.925
US02079K3059,2026-08-25T11:29:58.000Z,300.15
US02079K3059,2026-08-25T13:29:58.000Z,299.4
US02079K3059,2026-08-25T15:29:59.000Z,296.85
US02079K3059,2026-08-25T17:29:34.000Z,296.95
US02079K3059,2026-08-25T19:29:59.000Z,296.825
US02079K3059,2026-08-26T05:30:53.000Z,297.45
US02079K3059,2026-08-26T07:29:59.000Z,297.075
US02079K3059,2026-08-26T09:29:58.000Z,297.275
US02079K3059,2026-08-26T11:29:59.000Z,297.75
US02079K3059,2026-08-26T13:29:59.000Z,297.55
US02079K3059,2026-08-26T15:29:59.000Z,294.225
US02079K3059,2026-08-26T17:29:59.000Z,292.975
US02079K3059,2026-08-26T19:29:46.000Z,292.925
US02079K3059,2026-08-27T05:30:13.000Z,292.575
US02079K3059,2026-08-27T07:29:59.000Z,292.675
US02079K3059,2026-08-27T09:29:58.000Z,292.775
US02079K3059,2026-08-27T11:29:59.000Z,292.75
US02079K3059,2026-08-27T13:29:58.000Z,291.55
US02079K3059,2026-08-27T15:29:57.000Z,292.375
US02079K3059,2026-08-27T17:29:58.000Z,292.7
US02079K3059,2026-08-27T19:29:56.000Z,292.35
US02079K3059,2026-08-28T05:30:59.000Z,292.925
US02079K3059,2026-08-28T07:29:59.000Z,293.475
US02079K3059,2026-08-28T09:29:58.000Z,293.8
US02079K3059,2026-08-28T11:29:59.000Z,293.425
US02079K3059,2026-08-28T13:29:58.000Z,292.65
US02079K3059,2026-08-28T15:29:59.000Z,300.325
US02079K3059,2026-08-28T17:29:58.000Z,299.05
US02079K3059,2026-08-28T19:29:59.000Z,300.075
US02079K3059,2026-08-31T05:30:58.000Z,298.125
US02079K3059,2026-08-31T07:29:58.000Z,298.05
US02079K3059,2026-08-31T09:29:59.000Z,297.375
US02079K3059,2026-08-31T11:29:59.000Z,297.3
US02079K3059,2026-08-31T13:29:59.000Z,296.75
US02079K3059,2026-08-31T15:29:58.000Z,291.525
US02079K3059,2026-08-31T17:29:59.000Z,291.325
US02079K3059,2026-08-31T19:29:58.000Z,291.475
US02079K3059,2026-09-01T05:30:43.000Z,292.475
US02079K3059,2026-09-01T07:29:59.000Z,292.325
US02079K3059,2026-09-01T09:29:59.000Z,290.325
US02079K3059,2026-09-01T11:29:59.000Z,290.975
US02079K3059,2026-09-01T13:29:59.000Z,289.675
US02079K3059,2026-09-01T15:29:57.000Z,290.025
US02079K3059,2026-09-01T17:29:59.000Z,289.15
US02079K3059,2026-09-01T19:29:58.000Z,288.525
US02079K3059,2026-09-02T05:30:58.000Z,291
US02079K3059,2026-09-02T07:29:59.000Z,291.05
US02079K3059,2026-09-02T09:29:58.000Z,290.675
US02079K3059,2026-09-02T11:29:58.000Z,289.575
US02079K3059,2026-09-02T13:29:59.000Z,287.9
US02079K3059,2026-09-02T15:29:59.000Z,291.1
US02079K3059,2026-09-02T17:29:59.000Z,291.95
US02079K3059,2026-09-02T19:29:55.000Z,291.625
US02079K3059,2026-09-03T05:30:59.000Z,291.4
US02079K3059,2026-09-03T07:29:58.000Z,291.775
US02079K3059,2026-09-03T09:29:59.000Z,292.65
US02079K3059,2026-09-03T11:29:59.000Z,292.2
US02079K3059,2026-09-03T13:29:58.000Z,292.625
US02079K3059,2026-09-03T15:29:59.000Z,294.85
US02079K3059,2026-09-03T17:29:59.000Z,294.175
US02079K3059,2026-09-03T19:29:56.000Z,295.175
US02079K3059,2026-09-04T05:30:55.000Z,295.425
US02079K3059,2026-09-04T07:29:58.000Z,295.55
US02079K3059,2026-09-04T09:29:58.000Z,295.4
US02079K3059,2026-09-04T11:29:58.000Z,295.275
US02079K3059,2026-09-04T13:29:58.000Z,294.725
US02079K3059,2026-09-04T15:29:58.000Z,290.65
US02079K3059,2026-09-04T17:29:59.000Z,291.675
US02079K3059,2026-09-04T19:29:58.000Z,292.375
US02079K3059,2026-09-07T05:30:57.000Z,293.35
US02079K3059,2026-09-07T07:29:58.000Z,291.9
US02079K3059,2026-09-07T09:29:58.000Z,292.025
US02079K3059,2026-09-07T11:29:59.000Z,291.2
US02079K3059,2026-09-07T13:29:59.000Z,291.45
US02079K3059,2026-09-07T15:29:58.000Z,292.05
US02079K3059,2026-09-07T17:26:49.000Z,291.725
US02079K3059,2026-09-07T19:29:32.000Z,292.2
US02079K3059,2026-09-08T05:30:58.000Z,290.575
US02079K3059,2026-09-08T07:29:59.000Z,290.325
US02079K3059,2026-09-08T09:29:59.000Z,289.95
US02079K3059,2026-09-08T11:29:58.000Z,289.4
US02079K3059,2026-09-08T13:29:59.000Z,288.525
US02079K3059,2026-09-08T15:29:59.000Z,290.85
US02079K3059,2026-09-08T17:29:59.000Z,291.825
US02079K3059,2026-09-08T19:29:47.000Z,290.475
US02079K3059,2026-09-09T05:30:56.000Z,291.575
US02079K3059,2026-09-09T07:29:58.000Z,291.65
US02079K3059,2026-09-09T09:29:58.000Z,290.825
US02079K3059,2026-09-09T11:29:59.000Z,285.65
US02079K3059,2026-09-09T13:29:58.000Z,284.725
US02079K3059,2026-09-09T15:29:57.000Z,283.025
US02079K3059,2026-09-09T17:29:59.000Z,284.475
US02079K3059,2026-09-09T19:29:53.000Z,284.875
US02079K3059,2026-09-10T05:30:56.000Z,284.675
US02079K3059,2026-09-10T07:29:58.000Z,284.575
US02079K3059,2026-09-10T09:29:58.000Z,284.5
US02079K3059,2026-09-10T11:29:55.000Z,285.225
US02079K3059,2026-09-10T13:29:59.000Z,282.575
US02079K3059,2026-09-10T15:29:59.000Z,283.825
US02079K3059,2026-09-10T17:29:59.000Z,285.525
US02079K3059,2026-09-10T19:29:55.000Z,286.275
US02079K3059,2026-09-11T05:30:57.000Z,285.575
US02079K3059,2026-09-11T07:29:58.000Z,287.075
US02079K3059,2026-09-11T09:29:58.000Z,287.65
US02079K3059,2026-09-11T11:29:58.000Z,288.65
US02079K3059,2026-09-11T13:29:58.000Z,288.725
US02079K3059,2026-09-11T15:29:59.000Z,294.75
US02079K3059,2026-09-11T17:29:57.000Z,293.75
US02079K3059,2026-09-11T19:29:59.000Z,292.425
US02079K3059,2026-09-14T05:30:56.000Z,289.725
US02079K3059,2026-09-14T07:29:58.000Z,290.675
US02079K3059,2026-09-14T09:29:59.000Z,290.975
US02079K3059,2026-09-14T11:29:59.000Z,297.7
US02079K3059,2026-09-14T13:29:59.000Z,297.425
US02079K3059,2026-09-14T15:29:59.000Z,299.3
US02079K3059,2026-09-14T17:29:58.000Z,301.125
US02079K3059,2026-09-14T19:29:59.000Z,301.75
US02079K3059,2026-09-15T05:30:54.000Z,300.175
US02079K3059,2026-09-15T07:29:58.000Z,299.925
US02079K3059,2026-09-15T09:29:58.000Z,299.175
US02079K3059,2026-09-15T11:29:58.000Z,300.075
US02079K3059,2026-09-15T13:29:58.000Z,300.625
US02079K3059,2026-09-15T15:29:58.000Z,297.6
US02079K3059,2026-09-15T17:29:58.000Z,297.15
US02079K3059,2026-09-15T19:29:59.000Z,298.15
US02079K3059,2026-09-16T05:30:50.000Z,298.725
US02079K3059,2026-09-16T07:29:58.000Z,298.825
US02079K3059,2026-09-16T09:29:59.000Z,298.25
US02079K3059,2026-09-16T11:29:59.000Z,299.5
US02079K3059,2026-09-16T13:29:59.000Z,300.85
US02079K3059,2026-09-16T15:29:52.000Z,300.075
US02079K3059,2026-09-16T17:29:59.000Z,299.35
US02079K3059,2026-09-16T19:29:59.000Z,297.75
US02079K3059,2026-09-17T07:29:58.000Z,302.1
US02079K3059,2026-09-17T09:29:58.000Z,302.375
US02079K3059,2026-09-17T11:29:58.000Z,301.875
US02079K3059,2026-09-17T13:29:58.000Z,303.625
US02079K3059,2026-09-17T15:29:58.000Z,302.8
US02079K3059,2026-09-17T17:29:59.000Z,300.6
US02079K3059,2026-09-17T19:29:59.000Z,302.1
US02079K3059,2026-09-18T05:30:52.000Z,308.125
US02079K3059,2026-09-18T07:29:51.000Z,308.35
US02079K3059,2026-09-18T09:29:58.000Z,308.875
US02079K3059,2026-09-18T11:29:59.000Z,310.125
US02079K3059,2026-09-18T13:29:59.000Z,311.25
US02079K3059,2026-09-18T15:29:58.000Z,305.975
US02079K3059,2026-09-18T17:29:57.000Z,304.2
US02079K3059,2026-09-18T19:29:55.000Z,306.3
US02079K3059,2026-09-21T05:30:52.000Z,306.375
US02079K3059,2026-09-21T07:29:58.000Z,306.65
US02079K3059,2026-09-21T09:29:58.000Z,307.275
US02079K3059,2026-09-21T11:29:58.000Z,305.425
US02079K3059,2026-09-21T13:29:59.000Z,304.95
US02079K3059,2026-09-21T15:29:59.000Z,310.675
US02079K3059,2026-09-21T17:29:58.000Z,310.35
US02079K3059,2026-09-21T19:29:52.000Z,310.625
US02079K3059,2026-09-22T05:30:56.000Z,311
US02079K3059,2026-09-22T07:29:59.000Z,311.7
US02079K3059,2026-09-22T09:29:59.000Z,312.55
US02079K3059,2026-09-22T11:29:59.000Z,311.4
US02079K3059,2026-09-22T13:29:58.000Z,311.875
US02079K3059,2026-09-22T15:29:59.000Z,312.675
US02079K3059,2026-09-22T17:29:58.000Z,308.25
US02079K3059,2026-09-22T19:29:59.000Z,308.6
US02079K3059,2026-09-23T05:30:59.000Z,308.5
US02079K3059,2026-09-23T07:29:59.000Z,308.7
US02079K3059,2026-09-23T09:29:58.000Z,308.725
US02079K3059,2026-09-23T11:29:59.000Z,308.125
US02079K3059,2026-09-23T13:29:59.000Z,306.325
US02079K3059,2026-09-23T15:29:59.000Z,299.325
US02079K3059,2026-09-23T17:29:46.000Z,297.475
US02079K3059,2026-09-23T19:29:46.000Z,297.775
US02079K3059,2026-09-24T05:30:57.000Z,298.525
US02079K3059,2026-09-24T07:29:58.000Z,297.325
US02079K3059,2026-09-24T09:29:59.000Z,295.5
US02079K3059,2026-09-24T11:29:59.000Z,295.175
US02079K3059,2026-09-24T13:29:59.000Z,295.975
US02079K3059,2026-09-24T15:29:58.000Z,297.525
US02079K3059,2026-09-24T17:29:54.000Z,300.3
US02079K3059,2026-09-24T19:29:58.000Z,300.725
US02079K3059,2026-09-25T05:30:58.000Z,301.225
US02079K3059,2026-09-25T07:29:58.000Z,301.125
US02079K3059,2026-09-25T09:29:58.000Z,301.95
US02079K3059,2026-09-25T11:29:58.000Z,301.125
US02079K3059,2026-09-25T13:29:59.000Z,300.1
US02079K3059,2026-09-25T15:29:59.000Z,301.775
US02079K3059,2026-09-25T17:29:59.000Z,302.65
US02079K3059,2026-09-25T19:29:54.000Z,301.625
US02079K3059,2026-09-25T20:59:57.564Z,302.15
US02079K3059,2026-09-28T05:30:39.000Z,300.2
US02079K3059,2026-09-28T07:29:59.000Z,300.3
US02079K3059,2026-09-28T09:29:58.000Z,299.475
US02079K3059,2026-09-28T11:29:58.000Z,299.25
US02079K3059,2026-09-28T13:29:59.000Z,299.95
US02079K3059,2026-09-28T15:29:56.000Z,299.625
US02079K3059,2026-09-28T17:29:59.000Z,300.575
US02079K3059,2026-09-28T19:20:35.254Z,300.65
US0231351067,2026-08-25T05:30:56.000Z,225.65
US0231351067,2026-08-25T07:29:58.000Z,225.35
US0231351067,2026-08-25T09:29:44.000Z,225.775
US0231351067,2026-08-25T11:29:38.000Z,225.825
US0231351067,2026-08-25T13:29:59.000Z,225.025
US0231351067,2026-08-25T15:29:55.000Z,223.25
US0231351067,2026-08-25T17:29:59.000Z,222.975
US0231351067,2026-08-25T19:29:55.000Z,222.85
US0231351067,2026-08-26T05:30:54.000Z,223.7
US0231351067,2026-08-26T07:29:20.000Z,223.5
US0231351067,2026-08-26T09:29:40.000Z,224.175
US0231351067,2026-08-26T11:28:57.000Z,224.375
US0231351067,2026-08-26T13:29:54.000Z,224.125
US0231351067,2026-08-26T15:29:57.000Z,223.3
US0231351067,2026-08-26T17:29:48.000Z,222.55
US0231351067,2026-08-26T19:29:59.000Z,222.975
US0231351067,2026-08-27T05:30:50.000Z,223
US0231351067,2026-08-27T07:29:53.000Z,222.65
US0231351067,2026-08-27T09:29:59.000Z,223.075
US0231351067,2026-08-27T11:29:57.000Z,223.2
US0231351067,2026-08-27T13:29:59.000Z,222.225
US0231351067,2026-08-27T15:29:56.000Z,220.1
US0231351067,2026-08-27T17:29:55.000Z,219.625
US0231351067,2026-08-27T19:29:59.000Z,219.55
US0231351067,2026-08-28T05:30:46.000Z,220.45
US0231351067,2026-08-28T07:29:58.000Z,220.675
US0231351067,2026-08-28T09:29:59.000Z,221.175
US0231351067,2026-08-28T11:29:57.000Z,220.95
US0231351067,2026-08-28T13:29:59.000Z,222
US0231351067,2026-08-28T15:29:59.000Z,229.9
US0231351067,2026-08-28T17:29:59.000Z,228.95
US0231351067,2026-08-28T19:29:57.000Z,229.625
US0231351067,2026-08-31T05:30:18.000Z,229.6
US0231351067,2026-08-31T07:29:25.000Z,229.9
US0231351067,2026-08-31T09:29:48.000Z,228.925
US0231351067,2026-08-31T11:29:35.000Z,228.7
US0231351067,2026-08-31T13:29:57.000Z,227.5
US0231351067,2026-08-31T15:29:59.000Z,225.175
US0231351067,2026-08-31T17:29:46.000Z,224.525
US0231351067,2026-08-31T19:29:46.000Z,222.925
US0231351067,2026-09-01T05:30:58.000Z,224.3
US0231351067,2026-09-01T07:28:58.000Z,224.2
US0231351067,2026-09-01T09:29:13.000Z,222.325
US0231351067,2026-09-01T11:29:59.000Z,220.925
US0231351067,2026-09-01T13:29:56.000Z,219.825
US0231351067,2026-09-01T15:29:59.000Z,219.925
US0231351067,2026-09-01T17:29:59.000Z,219.375
US0231351067,2026-09-01T19:29:59.000Z,219.275
US0231351067,2026-09-02T05:30:59.000Z,219.675
US0231351067,2026-09-02T07:29:58.000Z,219.875
US0231351067,2026-09-02T09:29:55.000Z,218.925
US0231351067,2026-09-02T11:29:52.000Z,219.325
US0231351067,2026-09-02T13:29:57.000Z,219.275
US0231351067,2026-09-02T15:29:58.000Z,220.2
US0231351067,2026-09-02T17:29:57.000Z,219.9
US0231351067,2026-09-02T19:29:59.000Z,220.25
US0231351067,2026-09-03T05:30:54.000Z,220.475
US0231351067,2026-09-03T07:29:57.000Z,220.725
US0231351067,2026-09-03T09:29:30.000Z,220.95
US0231351067,2026-09-03T11:29:54.000Z,220.375
US0231351067,2026-09-03T13:29:52.000Z,220.45
US0231351067,2026-09-03T15:29:59.000Z,222.625
US0231351067,2026-09-03T17:29:57.000Z,222.275
US0231351067,2026-09-03T19:29:57.000Z,222.475
US0231351067,2026-09-04T05:30:54.000Z,223.125
US0231351067,2026-09-04T07:29:41.000Z,223.15
US0231351067,2026-09-04T09:29:51.000Z,224.025
US0231351067,2026-09-04T11:29:41.000Z,224.05
US0231351067,2026-09-04T13:29:48.000Z,222.95
US0231351067,2026-09-04T15:29:58.000Z,220.3
US0231351067,2026-09-04T17:29:51.000Z,221.175
US0231351067,2026-09-04T19:29:58.000Z,222.525
US0231351067,2026-09-07T05:30:26.000Z,222.825
US0231351067,2026-09-07T07:29:59.000Z,222.45
US0231351067,2026-09-07T09:27:36.000Z,222.4
US0231351067,2026-09-07T11:29:54.000Z,222.1
US0231351067,2026-09-07T13:29:00.000Z,221.85
US0231351067,2026-09-07T15:29:54.000Z,221.925
US0231351067,2026-09-07T17:29:50.000Z,223.125
US0231351067,2026-09-07T19:29:09.000Z,222.075
US0231351067,2026-09-08T05:30:57.000Z,221.9
US0231351067,2026-09-08T07:29:43.000Z,221.45
US0231351067,2026-09-08T09:29:34.000Z,220.925
US0231351067,2026-09-08T11:29:57.000Z,220.55
US0231351067,2026-09-08T13:29:49.000Z,220.85
US0231351067,2026-09-08T15:29:57.000Z,221.275
US0231351067,2026-09-08T17:29:58.000Z,220.975
US0231351067,2026-09-08T19:29:57.000Z,221.175
US0231351067,2026-09-09T05:30:36.000Z,221.525
US0231351067,2026-09-09T07:29:07.000Z,221.475
US0231351067,2026-09-09T09:29:46.000Z,220.225
US0231351067,2026-09-09T11:29:59.000Z,217.4
US0231351067,2026-09-09T13:29:59.000Z,217.325
US0231351067,2026-09-09T15:29:57.000Z,215.7
US0231351067,2026-09-09T17:29:52.000Z,216.7
US0231351067,2026-09-09T19:29:57.000Z,216.925
US0231351067,2026-09-10T05:30:59.000Z,217.05
US0231351067,2026-09-10T07:29:51.000Z,217.05
US0231351067,2026-09-10T09:29:23.000Z,217.225
US0231351067,2026-09-10T11:29:59.000Z,217.35
US0231351067,2026-09-10T13:29:36.000Z,215.625
US0231351067,2026-09-10T15:29:58.000Z,217.075
US0231351067,2026-09-10T17:29:58.000Z,217.175
US0231351067,2026-09-10T19:29:59.000Z,216.625
US0231351067,2026-09-11T05:30:42.000Z,216.95
US0231351067,2026-09-11T07:29:29.000Z,217.8
US0231351067,2026-09-11T09:29:40.000Z,218.4
US0231351067,2026-09-11T11:29:18.000Z,218.825
US0231351067,2026-09-11T13:29:43.000Z,219.075
US0231351067,2026-09-11T15:29:57.000Z,220.875
US0231351067,2026-09-11T17:29:53.000Z,221.3
US0231351067,2026-09-11T19:29:59.000Z,221.875
US0231351067,2026-09-14T05:30:36.000Z,221.85
US0231351067,2026-09-14T07:29:36.000Z,219.725
US0231351067,2026-09-14T09:29:52.000Z,219.15
US0231351067,2026-09-14T11:29:59.000Z,221.4
US0231351067,2026-09-14T13:29:57.000Z,219.75
US0231351067,2026-09-14T15:29:59.000Z,219.25
US0231351067,2026-09-14T17:29:55.000Z,220.5
US0231351067,2026-09-14T19:29:59.000Z,219.475
US0231351067,2026-09-15T05:30:52.000Z,219.175
US0231351067,2026-09-15T07:29:36.000Z,218.85
US0231351067,2026-09-15T09:29:49.000Z,218.275
US0231351067,2026-09-15T11:29:09.000Z,218.975
US0231351067,2026-09-15T13:29:57.000Z,218.65
US0231351067,2026-09-15T15:29:58.000Z,215.5
US0231351067,2026-09-15T17:29:54.000Z,215.325
US0231351067,2026-09-15T19:29:56.000Z,214.675
US0231351067,2026-09-16T05:30:32.000Z,215.425
US0231351067,2026-09-16T07:29:59.000Z,215.55
US0231351067,2026-09-16T09:29:20.000Z,215.475
US0231351067,2026-09-16T11:29:59.000Z,215.5
US0231351067,2026-09-16T13:29:54.000Z,215.175
US0231351067,2026-09-16T15:29:57.000Z,214.675
US0231351067,2026-09-16T17:29:49.000Z,214.825
US0231351067,2026-09-16T19:29:59.000Z,213.425
US0231351067,2026-09-17T07:28:52.000Z,216.8
US0231351067,2026-09-17T09:29:52.000Z,217.15
US0231351067,2026-09-17T11:29:55.000Z,217.325
US0231351067,2026-09-17T13:29:46.000Z,218.575
US0231351067,2026-09-17T15:29:57.000Z,219.15
US0231351067,2026-09-17T17:29:42.000Z,218.925
US0231351067,2026-09-17T19:29:58.000Z,218.6
US0231351067,2026-09-18T05:30:48.000Z,219.35
US0231351067,2026-09-18T07:29:59.000Z,220.125
US0231351067,2026-09-18T09:29:53.000Z,219.45
US0231351067,2026-09-18T11:29:28.000Z,220.225
US0231351067,2026-09-18T13:29:59.000Z,220.325
US0231351067,2026-09-18T15:29:58.000Z,220.7
US0231351067,2026-09-18T17:29:48.000Z,220.35
US0231351067,2026-09-18T19:29:54.000Z,221.625
US0231351067,2026-09-21T05:30:59.000Z,222.825
US0231351067,2026-09-21T07:29:39.000Z,223.075
US0231351067,2026-09-21T09:29:59.000Z,222.95
US0231351067,2026-09-21T11:29:13.000Z,222.525
US0231351067,2026-09-21T13:29:59.000Z,223.325
US0231351067,2026-09-21T15:29:59.000Z,222.675
US0231351067,2026-09-21T17:29:59.000Z,224.65
US0231351067,2026-09-21T19:29:58.000Z,225.8
US0231351067,2026-09-22T05:30:54.000Z,226.275
US0231351067,2026-09-22T07:29:45.000Z,226.75
US0231351067,2026-09-22T09:29:47.000Z,227.1
US0231351067,2026-09-22T11:29:48.000Z,226.525
US0231351067,2026-09-22T13:29:59.000Z,222.725
US0231351067,2026-09-22T15:29:55.000Z,223.2
US0231351067,2026-09-22T17:29:58.000Z,222.4
US0231351067,2026-09-22T19:29:56.000Z,223.525
US0231351067,2026-09-23T05:30:39.000Z,223.8
US0231351067,2026-09-23T07:29:56.000Z,223.85
US0231351067,2026-09-23T09:29:36.000Z,224.1
US0231351067,2026-09-23T11:29:58.000Z,224.125
US0231351067,2026-09-23T13:29:57.000Z,221.95
US0231351067,2026-09-23T15:29:57.000Z,219.675
US0231351067,2026-09-23T17:29:51.000Z,218.075
US0231351067,2026-09-23T19:29:54.000Z,219.725
US0231351067,2026-09-24T05:30:55.000Z,218.4
US0231351067,2026-09-24T07:29:59.000Z,218.075
US0231351067,2026-09-24T09:29:45.000Z,217.4
US0231351067,2026-09-24T11:29:56.000Z,217.325
US0231351067,2026-09-24T13:29:59.000Z,216.55
US0231351067,2026-09-24T15:29:58.000Z,216.475
US0231351067,2026-09-24T17:29:45.000Z,219.275
US0231351067,2026-09-24T19:29:57.000Z,219.3
US0231351067,2026-09-25T05:30:58.000Z,220.075
US0231351067,2026-09-25T07:29:47.000Z,220.025
US0231351067,2026-09-25T09:29:56.000Z,220.35
US0231351067,2026-09-25T11:29:34.000Z,220
US0231351067,2026-09-25T13:29:59.000Z,218.4
US0231351067,2026-09-25T15:29:59.000Z,218.375
US0231351067,2026-09-25T17:29:39.000Z,219.95
US0231351067,2026-09-25T19:29:59.000Z,219.225
US0231351067,2026-09-25T20:59:54.127Z,219.25
US0231351067,2026-09-28T05:30:55.000Z,218.875
US0231351067,2026-09-28T07:29:31.000Z,218.425
US0231351067,2026-09-28T09:28:56.000Z,218.475
US0231351067,2026-09-28T11:29:43.000Z,217.825
US0231351067,2026-09-28T13:29:59.000Z,217.025
US0231351067,2026-09-28T15:29:58.000Z,216.925
US0231351067,2026-09-28T17:29:57.000Z,217.125
US0231351067,2026-09-28T19:20:45.028Z,216.475
US0255371017,2026-08-25T05:30:16.000Z,104.75
US0255371017,2026-08-25T07:29:45.000Z,104.86
US0255371017,2026-08-25T09:28:59.000Z,105.15
US0255371017,2026-08-25T11:29:55.000Z,104.45
US0255371017,2026-08-25T13:29:48.000Z,104.51
US0255371017,2026-08-25T15:29:59.000Z,104.85
US0255371017,2026-08-25T17:29:34.000Z,104.88
US0255371017,2026-08-25T19:29:54.000Z,105.34
US0255371017,2026-08-26T05:30:14.000Z,105.41
US0255371017,2026-08-26T07:29:57.000Z,105.36
US0255371017,2026-08-26T09:29:09.000Z,105.73
US0255371017,2026-08-26T11:22:17.000Z,105.29
US0255371017,2026-08-26T13:29:44.000Z,105.48
US0255371017,2026-08-26T15:29:59.000Z,106.06
US0255371017,2026-08-26T17:29:58.000Z,105.82
US0255371017,2026-08-26T19:29:58.000Z,105.8
US0255371017,2026-08-27T05:30:15.000Z,105.88
US0255371017,2026-08-27T07:29:58.000Z,105.79
US0255371017,2026-08-27T09:29:59.000Z,105.57
US0255371017,2026-08-27T11:27:49.000Z,105.58
US0255371017,2026-08-27T13:29:57.000Z,105.28
US0255371017,2026-08-27T15:29:59.000Z,105.03
US0255371017,2026-08-27T17:29:58.000Z,105.38
US0255371017,2026-08-27T19:29:53.000Z,105.3
US0255371017,2026-08-28T05:30:07.000Z,105.4
US0255371017,2026-08-28T07:29:21.000Z,105.59
US0255371017,2026-08-28T09:22:25.000Z,105.37
US0255371017,2026-08-28T11:27:06.000Z,105.68
US0255371017,2026-08-28T13:29:58.000Z,105.92
US0255371017,2026-08-28T15:29:52.000Z,105.74
US0255371017,2026-08-28T17:29:54.000Z,105.54
US0255371017,2026-08-28T19:29:59.000Z,105.48
US0255371017,2026-08-31T05:30:24.000Z,105.14
US0255371017,2026-08-31T07:29:35.000Z,105.29
US0255371017,2026-08-31T09:29:57.000Z,105.23
US0255371017,2026-08-31T11:25:33.000Z,105.27
US0255371017,2026-08-31T13:29:53.000Z,105.33
US0255371017,2026-08-31T15:29:59.000Z,105.35
US0255371017,2026-08-31T17:29:57.000Z,105.19
US0255371017,2026-08-31T19:29:50.000Z,105.18
US0255371017,2026-09-01T05:30:08.000Z,105.5
US0255371017,2026-09-01T07:23:44.000Z,105.16
US0255371017,2026-09-01T09:29:47.000Z,105.73
US0255371017,2026-09-01T11:27:20.000Z,105.62
US0255371017,2026-09-01T13:28:41.000Z,105.76
US0255371017,2026-09-01T15:29:59.000Z,106.04
US0255371017,2026-09-01T17:29:53.000Z,105.64
US0255371017,2026-09-01T19:29:54.000Z,105.91
US0255371017,2026-09-02T05:30:55.000Z,106.34
US0255371017,2026-09-02T07:28:03.000Z,106.45
US0255371017,2026-09-02T09:27:36.000Z,106.35
US0255371017,2026-09-02T11:28:16.000Z,106.34
US0255371017,2026-09-02T13:29:16.000Z,106.05
US0255371017,2026-09-02T15:29:59.000Z,106.31
US0255371017,2026-09-02T17:29:59.000Z,106.52
US0255371017,2026-09-02T19:29:56.000Z,106.78
US0255371017,2026-09-03T05:30:59.000Z,106.55
US0255371017,2026-09-03T07:27:25.000Z,106.6
US0255371017,2026-09-03T09:29:48.000Z,106.31
US0255371017,2026-09-03T11:29:58.000Z,106.45
US0255371017,2026-09-03T13:29:33.000Z,106.39
US0255371017,2026-09-03T15:29:54.000Z,107.31
US0255371017,2026-09-03T17:29:57.000Z,107.49
US0255371017,2026-09-03T19:29:59.000Z,107.34
US0255371017,2026-09-04T05:30:07.000Z,107.25
US0255371017,2026-09-04T07:28:16.000Z,107.35
US0255371017,2026-09-04T09:28:54.000Z,107.41
US0255371017,2026-09-04T11:29:36.000Z,107.34
US0255371017,2026-09-04T13:29:56.000Z,107.31
US0255371017,2026-09-04T15:29:49.000Z,107.59
US0255371017,2026-09-04T17:29:59.000Z,106.91
US0255371017,2026-09-04T19:29:59.000Z,107.41
US0255371017,2026-09-07T05:30:24.000Z,107.01
US0255371017,2026-09-07T07:29:59.000Z,106.88
US0255371017,2026-09-07T09:28:35.000Z,107.09
US0255371017,2026-09-07T11:28:08.000Z,107.11
US0255371017,2026-09-07T13:29:18.000Z,107.77
US0255371017,2026-09-07T15:29:18.000Z,107.47
US0255371017,2026-09-07T17:23:20.000Z,107.48
US0255371017,2026-09-07T19:29:09.000Z,107.48
US0255371017,2026-09-08T05:30:21.000Z,107.39
US0255371017,2026-09-08T07:29:42.000Z,107.3
US0255371017,2026-09-08T09:29:36.000Z,106.05
US0255371017,2026-09-08T11:28:40.000Z,107.18
US0255371017,2026-09-08T13:29:35.000Z,107.1
US0255371017,2026-09-08T15:29:45.000Z,107.89
US0255371017,2026-09-08T17:29:57.000Z,108.09
US0255371017,2026-09-08T19:29:48.000Z,108.18
US0255371017,2026-09-09T05:30:47.000Z,107.79
US0255371017,2026-09-09T07:29:44.000Z,108
US0255371017,2026-09-09T09:29:13.000Z,107.94
US0255371017,2026-09-09T11:29:14.000Z,107.82
US0255371017,2026-09-09T13:29:46.000Z,107.92
US0255371017,2026-09-09T15:29:55.000Z,106.99
US0255371017,2026-09-09T17:29:47.000Z,106.69
US0255371017,2026-09-09T19:29:58.000Z,107.21
US0255371017,2026-09-10T05:30:55.000Z,107.5
US0255371017,2026-09-10T07:29:59.000Z,107.13
US0255371017,2026-09-10T09:29:17.000Z,107.14
US0255371017,2026-09-10T11:28:59.000Z,107.27
US0255371017,2026-09-10T13:29:44.000Z,107.79
US0255371017,2026-09-10T15:29:58.000Z,106.5
US0255371017,2026-09-10T17:29:55.000Z,106.41
US0255371017,2026-09-10T19:29:59.000Z,106.62
US0255371017,2026-09-11T05:30:54.000Z,106.62
US0255371017,2026-09-11T07:29:56.000Z,106.37
US0255371017,2026-09-11T09:29:40.000Z,106.43
US0255371017,2026-09-11T11:29:02.000Z,106.49
US0255371017,2026-09-11T13:29:53.000Z,107.13
US0255371017,2026-09-11T15:29:59.000Z,106.44
US0255371017,2026-09-11T17:29:59.000Z,106.79
US0255371017,2026-09-11T19:29:59.000Z,106.38
US0255371017,2026-09-14T05:30:55.000Z,106.6
US0255371017,2026-09-14T07:29:52.000Z,106.63
US0255371017,2026-09-14T09:22:37.000Z,106.9
US0255371017,2026-09-14T11:27:23.000Z,106.92
US0255371017,2026-09-14T13:29:57.000Z,107.37
US0255371017,2026-09-14T15:29:41.000Z,105.77
US0255371017,2026-09-14T17:29:56.000Z,105.72
US0255371017,2026-09-14T19:29:57.000Z,105.92
US0255371017,2026-09-15T05:30:16.000Z,106.07
US0255371017,2026-09-15T07:27:20.000Z,106.03
US0255371017,2026-09-15T11:27:44.000Z,105.92
US0255371017,2026-09-15T13:29:59.000Z,106.11
US0255371017,2026-09-15T15:29:57.000Z,105
US0255371017,2026-09-15T17:29:57.000Z,104.67
US0255371017,2026-09-15T19:29:57.000Z,104.57
US0255371017,2026-09-16T05:30:07.000Z,104.53
US0255371017,2026-09-16T07:29:53.000Z,104.59
US0255371017,2026-09-16T09:28:30.000Z,104.67
US0255371017,2026-09-16T11:27:45.000Z,105.04
US0255371017,2026-09-16T13:29:57.000Z,104.86
US0255371017,2026-09-16T15:29:56.000Z,105.32
US0255371017,2026-09-16T17:29:57.000Z,105.02
US0255371017,2026-09-16T19:29:59.000Z,104.9
US0255371017,2026-09-17T07:28:23.000Z,105.78
US0255371017,2026-09-17T09:27:28.000Z,105.69
US0255371017,2026-09-17T11:29:42.000Z,105.43
US0255371017,2026-09-17T13:29:59.000Z,105.91
US0255371017,2026-09-17T15:29:56.000Z,105.49
US0255371017,2026-09-17T17:29:50.000Z,105.95
US0255371017,2026-09-17T19:29:51.000Z,105.86
US0255371017,2026-09-18T05:30:53.000Z,106.02
US0255371017,2026-09-18T07:29:58.000Z,106.19
US0255371017,2026-09-18T09:27:56.000Z,105.87
US0255371017,2026-09-18T11:27:40.000Z,106.32
US0255371017,2026-09-18T13:29:59.000Z,105.57
US0255371017,2026-09-18T15:29:50.000Z,104.95
US0255371017,2026-09-18T17:29:48.000Z,104.64
US0255371017,2026-09-18T19:29:49.000Z,104.65
US0255371017,2026-09-21T05:30:12.000Z,104.89
US0255371017,2026-09-21T07:29:08.000Z,105.02
US0255371017,2026-09-21T09:25:26.000Z,104.54
US0255371017,2026-09-21T11:28:17.000Z,104.63
US0255371017,2026-09-21T13:29:56.000Z,104.47
US0255371017,2026-09-21T15:29:55.000Z,104.93
US0255371017,2026-09-21T17:29:53.000Z,105.14
US0255371017,2026-09-21T19:29:59.000Z,104.88
US0255371017,2026-09-22T05:30:50.000Z,104.62
US0255371017,2026-09-22T07:29:43.000Z,104.76
US0255371017,2026-09-22T09:29:59.000Z,105.07
US0255371017,2026-09-22T11:29:40.000Z,105
US0255371017,2026-09-22T13:29:54.000Z,104.81
US0255371017,2026-09-22T15:29:59.000Z,105.27
US0255371017,2026-09-22T17:29:56.000Z,105.25
US0255371017,2026-09-22T19:29:32.000Z,105.01
US0255371017,2026-09-23T05:30:58.000Z,105.44
US0255371017,2026-09-23T07:29:53.000Z,105.35
US0255371017,2026-09-23T09:29:53.000Z,105.61
US0255371017,2026-09-23T11:23:34.000Z,105.61
US0255371017,2026-09-23T13:29:48.000Z,104.85
US0255371017,2026-09-23T15:29:59.000Z,103.73
US0255371017,2026-09-23T17:29:59.000Z,104.14
US0255371017,2026-09-23T19:29:59.000Z,104.12
US0255371017,2026-09-24T05:30:29.000Z,104.02
US0255371017,2026-09-24T07:29:51.000Z,103.93
US0255371017,2026-09-24T09:29:24.000Z,104.14
US0255371017,2026-09-24T11:29:18.000Z,104.12
US0255371017,2026-09-24T13:29:49.000Z,104.42
US0255371017,2026-09-24T15:29:59.000Z,103.36
US0255371017,2026-09-24T17:29:56.000Z,103.77
US0255371017,2026-09-24T19:29:59.000Z,103.58
US0255371017,2026-09-25T05:30:42.000Z,103.44
US0255371017,2026-09-25T07:27:40.000Z,103.57
US0255371017,2026-09-25T09:29:31.000Z,103.59
US0255371017,2026-09-25T11:27:24.000Z,103.04
US0255371017,2026-09-25T13:29:56.000Z,103.47
US0255371017,2026-09-25T15:29:59.000Z,102.45
US0255371017,2026-09-25T17:29:59.000Z,102.99
US0255371017,2026-09-25T19:29:51.000Z,103.51
US0255371017,2026-09-25T20:56:47.465Z,103.89
US0255371017,2026-09-28T05:30:41.000Z,103.67
US0255371017,2026-09-28T07:29:46.000Z,104.02
US0255371017,2026-09-28T09:28:55.000Z,104.02
US0255371017,2026-09-28T11:25:06.000Z,104.06
US0255371017,2026-09-28T13:29:59.000Z,104.11
US0255371017,2026-09-28T15:29:59.000Z,103.2
US0255371017,2026-09-28T17:29:59.000Z,103.83
US0255371017,2026-09-28T19:20:40.953Z,103.92
US0937121079,2026-08-25T05:30:20.000Z,182.86
US0937121079,2026-08-25T07:29:50.000Z,185.45
US0937121079,2026-08-25T09:29:58.000Z,186
US0937121079,2026-08-25T11:29:49.000Z,184.72
US0937121079,2026-08-25T13:29:58.000Z,182.7
US0937121079,2026-08-25T15:29:35.000Z,185.2
US0937121079,2026-08-25T17:29:56.000Z,185.25
US0937121079,2026-08-25T19:29:50.000Z,186.05
US0937121079,2026-08-26T05:30:52.000Z,186.3
US0937121079,2026-08-26T07:29:56.000Z,185.7
US0937121079,2026-08-26T09:29:55.000Z,186.2
US0937121079,2026-08-26T11:29:50.000Z,188.7
US0937121079,2026-08-26T13:29:59.000Z,183.93
US0937121079,2026-08-26T15:29:55.000Z,185.28
US0937121079,2026-08-26T17:29:19.000Z,186.27
US0937121079,2026-08-26T19:29:55.000Z,187.77
US0937121079,2026-08-27T05:30:13.000Z,193.5
US0937121079,2026-08-27T07:29:57.000Z,196.15
US0937121079,2026-08-27T09:29:43.000Z,199.05
US0937121079,2026-08-27T11:29:58.000Z,196.9
US0937121079,2026-08-27T13:29:59.000Z,195.07
US0937121079,2026-08-27T15:29:59.000Z,185.8
US0937121079,2026-08-27T17:29:55.000Z,188.4
US0937121079,2026-08-27T19:29:51.000Z,187.8
US0937121079,2026-08-28T05:30:59.000Z,184.82
US0937121079,2026-08-28T07:29:54.000Z,184.28
US0937121079,2026-08-28T09:29:44.000Z,184.4
US0937121079,2026-08-28T11:29:59.000Z,185.55
US0937121079,2026-08-28T13:29:57.000Z,185.5
US0937121079,2026-08-28T15:29:58.000Z,187.2
US0937121079,2026-08-28T17:29:59.000Z,183.18
US0937121079,2026-08-28T19:29:58.000Z,182.72
US0937121079,2026-08-31T05:30:56.000Z,180.87
US0937121079,2026-08-31T07:29:37.000Z,182.89
US0937121079,2026-08-31T09:29:51.000Z,181.43
US0937121079,2026-08-31T11:29:59.000Z,180.6
US0937121079,2026-08-31T13:29:48.000Z,180.62
US0937121079,2026-08-31T15:29:58.000Z,176.25
US0937121079,2026-08-31T17:29:59.000Z,176.85
US0937121079,2026-08-31T19:29:58.000Z,175.68
US0937121079,2026-09-01T05:30:12.000Z,177.3
US0937121079,2026-09-01T07:29:27.000Z,178.81
US0937121079,2026-09-01T09:29:25.000Z,173.15
US0937121079,2026-09-01T11:29:59.000Z,174.3
US0937121079,2026-09-01T13:29:59.000Z,175.13
US0937121079,2026-09-01T15:29:59.000Z,176.7
US0937121079,2026-09-01T17:29:48.000Z,177.05
US0937121079,2026-09-01T19:29:43.000Z,181.52
US0937121079,2026-09-02T05:30:54.000Z,182.57
US0937121079,2026-09-02T07:29:40.000Z,182.6
US0937121079,2026-09-02T09:29:56.000Z,180.72
US0937121079,2026-09-02T11:29:58.000Z,181
US0937121079,2026-09-02T13:29:59.000Z,181.7
US0937121079,2026-09-02T15:29:59.000Z,179.32
US0937121079,2026-09-02T17:29:55.000Z,182.4
US0937121079,2026-09-02T19:29:57.000Z,185.95
US0937121079,2026-09-03T05:30:57.000Z,187.17
US0937121079,2026-09-03T07:29:47.000Z,188.62
US0937121079,2026-09-03T09:29:57.000Z,189.1
US0937121079,2026-09-03T11:29:55.000Z,187.87
US0937121079,2026-09-03T13:29:59.000Z,188.46
US0937121079,2026-09-03T15:29:59.000Z,201.25
US0937121079,2026-09-03T17:29:59.000Z,204.175
US0937121079,2026-09-03T19:29:59.000Z,202.5
US0937121079,2026-09-04T05:30:59.000Z,206
US0937121079,2026-09-04T07:29:51.000Z,205.375
US0937121079,2026-09-04T09:29:26.000Z,206.075
US0937121079,2026-09-04T11:29:50.000Z,207.875
US0937121079,2026-09-04T13:29:57.000Z,204.25
US0937121079,2026-09-04T15:29:56.000Z,209.75
US0937121079,2026-09-04T17:29:59.000Z,210.875
US0937121079,2026-09-04T19:29:55.000Z,214.75
US0937121079,2026-09-07T05:30:21.000Z,227.525
US0937121079,2026-09-07T07:27:00.000Z,228
US0937121079,2026-09-07T09:29:56.000Z,232.5
US0937121079,2026-09-07T11:29:41.000Z,234.7
US0937121079,2026-09-07T13:28:40.000Z,236.15
US0937121079,2026-09-07T15:29:58.000Z,235.625
US0937121079,2026-09-07T17:20:55.000Z,234.125
US0937121079,2026-09-07T19:29:11.000Z,234.25
US0937121079,2026-09-08T05:30:37.000Z,232.775
US0937121079,2026-09-08T07:29:36.000Z,232.025
US0937121079,2026-09-08T09:29:45.000Z,228.95
US0937121079,2026-09-08T11:29:59.000Z,231.55
US0937121079,2026-09-08T13:29:51.000Z,230.6
US0937121079,2026-09-08T15:29:57.000Z,236.975
US0937121079,2026-09-08T17:29:54.000Z,243.7
US0937121079,2026-09-08T19:29:44.000Z,241.875
US0937121079,2026-09-09T05:30:59.000Z,237.5
US0937121079,2026-09-09T07:29:59.000Z,238.625
US0937121079,2026-09-09T09:29:55.000Z,239.075
US0937121079,2026-09-09T11:29:59.000Z,233.625
US0937121079,2026-09-09T13:29:58.000Z,234.325
US0937121079,2026-09-09T15:29:59.000Z,234.575
US0937121079,2026-09-09T17:29:54.000Z,234.875
US0937121079,2026-09-09T19:29:58.000Z,235
US0937121079,2026-09-10T05:30:55.000Z,229
US0937121079,2026-09-10T07:29:38.000Z,227.625
US0937121079,2026-09-10T09:29:47.000Z,226.875
US0937121079,2026-09-10T11:29:30.000Z,227.025
US0937121079,2026-09-10T13:29:59.000Z,223.75
US0937121079,2026-09-10T15:29:53.000Z,228.725
US0937121079,2026-09-10T17:29:29.000Z,225.175
US0937121079,2026-09-10T19:29:27.000Z,223.65
US0937121079,2026-09-11T05:30:59.000Z,224.7
US0937121079,2026-09-11T07:28:57.000Z,228.625
US0937121079,2026-09-11T09:29:52.000Z,229.925
US0937121079,2026-09-11T11:29:02.000Z,228.25
US0937121079,2026-09-11T13:29:59.000Z,231.5
US0937121079,2026-09-11T15:29:59.000Z,238
US0937121079,2026-09-11T17:29:55.000Z,236.5
US0937121079,2026-09-11T19:29:43.000Z,236.975
US0937121079,2026-09-14T05:30:19.000Z,226.725
US0937121079,2026-09-14T07:29:59.000Z,224.375
US0937121079,2026-09-14T09:29:56.000Z,220.625
US0937121079,2026-09-14T11:29:39.000Z,223.5
US0937121079,2026-09-14T13:29:59.000Z,221.75
US0937121079,2026-09-14T15:29:58.000Z,222.375
US0937121079,2026-09-14T17:29:52.000Z,225.05
US0937121079,2026-09-14T19:29:59.000Z,223.75
US0937121079,2026-09-15T05:30:07.000Z,220.75
US0937121079,2026-09-15T07:29:18.000Z,221.25
US0937121079,2026-09-15T09:27:52.000Z,218.85
US0937121079,2026-09-15T11:29:59.000Z,224
US0937121079,2026-09-15T13:29:59.000Z,225.4
US0937121079,2026-09-15T15:29:56.000Z,229.475
US0937121079,2026-09-15T17:29:51.000Z,227
US0937121079,2026-09-15T19:29:55.000Z,224.425
US0937121079,2026-09-16T05:30:54.000Z,227.475
US0937121079,2026-09-16T07:28:18.000Z,231.5
US0937121079,2026-09-16T09:29:56.000Z,231.5
US0937121079,2026-09-16T11:28:45.000Z,232.375
US0937121079,2026-09-16T13:29:59.000Z,232.825
US0937121079,2026-09-16T15:29:57.000Z,234.325
US0937121079,2026-09-16T17:29:52.000Z,233.25
US0937121079,2026-09-16T19:29:56.000Z,230.925
US0937121079,2026-09-17T07:29:31.000Z,244.325
US0937121079,2026-09-17T09:29:37.000Z,247.5
US0937121079,2026-09-17T11:29:46.000Z,246.625
US0937121079,2026-09-17T13:29:59.000Z,246.575
US0937121079,2026-09-17T15:29:58.000Z,244.3
US0937121079,2026-09-17T17:29:49.000Z,243.375
US0937121079,2026-09-17T19:29:35.000Z,243.325
US0937121079,2026-09-18T05:30:29.000Z,247.625
US0937121079,2026-09-18T07:29:43.000Z,250.3
US0937121079,2026-09-18T09:29:59.000Z,249.375
US0937121079,2026-09-18T11:29:31.000Z,248.175
US0937121079,2026-09-18T13:29:59.000Z,247.575
US0937121079,2026-09-18T15:29:59.000Z,235.375
US0937121079,2026-09-18T17:29:57.000Z,236.8
US0937121079,2026-09-18T19:29:59.000Z,238.925
US0937121079,2026-09-21T05:30:51.000Z,234.75
US0937121079,2026-09-21T07:29:11.000Z,237.75
US0937121079,2026-09-21T09:29:43.000Z,239.475
US0937121079,2026-09-21T11:29:58.000Z,237.275
US0937121079,2026-09-21T13:29:59.000Z,235.7
US0937121079,2026-09-21T15:29:59.000Z,243.7
US0937121079,2026-09-21T17:29:58.000Z,239
US0937121079,2026-09-21T19:29:55.000Z,236.85
US0937121079,2026-09-22T05:30:59.000Z,235.85
US0937121079,2026-09-22T07:29:57.000Z,236.125
US0937121079,2026-09-22T09:29:34.000Z,238.625
US0937121079,2026-09-22T11:29:35.000Z,239
US0937121079,2026-09-22T13:29:47.000Z,239.95
US0937121079,2026-09-22T15:29:53.000Z,242.5
US0937121079,2026-09-22T17:29:56.000Z,242.9
US0937121079,2026-09-22T19:29:55.000Z,239.5
US0937121079,2026-09-23T05:30:58.000Z,242
US0937121079,2026-09-23T07:29:56.000Z,243
US0937121079,2026-09-23T09:29:27.000Z,245.75
US0937121079,2026-09-23T11:29:52.000Z,242.825
US0937121079,2026-09-23T13:29:59.000Z,242.925
US0937121079,2026-09-23T15:29:49.000Z,243.5
US0937121079,2026-09-23T17:29:58.000Z,240
US0937121079,2026-09-23T19:29:58.000Z,241.025
US0937121079,2026-09-24T05:30:07.000Z,240.875
US0937121079,2026-09-24T07:29:56.000Z,238.625
US0937121079,2026-09-24T09:26:48.000Z,233.875
US0937121079,2026-09-24T11:29:43.000Z,236.875
US0937121079,2026-09-24T13:29:59.000Z,226.25
US0937121079,2026-09-24T15:29:55.000Z,225.5
US0937121079,2026-09-24T17:29:53.000Z,234.7
US0937121079,2026-09-24T19:29:42.000Z,235.375
US0937121079,2026-09-25T05:30:22.000Z,236
US0937121079,2026-09-25T07:29:55.000Z,239.25
US0937121079,2026-09-25T09:29:38.000Z,239.375
US0937121079,2026-09-25T11:29:14.000Z,239.125
US0937121079,2026-09-25T13:29:59.000Z,236.125
US0937121079,2026-09-25T15:29:56.000Z,249.375
US0937121079,2026-09-25T17:29:59.000Z,256.275
US0937121079,2026-09-25T19:29:34.000Z,254.875
US0937121079,2026-09-25T20:58:45.361Z,253.925
US0937121079,2026-09-28T05:30:53.000Z,245.425
US0937121079,2026-09-28T07:29:59.000Z,244
US0937121079,2026-09-28T09:29:43.000Z,244.125
US0937121079,2026-09-28T11:29:21.000Z,246.6
US0937121079,2026-09-28T13:29:59.000Z,247.925
US0937121079,2026-09-28T15:29:59.000Z,230
US0937121079,2026-09-28T17:29:54.000Z,233.325
US0937121079,2026-09-28T19:20:48.220Z,233.55
US11135F1012,2026-08-25T05:30:59.000Z,309.575
US11135F1012,2026-08-25T07:29:58.000Z,310.225
US11135F1012,2026-08-25T09:29:58.000Z,310.475
US11135F1012,2026-08-25T11:29:59.000Z,310.775
US11135F1012,2026-08-25T13:29:59.000Z,309.575
US11135F1012,2026-08-25T15:29:59.000Z,309.125
US11135F1012,2026-08-25T17:29:55.000Z,306.175
US11135F1012,2026-08-25T19:29:58.000Z,305.3
US11135F1012,2026-08-26T05:30:54.000Z,306.925
US11135F1012,2026-08-26T07:29:58.000Z,306.975
US11135F1012,2026-08-26T09:29:58.000Z,307.525
US11135F1012,2026-08-26T11:29:59.000Z,307.575
US11135F1012,2026-08-26T13:29:59.000Z,306.075
US11135F1012,2026-08-26T15:29:59.000Z,301.775
US11135F1012,2026-08-26T17:29:58.000Z,302.25
US11135F1012,2026-08-26T19:29:58.000Z,303.7
US11135F1012,2026-08-27T05:30:56.000Z,308.15
US11135F1012,2026-08-27T07:29:58.000Z,309.8
US11135F1012,2026-08-27T09:29:59.000Z,310.875
US11135F1012,2026-08-27T11:29:59.000Z,310.375
US11135F1012,2026-08-27T13:29:59.000Z,310.4
US11135F1012,2026-08-27T15:29:59.000Z,316.75
US11135F1012,2026-08-27T17:29:57.000Z,316.6
US11135F1012,2026-08-27T19:29:59.000Z,316.65
US11135F1012,2026-08-28T05:30:51.000Z,320.025
US11135F1012,2026-08-28T07:29:59.000Z,318.725
US11135F1012,2026-08-28T09:29:58.000Z,318.7
US11135F1012,2026-08-28T11:29:58.000Z,320.125
US11135F1012,2026-08-28T13:29:59.000Z,320.9
US11135F1012,2026-08-28T15:29:59.000Z,321.725
US11135F1012,2026-08-28T17:29:59.000Z,316.225
US11135F1012,2026-08-28T19:29:58.000Z,318.325
US11135F1012,2026-08-31T05:30:56.000Z,322.025
US11135F1012,2026-08-31T07:29:59.000Z,321.4
US11135F1012,2026-08-31T09:29:58.000Z,319.175
US11135F1012,2026-08-31T11:29:59.000Z,319.125
US11135F1012,2026-08-31T13:29:59.000Z,318.6
US11135F1012,2026-08-31T15:29:58.000Z,316.975
US11135F1012,2026-08-31T17:29:59.000Z,318.1
US11135F1012,2026-08-31T19:29:58.000Z,317.975
US11135F1012,2026-09-01T05:30:52.000Z,319.6
US11135F1012,2026-09-01T07:29:59.000Z,320.75
US11135F1012,2026-09-01T09:29:58.000Z,315.5
US11135F1012,2026-09-01T11:29:58.000Z,315.625
US11135F1012,2026-09-01T13:29:59.000Z,314.275
US11135F1012,2026-09-01T15:29:59.000Z,318.175
US11135F1012,2026-09-01T17:29:59.000Z,318.575
US11135F1012,2026-09-01T19:29:59.000Z,319.375
US11135F1012,2026-09-02T05:30:54.000Z,320.05
US11135F1012,2026-09-02T07:29:59.000Z,320.125
US11135F1012,2026-09-02T09:29:59.000Z,318.425
US11135F1012,2026-09-02T11:29:58.000Z,318.775
US11135F1012,2026-09-02T13:29:59.000Z,319.1
US11135F1012,2026-09-02T15:29:58.000Z,319.775
US11135F1012,2026-09-02T17:29:59.000Z,318.575
US11135F1012,2026-09-02T19:29:59.000Z,317.625
US11135F1012,2026-09-03T05:30:58.000Z,310.6
US11135F1012,2026-09-03T07:29:58.000Z,311.7
US11135F1012,2026-09-03T09:29:59.000Z,307.5
US11135F1012,2026-09-03T11:29:59.000Z,307.15
US11135F1012,2026-09-03T13:29:58.000Z,302.675
US11135F1012,2026-09-03T15:29:59.000Z,300.35
US11135F1012,2026-09-03T17:29:58.000Z,304.6
US11135F1012,2026-09-03T19:29:56.000Z,308.075
US11135F1012,2026-09-04T05:30:55.000Z,310.475
US11135F1012,2026-09-04T07:29:59.000Z,310.675
US11135F1012,2026-09-04T09:29:58.000Z,310.55
US11135F1012,2026-09-04T11:29:58.000Z,310.425
US11135F1012,2026-09-04T13:29:59.000Z,309.7
US11135F1012,2026-09-04T15:29:58.000Z,306.55
US11135F1012,2026-09-04T17:29:59.000Z,305.45
US11135F1012,2026-09-04T19:29:58.000Z,306.725
US11135F1012,2026-09-07T05:30:25.000Z,309.4
US11135F1012,2026-09-07T07:29:58.000Z,311.6
US11135F1012,2026-09-07T09:29:58.000Z,311.625
US11135F1012,2026-09-07T11:29:58.000Z,310.2
US11135F1012,2026-09-07T13:29:59.000Z,311.425
US11135F1012,2026-09-07T15:29:59.000Z,311.775
US11135F1012,2026-09-07T17:28:56.000Z,312.225
US11135F1012,2026-09-07T19:29:09.000Z,312.225
US11135F1012,2026-09-08T05:30:19.000Z,311.5
US11135F1012,2026-09-08T07:29:59.000Z,311.375
US11135F1012,2026-09-08T09:29:59.000Z,310.275
US11135F1012,2026-09-08T11:29:58.000Z,310.325
US11135F1012,2026-09-08T13:29:59.000Z,312.875
US11135F1012,2026-09-08T15:29:59.000Z,319.575
US11135F1012,2026-09-08T17:29:58.000Z,315.8
US11135F1012,2026-09-08T19:29:59.000Z,317.4
US11135F1012,2026-09-09T05:30:59.000Z,317.3
US11135F1012,2026-09-09T07:29:59.000Z,318.25
US11135F1012,2026-09-09T09:29:58.000Z,316.7
US11135F1012,2026-09-09T11:29:58.000Z,314.875
US11135F1012,2026-09-09T13:29:58.000Z,314.325
US11135F1012,2026-09-09T15:29:59.000Z,309.9
US11135F1012,2026-09-09T17:29:59.000Z,312.725
US11135F1012,2026-09-09T19:29:59.000Z,312.9
US11135F1012,2026-09-10T05:30:55.000Z,312.1
US11135F1012,2026-09-10T07:29:58.000Z,311.95
US11135F1012,2026-09-10T09:29:58.000Z,311.025
US11135F1012,2026-09-10T11:29:58.000Z,312.175
US11135F1012,2026-09-10T13:29:59.000Z,310.3
US11135F1012,2026-09-10T15:29:59.000Z,313.525
US11135F1012,2026-09-10T17:29:59.000Z,312.725
US11135F1012,2026-09-10T19:29:57.000Z,311.9
US11135F1012,2026-09-11T05:30:59.000Z,309.95
US11135F1012,2026-09-11T07:29:59.000Z,311.4
US11135F1012,2026-09-11T09:29:58.000Z,312.55
US11135F1012,2026-09-11T11:29:58.000Z,313.9
US11135F1012,2026-09-11T13:29:59.000Z,314.375
US11135F1012,2026-09-11T15:29:58.000Z,315.275
US11135F1012,2026-09-11T17:29:52.000Z,314.875
US11135F1012,2026-09-11T19:29:59.000Z,313.25
US11135F1012,2026-09-14T05:30:17.000Z,306.55
US11135F1012,2026-09-14T07:29:58.000Z,305.25
US11135F1012,2026-09-14T09:29:59.000Z,304.225
US11135F1012,2026-09-14T11:29:59.000Z,303.925
US11135F1012,2026-09-14T13:29:59.000Z,302.625
US11135F1012,2026-09-14T15:29:58.000Z,299.375
US11135F1012,2026-09-14T17:29:55.000Z,300.2
US11135F1012,2026-09-14T19:29:59.000Z,298.95
US11135F1012,2026-09-15T05:30:59.000Z,298.975
US11135F1012,2026-09-15T07:29:59.000Z,298.975
US11135F1012,2026-09-15T09:29:59.000Z,298.225
US11135F1012,2026-09-15T11:29:58.000Z,300.375
US11135F1012,2026-09-15T13:29:58.000Z,299.725
US11135F1012,2026-09-15T15:29:58.000Z,295.525
US11135F1012,2026-09-15T17:29:57.000Z,293.15
US11135F1012,2026-09-15T19:29:59.000Z,294.45
US11135F1012,2026-09-16T05:30:54.000Z,294.975
US11135F1012,2026-09-16T07:29:58.000Z,296
US11135F1012,2026-09-16T09:29:59.000Z,296.05
US11135F1012,2026-09-16T11:29:58.000Z,296.05
US11135F1012,2026-09-16T13:29:59.000Z,296.9
US11135F1012,2026-09-16T15:29:58.000Z,296.625
US11135F1012,2026-09-16T17:29:58.000Z,294.65
US11135F1012,2026-09-16T19:29:59.000Z,293.725
US11135F1012,2026-09-17T07:29:58.000Z,299.375
US11135F1012,2026-09-17T09:29:58.000Z,300.525
US11135F1012,2026-09-17T11:29:59.000Z,300.125
US11135F1012,2026-09-17T13:29:59.000Z,301.925
US11135F1012,2026-09-17T15:29:59.000Z,305.325
US11135F1012,2026-09-17T17:29:57.000Z,303.975
US11135F1012,2026-09-17T19:29:57.000Z,303.325
US11135F1012,2026-09-18T05:30:49.000Z,303.925
US11135F1012,2026-09-18T07:29:59.000Z,306.675
US11135F1012,2026-09-18T09:29:58.000Z,306
US11135F1012,2026-09-18T11:29:58.000Z,305.025
US11135F1012,2026-09-18T13:29:59.000Z,306.825
US11135F1012,2026-09-18T15:29:58.000Z,311.675
US11135F1012,2026-09-18T17:29:56.000Z,308.55
US11135F1012,2026-09-18T19:29:56.000Z,309.425
US11135F1012,2026-09-21T05:30:35.000Z,313.975
US11135F1012,2026-09-21T07:29:59.000Z,314.775
US11135F1012,2026-09-21T09:29:59.000Z,316.325
US11135F1012,2026-09-21T11:29:59.000Z,315.425
US11135F1012,2026-09-21T13:29:58.000Z,312.325
US11135F1012,2026-09-21T15:29:59.000Z,312.375
US11135F1012,2026-09-21T17:29:58.000Z,313.25
US11135F1012,2026-09-21T19:29:59.000Z,316.875
US11135F1012,2026-09-22T05:30:58.000Z,315.875
US11135F1012,2026-09-22T07:29:58.000Z,316.175
US11135F1012,2026-09-22T09:29:59.000Z,316.325
US11135F1012,2026-09-22T11:29:58.000Z,317.2
US11135F1012,2026-09-22T13:29:59.000Z,316.7
US11135F1012,2026-09-22T15:29:58.000Z,317.325
US11135F1012,2026-09-22T17:29:57.000Z,318.95
US11135F1012,2026-09-22T19:29:58.000Z,319.15
US11135F1012,2026-09-23T05:30:16.000Z,318.65
US11135F1012,2026-09-23T07:29:58.000Z,318.75
US11135F1012,2026-09-23T09:29:59.000Z,318.025
US11135F1012,2026-09-23T11:29:59.000Z,316.075
US11135F1012,2026-09-23T13:29:58.000Z,317.25
US11135F1012,2026-09-23T15:29:57.000Z,312.625
US11135F1012,2026-09-23T17:29:59.000Z,311.725
US11135F1012,2026-09-23T19:29:54.000Z,311.4
US11135F1012,2026-09-24T05:30:57.000Z,310.625
US11135F1012,2026-09-24T07:29:59.000Z,309.35
US11135F1012,2026-09-24T09:29:58.000Z,307.675
US11135F1012,2026-09-24T11:29:58.000Z,308.3
US11135F1012,2026-09-24T13:29:59.000Z,307.525
US11135F1012,2026-09-24T15:29:58.000Z,305.625
US11135F1012,2026-09-24T17:29:41.000Z,307.65
US11135F1012,2026-09-24T19:29:54.000Z,307.35
US11135F1012,2026-09-25T05:30:53.000Z,311.1
US11135F1012,2026-09-25T07:29:58.000Z,311.675
US11135F1012,2026-09-25T09:29:58.000Z,311.925
US11135F1012,2026-09-25T11:29:58.000Z,311.275
US11135F1012,2026-09-25T13:29:59.000Z,309.45
US11135F1012,2026-09-25T15:29:58.000Z,308.75
US11135F1012,2026-09-25T17:29:58.000Z,310.3
US11135F1012,2026-09-25T19:29:57.000Z,308.825
US11135F1012,2026-09-25T20:59:57.529Z,310.075
US11135F1012,2026-09-28T05:30:55.000Z,307.6
US11135F1012,2026-09-28T07:29:59.000Z,306.3
US11135F1012,2026-09-28T09:29:58.000Z,306.075
US11135F1012,2026-09-28T11:29:59.000Z,307.5
US11135F1012,2026-09-28T13:29:59.000Z,310.5
US11135F1012,2026-09-28T15:29:58.000Z,307.725
US11135F1012,2026-09-28T17:29:58.000Z,308.65
US11135F1012,2026-09-28T19:20:43.109Z,307.675
US1258961002,2026-08-25T05:30:21.000Z,58.77
US1258961002,2026-08-25T07:29:38.000Z,58.75
US1258961002,2026-08-25T09:25:45.000Z,58.685
US1258961002,2026-08-25T11:29:01.000Z,58.89
US1258961002,2026-08-25T13:29:40.000Z,58.62
US1258961002,2026-08-25T15:29:57.000Z,58.92
US1258961002,2026-08-25T17:29:58.000Z,58.83
US1258961002,2026-08-25T19:29:54.000Z,59.14
US1258961002,2026-08-26T05:30:44.000Z,58.9
US1258961002,2026-08-26T07:26:05.000Z,58.87
US1258961002,2026-08-26T09:25:34.000Z,58.96
US1258961002,2026-08-26T11:26:30.000Z,58.925
US1258961002,2026-08-26T13:29:19.000Z,59.03
US1258961002,2026-08-26T15:29:57.000Z,59.29
US1258961002,2026-08-26T17:29:57.000Z,59.22
US1258961002,2026-08-26T19:29:59.000Z,59.38
US1258961002,2026-08-27T05:30:21.000Z,59.52
US1258961002,2026-08-27T07:29:14.000Z,59.475
US1258961002,2026-08-27T09:28:06.000Z,59.67
US1258961002,2026-08-27T11:29:57.000Z,59.5
US1258961002,2026-08-27T13:29:11.000Z,59
US1258961002,2026-08-27T15:29:59.000Z,58.69
US1258961002,2026-08-27T17:29:58.000Z,58.785
US1258961002,2026-08-27T19:29:48.000Z,58.62
US1258961002,2026-08-28T05:30:59.000Z,58.695
US1258961002,2026-08-28T07:26:08.000Z,58.695
US1258961002,2026-08-28T09:27:54.000Z,58.8
US1258961002,2026-08-28T11:24:08.000Z,58.92
US1258961002,2026-08-28T13:29:12.000Z,59.15
US1258961002,2026-08-28T15:29:50.000Z,58.92
US1258961002,2026-08-28T17:29:56.000Z,58.82
US1258961002,2026-08-28T19:29:52.000Z,58.795
US1258961002,2026-08-31T05:30:30.000Z,58.76
US1258961002,2026-08-31T07:29:58.000Z,58.89
US1258961002,2026-08-31T09:24:55.000Z,58.875
US1258961002,2026-08-31T11:28:58.000Z,58.72
US1258961002,2026-08-31T13:29:11.000Z,58.63
US1258961002,2026-08-31T15:29:59.000Z,58.56
US1258961002,2026-08-31T17:29:58.000Z,58.48
US1258961002,2026-08-31T19:29:47.000Z,58.59
US1258961002,2026-09-01T05:30:20.000Z,58.68
US1258961002,2026-09-01T07:29:46.000Z,58.76
US1258961002,2026-09-01T11:28:31.000Z,58.63
US1258961002,2026-09-01T13:29:53.000Z,59.12
US1258961002,2026-09-01T15:29:53.000Z,58.72
US1258961002,2026-09-01T17:29:59.000Z,58.385
US1258961002,2026-09-01T19:29:54.000Z,58.505
US1258961002,2026-09-02T05:30:55.000Z,58.66
US1258961002,2026-09-02T07:28:42.000Z,58.72
US1258961002,2026-09-02T09:27:47.000Z,58.57
US1258961002,2026-09-02T11:29:18.000Z,58.66
US1258961002,2026-09-02T13:29:12.000Z,58.66
US1258961002,2026-09-02T15:29:58.000Z,58.67
US1258961002,2026-09-02T17:29:59.000Z,58.8
US1258961002,2026-09-02T19:29:57.000Z,58.77
US1258961002,2026-09-03T05:30:52.000Z,58.62
US1258961002,2026-09-03T07:27:54.000Z,58.78
US1258961002,2026-09-03T09:29:44.000Z,58.675
US1258961002,2026-09-03T11:27:43.000Z,58.65
US1258961002,2026-09-03T13:29:59.000Z,58.67
US1258961002,2026-09-03T15:29:59.000Z,58.88
US1258961002,2026-09-03T17:29:59.000Z,59
US1258961002,2026-09-03T19:29:57.000Z,58.98
US1258961002,2026-09-04T05:30:22.000Z,59.03
US1258961002,2026-09-04T07:29:05.000Z,58.985
US1258961002,2026-09-04T09:29:24.000Z,59.02
US1258961002,2026-09-04T11:29:57.000Z,59.03
US1258961002,2026-09-04T13:29:23.000Z,58.86
US1258961002,2026-09-04T15:29:27.000Z,59.39
US1258961002,2026-09-04T17:29:49.000Z,58.845
US1258961002,2026-09-04T19:29:57.000Z,59
US1258961002,2026-09-07T05:30:43.000Z,58.92
US1258961002,2026-09-07T07:29:01.000Z,58.9
US1258961002,2026-09-07T09:26:01.000Z,58.93
US1258961002,2026-09-07T11:29:35.000Z,58.85
US1258961002,2026-09-07T13:27:13.000Z,58.9
US1258961002,2026-09-07T15:29:17.000Z,58.84
US1258961002,2026-09-07T19:29:09.000Z,59.68
US1258961002,2026-09-08T05:30:40.000Z,59.64
US1258961002,2026-09-08T07:28:31.000Z,58.91
US1258961002,2026-09-08T09:25:42.000Z,58.8
US1258961002,2026-09-08T11:27:22.000Z,58.91
US1258961002,2026-09-08T13:29:11.000Z,58.79
US1258961002,2026-09-08T15:29:59.000Z,59.42
US1258961002,2026-09-08T17:29:56.000Z,59.445
US1258961002,2026-09-08T19:29:47.000Z,59.465
US1258961002,2026-09-09T05:30:19.000Z,59.18
US1258961002,2026-09-09T07:29:27.000Z,59.17
US1258961002,2026-09-09T09:28:29.000Z,59.08
US1258961002,2026-09-09T11:29:14.000Z,58.92
US1258961002,2026-09-09T13:29:11.000Z,58.96
US1258961002,2026-09-09T15:29:59.000Z,58.67
US1258961002,2026-09-09T17:29:58.000Z,58.39
US1258961002,2026-09-09T19:29:37.000Z,58.78
US1258961002,2026-09-10T05:30:55.000Z,58.68
US1258961002,2026-09-10T07:29:47.000Z,58.68
US1258961002,2026-09-10T09:28:22.000Z,58.62
US1258961002,2026-09-10T11:25:34.000Z,58.64
US1258961002,2026-09-10T13:29:13.000Z,58.8
US1258961002,2026-09-10T15:29:59.000Z,58.36
US1258961002,2026-09-10T17:29:12.000Z,58.37
US1258961002,2026-09-10T19:29:54.000Z,58.37
US1258961002,2026-09-11T05:30:49.000Z,58.4
US1258961002,2026-09-11T07:25:29.000Z,58.53
US1258961002,2026-09-11T09:24:56.000Z,58.42
US1258961002,2026-09-11T11:28:55.000Z,58.68
US1258961002,2026-09-11T13:29:57.000Z,58.88
US1258961002,2026-09-11T15:29:55.000Z,58.06
US1258961002,2026-09-11T17:29:49.000Z,58.17
US1258961002,2026-09-11T19:29:50.000Z,58.02
US1258961002,2026-09-14T05:30:54.000Z,57.965
US1258961002,2026-09-14T07:27:29.000Z,58.16
US1258961002,2026-09-14T09:26:07.000Z,58.28
US1258961002,2026-09-14T11:25:27.000Z,58.065
US1258961002,2026-09-14T13:29:13.000Z,58.3
US1258961002,2026-09-14T15:29:47.000Z,58.06
US1258961002,2026-09-14T17:29:48.000Z,57.96
US1258961002,2026-09-14T19:29:58.000Z,57.825
US1258961002,2026-09-15T05:30:02.000Z,57.915
US1258961002,2026-09-15T07:27:22.000Z,57.7
US1258961002,2026-09-15T09:29:22.000Z,57.7
US1258961002,2026-09-15T11:29:19.000Z,57.8
US1258961002,2026-09-15T13:29:46.000Z,57.98
US1258961002,2026-09-15T15:29:57.000Z,57.32
US1258961002,2026-09-15T17:29:54.000Z,57.11
US1258961002,2026-09-15T19:29:59.000Z,57.215
US1258961002,2026-09-16T05:30:19.000Z,57.19
US1258961002,2026-09-16T07:29:56.000Z,57.23
US1258961002,2026-09-16T09:28:30.000Z,57.19
US1258961002,2026-09-16T11:29:07.000Z,57.165
US1258961002,2026-09-16T13:29:46.000Z,57.38
US1258961002,2026-09-16T15:29:57.000Z,57.73
US1258961002,2026-09-16T17:29:58.000Z,57.545
US1258961002,2026-09-16T19:29:56.000Z,57.36
US1258961002,2026-09-17T07:28:52.000Z,57.635
US1258961002,2026-09-17T09:27:59.000Z,57.79
US1258961002,2026-09-17T11:25:53.000Z,57.9
US1258961002,2026-09-17T13:29:09.000Z,58.16
US1258961002,2026-09-17T15:29:59.000Z,57.43
US1258961002,2026-09-17T17:29:51.000Z,57.76
US1258961002,2026-09-17T19:29:55.000Z,57.68
US1258961002,2026-09-18T05:30:52.000Z,57.7
US1258961002,2026-09-18T07:29:39.000Z,57.89
US1258961002,2026-09-18T09:29:57.000Z,57.69
US1258961002,2026-09-18T11:27:48.000Z,57.755
US1258961002,2026-09-18T13:29:12.000Z,57.55
US1258961002,2026-09-18T15:29:50.000Z,57.08
US1258961002,2026-09-18T17:29:58.000Z,56.835
US1258961002,2026-09-18T19:29:57.000Z,57.03
US1258961002,2026-09-21T05:30:29.000Z,57.15
US1258961002,2026-09-21T07:28:08.000Z,57.26
US1258961002,2026-09-21T09:28:49.000Z,57.26
US1258961002,2026-09-21T11:26:31.000Z,56.99
US1258961002,2026-09-21T13:29:34.000Z,56.91
US1258961002,2026-09-21T15:29:58.000Z,56.75
US1258961002,2026-09-21T17:29:56.000Z,56.545
US1258961002,2026-09-21T19:29:59.000Z,56.31
US1258961002,2026-09-22T05:30:18.000Z,56.39
US1258961002,2026-09-22T07:29:54.000Z,56.44
US1258961002,2026-09-22T09:28:20.000Z,56.45
US1258961002,2026-09-22T11:29:16.000Z,56.43
US1258961002,2026-09-22T13:29:55.000Z,56.63
US1258961002,2026-09-22T15:29:58.000Z,56.72
US1258961002,2026-09-22T17:29:59.000Z,56.34
US1258961002,2026-09-22T19:29:59.000Z,56.345
US1258961002,2026-09-23T05:30:17.000Z,56.28
US1258961002,2026-09-23T07:29:56.000Z,56.3
US1258961002,2026-09-23T09:29:07.000Z,56.33
US1258961002,2026-09-23T11:29:21.000Z,56.25
US1258961002,2026-09-23T13:29:09.000Z,56.31
US1258961002,2026-09-23T15:29:57.000Z,55.36
US1258961002,2026-09-23T17:29:58.000Z,55.655
US1258961002,2026-09-23T19:29:59.000Z,55.535
US1258961002,2026-09-24T05:30:28.000Z,55.35
US1258961002,2026-09-24T07:29:48.000Z,55.25
US1258961002,2026-09-24T09:28:54.000Z,55.35
US1258961002,2026-09-24T11:28:59.000Z,55.45
US1258961002,2026-09-24T13:29:12.000Z,55.63
US1258961002,2026-09-24T15:29:56.000Z,55.605
US1258961002,2026-09-24T17:29:47.000Z,55.64
US1258961002,2026-09-24T19:29:58.000Z,55.37
US1258961002,2026-09-25T05:30:30.000Z,55.2
US1258961002,2026-09-25T07:28:56.000Z,55.23
US1258961002,2026-09-25T09:28:43.000Z,55.15
US1258961002,2026-09-25T11:29:38.000Z,55.08
US1258961002,2026-09-25T13:29:34.000Z,55.15
US1258961002,2026-09-25T15:29:38.000Z,54.78
US1258961002,2026-09-25T17:29:59.000Z,55.12
US1258961002,2026-09-25T19:29:53.000Z,55.215
US1258961002,2026-09-25T20:54:37.002Z,55.255
US1258961002,2026-09-28T05:30:52.000Z,55.07
US1258961002,2026-09-28T07:29:53.000Z,55.2
US1258961002,2026-09-28T09:29:59.000Z,55.39
US1258961002,2026-09-28T11:29:13.000Z,55.745
US1258961002,2026-09-28T13:29:59.000Z,55.55
US1258961002,2026-09-28T15:29:59.000Z,54.97
US1258961002,2026-09-28T17:29:51.000Z,55.28
US1258961002,2026-09-28T19:20:34.021Z,55.11
US1912161007,2026-08-25T05:30:59.000Z,78.84
US1912161007,2026-08-25T07:29:36.000Z,78.75
US1912161007,2026-08-25T09:29:59.000Z,78.8
US1912161007,2026-08-25T11:29:56.000Z,78.72
US1912161007,2026-08-25T13:29:59.000Z,78.53
US1912161007,2026-08-25T15:29:59.000Z,78.465
US1912161007,2026-08-25T17:29:59.000Z,78.545
US1912161007,2026-08-25T19:29:51.000Z,78.6
US1912161007,2026-08-26T05:30:59.000Z,78.6
US1912161007,2026-08-26T07:29:43.000Z,78.665
US1912161007,2026-08-26T09:29:49.000Z,78.71
US1912161007,2026-08-26T11:28:43.000Z,78.585
US1912161007,2026-08-26T13:29:54.000Z,78.89
US1912161007,2026-08-26T15:29:58.000Z,77.725
US1912161007,2026-08-26T17:29:56.000Z,77.64
US1912161007,2026-08-26T19:29:57.000Z,77.5
US1912161007,2026-08-27T05:30:56.000Z,77.155
US1912161007,2026-08-27T07:29:42.000Z,76.995
US1912161007,2026-08-27T09:28:17.000Z,76.715
US1912161007,2026-08-27T11:29:55.000Z,76.84
US1912161007,2026-08-27T13:29:53.000Z,76.585
US1912161007,2026-08-27T15:29:57.000Z,77.025
US1912161007,2026-08-27T17:29:55.000Z,76.96
US1912161007,2026-08-27T19:29:59.000Z,76.77
US1912161007,2026-08-28T05:30:59.000Z,76.86
US1912161007,2026-08-28T07:29:58.000Z,77.12
US1912161007,2026-08-28T09:29:55.000Z,77.12
US1912161007,2026-08-28T11:29:58.000Z,76.88
US1912161007,2026-08-28T13:29:55.000Z,76.68
US1912161007,2026-08-28T15:29:56.000Z,77.195
US1912161007,2026-08-28T17:29:59.000Z,77.575
US1912161007,2026-08-28T19:29:56.000Z,77.37
US1912161007,2026-08-31T05:30:34.000Z,77.335
US1912161007,2026-08-31T07:29:50.000Z,77.27
US1912161007,2026-08-31T09:29:41.000Z,77.22
US1912161007,2026-08-31T11:29:56.000Z,77.22
US1912161007,2026-08-31T13:29:58.000Z,77.165
US1912161007,2026-08-31T15:29:57.000Z,76.795
US1912161007,2026-08-31T17:29:53.000Z,76.705
US1912161007,2026-08-31T19:29:59.000Z,76.47
US1912161007,2026-09-01T05:30:44.000Z,76.57
US1912161007,2026-09-01T07:29:26.000Z,76.615
US1912161007,2026-09-01T09:29:38.000Z,76.975
US1912161007,2026-09-01T11:29:59.000Z,76.905
US1912161007,2026-09-01T13:29:59.000Z,77.16
US1912161007,2026-09-01T15:29:59.000Z,76.295
US1912161007,2026-09-01T17:29:59.000Z,76.01
US1912161007,2026-09-01T19:29:54.000Z,75.885
US1912161007,2026-09-02T05:30:56.000Z,76.18
US1912161007,2026-09-02T07:29:39.000Z,76.065
US1912161007,2026-09-02T09:29:51.000Z,76.04
US1912161007,2026-09-02T11:29:57.000Z,76.225
US1912161007,2026-09-02T13:29:59.000Z,75.795
US1912161007,2026-09-02T15:29:59.000Z,76.535
US1912161007,2026-09-02T17:29:42.000Z,76.56
US1912161007,2026-09-02T19:29:56.000Z,76.41
US1912161007,2026-09-03T05:30:56.000Z,76.34
US1912161007,2026-09-03T07:29:53.000Z,76.195
US1912161007,2026-09-03T09:29:51.000Z,76.28
US1912161007,2026-09-03T11:29:58.000Z,76.13
US1912161007,2026-09-03T13:29:59.000Z,75.705
US1912161007,2026-09-03T15:29:59.000Z,76.52
US1912161007,2026-09-03T17:29:59.000Z,76.405
US1912161007,2026-09-03T19:29:59.000Z,76.615
US1912161007,2026-09-04T05:30:42.000Z,76.39
US1912161007,2026-09-04T07:29:49.000Z,76.34
US1912161007,2026-09-04T09:29:49.000Z,76.45
US1912161007,2026-09-04T11:29:44.000Z,76.37
US1912161007,2026-09-04T13:29:59.000Z,76.19
US1912161007,2026-09-04T15:29:56.000Z,76.375
US1912161007,2026-09-04T17:29:57.000Z,75.73
US1912161007,2026-09-04T19:29:59.000Z,75.81
US1912161007,2026-09-07T05:30:50.000Z,75.865
US1912161007,2026-09-07T07:29:38.000Z,76.105
US1912161007,2026-09-07T09:29:59.000Z,76.16
US1912161007,2026-09-07T11:29:48.000Z,76.165
US1912161007,2026-09-07T13:27:08.000Z,76.175
US1912161007,2026-09-07T15:29:59.000Z,75.97
US1912161007,2026-09-07T17:28:44.000Z,76.555
US1912161007,2026-09-07T19:29:53.000Z,76.58
US1912161007,2026-09-08T05:30:51.000Z,75.645
US1912161007,2026-09-08T07:29:39.000Z,75.655
US1912161007,2026-09-08T09:29:57.000Z,75.72
US1912161007,2026-09-08T11:29:56.000Z,75.5
US1912161007,2026-09-08T13:29:59.000Z,75.28
US1912161007,2026-09-08T15:29:53.000Z,75.62
US1912161007,2026-09-08T17:29:57.000Z,75.99
US1912161007,2026-09-08T19:29:59.000Z,76.11
US1912161007,2026-09-09T05:30:47.000Z,76.005
US1912161007,2026-09-09T07:29:50.000Z,75.925
US1912161007,2026-09-09T09:29:10.000Z,75.995
US1912161007,2026-09-09T11:29:40.000Z,75.85
US1912161007,2026-09-09T13:29:43.000Z,75.795
US1912161007,2026-09-09T15:29:52.000Z,75.595
US1912161007,2026-09-09T17:29:59.000Z,75.49
US1912161007,2026-09-09T19:29:59.000Z,75.535
US1912161007,2026-09-10T05:30:57.000Z,75.475
US1912161007,2026-09-10T07:29:48.000Z,75.515
US1912161007,2026-09-10T09:29:26.000Z,75.545
US1912161007,2026-09-10T11:29:53.000Z,75.645
US1912161007,2026-09-10T13:29:54.000Z,76.07
US1912161007,2026-09-10T15:29:59.000Z,75.98
US1912161007,2026-09-10T17:29:50.000Z,75.88
US1912161007,2026-09-10T19:29:59.000Z,75.88
US1912161007,2026-09-11T05:30:56.000Z,75.85
US1912161007,2026-09-11T07:29:44.000Z,75.84
US1912161007,2026-09-11T09:29:43.000Z,76.065
US1912161007,2026-09-11T11:29:57.000Z,76.045
US1912161007,2026-09-11T13:29:56.000Z,76.235
US1912161007,2026-09-11T15:29:54.000Z,75.88
US1912161007,2026-09-11T17:29:44.000Z,76.11
US1912161007,2026-09-11T19:29:41.000Z,76.31
US1912161007,2026-09-14T05:30:42.000Z,76.785
US1912161007,2026-09-14T07:29:56.000Z,77
US1912161007,2026-09-14T09:29:54.000Z,77.455
US1912161007,2026-09-14T11:29:19.000Z,77.275
US1912161007,2026-09-14T13:29:57.000Z,78.165
US1912161007,2026-09-14T15:29:55.000Z,77.11
US1912161007,2026-09-14T17:29:48.000Z,77.05
US1912161007,2026-09-14T19:29:57.000Z,77.205
US1912161007,2026-09-15T05:30:55.000Z,76.96
US1912161007,2026-09-15T07:29:56.000Z,76.895
US1912161007,2026-09-15T09:29:59.000Z,76.925
US1912161007,2026-09-15T11:29:55.000Z,76.69
US1912161007,2026-09-15T13:29:58.000Z,76.605
US1912161007,2026-09-15T15:29:58.000Z,76.775
US1912161007,2026-09-15T17:29:59.000Z,76.685
US1912161007,2026-09-15T19:29:57.000Z,76.785
US1912161007,2026-09-16T05:30:30.000Z,76.875
US1912161007,2026-09-16T07:29:04.000Z,76.8
US1912161007,2026-09-16T09:29:59.000Z,76.6
US1912161007,2026-09-16T11:29:59.000Z,76.695
US1912161007,2026-09-16T13:29:59.000Z,76.755
US1912161007,2026-09-16T15:29:57.000Z,76.715
US1912161007,2026-09-16T17:29:59.000Z,76.7
US1912161007,2026-09-16T19:29:51.000Z,76.77
US1912161007,2026-09-17T07:29:58.000Z,76.7
US1912161007,2026-09-17T09:29:55.000Z,76.735
US1912161007,2026-09-17T11:29:31.000Z,76.705
US1912161007,2026-09-17T13:29:58.000Z,76.665
US1912161007,2026-09-17T15:29:54.000Z,76.46
US1912161007,2026-09-17T17:29:42.000Z,76.78
US1912161007,2026-09-17T19:29:58.000Z,76.755
US1912161007,2026-09-18T05:30:58.000Z,76.715
US1912161007,2026-09-18T07:29:39.000Z,76.7
US1912161007,2026-09-18T09:29:09.000Z,76.53
US1912161007,2026-09-18T11:29:19.000Z,76.585
US1912161007,2026-09-18T13:29:59.000Z,76.695
US1912161007,2026-09-18T15:29:57.000Z,76.635
US1912161007,2026-09-18T17:29:59.000Z,76.495
US1912161007,2026-09-18T19:29:59.000Z,76.685
US1912161007,2026-09-21T05:30:43.000Z,77.01
US1912161007,2026-09-21T07:28:50.000Z,76.885
US1912161007,2026-09-21T09:29:57.000Z,76.81
US1912161007,2026-09-21T11:28:51.000Z,76.71
US1912161007,2026-09-21T13:29:59.000Z,76.845
US1912161007,2026-09-21T15:29:59.000Z,76.53
US1912161007,2026-09-21T17:29:59.000Z,76.68
US1912161007,2026-09-21T19:29:51.000Z,76.435
US1912161007,2026-09-22T05:30:55.000Z,76.335
US1912161007,2026-09-22T07:29:55.000Z,76.465
US1912161007,2026-09-22T09:29:57.000Z,76.43
US1912161007,2026-09-22T11:29:58.000Z,76.335
US1912161007,2026-09-22T13:29:58.000Z,76.59
US1912161007,2026-09-22T15:29:57.000Z,77.14
US1912161007,2026-09-22T17:29:58.000Z,77.37
US1912161007,2026-09-22T19:29:59.000Z,77.645
US1912161007,2026-09-23T05:30:54.000Z,77.645
US1912161007,2026-09-23T07:29:52.000Z,77.68
US1912161007,2026-09-23T09:28:56.000Z,77.725
US1912161007,2026-09-23T11:29:59.000Z,77.785
US1912161007,2026-09-23T13:29:59.000Z,77.835
US1912161007,2026-09-23T15:29:52.000Z,77.435
US1912161007,2026-09-23T17:29:54.000Z,77.27
US1912161007,2026-09-23T19:29:57.000Z,77.13
US1912161007,2026-09-24T05:30:58.000Z,77.405
US1912161007,2026-09-24T07:29:58.000Z,77.535
US1912161007,2026-09-24T09:29:58.000Z,77.875
US1912161007,2026-09-24T11:29:50.000Z,77.79
US1912161007,2026-09-24T13:29:58.000Z,78.11
US1912161007,2026-09-24T15:29:58.000Z,78.145
US1912161007,2026-09-24T17:29:58.000Z,77.835
US1912161007,2026-09-24T19:29:58.000Z,77.74
US1912161007,2026-09-25T05:30:53.000Z,77.56
US1912161007,2026-09-25T07:29:46.000Z,77.415
US1912161007,2026-09-25T09:29:50.000Z,77.31
US1912161007,2026-09-25T11:29:59.000Z,77.21
US1912161007,2026-09-25T13:29:59.000Z,77.29
US1912161007,2026-09-25T15:29:59.000Z,77.07
US1912161007,2026-09-25T17:29:52.000Z,77.35
US1912161007,2026-09-25T19:29:55.000Z,76.9
US1912161007,2026-09-25T20:59:58.940Z,77.085
US1912161007,2026-09-28T05:30:39.000Z,77.26
US1912161007,2026-09-28T07:26:49.000Z,77.515
US1912161007,2026-09-28T09:29:20.000Z,77.53
US1912161007,2026-09-28T11:29:07.000Z,77.425
US1912161007,2026-09-28T13:29:55.000Z,77.06
US1912161007,2026-09-28T15:29:59.000Z,76.46
US1912161007,2026-09-28T17:29:58.000Z,76.61
US1912161007,2026-09-28T19:20:41.498Z,76.93
US19247G1076,2026-08-25T05:30:46.000Z,241.8
US19247G1076,2026-08-25T07:29:48.000Z,241.7
US19247G1076,2026-08-25T09:29:59.000Z,242.5
US19247G1076,2026-08-25T11:29:59.000Z,243.85
US19247G1076,2026-08-25T13:29:58.000Z,246.45
US19247G1076,2026-08-25T15:29:59.000Z,245.4
US19247G1076,2026-08-25T17:29:55.000Z,242.35
US19247G1076,2026-08-25T19:29:54.000Z,243.7
US19247G1076,2026-08-26T05:30:18.000Z,247.95
US19247G1076,2026-08-26T07:29:58.000Z,245.25
US19247G1076,2026-08-26T09:28:29.000Z,245.6
US19247G1076,2026-08-26T11:29:59.000Z,246.55
US19247G1076,2026-08-26T13:29:57.000Z,245.55
US19247G1076,2026-08-26T15:29:57.000Z,246.35
US19247G1076,2026-08-26T17:29:25.000Z,251.2
US19247G1076,2026-08-26T19:29:49.000Z,252.45
US19247G1076,2026-08-27T05:30:20.000Z,259
US19247G1076,2026-08-27T07:29:59.000Z,262.2
US19247G1076,2026-08-27T09:29:59.000Z,263.1
US19247G1076,2026-08-27T11:29:30.000Z,263.4
US19247G1076,2026-08-27T13:29:59.000Z,261
US19247G1076,2026-08-27T15:29:59.000Z,251.85
US19247G1076,2026-08-27T17:29:58.000Z,251.6
US19247G1076,2026-08-27T19:29:58.000Z,252.6
US19247G1076,2026-08-28T05:30:13.000Z,248.5
US19247G1076,2026-08-28T07:29:58.000Z,247.9
US19247G1076,2026-08-28T09:29:39.000Z,247.95
US19247G1076,2026-08-28T11:29:59.000Z,248.5
US19247G1076,2026-08-28T13:29:51.000Z,249.5
US19247G1076,2026-08-28T15:29:59.000Z,247.25
US19247G1076,2026-08-28T17:29:59.000Z,242.8
US19247G1076,2026-08-28T19:29:57.000Z,241.75
US19247G1076,2026-08-31T05:30:21.000Z,241.3
US19247G1076,2026-08-31T07:29:40.000Z,241.05
US19247G1076,2026-08-31T09:29:47.000Z,241.45
US19247G1076,2026-08-31T11:29:59.000Z,240.9
US19247G1076,2026-08-31T13:29:59.000Z,240.05
US19247G1076,2026-08-31T15:29:48.000Z,238.8
US19247G1076,2026-08-31T17:29:57.000Z,237.2
US19247G1076,2026-08-31T19:29:52.000Z,237.2
US19247G1076,2026-09-01T05:30:47.000Z,238.2
US19247G1076,2026-09-01T07:29:58.000Z,240.85
US19247G1076,2026-09-01T09:29:59.000Z,234.2
US19247G1076,2026-09-01T11:29:58.000Z,235.15
US19247G1076,2026-09-01T13:29:59.000Z,232.7
US19247G1076,2026-09-01T15:29:57.000Z,234.5
US19247G1076,2026-09-01T17:29:55.000Z,234.95
US19247G1076,2026-09-01T19:29:59.000Z,235.8
US19247G1076,2026-09-02T05:30:22.000Z,233.1
US19247G1076,2026-09-02T07:29:59.000Z,232.5
US19247G1076,2026-09-02T09:29:58.000Z,230.3
US19247G1076,2026-09-02T11:29:58.000Z,230.6
US19247G1076,2026-09-02T13:29:59.000Z,232
US19247G1076,2026-09-02T15:29:54.000Z,231.25
US19247G1076,2026-09-02T17:29:58.000Z,229.15
US19247G1076,2026-09-02T19:29:59.000Z,231.1
US19247G1076,2026-09-03T05:30:49.000Z,231.45
US19247G1076,2026-09-03T07:29:49.000Z,232.35
US19247G1076,2026-09-03T09:29:59.000Z,231.05
US19247G1076,2026-09-03T11:29:57.000Z,230.45
US19247G1076,2026-09-03T13:29:59.000Z,230.9
US19247G1076,2026-09-03T15:29:59.000Z,229.25
US19247G1076,2026-09-03T17:29:59.000Z,228.75
US19247G1076,2026-09-03T19:29:59.000Z,227.2
US19247G1076,2026-09-04T05:30:28.000Z,232.8
US19247G1076,2026-09-04T07:29:58.000Z,230.8
US19247G1076,2026-09-04T09:29:58.000Z,232.95
US19247G1076,2026-09-04T11:29:59.000Z,235.45
US19247G1076,2026-09-04T13:29:51.000Z,232.4
US19247G1076,2026-09-04T15:29:58.000Z,242
US19247G1076,2026-09-04T17:29:59.000Z,241.55
US19247G1076,2026-09-04T19:29:55.000Z,241.35
US19247G1076,2026-09-07T05:30:45.000Z,245.85
US19247G1076,2026-09-07T07:29:59.000Z,247.85
US19247G1076,2026-09-07T13:29:20.000Z,248.15
US19247G1076,2026-09-07T15:29:59.000Z,249.4
US19247G1076,2026-09-07T19:29:09.000Z,249.7
US19247G1076,2026-09-08T05:30:59.000Z,248.05
US19247G1076,2026-09-08T07:29:59.000Z,245.95
US19247G1076,2026-09-08T09:29:45.000Z,242.35
US19247G1076,2026-09-08T11:29:59.000Z,243.4
US19247G1076,2026-09-08T13:29:59.000Z,242.5
US19247G1076,2026-09-08T15:29:57.000Z,267.9
US19247G1076,2026-09-08T17:29:51.000Z,264.15
US19247G1076,2026-09-08T19:29:59.000Z,262.6
US19247G1076,2026-09-09T05:30:36.000Z,260
US19247G1076,2026-09-09T07:29:35.000Z,260.4
US19247G1076,2026-09-09T09:29:57.000Z,260.6
US19247G1076,2026-09-09T11:29:56.000Z,255.9
US19247G1076,2026-09-09T13:29:56.000Z,259.9
US19247G1076,2026-09-09T15:29:59.000Z,265.15
US19247G1076,2026-09-09T17:29:59.000Z,262.65
US19247G1076,2026-09-09T19:29:59.000Z,263.7
US19247G1076,2026-09-10T05:30:55.000Z,261.6
US19247G1076,2026-09-10T07:29:48.000Z,260
US19247G1076,2026-09-10T09:29:44.000Z,258.7
US19247G1076,2026-09-10T11:29:57.000Z,256.95
US19247G1076,2026-09-10T13:29:55.000Z,255.2
US19247G1076,2026-09-10T15:29:59.000Z,259.25
US19247G1076,2026-09-10T17:29:58.000Z,255.55
US19247G1076,2026-09-10T19:29:55.000Z,255
US19247G1076,2026-09-11T05:30:57.000Z,250.8
US19247G1076,2026-09-11T07:29:54.000Z,254.45
US19247G1076,2026-09-11T09:29:58.000Z,256.4
US19247G1076,2026-09-11T11:29:54.000Z,255.85
US19247G1076,2026-09-11T13:29:59.000Z,261.3
US19247G1076,2026-09-11T15:29:59.000Z,262.5
US19247G1076,2026-09-11T17:29:47.000Z,263.85
US19247G1076,2026-09-11T19:29:59.000Z,263.4
US19247G1076,2026-09-14T05:30:41.000Z,252
US19247G1076,2026-09-14T07:29:58.000Z,250.2
US19247G1076,2026-09-14T09:29:58.000Z,246.05
US19247G1076,2026-09-14T11:29:35.000Z,246.9
US19247G1076,2026-09-14T13:29:57.000Z,245.9
US19247G1076,2026-09-14T15:29:59.000Z,239.3
US19247G1076,2026-09-14T17:29:56.000Z,236.2
US19247G1076,2026-09-14T19:29:59.000Z,233.95
US19247G1076,2026-09-15T05:30:59.000Z,233.65
US19247G1076,2026-09-15T07:29:56.000Z,232.55
US19247G1076,2026-09-15T09:29:52.000Z,232.3
US19247G1076,2026-09-15T11:29:44.000Z,235.75
US19247G1076,2026-09-15T13:29:59.000Z,235.1
US19247G1076,2026-09-15T15:29:58.000Z,237.8
US19247G1076,2026-09-15T17:29:55.000Z,234.5
US19247G1076,2026-09-15T19:29:55.000Z,234.65
US19247G1076,2026-09-16T05:30:59.000Z,238.45
US19247G1076,2026-09-16T07:29:43.000Z,241.2
US19247G1076,2026-09-16T09:29:57.000Z,241.95
US19247G1076,2026-09-16T11:29:56.000Z,243.65
US19247G1076,2026-09-16T13:29:58.000Z,243.1
US19247G1076,2026-09-16T15:29:59.000Z,250.6
US19247G1076,2026-09-16T17:29:49.000Z,249.65
US19247G1076,2026-09-16T19:29:59.000Z,246.5
US19247G1076,2026-09-17T07:29:59.000Z,257.85
US19247G1076,2026-09-17T09:29:46.000Z,260.15
US19247G1076,2026-09-17T11:29:41.000Z,262.75
US19247G1076,2026-09-17T13:29:47.000Z,264.8
US19247G1076,2026-09-17T15:29:59.000Z,256.35
US19247G1076,2026-09-17T17:29:59.000Z,256.85
US19247G1076,2026-09-17T19:29:59.000Z,254.5
US19247G1076,2026-09-18T05:30:55.000Z,262.25
US19247G1076,2026-09-18T07:29:59.000Z,264.5
US19247G1076,2026-09-18T09:28:47.000Z,262.55
US19247G1076,2026-09-18T11:28:47.000Z,262.35
US19247G1076,2026-09-18T13:29:56.000Z,266.8
US19247G1076,2026-09-18T15:29:53.000Z,270.5
US19247G1076,2026-09-18T17:29:55.000Z,267.95
US19247G1076,2026-09-18T19:29:59.000Z,273.15
US19247G1076,2026-09-21T05:30:37.000Z,279.9
US19247G1076,2026-09-21T07:29:58.000Z,281.8
US19247G1076,2026-09-21T09:29:59.000Z,285.55
US19247G1076,2026-09-21T11:29:55.000Z,284.8
US19247G1076,2026-09-21T13:29:59.000Z,284.9
US19247G1076,2026-09-21T15:29:56.000Z,289.65
US19247G1076,2026-09-21T17:29:59.000Z,281.75
US19247G1076,2026-09-21T19:29:53.000Z,281.8
US19247G1076,2026-09-22T05:30:54.000Z,274.85
US19247G1076,2026-09-22T07:29:59.000Z,275.55
US19247G1076,2026-09-22T09:29:59.000Z,275.4
US19247G1076,2026-09-22T11:29:58.000Z,276.45
US19247G1076,2026-09-22T13:29:58.000Z,272.5
US19247G1076,2026-09-22T15:29:54.000Z,267.9
US19247G1076,2026-09-22T17:29:41.000Z,271.4
US19247G1076,2026-09-22T19:29:59.000Z,267.8
US19247G1076,2026-09-23T05:30:56.000Z,272.6
US19247G1076,2026-09-23T07:29:57.000Z,271.6
US19247G1076,2026-09-23T09:29:59.000Z,271.85
US19247G1076,2026-09-23T11:29:59.000Z,269.7
US19247G1076,2026-09-23T13:29:57.000Z,272.75
US19247G1076,2026-09-23T15:29:59.000Z,266.7
US19247G1076,2026-09-23T17:29:59.000Z,264.95
US19247G1076,2026-09-23T19:29:45.000Z,263.6
US19247G1076,2026-09-24T05:30:31.000Z,262.65
US19247G1076,2026-09-24T07:29:59.000Z,259.5
US19247G1076,2026-09-24T09:29:45.000Z,256.75
US19247G1076,2026-09-24T11:29:59.000Z,257.75
US19247G1076,2026-09-24T13:29:44.000Z,259.55
US19247G1076,2026-09-24T15:29:59.000Z,258.65
US19247G1076,2026-09-24T17:29:54.000Z,260.45
US19247G1076,2026-09-24T19:29:59.000Z,255.7
US19247G1076,2026-09-25T05:30:59.000Z,258.55
US19247G1076,2026-09-25T07:29:53.000Z,260.7
US19247G1076,2026-09-25T09:29:49.000Z,262.7
US19247G1076,2026-09-25T11:29:54.000Z,261.7
US19247G1076,2026-09-25T13:29:59.000Z,261.25
US19247G1076,2026-09-25T15:29:54.000Z,258.05
US19247G1076,2026-09-25T17:29:55.000Z,263.4
US19247G1076,2026-09-25T19:29:58.000Z,260.55
US19247G1076,2026-09-25T20:59:51.227Z,259.75
US19247G1076,2026-09-28T05:30:46.000Z,252.7
US19247G1076,2026-09-28T07:29:57.000Z,252.15
US19247G1076,2026-09-28T09:29:56.000Z,252.6
US19247G1076,2026-09-28T11:29:58.000Z,254.35
US19247G1076,2026-09-28T13:29:59.000Z,255.3
US19247G1076,2026-09-28T15:29:59.000Z,244.45
US19247G1076,2026-09-28T17:29:53.000Z,245.9
US19247G1076,2026-09-28T19:20:27.499Z,248.8
US21037T1097,2026-08-25T05:30:06.000Z,235.35
US21037T1097,2026-08-25T07:29:26.000Z,235.9
US21037T1097,2026-08-25T09:24:35.000Z,236.2
US21037T1097,2026-08-25T11:29:45.000Z,235.9
US21037T1097,2026-08-25T13:29:59.000Z,237.05
US21037T1097,2026-08-25T15:29:17.000Z,235.375
US21037T1097,2026-08-25T17:29:54.000Z,237.375
US21037T1097,2026-08-25T19:29:50.000Z,239.2
US21037T1097,2026-08-26T05:30:48.000Z,238.95
US21037T1097,2026-08-26T07:29:59.000Z,238.55
US21037T1097,2026-08-26T09:29:53.000Z,238.7
US21037T1097,2026-08-26T11:28:38.000Z,239.4
US21037T1097,2026-08-26T13:29:59.000Z,238.425
US21037T1097,2026-08-26T15:29:59.000Z,242.125
US21037T1097,2026-08-26T17:29:56.000Z,241.65
US21037T1097,2026-08-26T19:29:58.000Z,240.2
US21037T1097,2026-08-27T05:30:19.000Z,241.125
US21037T1097,2026-08-27T07:29:43.000Z,241.4
US21037T1097,2026-08-27T09:28:56.000Z,243.1
US21037T1097,2026-08-27T11:29:53.000Z,242.45
US21037T1097,2026-08-27T13:29:57.000Z,241.125
US21037T1097,2026-08-27T15:29:58.000Z,240.525
US21037T1097,2026-08-27T17:29:59.000Z,242.5
US21037T1097,2026-08-27T19:29:44.000Z,241.75
US21037T1097,2026-08-28T05:30:09.000Z,242.525
US21037T1097,2026-08-28T07:29:29.000Z,243.275
US21037T1097,2026-08-28T09:29:47.000Z,243.45
US21037T1097,2026-08-28T11:28:42.000Z,243.3
US21037T1097,2026-08-28T13:29:58.000Z,242.9
US21037T1097,2026-08-28T15:29:37.000Z,242.8
US21037T1097,2026-08-28T17:29:59.000Z,240.325
US21037T1097,2026-08-28T19:29:57.000Z,239.15
US21037T1097,2026-08-31T05:30:06.000Z,238.925
US21037T1097,2026-08-31T07:29:57.000Z,239.475
US21037T1097,2026-08-31T09:28:40.000Z,239.05
US21037T1097,2026-08-31T11:29:46.000Z,238.325
US21037T1097,2026-08-31T13:29:57.000Z,238.15
US21037T1097,2026-08-31T15:29:57.000Z,239.525
US21037T1097,2026-08-31T17:29:58.000Z,239.425
US21037T1097,2026-08-31T19:29:44.000Z,237.075
US21037T1097,2026-09-01T05:30:45.000Z,237.3
US21037T1097,2026-09-01T07:29:15.000Z,238
US21037T1097,2026-09-01T09:29:54.000Z,235.825
US21037T1097,2026-09-01T11:29:24.000Z,235.85
US21037T1097,2026-09-01T13:29:17.000Z,233.6
US21037T1097,2026-09-01T15:29:59.000Z,243.725
US21037T1097,2026-09-01T17:29:58.000Z,240.725
US21037T1097,2026-09-01T19:29:56.000Z,242.4
US21037T1097,2026-09-02T05:30:54.000Z,241.425
US21037T1097,2026-09-02T07:29:36.000Z,241.4
US21037T1097,2026-09-02T09:29:42.000Z,239.825
US21037T1097,2026-09-02T11:29:54.000Z,240.775
US21037T1097,2026-09-02T13:29:31.000Z,241.275
US21037T1097,2026-09-02T15:29:59.000Z,243.175
US21037T1097,2026-09-02T17:29:37.000Z,244.325
US21037T1097,2026-09-02T19:29:59.000Z,249.925
US21037T1097,2026-09-03T05:30:53.000Z,249.4
US21037T1097,2026-09-03T07:28:34.000Z,249.425
US21037T1097,2026-09-03T09:26:44.000Z,250.075
US21037T1097,2026-09-03T11:29:41.000Z,250.35
US21037T1097,2026-09-03T13:29:11.000Z,251
US21037T1097,2026-09-03T15:29:58.000Z,247.65
US21037T1097,2026-09-03T17:29:59.000Z,244.15
US21037T1097,2026-09-03T19:29:59.000Z,244.85
US21037T1097,2026-09-04T05:30:19.000Z,246.475
US21037T1097,2026-09-04T07:26:26.000Z,246.325
US21037T1097,2026-09-04T09:29:44.000Z,246.55
US21037T1097,2026-09-04T11:29:57.000Z,246.65
US21037T1097,2026-09-04T13:29:57.000Z,245.575
US21037T1097,2026-09-04T15:29:42.000Z,251.7
US21037T1097,2026-09-04T17:29:53.000Z,253.6
US21037T1097,2026-09-04T19:29:59.000Z,256.7
US21037T1097,2026-09-07T05:30:50.000Z,256.2
US21037T1097,2026-09-07T07:29:03.000Z,256.475
US21037T1097,2026-09-07T09:28:43.000Z,256.85
US21037T1097,2026-09-07T11:25:55.000Z,256.45
US21037T1097,2026-09-07T13:27:14.000Z,256.8
US21037T1097,2026-09-07T15:28:31.000Z,256.6
US21037T1097,2026-09-07T19:29:09.000Z,257.175
US21037T1097,2026-09-08T05:30:46.000Z,258.75
US21037T1097,2026-09-08T07:29:57.000Z,258.625
US21037T1097,2026-09-08T09:29:59.000Z,259.375
US21037T1097,2026-09-08T11:29:32.000Z,259.85
US21037T1097,2026-09-08T13:29:59.000Z,260.6
US21037T1097,2026-09-08T15:29:55.000Z,258.975
US21037T1097,2026-09-08T17:29:26.000Z,258.875
US21037T1097,2026-09-08T19:29:57.000Z,258.225
US21037T1097,2026-09-09T05:30:51.000Z,257.45
US21037T1097,2026-09-09T07:27:22.000Z,257.4
US21037T1097,2026-09-09T09:28:00.000Z,257.5
US21037T1097,2026-09-09T11:29:59.000Z,255.75
US21037T1097,2026-09-09T13:29:59.000Z,255.65
US21037T1097,2026-09-09T15:29:59.000Z,252.85
US21037T1097,2026-09-09T17:29:32.000Z,253.6
US21037T1097,2026-09-09T19:29:18.000Z,253.575
US21037T1097,2026-09-10T05:30:59.000Z,252.75
US21037T1097,2026-09-10T07:29:25.000Z,253.225
US21037T1097,2026-09-10T09:29:19.000Z,252.65
US21037T1097,2026-09-10T11:29:15.000Z,252.775
US21037T1097,2026-09-10T13:29:30.000Z,249.025
US21037T1097,2026-09-10T15:29:59.000Z,250.3
US21037T1097,2026-09-10T17:29:58.000Z,246.925
US21037T1097,2026-09-10T19:29:52.000Z,248.475
US21037T1097,2026-09-11T05:30:49.000Z,246.7
US21037T1097,2026-09-11T07:29:21.000Z,247.925
US21037T1097,2026-09-11T09:29:58.000Z,248.825
US21037T1097,2026-09-11T11:29:59.000Z,249.2
US21037T1097,2026-09-11T13:29:59.000Z,249.85
US21037T1097,2026-09-11T15:29:59.000Z,248.325
US21037T1097,2026-09-11T17:29:59.000Z,245.275
US21037T1097,2026-09-11T19:29:36.000Z,245.65
US21037T1097,2026-09-14T05:30:44.000Z,244.6
US21037T1097,2026-09-14T07:28:26.000Z,242.95
US21037T1097,2026-09-14T09:29:59.000Z,241.825
US21037T1097,2026-09-14T11:29:40.000Z,241.65
US21037T1097,2026-09-14T13:29:53.000Z,239.975
US21037T1097,2026-09-14T15:29:59.000Z,230.45
US21037T1097,2026-09-14T17:29:19.000Z,230.425
US21037T1097,2026-09-14T19:29:59.000Z,229.125
US21037T1097,2026-09-15T05:30:48.000Z,229.25
US21037T1097,2026-09-15T07:27:13.000Z,229.325
US21037T1097,2026-09-15T09:29:59.000Z,228.725
US21037T1097,2026-09-15T11:29:53.000Z,229.875
US21037T1097,2026-09-15T13:29:13.000Z,229.8
US21037T1097,2026-09-15T15:29:56.000Z,226.65
US21037T1097,2026-09-15T17:29:58.000Z,226.525
US21037T1097,2026-09-15T19:29:59.000Z,226.6
US21037T1097,2026-09-16T05:30:18.000Z,225.875
US21037T1097,2026-09-16T07:28:54.000Z,226.025
US21037T1097,2026-09-16T09:29:56.000Z,226.575
US21037T1097,2026-09-16T11:29:40.000Z,227.325
US21037T1097,2026-09-16T13:29:59.000Z,226.875
US21037T1097,2026-09-16T15:29:57.000Z,223.375
US21037T1097,2026-09-16T17:29:04.000Z,225.35
US21037T1097,2026-09-16T19:29:58.000Z,224.525
US21037T1097,2026-09-17T07:29:56.000Z,228.4
US21037T1097,2026-09-17T09:29:57.000Z,229.85
US21037T1097,2026-09-17T11:29:44.000Z,230.225
US21037T1097,2026-09-17T13:29:10.000Z,231.4
US21037T1097,2026-09-17T15:29:57.000Z,232.8
US21037T1097,2026-09-17T17:29:57.000Z,228.875
US21037T1097,2026-09-17T19:29:59.000Z,227.7
US21037T1097,2026-09-18T05:30:18.000Z,229.2
US21037T1097,2026-09-18T07:29:40.000Z,229.95
US21037T1097,2026-09-18T09:29:36.000Z,230.275
US21037T1097,2026-09-18T11:29:38.000Z,229.9
US21037T1097,2026-09-18T13:29:59.000Z,227.1
US21037T1097,2026-09-18T15:29:51.000Z,223.725
US21037T1097,2026-09-18T17:29:49.000Z,222.9
US21037T1097,2026-09-18T19:29:56.000Z,223.3
US21037T1097,2026-09-21T05:30:42.000Z,223.4
US21037T1097,2026-09-21T07:27:35.000Z,223.9
US21037T1097,2026-09-21T09:29:59.000Z,225.275
US21037T1097,2026-09-21T11:29:52.000Z,224.375
US21037T1097,2026-09-21T13:29:22.000Z,223.25
US21037T1097,2026-09-21T15:29:59.000Z,228.75
US21037T1097,2026-09-21T17:29:20.000Z,230.925
US21037T1097,2026-09-21T19:29:55.000Z,231
US21037T1097,2026-09-22T05:30:32.000Z,229.025
US21037T1097,2026-09-22T07:29:37.000Z,229.325
US21037T1097,2026-09-22T09:26:16.000Z,229.9
US21037T1097,2026-09-22T11:29:59.000Z,229.7
US21037T1097,2026-09-22T13:29:10.000Z,229.85
US21037T1097,2026-09-22T15:29:56.000Z,231.75
US21037T1097,2026-09-22T17:29:57.000Z,232
US21037T1097,2026-09-22T19:29:48.000Z,231.55
US21037T1097,2026-09-23T05:30:57.000Z,231.2
US21037T1097,2026-09-23T07:29:53.000Z,230.55
US21037T1097,2026-09-23T09:29:35.000Z,231.525
US21037T1097,2026-09-23T11:26:38.000Z,231.2
US21037T1097,2026-09-23T13:29:45.000Z,229.975
US21037T1097,2026-09-23T15:29:28.000Z,230.525
US21037T1097,2026-09-23T17:29:58.000Z,231.85
US21037T1097,2026-09-23T19:29:34.000Z,231.35
US21037T1097,2026-09-24T05:30:18.000Z,231.575
US21037T1097,2026-09-24T07:29:56.000Z,230.675
US21037T1097,2026-09-24T09:29:36.000Z,229.775
US21037T1097,2026-09-24T11:29:50.000Z,230.775
US21037T1097,2026-09-24T13:29:58.000Z,230.425
US21037T1097,2026-09-24T15:29:46.000Z,227.975
US21037T1097,2026-09-24T17:29:58.000Z,231.475
US21037T1097,2026-09-24T19:29:59.000Z,230.1
US21037T1097,2026-09-25T05:30:54.000Z,230.425
US21037T1097,2026-09-25T07:29:55.000Z,230.525
US21037T1097,2026-09-25T09:29:32.000Z,230.9
US21037T1097,2026-09-25T11:29:59.000Z,230.625
US21037T1097,2026-09-25T13:29:57.000Z,230.6
US21037T1097,2026-09-25T15:29:57.000Z,230.65
US21037T1097,2026-09-25T17:29:59.000Z,229.2
US21037T1097,2026-09-25T19:29:58.000Z,230.875
US21037T1097,2026-09-25T20:58:55.843Z,230.75
US21037T1097,2026-09-28T05:30:39.000Z,229.6
US21037T1097,2026-09-28T07:29:23.000Z,229.875
US21037T1097,2026-09-28T09:29:06.000Z,230.125
US21037T1097,2026-09-28T11:29:59.000Z,229.7
US21037T1097,2026-09-28T13:29:57.000Z,230.375
US21037T1097,2026-09-28T15:29:59.000Z,227.65
US21037T1097,2026-09-28T17:29:55.000Z,228.45
US21037T1097,2026-09-28T19:20:30.793Z,228.95
US21873S1087,2026-08-25T05:30:50.000Z,74.945
US21873S1087,2026-08-25T07:29:57.000Z,75.405
US21873S1087,2026-08-25T09:29:39.000Z,75.65
US21873S1087,2026-08-25T11:29:48.000Z,75.615
US21873S1087,2026-08-25T13:29:58.000Z,75.665
US21873S1087,2026-08-25T15:29:59.000Z,75.665
US21873S1087,2026-08-25T17:29:57.000Z,75.96
US21873S1087,2026-08-25T19:29:59.000Z,75.325
US21873S1087,2026-08-26T05:30:45.000Z,75.82
US21873S1087,2026-08-26T07:29:58.000Z,75.475
US21873S1087,2026-08-26T09:29:51.000Z,75.27
US21873S1087,2026-08-26T11:29:31.000Z,75.8
US21873S1087,2026-08-26T13:29:59.000Z,74.54
US21873S1087,2026-08-26T15:29:58.000Z,75.02
US21873S1087,2026-08-26T17:29:54.000Z,75.445
US21873S1087,2026-08-26T19:29:58.000Z,75.62
US21873S1087,2026-08-27T05:30:24.000Z,78.545
US21873S1087,2026-08-27T07:29:58.000Z,78.785
US21873S1087,2026-08-27T09:29:58.000Z,79.455
US21873S1087,2026-08-27T11:29:59.000Z,79.165
US21873S1087,2026-08-27T13:29:59.000Z,77.87
US21873S1087,2026-08-27T15:29:57.000Z,75.515
US21873S1087,2026-08-27T17:29:57.000Z,74.905
US21873S1087,2026-08-27T19:29:59.000Z,74.675
US21873S1087,2026-08-28T05:30:57.000Z,73.785
US21873S1087,2026-08-28T07:29:58.000Z,74.105
US21873S1087,2026-08-28T09:29:57.000Z,73.775
US21873S1087,2026-08-28T11:29:55.000Z,73.945
US21873S1087,2026-08-28T13:29:59.000Z,73.15
US21873S1087,2026-08-28T15:29:56.000Z,73.865
US21873S1087,2026-08-28T17:29:59.000Z,72.36
US21873S1087,2026-08-28T19:29:58.000Z,72.36
US21873S1087,2026-08-31T05:30:19.000Z,72.28
US21873S1087,2026-08-31T07:29:39.000Z,72.33
US21873S1087,2026-08-31T09:29:54.000Z,72.06
US21873S1087,2026-08-31T11:29:59.000Z,71.97
US21873S1087,2026-08-31T13:29:59.000Z,71.29
US21873S1087,2026-08-31T15:29:57.000Z,72.005
US21873S1087,2026-08-31T17:29:56.000Z,72.18
US21873S1087,2026-08-31T19:29:58.000Z,72.38
US21873S1087,2026-09-01T05:30:53.000Z,72.97
US21873S1087,2026-09-01T07:29:42.000Z,73.355
US21873S1087,2026-09-01T09:29:59.000Z,71.61
US21873S1087,2026-09-01T11:29:50.000Z,71.365
US21873S1087,2026-09-01T13:29:59.000Z,71.025
US21873S1087,2026-09-01T15:29:59.000Z,70.895
US21873S1087,2026-09-01T17:29:59.000Z,70.27
US21873S1087,2026-09-01T19:29:59.000Z,70.565
US21873S1087,2026-09-02T05:30:54.000Z,70.12
US21873S1087,2026-09-02T07:29:50.000Z,69.995
US21873S1087,2026-09-02T09:29:52.000Z,69.4
US21873S1087,2026-09-02T11:29:57.000Z,69.235
US21873S1087,2026-09-02T13:29:57.000Z,69.12
US21873S1087,2026-09-02T15:29:59.000Z,69.38
US21873S1087,2026-09-02T17:29:59.000Z,69.05
US21873S1087,2026-09-02T19:29:59.000Z,70.055
US21873S1087,2026-09-03T05:30:58.000Z,69.49
US21873S1087,2026-09-03T07:29:59.000Z,69.82
US21873S1087,2026-09-03T09:29:59.000Z,69.515
US21873S1087,2026-09-03T11:29:59.000Z,69.425
US21873S1087,2026-09-03T13:29:59.000Z,68.925
US21873S1087,2026-09-03T15:29:59.000Z,71.41
US21873S1087,2026-09-03T17:29:58.000Z,72.05
US21873S1087,2026-09-03T19:29:57.000Z,72.93
US21873S1087,2026-09-04T05:30:24.000Z,73.085
US21873S1087,2026-09-04T07:29:50.000Z,73.175
US21873S1087,2026-09-04T09:29:42.000Z,73.325
US21873S1087,2026-09-04T11:29:57.000Z,73.93
US21873S1087,2026-09-04T13:29:56.000Z,73.94
US21873S1087,2026-09-04T15:29:57.000Z,75.01
US21873S1087,2026-09-04T17:29:58.000Z,76.31
US21873S1087,2026-09-04T19:29:59.000Z,76.92
US21873S1087,2026-09-07T05:30:43.000Z,76.84
US21873S1087,2026-09-07T07:29:50.000Z,77.585
US21873S1087,2026-09-07T09:28:22.000Z,77.74
US21873S1087,2026-09-07T11:28:40.000Z,76.7
US21873S1087,2026-09-07T13:29:24.000Z,76.655
US21873S1087,2026-09-07T15:29:56.000Z,77.47
US21873S1087,2026-09-07T17:25:19.000Z,77.38
US21873S1087,2026-09-07T19:29:09.000Z,77.67
US21873S1087,2026-09-08T05:30:57.000Z,78.15
US21873S1087,2026-09-08T07:29:59.000Z,77.92
US21873S1087,2026-09-08T09:29:56.000Z,77.88
US21873S1087,2026-09-08T11:29:59.000Z,78.075
US21873S1087,2026-09-08T13:29:59.000Z,79.98
US21873S1087,2026-09-08T15:29:59.000Z,87.865
US21873S1087,2026-09-08T17:29:59.000Z,88.745
US21873S1087,2026-09-08T19:29:59.000Z,86.38
US21873S1087,2026-09-09T05:30:51.000Z,85.805
US21873S1087,2026-09-09T07:29:58.000Z,85.965
US21873S1087,2026-09-09T09:29:58.000Z,85.99
US21873S1087,2026-09-09T11:29:59.000Z,84.95
US21873S1087,2026-09-09T13:29:58.000Z,85.885
US21873S1087,2026-09-09T15:29:58.000Z,82.83
US21873S1087,2026-09-09T17:29:54.000Z,82.105
US21873S1087,2026-09-09T19:29:59.000Z,81.99
US21873S1087,2026-09-10T05:30:55.000Z,79.555
US21873S1087,2026-09-10T07:29:58.000Z,79.365
US21873S1087,2026-09-10T09:29:59.000Z,78.965
US21873S1087,2026-09-10T11:29:59.000Z,78.59
US21873S1087,2026-09-10T13:29:59.000Z,77.57
US21873S1087,2026-09-10T15:29:59.000Z,78.715
US21873S1087,2026-09-10T17:29:56.000Z,78.695
US21873S1087,2026-09-10T19:29:59.000Z,77.095
US21873S1087,2026-09-11T05:30:57.000Z,77.04
US21873S1087,2026-09-11T07:29:58.000Z,78.14
US21873S1087,2026-09-11T09:29:59.000Z,78.64
US21873S1087,2026-09-11T11:29:56.000Z,78.25
US21873S1087,2026-09-11T13:29:55.000Z,78.545
US21873S1087,2026-09-11T15:29:54.000Z,78.23
US21873S1087,2026-09-11T17:29:58.000Z,77.3
US21873S1087,2026-09-11T19:29:59.000Z,76.935
US21873S1087,2026-09-14T05:30:58.000Z,73.85
US21873S1087,2026-09-14T07:29:59.000Z,72.865
US21873S1087,2026-09-14T09:29:59.000Z,71.895
US21873S1087,2026-09-14T11:29:44.000Z,71.31
US21873S1087,2026-09-14T13:29:59.000Z,71.79
US21873S1087,2026-09-14T15:29:59.000Z,72.675
US21873S1087,2026-09-14T17:29:59.000Z,73.235
US21873S1087,2026-09-14T19:29:59.000Z,72.325
US21873S1087,2026-09-15T05:30:34.000Z,71.735
US21873S1087,2026-09-15T07:29:56.000Z,71.655
US21873S1087,2026-09-15T09:29:59.000Z,71.435
US21873S1087,2026-09-15T11:29:57.000Z,72.44
US21873S1087,2026-09-15T13:29:59.000Z,71.455
US21873S1087,2026-09-15T15:29:59.000Z,71.525
US21873S1087,2026-09-15T17:29:57.000Z,70.775
US21873S1087,2026-09-15T19:29:58.000Z,70.05
US21873S1087,2026-09-16T05:30:40.000Z,70.41
US21873S1087,2026-09-16T07:29:57.000Z,70.925
US21873S1087,2026-09-16T09:29:55.000Z,71.205
US21873S1087,2026-09-16T11:29:59.000Z,71.285
US21873S1087,2026-09-16T13:29:59.000Z,72.605
US21873S1087,2026-09-16T15:29:59.000Z,73.31
US21873S1087,2026-09-16T17:29:59.000Z,72.82
US21873S1087,2026-09-16T19:29:59.000Z,71.23
US21873S1087,2026-09-17T07:29:53.000Z,76.45
US21873S1087,2026-09-17T09:29:58.000Z,76.79
US21873S1087,2026-09-17T11:29:59.000Z,73.5
US21873S1087,2026-09-17T13:29:59.000Z,70.925
US21873S1087,2026-09-17T15:29:59.000Z,69.495
US21873S1087,2026-09-17T17:29:56.000Z,69.355
US21873S1087,2026-09-17T19:29:59.000Z,69.895
US21873S1087,2026-09-18T05:30:24.000Z,70.315
US21873S1087,2026-09-18T07:29:59.000Z,71.315
US21873S1087,2026-09-18T09:29:58.000Z,70.35
US21873S1087,2026-09-18T11:29:54.000Z,70.255
US21873S1087,2026-09-18T13:29:59.000Z,69.625
US21873S1087,2026-09-18T15:29:59.000Z,69.75
US21873S1087,2026-09-18T17:29:57.000Z,69.99
US21873S1087,2026-09-18T19:29:53.000Z,70.6
US21873S1087,2026-09-21T05:30:16.000Z,71.665
US21873S1087,2026-09-21T07:29:58.000Z,72.055
US21873S1087,2026-09-21T09:29:57.000Z,72.35
US21873S1087,2026-09-21T11:29:59.000Z,71.505
US21873S1087,2026-09-21T13:29:59.000Z,71.095
US21873S1087,2026-09-21T15:29:59.000Z,74.34
US21873S1087,2026-09-21T17:29:59.000Z,75.42
US21873S1087,2026-09-21T19:29:59.000Z,75.055
US21873S1087,2026-09-22T05:30:52.000Z,73.455
US21873S1087,2026-09-22T07:29:58.000Z,73.49
US21873S1087,2026-09-22T09:29:59.000Z,73.405
US21873S1087,2026-09-22T11:29:59.000Z,73.885
US21873S1087,2026-09-22T13:29:59.000Z,74.875
US21873S1087,2026-09-22T15:29:59.000Z,75.245
US21873S1087,2026-09-22T17:29:57.000Z,75.38
US21873S1087,2026-09-22T19:29:58.000Z,75.865
US21873S1087,2026-09-23T05:30:59.000Z,76.395
US21873S1087,2026-09-23T07:29:57.000Z,76.88
US21873S1087,2026-09-23T09:29:59.000Z,76.73
US21873S1087,2026-09-23T11:29:59.000Z,75.785
US21873S1087,2026-09-23T13:29:58.000Z,77.955
US21873S1087,2026-09-23T15:29:57.000Z,78.335
US21873S1087,2026-09-23T17:29:58.000Z,77.185
US21873S1087,2026-09-23T19:29:59.000Z,77.5
US21873S1087,2026-09-24T05:30:18.000Z,75.955
US21873S1087,2026-09-24T07:29:59.000Z,75.525
US21873S1087,2026-09-24T09:29:59.000Z,74.765
US21873S1087,2026-09-24T11:29:59.000Z,77.19
US21873S1087,2026-09-24T13:29:59.000Z,78.35
US21873S1087,2026-09-24T15:29:59.000Z,75.81
US21873S1087,2026-09-24T17:29:59.000Z,79.705
US21873S1087,2026-09-24T19:29:59.000Z,79.3
US21873S1087,2026-09-25T05:30:56.000Z,79.76
US21873S1087,2026-09-25T07:29:56.000Z,80.21
US21873S1087,2026-09-25T09:29:27.000Z,80.64
US21873S1087,2026-09-25T11:29:56.000Z,80.005
US21873S1087,2026-09-25T13:29:59.000Z,79.53
US21873S1087,2026-09-25T15:29:59.000Z,76.52
US21873S1087,2026-09-25T17:29:51.000Z,76.885
US21873S1087,2026-09-25T19:29:58.000Z,77.025
US21873S1087,2026-09-25T20:58:10.255Z,76.88
US21873S1087,2026-09-28T05:30:41.000Z,75.36
US21873S1087,2026-09-28T07:29:57.000Z,74.95
US21873S1087,2026-09-28T09:29:58.000Z,74.985
US21873S1087,2026-09-28T11:29:59.000Z,75.545
US21873S1087,2026-09-28T13:29:59.000Z,75.9
US21873S1087,2026-09-28T15:29:59.000Z,74.17
US21873S1087,2026-09-28T17:29:57.000Z,74.385
US21873S1087,2026-09-28T19:20:35.016Z,75.51
US21874A1060,2026-08-25T05:30:53.000Z,15.171
US21874A1060,2026-08-25T07:29:38.000Z,14.959
US21874A1060,2026-08-25T09:29:48.000Z,15.011
US21874A1060,2026-08-25T11:26:36.000Z,15.077
US21874A1060,2026-08-25T13:29:57.000Z,15.241
US21874A1060,2026-08-25T15:29:58.000Z,15.439
US21874A1060,2026-08-25T17:29:59.000Z,15.478
US21874A1060,2026-08-25T19:29:58.000Z,15.467
US21874A1060,2026-08-26T05:30:59.000Z,15.482
US21874A1060,2026-08-26T07:29:57.000Z,15.493
US21874A1060,2026-08-26T09:28:54.000Z,15.505
US21874A1060,2026-08-26T11:29:30.000Z,15.477
US21874A1060,2026-08-26T13:29:18.000Z,15.317
US21874A1060,2026-08-26T15:29:59.000Z,15.088
US21874A1060,2026-08-26T17:29:40.000Z,14.936
US21874A1060,2026-08-26T19:29:59.000Z,15.022
US21874A1060,2026-08-27T05:30:49.000Z,15.437
US21874A1060,2026-08-27T07:29:04.000Z,15.374
US21874A1060,2026-08-27T09:29:54.000Z,15.357
US21874A1060,2026-08-27T11:29:57.000Z,15.448
US21874A1060,2026-08-27T13:29:36.000Z,15.49
US21874A1060,2026-08-27T15:29:57.000Z,15.416
US21874A1060,2026-08-27T17:29:49.000Z,15.334
US21874A1060,2026-08-27T19:29:58.000Z,15.19
US21874A1060,2026-08-28T05:30:55.000Z,15.096
US21874A1060,2026-08-28T07:29:20.000Z,15.125
US21874A1060,2026-08-28T09:29:39.000Z,15.014
US21874A1060,2026-08-28T11:29:49.000Z,15.128
US21874A1060,2026-08-28T13:29:59.000Z,14.987
US21874A1060,2026-08-28T15:29:57.000Z,14.383
US21874A1060,2026-08-28T17:29:51.000Z,14.09
US21874A1060,2026-08-28T19:29:59.000Z,14.169
US21874A1060,2026-08-31T05:30:56.000Z,14.322
US21874A1060,2026-08-31T07:29:36.000Z,14.35
US21874A1060,2026-08-31T09:29:54.000Z,14.387
US21874A1060,2026-08-31T11:26:37.000Z,14.27
US21874A1060,2026-08-31T13:29:59.000Z,14.325
US21874A1060,2026-08-31T15:29:59.000Z,13.855
US21874A1060,2026-08-31T17:29:58.000Z,14.002
US21874A1060,2026-08-31T19:29:57.000Z,13.933
US21874A1060,2026-09-01T05:30:58.000Z,14.092
US21874A1060,2026-09-01T07:29:58.000Z,14.087
US21874A1060,2026-09-01T09:29:39.000Z,13.889
US21874A1060,2026-09-01T11:29:56.000Z,13.886
US21874A1060,2026-09-01T13:29:59.000Z,13.633
US21874A1060,2026-09-01T15:29:59.000Z,13.962
US21874A1060,2026-09-01T17:29:59.000Z,13.97
US21874A1060,2026-09-01T19:29:59.000Z,13.973
US21874A1060,2026-09-02T05:30:53.000Z,13.925
US21874A1060,2026-09-02T07:29:25.000Z,13.931
US21874A1060,2026-09-02T09:28:07.000Z,13.843
US21874A1060,2026-09-02T11:26:28.000Z,13.855
US21874A1060,2026-09-02T13:29:59.000Z,13.819
US21874A1060,2026-09-02T15:29:57.000Z,13.709
US21874A1060,2026-09-02T17:29:40.000Z,13.823
US21874A1060,2026-09-02T19:29:55.000Z,14.377
US21874A1060,2026-09-03T05:30:59.000Z,14.399
US21874A1060,2026-09-03T07:29:59.000Z,14.466
US21874A1060,2026-09-03T09:29:48.000Z,14.505
US21874A1060,2026-09-03T11:29:59.000Z,14.524
US21874A1060,2026-09-03T13:29:59.000Z,14.522
US21874A1060,2026-09-03T15:29:47.000Z,14.888
US21874A1060,2026-09-03T17:29:59.000Z,15.038
US21874A1060,2026-09-03T19:29:55.000Z,15.22
US21874A1060,2026-09-04T05:30:58.000Z,15.331
US21874A1060,2026-09-04T07:29:25.000Z,15.372
US21874A1060,2026-09-04T09:29:52.000Z,15.502
US21874A1060,2026-09-04T11:28:12.000Z,15.592
US21874A1060,2026-09-04T13:29:36.000Z,15.268
US21874A1060,2026-09-04T15:29:59.000Z,15.435
US21874A1060,2026-09-04T17:29:55.000Z,15.297
US21874A1060,2026-09-04T19:29:58.000Z,15.398
US21874A1060,2026-09-07T05:30:50.000Z,15.426
US21874A1060,2026-09-07T07:29:54.000Z,15.382
US21874A1060,2026-09-07T09:29:48.000Z,15.38
US21874A1060,2026-09-07T11:28:23.000Z,15.377
US21874A1060,2026-09-07T13:29:43.000Z,15.471
US21874A1060,2026-09-07T15:29:58.000Z,15.238
US21874A1060,2026-09-07T17:29:56.000Z,15.249
US21874A1060,2026-09-07T19:29:09.000Z,15.268
US21874A1060,2026-09-08T05:30:59.000Z,15.277
US21874A1060,2026-09-08T07:29:36.000Z,15.502
US21874A1060,2026-09-08T09:23:10.000Z,15.489
US21874A1060,2026-09-08T11:28:56.000Z,15.514
US21874A1060,2026-09-08T13:29:16.000Z,15.642
US21874A1060,2026-09-08T15:29:59.000Z,16.153
US21874A1060,2026-09-08T17:29:58.000Z,16.287
US21874A1060,2026-09-08T19:29:59.000Z,16.228
US21874A1060,2026-09-09T05:30:58.000Z,16.217
US21874A1060,2026-09-09T07:29:43.000Z,16.181
US21874A1060,2026-09-09T09:29:59.000Z,16.201
US21874A1060,2026-09-09T11:29:37.000Z,15.954
US21874A1060,2026-09-09T13:29:58.000Z,16.098
US21874A1060,2026-09-09T15:29:40.000Z,15.609
US21874A1060,2026-09-09T17:29:55.000Z,15.579
US21874A1060,2026-09-09T19:29:59.000Z,15.426
US21874A1060,2026-09-10T05:30:55.000Z,15.497
US21874A1060,2026-09-10T07:29:44.000Z,15.458
US21874A1060,2026-09-10T09:27:16.000Z,15.471
US21874A1060,2026-09-10T11:29:15.000Z,15.759
US21874A1060,2026-09-10T13:29:23.000Z,15.29
US21874A1060,2026-09-10T15:29:59.000Z,15.488
US21874A1060,2026-09-10T17:29:59.000Z,15.27
US21874A1060,2026-09-10T19:29:59.000Z,15.04
US21874A1060,2026-09-11T05:30:48.000Z,14.961
US21874A1060,2026-09-11T07:29:24.000Z,15.095
US21874A1060,2026-09-11T09:28:51.000Z,15.213
US21874A1060,2026-09-11T11:29:55.000Z,15.225
US21874A1060,2026-09-11T13:29:00.000Z,15.345
US21874A1060,2026-09-11T15:29:56.000Z,15.717
US21874A1060,2026-09-11T17:29:49.000Z,15.669
US21874A1060,2026-09-11T19:29:59.000Z,15.441
US21874A1060,2026-09-14T05:30:59.000Z,15.565
US21874A1060,2026-09-14T07:27:52.000Z,14.94
US21874A1060,2026-09-14T09:26:06.000Z,14.962
US21874A1060,2026-09-14T11:28:11.000Z,15.308
US21874A1060,2026-09-14T13:29:15.000Z,14.752
US21874A1060,2026-09-14T15:29:59.000Z,14.877
US21874A1060,2026-09-14T17:29:59.000Z,14.86
US21874A1060,2026-09-14T19:29:57.000Z,14.692
US21874A1060,2026-09-15T05:30:45.000Z,14.583
US21874A1060,2026-09-15T07:29:23.000Z,14.565
US21874A1060,2026-09-15T09:29:37.000Z,14.772
US21874A1060,2026-09-15T11:27:46.000Z,14.927
US21874A1060,2026-09-15T13:29:33.000Z,14.55
US21874A1060,2026-09-15T15:29:59.000Z,14.296
US21874A1060,2026-09-15T17:29:54.000Z,14.029
US21874A1060,2026-09-15T19:29:56.000Z,14.103
US21874A1060,2026-09-16T05:30:49.000Z,13.893
US21874A1060,2026-09-16T07:29:57.000Z,13.995
US21874A1060,2026-09-16T09:29:59.000Z,14.054
US21874A1060,2026-09-16T11:29:38.000Z,14.132
US21874A1060,2026-09-16T13:29:59.000Z,14.251
US21874A1060,2026-09-16T15:29:59.000Z,15.017
US21874A1060,2026-09-16T17:29:55.000Z,14.885
US21874A1060,2026-09-16T19:29:58.000Z,14.473
US21874A1060,2026-09-17T07:29:40.000Z,14.989
US21874A1060,2026-09-17T09:29:51.000Z,15.468
US21874A1060,2026-09-17T11:29:48.000Z,15.512
US21874A1060,2026-09-17T13:29:58.000Z,15.559
US21874A1060,2026-09-17T15:29:59.000Z,15.131
US21874A1060,2026-09-17T17:29:55.000Z,15.218
US21874A1060,2026-09-17T19:29:58.000Z,15.024
US21874A1060,2026-09-18T05:30:56.000Z,15.091
US21874A1060,2026-09-18T07:29:46.000Z,15.185
US21874A1060,2026-09-18T09:28:32.000Z,15.214
US21874A1060,2026-09-18T11:28:29.000Z,15.178
US21874A1060,2026-09-18T13:29:46.000Z,15.421
US21874A1060,2026-09-18T15:29:59.000Z,15.249
US21874A1060,2026-09-18T17:29:59.000Z,15.296
US21874A1060,2026-09-18T19:29:59.000Z,15.438
US21874A1060,2026-09-21T05:30:56.000Z,15.79
US21874A1060,2026-09-21T07:29:51.000Z,15.881
US21874A1060,2026-09-21T09:29:44.000Z,16.052
US21874A1060,2026-09-21T11:29:07.000Z,15.984
US21874A1060,2026-09-21T13:29:56.000Z,15.708
US21874A1060,2026-09-21T15:29:57.000Z,16.048
US21874A1060,2026-09-21T17:29:59.000Z,16.108
US21874A1060,2026-09-21T19:29:59.000Z,16.027
US21874A1060,2026-09-22T05:30:57.000Z,15.986
US21874A1060,2026-09-22T07:29:53.000Z,16.04
US21874A1060,2026-09-22T09:29:18.000Z,15.869
US21874A1060,2026-09-22T11:29:56.000Z,15.972
US21874A1060,2026-09-22T13:29:57.000Z,15.883
US21874A1060,2026-09-22T15:29:57.000Z,16.15
US21874A1060,2026-09-22T17:29:51.000Z,16.343
US21874A1060,2026-09-22T19:29:58.000Z,16.349
US21874A1060,2026-09-23T05:30:44.000Z,16.534
US21874A1060,2026-09-23T07:29:57.000Z,16.543
US21874A1060,2026-09-23T09:29:49.000Z,16.677
US21874A1060,2026-09-23T11:28:30.000Z,16.492
US21874A1060,2026-09-23T13:29:50.000Z,16.305
US21874A1060,2026-09-23T15:29:57.000Z,16.411
US21874A1060,2026-09-23T17:29:57.000Z,16.171
US21874A1060,2026-09-23T19:29:59.000Z,16.055
US21874A1060,2026-09-24T05:30:51.000Z,15.911
US21874A1060,2026-09-24T07:29:59.000Z,15.839
US21874A1060,2026-09-24T09:27:38.000Z,15.496
US21874A1060,2026-09-24T11:28:29.000Z,15.686
US21874A1060,2026-09-24T13:29:19.000Z,15.705
US21874A1060,2026-09-24T15:29:59.000Z,15.619
US21874A1060,2026-09-24T17:29:58.000Z,16.098
US21874A1060,2026-09-24T19:29:59.000Z,15.955
US21874A1060,2026-09-25T05:30:58.000Z,15.914
US21874A1060,2026-09-25T07:29:19.000Z,15.966
US21874A1060,2026-09-25T09:29:27.000Z,16.222
US21874A1060,2026-09-25T11:29:12.000Z,16.164
US21874A1060,2026-09-25T13:29:58.000Z,16.103
US21874A1060,2026-09-25T15:29:59.000Z,15.495
US21874A1060,2026-09-25T17:29:59.000Z,15.386
US21874A1060,2026-09-25T19:29:59.000Z,15.288
US21874A1060,2026-09-25T20:59:55.638Z,15.266
US21874A1060,2026-09-28T05:30:54.000Z,15.053
US21874A1060,2026-09-28T07:29:58.000Z,15.049
US21874A1060,2026-09-28T09:29:24.000Z,14.863
US21874A1060,2026-09-28T11:26:34.000Z,15.061
US21874A1060,2026-09-28T13:29:55.000Z,14.988
US21874A1060,2026-09-28T15:29:59.000Z,14.727
US21874A1060,2026-09-28T17:29:59.000Z,14.677
US21874A1060,2026-09-28T19:20:35.448Z,14.624
US2333311072,2026-08-25T05:30:23.000Z,116.525
US2333311072,2026-08-25T07:29:23.000Z,116.375
US2333311072,2026-08-25T09:29:59.000Z,116.35
US2333311072,2026-08-25T11:29:55.000Z,116.4
US2333311072,2026-08-25T13:29:56.000Z,116.95
US2333311072,2026-08-25T15:29:03.000Z,116.9
US2333311072,2026-08-25T17:29:22.000Z,116.575
US2333311072,2026-08-25T19:29:59.000Z,117.125
US2333311072,2026-08-26T05:30:15.000Z,116.775
US2333311072,2026-08-26T07:26:34.000Z,116.725
US2333311072,2026-08-26T09:25:46.000Z,116.775
US2333311072,2026-08-26T11:29:53.000Z,116.725
US2333311072,2026-08-26T13:29:59.000Z,117.125
US2333311072,2026-08-26T15:28:43.000Z,117.725
US2333311072,2026-08-26T17:27:08.000Z,117.85
US2333311072,2026-08-26T19:29:29.000Z,117.95
US2333311072,2026-08-27T05:30:49.000Z,118.375
US2333311072,2026-08-27T07:29:53.000Z,118.15
US2333311072,2026-08-27T09:29:08.000Z,118.25
US2333311072,2026-08-27T11:29:57.000Z,118.45
US2333311072,2026-08-27T13:29:11.000Z,117.9
US2333311072,2026-08-27T15:29:56.000Z,117
US2333311072,2026-08-27T17:29:40.000Z,117.05
US2333311072,2026-08-27T19:29:17.000Z,117.025
US2333311072,2026-08-28T05:30:22.000Z,116.875
US2333311072,2026-08-28T07:29:58.000Z,117.025
US2333311072,2026-08-28T09:29:00.000Z,117.025
US2333311072,2026-08-28T11:28:13.000Z,116.925
US2333311072,2026-08-28T13:29:12.000Z,117.1
US2333311072,2026-08-28T15:29:59.000Z,117.525
US2333311072,2026-08-28T17:29:34.000Z,117.025
US2333311072,2026-08-28T19:29:53.000Z,117.125
US2333311072,2026-08-31T05:30:32.000Z,117.075
US2333311072,2026-08-31T07:25:55.000Z,117.1
US2333311072,2026-08-31T09:29:28.000Z,117
US2333311072,2026-08-31T11:28:56.000Z,116.95
US2333311072,2026-08-31T13:29:48.000Z,117.575
US2333311072,2026-08-31T15:29:50.000Z,117
US2333311072,2026-08-31T17:29:54.000Z,116.6
US2333311072,2026-08-31T19:29:59.000Z,116.7
US2333311072,2026-09-01T05:30:02.000Z,116.825
US2333311072,2026-09-01T07:28:30.000Z,117.025
US2333311072,2026-09-01T09:29:59.000Z,116.925
US2333311072,2026-09-01T11:29:36.000Z,116.925
US2333311072,2026-09-01T13:29:13.000Z,117.375
US2333311072,2026-09-01T15:29:39.000Z,117.325
US2333311072,2026-09-01T17:29:58.000Z,116.55
US2333311072,2026-09-01T19:29:27.000Z,117.025
US2333311072,2026-09-02T05:30:23.000Z,117.45
US2333311072,2026-09-02T07:26:43.000Z,117.65
US2333311072,2026-09-02T09:24:45.000Z,117.575
US2333311072,2026-09-02T11:27:25.000Z,117.6
US2333311072,2026-09-02T13:29:58.000Z,116.875
US2333311072,2026-09-02T15:28:24.000Z,117.275
US2333311072,2026-09-02T17:29:48.000Z,117.475
US2333311072,2026-09-02T19:29:56.000Z,117.275
US2333311072,2026-09-03T05:30:07.000Z,117.2
US2333311072,2026-09-03T07:29:44.000Z,117.375
US2333311072,2026-09-03T09:29:55.000Z,117.25
US2333311072,2026-09-03T11:24:56.000Z,117.2
US2333311072,2026-09-03T13:29:48.000Z,117.125
US2333311072,2026-09-03T15:29:57.000Z,117.65
US2333311072,2026-09-03T17:29:39.000Z,117.85
US2333311072,2026-09-03T19:29:16.000Z,117.925
US2333311072,2026-09-04T05:30:06.000Z,117.95
US2333311072,2026-09-04T07:28:34.000Z,117.925
US2333311072,2026-09-04T09:29:59.000Z,117.95
US2333311072,2026-09-04T11:24:56.000Z,117.925
US2333311072,2026-09-04T13:29:58.000Z,117.6
US2333311072,2026-09-04T15:29:56.000Z,118.175
US2333311072,2026-09-04T17:29:05.000Z,117.125
US2333311072,2026-09-04T19:29:54.000Z,117.25
US2333311072,2026-09-07T05:30:37.000Z,117.375
US2333311072,2026-09-07T07:28:50.000Z,117.35
US2333311072,2026-09-07T09:27:25.000Z,117.05
US2333311072,2026-09-07T11:25:40.000Z,116.85
US2333311072,2026-09-07T13:26:01.000Z,116.925
US2333311072,2026-09-07T15:28:19.000Z,116.825
US2333311072,2026-09-07T19:29:09.000Z,116.85
US2333311072,2026-09-08T05:30:05.000Z,117
US2333311072,2026-09-08T07:28:31.000Z,117.175
US2333311072,2026-09-08T09:29:32.000Z,117.175
US2333311072,2026-09-08T11:27:21.000Z,117.175
US2333311072,2026-09-08T13:29:59.000Z,117.825
US2333311072,2026-09-08T15:29:59.000Z,118.225
US2333311072,2026-09-08T17:28:43.000Z,118.3
US2333311072,2026-09-08T19:28:24.000Z,118.6
US2333311072,2026-09-09T05:30:56.000Z,118.325
US2333311072,2026-09-09T07:27:01.000Z,118.425
US2333311072,2026-09-09T09:29:10.000Z,118.025
US2333311072,2026-09-09T11:29:39.000Z,117.85
US2333311072,2026-09-09T13:29:11.000Z,117.85
US2333311072,2026-09-09T15:29:09.000Z,116.725
US2333311072,2026-09-09T17:29:15.000Z,116.4
US2333311072,2026-09-09T19:28:01.000Z,117.025
US2333311072,2026-09-10T05:30:55.000Z,117.1
US2333311072,2026-09-10T07:28:59.000Z,117.125
US2333311072,2026-09-10T09:29:50.000Z,116.925
US2333311072,2026-09-10T11:25:33.000Z,117.1
US2333311072,2026-09-10T13:29:31.000Z,117.575
US2333311072,2026-09-10T15:29:54.000Z,116
US2333311072,2026-09-10T17:28:50.000Z,116.05
US2333311072,2026-09-10T19:29:24.000Z,115.825
US2333311072,2026-09-11T05:30:17.000Z,115.875
US2333311072,2026-09-11T07:24:15.000Z,116.175
US2333311072,2026-09-11T09:29:40.000Z,115.825
US2333311072,2026-09-11T11:28:54.000Z,116.475
US2333311072,2026-09-11T13:29:44.000Z,116.425
US2333311072,2026-09-11T15:29:55.000Z,114.975
US2333311072,2026-09-11T17:29:12.000Z,115.1
US2333311072,2026-09-11T19:28:27.000Z,114.625
US2333311072,2026-09-14T05:30:46.000Z,114.475
US2333311072,2026-09-14T07:25:01.000Z,114.675
US2333311072,2026-09-14T09:27:18.000Z,115.025
US2333311072,2026-09-14T11:25:01.000Z,114.75
US2333311072,2026-09-14T13:29:56.000Z,115.775
US2333311072,2026-09-14T15:29:15.000Z,114.075
US2333311072,2026-09-14T17:29:52.000Z,113.925
US2333311072,2026-09-14T19:29:41.000Z,113.9
US2333311072,2026-09-15T05:30:02.000Z,113.65
US2333311072,2026-09-15T07:29:20.000Z,113.25
US2333311072,2026-09-15T09:28:10.000Z,113.05
US2333311072,2026-09-15T11:27:43.000Z,113.625
US2333311072,2026-09-15T13:29:58.000Z,114.325
US2333311072,2026-09-15T15:29:54.000Z,112.825
US2333311072,2026-09-15T17:29:20.000Z,112.725
US2333311072,2026-09-15T19:28:12.000Z,113.075
US2333311072,2026-09-16T05:30:25.000Z,113.125
US2333311072,2026-09-16T07:29:54.000Z,113.15
US2333311072,2026-09-16T09:29:53.000Z,113.1
US2333311072,2026-09-16T11:27:03.000Z,113.275
US2333311072,2026-09-16T13:29:09.000Z,113.6
US2333311072,2026-09-16T15:28:35.000Z,114.025
US2333311072,2026-09-16T17:27:29.000Z,113.625
US2333311072,2026-09-16T19:29:57.000Z,113.5
US2333311072,2026-09-17T07:28:57.000Z,114.8
US2333311072,2026-09-17T11:29:10.000Z,114.125
US2333311072,2026-09-17T13:29:09.000Z,114.4
US2333311072,2026-09-17T15:28:57.000Z,113.225
US2333311072,2026-09-17T17:29:40.000Z,113.95
US2333311072,2026-09-17T19:29:51.000Z,113.6
US2333311072,2026-09-18T05:30:14.000Z,113.75
US2333311072,2026-09-18T07:29:39.000Z,113.95
US2333311072,2026-09-18T09:26:52.000Z,113.8
US2333311072,2026-09-18T11:27:40.000Z,113.875
US2333311072,2026-09-18T13:28:03.000Z,113.85
US2333311072,2026-09-18T15:29:52.000Z,112.5
US2333311072,2026-09-18T17:29:25.000Z,111.95
US2333311072,2026-09-18T19:29:50.000Z,112.3
US2333311072,2026-09-21T05:30:38.000Z,111.35
US2333311072,2026-09-21T07:27:25.000Z,111.575
US2333311072,2026-09-21T09:26:25.000Z,111.6
US2333311072,2026-09-21T11:26:27.000Z,110.975
US2333311072,2026-09-21T13:29:54.000Z,110.975
US2333311072,2026-09-21T15:29:37.000Z,110.55
US2333311072,2026-09-21T17:29:23.000Z,110.325
US2333311072,2026-09-21T19:28:45.000Z,110
US2333311072,2026-09-22T05:30:15.000Z,109.9
US2333311072,2026-09-22T07:23:30.000Z,110.1
US2333311072,2026-09-22T09:28:20.000Z,110.05
US2333311072,2026-09-22T11:29:45.000Z,110.375
US2333311072,2026-09-22T13:29:46.000Z,110.6
US2333311072,2026-09-22T15:27:30.000Z,110.55
US2333311072,2026-09-22T17:29:38.000Z,110.2
US2333311072,2026-09-22T19:29:45.000Z,110.075
US2333311072,2026-09-23T05:30:24.000Z,109.925
US2333311072,2026-09-23T07:29:45.000Z,109.775
US2333311072,2026-09-23T09:29:05.000Z,110
US2333311072,2026-09-23T11:26:47.000Z,109.975
US2333311072,2026-09-23T13:29:09.000Z,110.25
US2333311072,2026-09-23T15:29:32.000Z,108.05
US2333311072,2026-09-23T17:29:58.000Z,108.25
US2333311072,2026-09-23T19:29:51.000Z,107.825
US2333311072,2026-09-24T05:30:25.000Z,107.75
US2333311072,2026-09-24T07:28:59.000Z,108.125
US2333311072,2026-09-24T11:25:19.000Z,108.075
US2333311072,2026-09-24T13:29:52.000Z,108.4
US2333311072,2026-09-24T15:29:06.000Z,107.575
US2333311072,2026-09-24T17:28:50.000Z,107.575
US2333311072,2026-09-24T19:29:59.000Z,106.875
US2333311072,2026-09-25T05:30:28.000Z,106.6
US2333311072,2026-09-25T07:28:56.000Z,106.625
US2333311072,2026-09-25T09:28:32.000Z,106.475
US2333311072,2026-09-25T11:21:42.000Z,106.65
US2333311072,2026-09-25T13:29:24.000Z,106.625
US2333311072,2026-09-25T15:29:34.000Z,105.575
US2333311072,2026-09-25T17:28:20.000Z,106.25
US2333311072,2026-09-25T19:29:50.000Z,106.25
US2333311072,2026-09-25T20:48:16.577Z,106.65
US2333311072,2026-09-28T05:30:43.000Z,106.325
US2333311072,2026-09-28T07:29:05.000Z,107.3
US2333311072,2026-09-28T09:29:59.000Z,106.775
US2333311072,2026-09-28T11:28:21.000Z,107.225
US2333311072,2026-09-28T13:29:59.000Z,107.325
US2333311072,2026-09-28T15:29:54.000Z,106.025
US2333311072,2026-09-28T17:28:03.000Z,106.625
US2333311072,2026-09-28T19:20:40.982Z,106.175
US26740W1099,2026-08-25T05:30:58.000Z,16.25
US26740W1099,2026-08-25T07:29:54.000Z,16.3225
US26740W1099,2026-08-25T09:29:52.000Z,16.4775
US26740W1099,2026-08-25T11:29:57.000Z,16.3375
US26740W1099,2026-08-25T13:29:58.000Z,16.3
US26740W1099,2026-08-25T15:29:53.000Z,16.445
US26740W1099,2026-08-25T17:29:58.000Z,16.2575
US26740W1099,2026-08-25T19:29:56.000Z,16.6675
US26740W1099,2026-08-26T05:30:33.000Z,16.4525
US26740W1099,2026-08-26T07:29:33.000Z,16.375
US26740W1099,2026-08-26T09:29:03.000Z,16.2625
US26740W1099,2026-08-26T11:29:33.000Z,16.395
US26740W1099,2026-08-26T13:29:59.000Z,16.0825
US26740W1099,2026-08-26T15:29:57.000Z,15.2425
US26740W1099,2026-08-26T17:29:32.000Z,15.17
US26740W1099,2026-08-26T19:29:41.000Z,15.115
US26740W1099,2026-08-27T05:30:58.000Z,15.2925
US26740W1099,2026-08-27T07:29:58.000Z,15.44
US26740W1099,2026-08-27T09:29:57.000Z,15.55
US26740W1099,2026-08-27T11:29:57.000Z,15.4025
US26740W1099,2026-08-27T13:29:59.000Z,15.3075
US26740W1099,2026-08-27T15:29:59.000Z,15.55
US26740W1099,2026-08-27T17:29:54.000Z,15.36
US26740W1099,2026-08-27T19:29:59.000Z,15.515
US26740W1099,2026-08-28T05:30:56.000Z,15.35
US26740W1099,2026-08-28T07:29:29.000Z,15.37
US26740W1099,2026-08-28T09:29:55.000Z,15.25
US26740W1099,2026-08-28T11:29:52.000Z,15.29
US26740W1099,2026-08-28T13:29:59.000Z,15.095
US26740W1099,2026-08-28T15:29:57.000Z,14.775
US26740W1099,2026-08-28T17:29:59.000Z,14.4175
US26740W1099,2026-08-28T19:29:55.000Z,14.54
US26740W1099,2026-08-31T05:30:10.000Z,14.6525
US26740W1099,2026-08-31T07:29:34.000Z,14.6675
US26740W1099,2026-08-31T09:29:55.000Z,14.6325
US26740W1099,2026-08-31T11:29:58.000Z,14.5525
US26740W1099,2026-08-31T13:29:59.000Z,14.39
US26740W1099,2026-08-31T15:29:51.000Z,14.8
US26740W1099,2026-08-31T17:29:25.000Z,14.845
US26740W1099,2026-08-31T19:29:54.000Z,14.74
US26740W1099,2026-09-01T05:30:47.000Z,14.7925
US26740W1099,2026-09-01T07:29:29.000Z,14.82
US26740W1099,2026-09-01T09:27:46.000Z,14.5075
US26740W1099,2026-09-01T11:29:55.000Z,14.4525
US26740W1099,2026-09-01T13:29:59.000Z,14.28
US26740W1099,2026-09-01T15:29:59.000Z,14.245
US26740W1099,2026-09-01T17:29:47.000Z,14.33
US26740W1099,2026-09-01T19:29:54.000Z,14.35
US26740W1099,2026-09-02T05:30:09.000Z,14.28
US26740W1099,2026-09-02T07:29:54.000Z,14.285
US26740W1099,2026-09-02T09:29:44.000Z,14.125
US26740W1099,2026-09-02T11:29:58.000Z,14.095
US26740W1099,2026-09-02T13:29:59.000Z,14.0475
US26740W1099,2026-09-02T15:29:44.000Z,14.165
US26740W1099,2026-09-02T17:29:59.000Z,14.0975
US26740W1099,2026-09-02T19:29:45.000Z,14.36
US26740W1099,2026-09-03T05:30:07.000Z,14.22
US26740W1099,2026-09-03T07:29:56.000Z,14.2975
US26740W1099,2026-09-03T09:29:48.000Z,14.365
US26740W1099,2026-09-03T11:29:55.000Z,14.3
US26740W1099,2026-09-03T13:29:57.000Z,14.2625
US26740W1099,2026-09-03T15:29:59.000Z,14.565
US26740W1099,2026-09-03T17:29:58.000Z,14.3275
US26740W1099,2026-09-03T19:29:58.000Z,14.495
US26740W1099,2026-09-04T05:30:19.000Z,14.5475
US26740W1099,2026-09-04T07:29:26.000Z,14.5975
US26740W1099,2026-09-04T09:29:50.000Z,14.6875
US26740W1099,2026-09-04T11:29:41.000Z,14.7325
US26740W1099,2026-09-04T13:29:56.000Z,14.455
US26740W1099,2026-09-04T15:29:56.000Z,14.3775
US26740W1099,2026-09-04T17:29:58.000Z,14.29
US26740W1099,2026-09-04T19:29:59.000Z,14.295
US26740W1099,2026-09-07T05:30:14.000Z,14.3225
US26740W1099,2026-09-07T07:29:19.000Z,14.37
US26740W1099,2026-09-07T09:25:15.000Z,14.425
US26740W1099,2026-09-07T11:25:02.000Z,14.3025
US26740W1099,2026-09-07T13:29:25.000Z,14.4275
US26740W1099,2026-09-07T15:27:07.000Z,14.5
US26740W1099,2026-09-07T17:26:29.000Z,14.6025
US26740W1099,2026-09-07T19:29:09.000Z,14.45
US26740W1099,2026-09-08T05:30:30.000Z,14.45
US26740W1099,2026-09-08T07:29:59.000Z,14.4
US26740W1099,2026-09-08T09:28:39.000Z,14.365
US26740W1099,2026-09-08T11:29:56.000Z,14.685
US26740W1099,2026-09-08T13:29:55.000Z,15.235
US26740W1099,2026-09-08T15:29:59.000Z,15.6125
US26740W1099,2026-09-08T17:29:58.000Z,15.485
US26740W1099,2026-09-08T19:29:59.000Z,15.2075
US26740W1099,2026-09-09T05:30:05.000Z,15.305
US26740W1099,2026-09-09T07:29:47.000Z,15.36
US26740W1099,2026-09-09T09:29:28.000Z,15.3
US26740W1099,2026-09-09T11:29:42.000Z,15.055
US26740W1099,2026-09-09T13:29:52.000Z,15.0075
US26740W1099,2026-09-09T15:29:59.000Z,14.585
US26740W1099,2026-09-09T17:27:59.000Z,14.96
US26740W1099,2026-09-09T19:29:40.000Z,14.91
US26740W1099,2026-09-10T05:30:55.000Z,14.77
US26740W1099,2026-09-10T07:29:57.000Z,14.9275
US26740W1099,2026-09-10T09:29:24.000Z,14.76
US26740W1099,2026-09-10T11:29:59.000Z,14.7275
US26740W1099,2026-09-10T13:29:59.000Z,14.4225
US26740W1099,2026-09-10T15:29:59.000Z,14.605
US26740W1099,2026-09-10T17:29:55.000Z,14.485
US26740W1099,2026-09-10T19:29:58.000Z,14.335
US26740W1099,2026-09-11T05:30:44.000Z,14.3825
US26740W1099,2026-09-11T07:29:16.000Z,14.4925
US26740W1099,2026-09-11T09:28:43.000Z,14.5225
US26740W1099,2026-09-11T11:29:17.000Z,14.47
US26740W1099,2026-09-11T13:29:59.000Z,14.4475
US26740W1099,2026-09-11T15:29:54.000Z,14.705
US26740W1099,2026-09-11T17:29:49.000Z,14.575
US26740W1099,2026-09-11T19:29:04.000Z,14.51
US26740W1099,2026-09-14T05:30:09.000Z,14.27
US26740W1099,2026-09-14T07:29:47.000Z,14.2175
US26740W1099,2026-09-14T09:29:51.000Z,14.1425
US26740W1099,2026-09-14T11:29:59.000Z,14.18
US26740W1099,2026-09-14T13:29:39.000Z,13.9875
US26740W1099,2026-09-14T15:29:59.000Z,14.795
US26740W1099,2026-09-14T17:29:58.000Z,14.8
US26740W1099,2026-09-14T19:29:58.000Z,14.6325
US26740W1099,2026-09-15T05:30:28.000Z,14.48
US26740W1099,2026-09-15T07:29:38.000Z,14.465
US26740W1099,2026-09-15T09:29:41.000Z,14.4125
US26740W1099,2026-09-15T11:29:17.000Z,14.57
US26740W1099,2026-09-15T13:29:57.000Z,14.35
US26740W1099,2026-09-15T15:29:57.000Z,14.1425
US26740W1099,2026-09-15T17:29:57.000Z,14.3575
US26740W1099,2026-09-15T19:29:56.000Z,14.25
US26740W1099,2026-09-16T05:30:27.000Z,14.27
US26740W1099,2026-09-16T07:29:16.000Z,14.3125
US26740W1099,2026-09-16T09:27:33.000Z,14.3375
US26740W1099,2026-09-16T11:29:52.000Z,14.3475
US26740W1099,2026-09-16T13:29:59.000Z,14.28
US26740W1099,2026-09-16T15:29:56.000Z,14.225
US26740W1099,2026-09-16T17:29:58.000Z,14.14
US26740W1099,2026-09-16T19:29:59.000Z,13.865
US26740W1099,2026-09-17T07:29:28.000Z,14.4275
US26740W1099,2026-09-17T09:29:02.000Z,14.4625
US26740W1099,2026-09-17T11:29:52.000Z,14.49
US26740W1099,2026-09-17T13:29:58.000Z,14.6775
US26740W1099,2026-09-17T15:29:58.000Z,15.215
US26740W1099,2026-09-17T17:29:59.000Z,15.4275
US26740W1099,2026-09-17T19:29:57.000Z,15.5125
US26740W1099,2026-09-18T05:30:20.000Z,15.53
US26740W1099,2026-09-18T07:29:51.000Z,15.6325
US26740W1099,2026-09-18T09:29:26.000Z,15.6225
US26740W1099,2026-09-18T11:29:43.000Z,15.4925
US26740W1099,2026-09-18T13:29:48.000Z,15.6825
US26740W1099,2026-09-18T15:29:50.000Z,14.4825
US26740W1099,2026-09-18T17:29:56.000Z,14.53
US26740W1099,2026-09-18T19:29:57.000Z,14.7
US26740W1099,2026-09-21T05:30:54.000Z,15.09
US26740W1099,2026-09-21T07:29:52.000Z,15.155
US26740W1099,2026-09-21T09:29:11.000Z,15.2075
US26740W1099,2026-09-21T11:29:59.000Z,15.1275
US26740W1099,2026-09-21T13:29:57.000Z,15.3175
US26740W1099,2026-09-21T15:29:44.000Z,15.42
US26740W1099,2026-09-21T17:29:56.000Z,15.3775
US26740W1099,2026-09-21T19:29:59.000Z,15.4825
US26740W1099,2026-09-22T05:30:17.000Z,15.3475
US26740W1099,2026-09-22T07:29:59.000Z,15.3275
US26740W1099,2026-09-22T09:29:56.000Z,15.2425
US26740W1099,2026-09-22T11:29:44.000Z,15.32
US26740W1099,2026-09-22T13:29:58.000Z,15.46
US26740W1099,2026-09-22T15:29:57.000Z,15.18
US26740W1099,2026-09-22T17:29:58.000Z,15.135
US26740W1099,2026-09-22T19:29:59.000Z,15.2375
US26740W1099,2026-09-23T05:30:57.000Z,16.125
US26740W1099,2026-09-23T07:29:59.000Z,15.975
US26740W1099,2026-09-23T09:29:59.000Z,16.12
US26740W1099,2026-09-23T11:29:56.000Z,16.135
US26740W1099,2026-09-23T13:29:59.000Z,16.57
US26740W1099,2026-09-23T15:29:59.000Z,15.0925
US26740W1099,2026-09-23T17:29:59.000Z,14.995
US26740W1099,2026-09-23T19:29:58.000Z,14.97
US26740W1099,2026-09-24T05:30:56.000Z,14.74
US26740W1099,2026-09-24T07:29:59.000Z,14.6475
US26740W1099,2026-09-24T09:28:39.000Z,14.5425
US26740W1099,2026-09-24T11:29:59.000Z,14.55
US26740W1099,2026-09-24T13:29:57.000Z,14.595
US26740W1099,2026-09-24T15:29:59.000Z,14.78
US26740W1099,2026-09-24T17:29:54.000Z,15.19
US26740W1099,2026-09-24T19:29:59.000Z,15.1425
US26740W1099,2026-09-25T05:30:33.000Z,15.3575
US26740W1099,2026-09-25T07:29:04.000Z,15.4075
US26740W1099,2026-09-25T09:29:48.000Z,15.41
US26740W1099,2026-09-25T11:29:57.000Z,15.1975
US26740W1099,2026-09-25T13:29:58.000Z,15.3125
US26740W1099,2026-09-25T15:29:59.000Z,15.56
US26740W1099,2026-09-25T17:29:05.000Z,15.4675
US26740W1099,2026-09-25T19:29:38.000Z,15.3475
US26740W1099,2026-09-25T20:59:57.390Z,15.305
US26740W1099,2026-09-28T05:30:39.000Z,15.0225
US26740W1099,2026-09-28T07:29:55.000Z,14.9925
US26740W1099,2026-09-28T09:29:55.000Z,15.0425
US26740W1099,2026-09-28T11:29:53.000Z,15.125
US26740W1099,2026-09-28T13:29:59.000Z,14.995
US26740W1099,2026-09-28T15:29:53.000Z,14.9675
US26740W1099,2026-09-28T17:29:51.000Z,15.14
US26740W1099,2026-09-28T19:20:51.820Z,14.94
US3379321074,2026-08-25T05:30:05.000Z,40
US3379321074,2026-08-25T07:29:36.000Z,40.365
US3379321074,2026-08-25T09:29:21.000Z,40.385
US3379321074,2026-08-25T11:28:31.000Z,40.09
US3379321074,2026-08-25T13:29:59.000Z,40.065
US3379321074,2026-08-25T15:29:37.000Z,40.01
US3379321074,2026-08-25T17:27:44.000Z,40.015
US3379321074,2026-08-25T19:29:53.000Z,40.135
US3379321074,2026-08-26T05:30:07.000Z,40.015
US3379321074,2026-08-26T07:22:34.000Z,40.02
US3379321074,2026-08-26T09:29:05.000Z,39.9225
US3379321074,2026-08-26T11:26:30.000Z,40.0475
US3379321074,2026-08-26T13:29:59.000Z,40.0675
US3379321074,2026-08-26T15:29:39.000Z,40.1
US3379321074,2026-08-26T17:29:10.000Z,40.015
US3379321074,2026-08-26T19:29:53.000Z,40.0325
US3379321074,2026-08-27T05:30:13.000Z,40.195
US3379321074,2026-08-27T07:29:42.000Z,40.115
US3379321074,2026-08-27T09:29:59.000Z,40.08
US3379321074,2026-08-27T11:25:30.000Z,40.1525
US3379321074,2026-08-27T13:29:43.000Z,40.03
US3379321074,2026-08-27T15:29:51.000Z,39.5175
US3379321074,2026-08-27T17:29:53.000Z,39.66
US3379321074,2026-08-27T19:29:59.000Z,39.67
US3379321074,2026-08-28T05:30:10.000Z,39.79
US3379321074,2026-08-28T07:26:08.000Z,39.9925
US3379321074,2026-08-28T09:29:54.000Z,39.815
US3379321074,2026-08-28T11:26:44.000Z,39.8125
US3379321074,2026-08-28T13:29:12.000Z,39.825
US3379321074,2026-08-28T15:29:58.000Z,39.785
US3379321074,2026-08-28T17:29:52.000Z,39.56
US3379321074,2026-08-28T19:29:45.000Z,39.58
US3379321074,2026-08-31T05:30:41.000Z,39.59
US3379321074,2026-08-31T07:29:41.000Z,39.54
US3379321074,2026-08-31T09:27:23.000Z,39.525
US3379321074,2026-08-31T11:27:01.000Z,39.635
US3379321074,2026-08-31T13:29:11.000Z,39.56
US3379321074,2026-08-31T15:29:48.000Z,39.445
US3379321074,2026-08-31T17:29:58.000Z,39.385
US3379321074,2026-08-31T19:29:26.000Z,39.56
US3379321074,2026-09-01T05:30:08.000Z,39.565
US3379321074,2026-09-01T07:27:53.000Z,39.7025
US3379321074,2026-09-01T09:28:01.000Z,39.7275
US3379321074,2026-09-01T11:29:36.000Z,39.755
US3379321074,2026-09-01T13:29:52.000Z,39.66
US3379321074,2026-09-01T15:29:57.000Z,39.6575
US3379321074,2026-09-01T17:29:58.000Z,39.4925
US3379321074,2026-09-01T19:29:56.000Z,39.7375
US3379321074,2026-09-02T05:30:55.000Z,39.83
US3379321074,2026-09-02T07:27:14.000Z,39.885
US3379321074,2026-09-02T09:28:48.000Z,39.9675
US3379321074,2026-09-02T11:29:58.000Z,39.7925
US3379321074,2026-09-02T13:29:58.000Z,39.7175
US3379321074,2026-09-02T15:29:59.000Z,39.595
US3379321074,2026-09-02T17:29:31.000Z,39.77
US3379321074,2026-09-02T19:29:56.000Z,39.895
US3379321074,2026-09-03T05:30:43.000Z,39.905
US3379321074,2026-09-03T07:29:33.000Z,39.885
US3379321074,2026-09-03T09:29:51.000Z,40.045
US3379321074,2026-09-03T11:29:06.000Z,40.025
US3379321074,2026-09-03T13:29:59.000Z,39.98
US3379321074,2026-09-03T15:29:56.000Z,40.29
US3379321074,2026-09-03T17:29:31.000Z,40.475
US3379321074,2026-09-03T19:29:51.000Z,40.46
US3379321074,2026-09-04T05:30:20.000Z,40.495
US3379321074,2026-09-04T07:26:08.000Z,40.41
US3379321074,2026-09-04T09:29:43.000Z,40.4625
US3379321074,2026-09-04T11:20:10.000Z,40.4625
US3379321074,2026-09-04T13:29:54.000Z,40.31
US3379321074,2026-09-04T15:29:51.000Z,40.505
US3379321074,2026-09-04T17:29:51.000Z,40.225
US3379321074,2026-09-04T19:26:45.000Z,40.345
US3379321074,2026-09-07T05:30:29.000Z,40.11
US3379321074,2026-09-07T07:29:19.000Z,40.49
US3379321074,2026-09-07T09:28:49.000Z,40.27
US3379321074,2026-09-07T11:27:44.000Z,40.205
US3379321074,2026-09-07T13:29:25.000Z,40.24
US3379321074,2026-09-07T15:28:04.000Z,40.585
US3379321074,2026-09-07T19:29:09.000Z,40.59
US3379321074,2026-09-08T05:30:10.000Z,40.495
US3379321074,2026-09-08T07:29:39.000Z,40.26
US3379321074,2026-09-08T09:29:54.000Z,40.57
US3379321074,2026-09-08T11:29:56.000Z,40.495
US3379321074,2026-09-08T13:29:11.000Z,40.36
US3379321074,2026-09-08T15:29:17.000Z,40.145
US3379321074,2026-09-08T17:29:37.000Z,40.285
US3379321074,2026-09-08T19:29:28.000Z,40.21
US3379321074,2026-09-09T05:30:47.000Z,39.98
US3379321074,2026-09-09T07:27:12.000Z,39.955
US3379321074,2026-09-09T09:29:55.000Z,40.0075
US3379321074,2026-09-09T11:29:39.000Z,39.8775
US3379321074,2026-09-09T13:29:59.000Z,40.3
US3379321074,2026-09-09T15:29:12.000Z,39.615
US3379321074,2026-09-09T17:29:52.000Z,39.405
US3379321074,2026-09-09T19:29:55.000Z,39.685
US3379321074,2026-09-10T05:30:55.000Z,39.895
US3379321074,2026-09-10T07:29:01.000Z,39.875
US3379321074,2026-09-10T09:29:17.000Z,40.0825
US3379321074,2026-09-10T11:29:07.000Z,40.1275
US3379321074,2026-09-10T13:29:50.000Z,39.71
US3379321074,2026-09-10T15:29:58.000Z,39.65
US3379321074,2026-09-10T17:29:50.000Z,39.655
US3379321074,2026-09-10T19:29:59.000Z,39.9
US3379321074,2026-09-11T05:30:17.000Z,39.975
US3379321074,2026-09-11T07:25:20.000Z,40.1525
US3379321074,2026-09-11T09:26:25.000Z,40.0625
US3379321074,2026-09-11T11:29:00.000Z,40.105
US3379321074,2026-09-11T13:29:48.000Z,40.0825
US3379321074,2026-09-11T15:29:55.000Z,39.67
US3379321074,2026-09-11T17:29:38.000Z,39.84
US3379321074,2026-09-11T19:29:50.000Z,39.69
US3379321074,2026-09-14T05:30:04.000Z,39.86
US3379321074,2026-09-14T07:27:42.000Z,39.885
US3379321074,2026-09-14T09:26:26.000Z,40.325
US3379321074,2026-09-14T11:29:31.000Z,40.07
US3379321074,2026-09-14T13:29:58.000Z,40.175
US3379321074,2026-09-14T15:29:59.000Z,39.43
US3379321074,2026-09-14T17:29:56.000Z,39.5
US3379321074,2026-09-14T19:29:53.000Z,39.605
US3379321074,2026-09-15T05:30:04.000Z,39.8175
US3379321074,2026-09-15T07:28:29.000Z,39.8325
US3379321074,2026-09-15T09:27:01.000Z,39.7225
US3379321074,2026-09-15T11:26:59.000Z,39.67
US3379321074,2026-09-15T13:29:11.000Z,39.71
US3379321074,2026-09-15T15:29:59.000Z,39.33
US3379321074,2026-09-15T17:29:48.000Z,39.29
US3379321074,2026-09-15T19:29:57.000Z,39.3
US3379321074,2026-09-16T05:30:08.000Z,39.33
US3379321074,2026-09-16T07:26:50.000Z,39.33
US3379321074,2026-09-16T09:28:07.000Z,39.31
US3379321074,2026-09-16T11:28:27.000Z,39.45
US3379321074,2026-09-16T13:29:36.000Z,39.52
US3379321074,2026-09-16T15:29:57.000Z,39.5625
US3379321074,2026-09-16T17:29:51.000Z,39.46
US3379321074,2026-09-16T19:29:58.000Z,39.5225
US3379321074,2026-09-17T07:28:52.000Z,39.5325
US3379321074,2026-09-17T09:29:42.000Z,39.7075
US3379321074,2026-09-17T11:26:26.000Z,39.7575
US3379321074,2026-09-17T13:29:09.000Z,39.78
US3379321074,2026-09-17T15:29:54.000Z,39.555
US3379321074,2026-09-17T17:29:53.000Z,39.8025
US3379321074,2026-09-17T19:29:58.000Z,39.775
US3379321074,2026-09-18T05:30:18.000Z,39.875
US3379321074,2026-09-18T07:29:40.000Z,39.915
US3379321074,2026-09-18T09:28:45.000Z,39.74
US3379321074,2026-09-18T11:27:40.000Z,39.81
US3379321074,2026-09-18T13:29:59.000Z,39.615
US3379321074,2026-09-18T15:29:52.000Z,39.595
US3379321074,2026-09-18T17:29:53.000Z,39.415
US3379321074,2026-09-18T19:29:59.000Z,39.49
US3379321074,2026-09-21T05:30:38.000Z,39.64
US3379321074,2026-09-21T07:29:56.000Z,39.2825
US3379321074,2026-09-21T09:29:01.000Z,39.49
US3379321074,2026-09-21T11:29:57.000Z,39.5575
US3379321074,2026-09-21T13:29:55.000Z,39.605
US3379321074,2026-09-21T15:29:57.000Z,39.38
US3379321074,2026-09-21T17:29:56.000Z,39.4325
US3379321074,2026-09-21T19:29:38.000Z,39.2375
US3379321074,2026-09-22T05:30:13.000Z,39.18
US3379321074,2026-09-22T07:29:37.000Z,39.17
US3379321074,2026-09-22T09:29:14.000Z,39.375
US3379321074,2026-09-22T11:29:58.000Z,39.43
US3379321074,2026-09-22T13:29:09.000Z,39.225
US3379321074,2026-09-22T15:29:58.000Z,39.545
US3379321074,2026-09-22T17:29:57.000Z,39.3475
US3379321074,2026-09-22T19:29:11.000Z,39.25
US3379321074,2026-09-23T05:30:17.000Z,39.215
US3379321074,2026-09-23T07:27:25.000Z,39.2675
US3379321074,2026-09-23T09:28:32.000Z,39.3325
US3379321074,2026-09-23T11:28:38.000Z,39.2575
US3379321074,2026-09-23T13:29:59.000Z,39.245
US3379321074,2026-09-23T15:29:50.000Z,38.57
US3379321074,2026-09-23T17:29:59.000Z,38.69
US3379321074,2026-09-23T19:29:58.000Z,38.425
US3379321074,2026-09-24T05:30:44.000Z,38.36
US3379321074,2026-09-24T07:27:06.000Z,38.43
US3379321074,2026-09-24T09:28:15.000Z,38.595
US3379321074,2026-09-24T11:29:52.000Z,38.685
US3379321074,2026-09-24T13:29:59.000Z,38.555
US3379321074,2026-09-24T15:29:58.000Z,38.16
US3379321074,2026-09-24T17:29:57.000Z,38.195
US3379321074,2026-09-24T19:29:58.000Z,38.075
US3379321074,2026-09-25T05:30:29.000Z,38
US3379321074,2026-09-25T07:29:46.000Z,38.005
US3379321074,2026-09-25T09:28:08.000Z,37.79
US3379321074,2026-09-25T11:22:16.000Z,37.87
US3379321074,2026-09-25T13:29:29.000Z,37.96
US3379321074,2026-09-25T15:29:57.000Z,37.64
US3379321074,2026-09-25T17:29:51.000Z,37.845
US3379321074,2026-09-25T19:29:58.000Z,37.9175
US3379321074,2026-09-25T20:49:39.866Z,38.11
US3379321074,2026-09-28T05:30:41.000Z,37.925
US3379321074,2026-09-28T07:28:16.000Z,38.55
US3379321074,2026-09-28T09:23:52.000Z,38.5675
US3379321074,2026-09-28T11:27:39.000Z,38.755
US3379321074,2026-09-28T13:29:08.000Z,37.945
US3379321074,2026-09-28T15:29:59.000Z,37.565
US3379321074,2026-09-28T17:29:48.000Z,37.815
US3379321074,2026-09-28T19:19:49.278Z,37.765
US36828A1016,2026-08-25T05:30:26.000Z,814
US36828A1016,2026-08-25T07:29:24.000Z,819.9
US36828A1016,2026-08-25T09:29:59.000Z,823
US36828A1016,2026-08-25T11:29:27.000Z,824.9
US36828A1016,2026-08-25T13:29:58.000Z,826
US36828A1016,2026-08-25T15:29:57.000Z,805.4
US36828A1016,2026-08-25T17:29:49.000Z,802.4
US36828A1016,2026-08-25T19:29:56.000Z,793.2
US36828A1016,2026-08-26T05:30:45.000Z,796.5
US36828A1016,2026-08-26T07:29:58.000Z,796.3
US36828A1016,2026-08-26T09:28:52.000Z,796.1
US36828A1016,2026-08-26T11:29:22.000Z,796.7
US36828A1016,2026-08-26T13:29:59.000Z,793.1
US36828A1016,2026-08-26T15:29:57.000Z,811.2
US36828A1016,2026-08-26T17:29:47.000Z,808.6
US36828A1016,2026-08-26T19:29:53.000Z,821.7
US36828A1016,2026-08-27T05:30:37.000Z,829.3
US36828A1016,2026-08-27T07:29:59.000Z,833.3
US36828A1016,2026-08-27T09:29:57.000Z,841.2
US36828A1016,2026-08-27T11:29:36.000Z,844
US36828A1016,2026-08-27T13:29:58.000Z,841.7
US36828A1016,2026-08-27T15:29:59.000Z,813.6
US36828A1016,2026-08-27T17:29:24.000Z,816.5
US36828A1016,2026-08-27T19:29:53.000Z,817.6
US36828A1016,2026-08-28T05:30:12.000Z,816.3
US36828A1016,2026-08-28T07:26:08.000Z,816.5
US36828A1016,2026-08-28T09:28:22.000Z,817
US36828A1016,2026-08-28T11:29:47.000Z,819
US36828A1016,2026-08-28T13:29:59.000Z,816.4
US36828A1016,2026-08-28T15:29:58.000Z,800.6
US36828A1016,2026-08-28T17:29:47.000Z,792.2
US36828A1016,2026-08-28T19:29:55.000Z,792
US36828A1016,2026-08-31T05:30:55.000Z,788.2
US36828A1016,2026-08-31T07:29:57.000Z,776.8
US36828A1016,2026-08-31T09:28:47.000Z,773.2
US36828A1016,2026-08-31T11:27:16.000Z,773.8
US36828A1016,2026-08-31T13:29:59.000Z,762.9
US36828A1016,2026-08-31T15:29:59.000Z,768.3
US36828A1016,2026-08-31T17:29:51.000Z,767.9
US36828A1016,2026-08-31T19:29:49.000Z,767.7
US36828A1016,2026-09-01T05:30:44.000Z,773.1
US36828A1016,2026-09-01T07:29:42.000Z,776.8
US36828A1016,2026-09-01T09:29:33.000Z,765.3
US36828A1016,2026-09-01T11:29:26.000Z,764.5
US36828A1016,2026-09-01T13:29:52.000Z,765.5
US36828A1016,2026-09-01T15:29:58.000Z,763.1
US36828A1016,2026-09-01T17:29:49.000Z,768.7
US36828A1016,2026-09-01T19:29:47.000Z,773.9
US36828A1016,2026-09-02T05:30:56.000Z,772.3
US36828A1016,2026-09-02T07:29:28.000Z,772.2
US36828A1016,2026-09-02T09:28:48.000Z,771.6
US36828A1016,2026-09-02T11:29:58.000Z,771.3
US36828A1016,2026-09-02T13:29:59.000Z,777.1
US36828A1016,2026-09-02T15:29:56.000Z,779.6
US36828A1016,2026-09-02T17:29:58.000Z,790.6
US36828A1016,2026-09-02T19:29:56.000Z,797.9
US36828A1016,2026-09-03T05:30:39.000Z,794.9
US36828A1016,2026-09-03T07:29:55.000Z,796.3
US36828A1016,2026-09-03T09:29:59.000Z,796.1
US36828A1016,2026-09-03T11:27:59.000Z,796.6
US36828A1016,2026-09-03T13:29:59.000Z,798.1
US36828A1016,2026-09-03T15:29:58.000Z,814.8
US36828A1016,2026-09-03T17:29:57.000Z,810.7
US36828A1016,2026-09-03T19:29:57.000Z,809.2
US36828A1016,2026-09-04T05:30:15.000Z,813.9
US36828A1016,2026-09-04T07:29:31.000Z,814.2
US36828A1016,2026-09-04T09:28:37.000Z,817.7
US36828A1016,2026-09-04T11:29:42.000Z,818.9
US36828A1016,2026-09-04T13:29:45.000Z,817.6
US36828A1016,2026-09-04T15:29:58.000Z,811.3
US36828A1016,2026-09-04T17:29:56.000Z,810.4
US36828A1016,2026-09-04T19:29:59.000Z,812
US36828A1016,2026-09-07T05:30:07.000Z,808.5
US36828A1016,2026-09-07T07:24:30.000Z,821.5
US36828A1016,2026-09-07T09:28:45.000Z,820.4
US36828A1016,2026-09-07T11:28:52.000Z,822
US36828A1016,2026-09-07T13:28:57.000Z,822.3
US36828A1016,2026-09-07T15:29:49.000Z,824
US36828A1016,2026-09-07T17:25:47.000Z,826.9
US36828A1016,2026-09-07T19:29:09.000Z,826.9
US36828A1016,2026-09-08T05:30:16.000Z,820.5
US36828A1016,2026-09-08T07:29:59.000Z,814.8
US36828A1016,2026-09-08T09:29:57.000Z,812.5
US36828A1016,2026-09-08T11:29:53.000Z,812.8
US36828A1016,2026-09-08T13:29:59.000Z,820.7
US36828A1016,2026-09-08T15:29:48.000Z,827.3
US36828A1016,2026-09-08T17:29:59.000Z,835.9
US36828A1016,2026-09-08T19:29:43.000Z,836.7
US36828A1016,2026-09-09T05:30:59.000Z,835.7
US36828A1016,2026-09-09T07:29:58.000Z,835.3
US36828A1016,2026-09-09T09:29:56.000Z,834.3
US36828A1016,2026-09-09T11:29:27.000Z,824.6
US36828A1016,2026-09-09T13:29:46.000Z,829.6
US36828A1016,2026-09-09T15:29:59.000Z,817.6
US36828A1016,2026-09-09T17:29:58.000Z,819.6
US36828A1016,2026-09-09T19:29:57.000Z,820.6
US36828A1016,2026-09-10T05:30:55.000Z,819.1
US36828A1016,2026-09-10T07:28:01.000Z,817
US36828A1016,2026-09-10T09:29:59.000Z,815.6
US36828A1016,2026-09-10T11:29:55.000Z,812.9
US36828A1016,2026-09-10T13:29:59.000Z,809.5
US36828A1016,2026-09-10T15:29:55.000Z,804.4
US36828A1016,2026-09-10T17:29:57.000Z,795.6
US36828A1016,2026-09-10T19:29:56.000Z,795.4
US36828A1016,2026-09-11T05:30:17.000Z,797.5
US36828A1016,2026-09-11T07:29:44.000Z,802.3
US36828A1016,2026-09-11T09:29:58.000Z,802.7
US36828A1016,2026-09-11T11:29:58.000Z,805.7
US36828A1016,2026-09-11T13:29:57.000Z,812.1
US36828A1016,2026-09-11T15:29:59.000Z,820.7
US36828A1016,2026-09-11T17:29:33.000Z,821.4
US36828A1016,2026-09-11T19:29:38.000Z,825.4
US36828A1016,2026-09-14T05:30:22.000Z,810
US36828A1016,2026-09-14T07:28:20.000Z,803.1
US36828A1016,2026-09-14T09:29:53.000Z,790.2
US36828A1016,2026-09-14T11:29:42.000Z,790.7
US36828A1016,2026-09-14T13:29:59.000Z,766.8
US36828A1016,2026-09-14T15:29:52.000Z,756.6
US36828A1016,2026-09-14T17:29:48.000Z,755.5
US36828A1016,2026-09-14T19:29:58.000Z,756.4
US36828A1016,2026-09-15T05:30:16.000Z,758.6
US36828A1016,2026-09-15T07:29:56.000Z,758.9
US36828A1016,2026-09-15T09:28:10.000Z,756.4
US36828A1016,2026-09-15T11:29:44.000Z,766.5
US36828A1016,2026-09-15T13:29:58.000Z,769.9
US36828A1016,2026-09-15T15:29:25.000Z,760.3
US36828A1016,2026-09-15T17:29:58.000Z,765.1
US36828A1016,2026-09-15T19:29:59.000Z,762.1
US36828A1016,2026-09-16T05:30:15.000Z,766.1
US36828A1016,2026-09-16T07:29:57.000Z,770.9
US36828A1016,2026-09-16T09:29:35.000Z,771.6
US36828A1016,2026-09-16T11:29:59.000Z,773.3
US36828A1016,2026-09-16T13:29:58.000Z,778.7
US36828A1016,2026-09-16T15:29:52.000Z,804.5
US36828A1016,2026-09-16T17:29:53.000Z,805.1
US36828A1016,2026-09-16T19:29:56.000Z,803.3
US36828A1016,2026-09-17T07:29:59.000Z,821.8
US36828A1016,2026-09-17T09:28:49.000Z,827.2
US36828A1016,2026-09-17T11:29:56.000Z,830.2
US36828A1016,2026-09-17T13:29:56.000Z,840
US36828A1016,2026-09-17T15:29:59.000Z,824.4
US36828A1016,2026-09-17T17:29:57.000Z,810.1
US36828A1016,2026-09-17T19:29:59.000Z,808.8
US36828A1016,2026-09-18T05:30:54.000Z,809
US36828A1016,2026-09-18T07:29:57.000Z,815.6
US36828A1016,2026-09-18T09:29:58.000Z,813.8
US36828A1016,2026-09-18T11:29:40.000Z,811.2
US36828A1016,2026-09-18T13:29:59.000Z,814.1
US36828A1016,2026-09-18T15:29:52.000Z,813.5
US36828A1016,2026-09-18T17:29:42.000Z,810.5
US36828A1016,2026-09-18T19:29:54.000Z,817.8
US36828A1016,2026-09-21T05:30:27.000Z,824
US36828A1016,2026-09-21T07:28:28.000Z,831.3
US36828A1016,2026-09-21T09:29:29.000Z,833.8
US36828A1016,2026-09-21T11:26:31.000Z,832.5
US36828A1016,2026-09-21T13:29:59.000Z,832.7
US36828A1016,2026-09-21T15:29:37.000Z,832.6
US36828A1016,2026-09-21T17:29:47.000Z,830.9
US36828A1016,2026-09-21T19:29:39.000Z,830.8
US36828A1016,2026-09-22T05:30:58.000Z,824.1
US36828A1016,2026-09-22T07:29:09.000Z,822.9
US36828A1016,2026-09-22T09:29:59.000Z,820.4
US36828A1016,2026-09-22T11:29:58.000Z,823.6
US36828A1016,2026-09-22T13:29:55.000Z,819.8
US36828A1016,2026-09-22T15:29:40.000Z,829.2
US36828A1016,2026-09-22T17:29:55.000Z,833
US36828A1016,2026-09-22T19:29:59.000Z,831.1
US36828A1016,2026-09-23T05:30:05.000Z,833.2
US36828A1016,2026-09-23T07:29:59.000Z,833.4
US36828A1016,2026-09-23T09:27:49.000Z,833.9
US36828A1016,2026-09-23T11:29:21.000Z,828.3
US36828A1016,2026-09-23T13:29:57.000Z,830.1
US36828A1016,2026-09-23T15:29:58.000Z,833.5
US36828A1016,2026-09-23T17:29:44.000Z,826.2
US36828A1016,2026-09-23T19:29:57.000Z,832.7
US36828A1016,2026-09-24T05:30:30.000Z,833.9
US36828A1016,2026-09-24T07:29:58.000Z,826.5
US36828A1016,2026-09-24T09:29:45.000Z,820.3
US36828A1016,2026-09-24T11:29:59.000Z,825
US36828A1016,2026-09-24T13:29:59.000Z,823.7
US36828A1016,2026-09-24T15:29:57.000Z,826.4
US36828A1016,2026-09-24T17:29:52.000Z,840.9
US36828A1016,2026-09-24T19:29:59.000Z,838.4
US36828A1016,2026-09-25T05:30:35.000Z,840.7
US36828A1016,2026-09-25T07:29:55.000Z,845.2
US36828A1016,2026-09-25T09:28:40.000Z,848.1
US36828A1016,2026-09-25T11:29:05.000Z,849
US36828A1016,2026-09-25T13:29:56.000Z,846.8
US36828A1016,2026-09-25T15:29:59.000Z,833
US36828A1016,2026-09-25T17:29:54.000Z,837.7
US36828A1016,2026-09-25T19:28:27.000Z,835.5
US36828A1016,2026-09-25T20:59:58.906Z,840.3
US36828A1016,2026-09-28T05:30:43.000Z,830.6
US36828A1016,2026-09-28T07:28:09.000Z,824.6
US36828A1016,2026-09-28T09:29:09.000Z,824.8
US36828A1016,2026-09-28T11:29:59.000Z,831.3
US36828A1016,2026-09-28T13:29:59.000Z,838.1
US36828A1016,2026-09-28T15:29:59.000Z,838.4
US36828A1016,2026-09-28T17:29:47.000Z,841.5
US36828A1016,2026-09-28T19:20:32.221Z,835.8
US4581401001,2026-08-25T05:30:48.000Z,76.435
US4581401001,2026-08-25T07:29:58.000Z,76.89
US4581401001,2026-08-25T09:29:59.000Z,76.955
US4581401001,2026-08-25T11:29:58.000Z,77.315
US4581401001,2026-08-25T13:29:59.000Z,77.125
US4581401001,2026-08-25T15:29:59.000Z,75.865
US4581401001,2026-08-25T17:29:57.000Z,75.1
US4581401001,2026-08-25T19:29:59.000Z,75.14
US4581401001,2026-08-26T05:30:59.000Z,75.405
US4581401001,2026-08-26T07:29:59.000Z,75.1
US4581401001,2026-08-26T09:29:58.000Z,75.215
US4581401001,2026-08-26T11:29:58.000Z,75.255
US4581401001,2026-08-26T13:29:59.000Z,74.44
US4581401001,2026-08-26T15:29:59.000Z,74.31
US4581401001,2026-08-26T17:29:58.000Z,74.955
US4581401001,2026-08-26T19:29:56.000Z,75.05
US4581401001,2026-08-27T05:30:21.000Z,76.715
US4581401001,2026-08-27T07:29:59.000Z,77.18
US4581401001,2026-08-27T09:29:59.000Z,77.895
US4581401001,2026-08-27T11:29:58.000Z,77.515
US4581401001,2026-08-27T13:29:59.000Z,77.01
US4581401001,2026-08-27T15:29:59.000Z,78.105
US4581401001,2026-08-27T17:29:58.000Z,78.03
US4581401001,2026-08-27T19:29:59.000Z,78.17
US4581401001,2026-08-28T05:30:56.000Z,77.945
US4581401001,2026-08-28T07:29:59.000Z,77.81
US4581401001,2026-08-28T09:29:59.000Z,77.405
US4581401001,2026-08-28T11:29:58.000Z,77.675
US4581401001,2026-08-28T13:29:59.000Z,77.505
US4581401001,2026-08-28T15:29:59.000Z,79
US4581401001,2026-08-28T17:29:56.000Z,77.02
US4581401001,2026-08-28T19:29:57.000Z,77.61
US4581401001,2026-08-31T05:30:47.000Z,77.695
US4581401001,2026-08-31T07:29:58.000Z,78.23
US4581401001,2026-08-31T09:29:59.000Z,78.2
US4581401001,2026-08-31T11:29:58.000Z,77.555
US4581401001,2026-08-31T13:29:59.000Z,77.175
US4581401001,2026-08-31T15:29:59.000Z,77.255
US4581401001,2026-08-31T17:29:58.000Z,77.03
US4581401001,2026-08-31T19:29:59.000Z,77.035
US4581401001,2026-09-01T05:30:24.000Z,77.21
US4581401001,2026-09-01T07:29:59.000Z,77.665
US4581401001,2026-09-01T09:29:58.000Z,75.655
US4581401001,2026-09-01T11:29:59.000Z,75.32
US4581401001,2026-09-01T13:29:59.000Z,74.96
US4581401001,2026-09-01T15:29:59.000Z,76.705
US4581401001,2026-09-01T17:29:59.000Z,76.53
US4581401001,2026-09-01T19:29:58.000Z,76.61
US4581401001,2026-09-02T05:30:58.000Z,76.465
US4581401001,2026-09-02T07:29:59.000Z,76.6
US4581401001,2026-09-02T09:29:59.000Z,75.805
US4581401001,2026-09-02T11:29:58.000Z,75.99
US4581401001,2026-09-02T13:29:59.000Z,76.64
US4581401001,2026-09-02T15:29:59.000Z,77.86
US4581401001,2026-09-02T17:29:51.000Z,77.665
US4581401001,2026-09-02T19:29:59.000Z,77.585
US4581401001,2026-09-03T05:30:40.000Z,77.19
US4581401001,2026-09-03T07:29:59.000Z,77.695
US4581401001,2026-09-03T09:29:59.000Z,77.435
US4581401001,2026-09-03T11:29:59.000Z,77.225
US4581401001,2026-09-03T13:29:59.000Z,76.875
US4581401001,2026-09-03T15:29:59.000Z,77.93
US4581401001,2026-09-03T17:29:56.000Z,78.635
US4581401001,2026-09-03T19:29:59.000Z,78.305
US4581401001,2026-09-04T05:30:56.000Z,79.9
US4581401001,2026-09-04T07:29:59.000Z,80.03
US4581401001,2026-09-04T09:29:58.000Z,80.16
US4581401001,2026-09-04T11:29:58.000Z,80.325
US4581401001,2026-09-04T13:29:59.000Z,79.525
US4581401001,2026-09-04T15:29:58.000Z,81.7
US4581401001,2026-09-04T17:29:59.000Z,81.64
US4581401001,2026-09-04T19:29:57.000Z,81.575
US4581401001,2026-09-07T05:30:45.000Z,84.005
US4581401001,2026-09-07T07:29:59.000Z,83.885
US4581401001,2026-09-07T09:29:59.000Z,83.7
US4581401001,2026-09-07T11:29:59.000Z,83.68
US4581401001,2026-09-07T13:29:58.000Z,83.825
US4581401001,2026-09-07T15:29:59.000Z,83.61
US4581401001,2026-09-07T17:26:32.000Z,83.165
US4581401001,2026-09-07T19:29:09.000Z,83.365
US4581401001,2026-09-08T05:30:53.000Z,85.61
US4581401001,2026-09-08T07:29:59.000Z,85.62
US4581401001,2026-09-08T09:29:59.000Z,85.115
US4581401001,2026-09-08T11:29:58.000Z,86.03
US4581401001,2026-09-08T13:29:59.000Z,86.735
US4581401001,2026-09-08T15:29:59.000Z,89.825
US4581401001,2026-09-08T17:29:59.000Z,91.025
US4581401001,2026-09-08T19:29:59.000Z,90.32
US4581401001,2026-09-09T05:30:50.000Z,89.275
US4581401001,2026-09-09T07:29:59.000Z,89.625
US4581401001,2026-09-09T09:29:58.000Z,89.31
US4581401001,2026-09-09T11:29:59.000Z,88.235
US4581401001,2026-09-09T13:29:59.000Z,88.22
US4581401001,2026-09-09T15:29:59.000Z,90.18
US4581401001,2026-09-09T17:29:58.000Z,90.81
US4581401001,2026-09-09T19:29:59.000Z,90.945
US4581401001,2026-09-10T05:30:57.000Z,90.62
US4581401001,2026-09-10T07:29:59.000Z,90.35
US4581401001,2026-09-10T09:29:58.000Z,89.73
US4581401001,2026-09-10T11:29:58.000Z,89.76
US4581401001,2026-09-10T13:29:59.000Z,88.31
US4581401001,2026-09-10T15:29:59.000Z,87.515
US4581401001,2026-09-10T17:29:57.000Z,87.21
US4581401001,2026-09-10T19:29:59.000Z,87.14
US4581401001,2026-09-11T05:30:50.000Z,86.045
US4581401001,2026-09-11T07:29:59.000Z,86.97
US4581401001,2026-09-11T09:29:59.000Z,87.475
US4581401001,2026-09-11T11:29:58.000Z,87.245
US4581401001,2026-09-11T13:29:59.000Z,88.315
US4581401001,2026-09-11T15:29:59.000Z,89.225
US4581401001,2026-09-11T17:29:59.000Z,89.095
US4581401001,2026-09-11T19:29:59.000Z,88.955
US4581401001,2026-09-14T05:30:59.000Z,85
US4581401001,2026-09-14T07:29:59.000Z,84.785
US4581401001,2026-09-14T09:29:59.000Z,83.51
US4581401001,2026-09-14T11:29:59.000Z,84.19
US4581401001,2026-09-14T13:29:59.000Z,83.2
US4581401001,2026-09-14T15:29:59.000Z,84.47
US4581401001,2026-09-14T17:29:59.000Z,85.085
US4581401001,2026-09-14T19:29:59.000Z,84.785
US4581401001,2026-09-15T05:30:57.000Z,84.135
US4581401001,2026-09-15T07:29:58.000Z,84.355
US4581401001,2026-09-15T09:29:58.000Z,84.095
US4581401001,2026-09-15T11:29:59.000Z,85.725
US4581401001,2026-09-15T13:29:58.000Z,85.635
US4581401001,2026-09-15T15:29:59.000Z,85.885
US4581401001,2026-09-15T17:29:57.000Z,84.84
US4581401001,2026-09-15T19:29:58.000Z,84.195
US4581401001,2026-09-16T05:30:51.000Z,85.025
US4581401001,2026-09-16T07:29:58.000Z,87.76
US4581401001,2026-09-16T09:29:58.000Z,88.28
US4581401001,2026-09-16T11:29:59.000Z,86.82
US4581401001,2026-09-16T13:29:58.000Z,87.895
US4581401001,2026-09-16T15:29:59.000Z,88.495
US4581401001,2026-09-16T17:29:59.000Z,88.065
US4581401001,2026-09-16T19:29:59.000Z,87.185
US4581401001,2026-09-17T07:29:59.000Z,89.435
US4581401001,2026-09-17T09:29:58.000Z,89.865
US4581401001,2026-09-17T11:29:59.000Z,90.66
US4581401001,2026-09-17T13:29:59.000Z,91.02
US4581401001,2026-09-17T15:29:59.000Z,95.665
US4581401001,2026-09-17T17:29:59.000Z,96.775
US4581401001,2026-09-17T19:29:56.000Z,95.495
US4581401001,2026-09-18T05:30:59.000Z,96.365
US4581401001,2026-09-18T07:29:58.000Z,97.535
US4581401001,2026-09-18T09:29:59.000Z,96.87
US4581401001,2026-09-18T11:29:59.000Z,95.65
US4581401001,2026-09-18T13:29:59.000Z,95.66
US4581401001,2026-09-18T15:29:59.000Z,93.645
US4581401001,2026-09-18T17:29:58.000Z,93.15
US4581401001,2026-09-18T19:29:59.000Z,93.505
US4581401001,2026-09-21T05:30:59.000Z,99.645
US4581401001,2026-09-21T07:29:58.000Z,99.43
US4581401001,2026-09-21T09:29:59.000Z,100.35
US4581401001,2026-09-21T11:29:59.000Z,99.585
US4581401001,2026-09-21T13:29:59.000Z,101.39
US4581401001,2026-09-21T15:29:59.000Z,107.94
US4581401001,2026-09-21T17:29:59.000Z,105.91
US4581401001,2026-09-21T19:29:59.000Z,105.61
US4581401001,2026-09-22T05:30:59.000Z,104.72
US4581401001,2026-09-22T07:29:58.000Z,105.39
US4581401001,2026-09-22T09:29:59.000Z,105.66
US4581401001,2026-09-22T11:29:59.000Z,105.25
US4581401001,2026-09-22T13:29:59.000Z,104.85
US4581401001,2026-09-22T15:29:59.000Z,106.17
US4581401001,2026-09-22T17:29:58.000Z,106.44
US4581401001,2026-09-22T19:29:58.000Z,107.29
US4581401001,2026-09-23T05:30:35.000Z,108.44
US4581401001,2026-09-23T07:29:58.000Z,108.8
US4581401001,2026-09-23T09:29:58.000Z,108.4
US4581401001,2026-09-23T11:29:59.000Z,107.43
US4581401001,2026-09-23T13:29:59.000Z,108.47
US4581401001,2026-09-23T15:29:59.000Z,106.31
US4581401001,2026-09-23T17:29:59.000Z,105.65
US4581401001,2026-09-23T19:29:58.000Z,106.79
US4581401001,2026-09-24T05:30:55.000Z,107.11
US4581401001,2026-09-24T07:29:58.000Z,106.19
US4581401001,2026-09-24T09:29:58.000Z,104.18
US4581401001,2026-09-24T11:29:58.000Z,104.67
US4581401001,2026-09-24T13:29:59.000Z,106.17
US4581401001,2026-09-24T15:29:58.000Z,107.8
US4581401001,2026-09-24T17:29:59.000Z,110.48
US4581401001,2026-09-24T19:29:59.000Z,110.82
US4581401001,2026-09-25T05:30:53.000Z,113.15
US4581401001,2026-09-25T07:29:58.000Z,113.92
US4581401001,2026-09-25T09:29:59.000Z,113.61
US4581401001,2026-09-25T11:29:59.000Z,112.95
US4581401001,2026-09-25T13:29:59.000Z,111.29
US4581401001,2026-09-25T15:29:59.000Z,108.53
US4581401001,2026-09-25T17:29:58.000Z,109.35
US4581401001,2026-09-25T19:29:59.000Z,109.22
US4581401001,2026-09-25T20:59:58.956Z,108
US4581401001,2026-09-28T05:30:46.000Z,104.73
US4581401001,2026-09-28T07:29:59.000Z,104.68
US4581401001,2026-09-28T09:29:58.000Z,104.05
US4581401001,2026-09-28T11:29:59.000Z,104.81
US4581401001,2026-09-28T13:29:59.000Z,106.19
US4581401001,2026-09-28T15:29:59.000Z,101.25
US4581401001,2026-09-28T17:29:58.000Z,101.84
US4581401001,2026-09-28T19:20:46.870Z,101.69
US4824801009,2026-08-25T05:30:16.000Z,158.29
US4824801009,2026-08-25T07:29:34.000Z,158.37
US4824801009,2026-08-25T09:29:57.000Z,158.87
US4824801009,2026-08-25T11:29:53.000Z,159.52
US4824801009,2026-08-25T13:29:59.000Z,158.61
US4824801009,2026-08-25T15:29:59.000Z,156.57
US4824801009,2026-08-25T17:29:57.000Z,156.24
US4824801009,2026-08-25T19:29:59.000Z,156.38
US4824801009,2026-08-26T05:30:50.000Z,157.09
US4824801009,2026-08-26T07:29:57.000Z,156.68
US4824801009,2026-08-26T09:29:50.000Z,157
US4824801009,2026-08-26T11:29:56.000Z,157.55
US4824801009,2026-08-26T13:29:46.000Z,157.3
US4824801009,2026-08-26T15:29:59.000Z,156.6
US4824801009,2026-08-26T17:29:51.000Z,156.94
US4824801009,2026-08-26T19:29:57.000Z,157.65
US4824801009,2026-08-27T05:30:59.000Z,160.77
US4824801009,2026-08-27T07:29:53.000Z,161.83
US4824801009,2026-08-27T09:29:45.000Z,162.75
US4824801009,2026-08-27T11:29:40.000Z,162.24
US4824801009,2026-08-27T13:29:49.000Z,159.29
US4824801009,2026-08-27T15:29:57.000Z,156.91
US4824801009,2026-08-27T17:29:58.000Z,156.95
US4824801009,2026-08-27T19:29:59.000Z,156.56
US4824801009,2026-08-28T05:30:55.000Z,156.52
US4824801009,2026-08-28T07:29:58.000Z,157.47
US4824801009,2026-08-28T09:29:32.000Z,156.56
US4824801009,2026-08-28T11:29:56.000Z,157.16
US4824801009,2026-08-28T13:29:59.000Z,156.93
US4824801009,2026-08-28T15:29:59.000Z,154.77
US4824801009,2026-08-28T17:29:59.000Z,151.65
US4824801009,2026-08-28T19:29:58.000Z,152
US4824801009,2026-08-31T05:30:58.000Z,151.77
US4824801009,2026-08-31T07:29:47.000Z,152.49
US4824801009,2026-08-31T09:28:00.000Z,152.48
US4824801009,2026-08-31T11:29:57.000Z,152.16
US4824801009,2026-08-31T13:29:57.000Z,151.94
US4824801009,2026-08-31T15:29:54.000Z,150.07
US4824801009,2026-08-31T17:29:54.000Z,150.69
US4824801009,2026-08-31T19:29:58.000Z,150.89
US4824801009,2026-09-01T05:30:51.000Z,150.87
US4824801009,2026-09-01T07:29:56.000Z,152.17
US4824801009,2026-09-01T09:28:34.000Z,148.37
US4824801009,2026-09-01T11:29:59.000Z,148.49
US4824801009,2026-09-01T13:29:59.000Z,148.4
US4824801009,2026-09-01T15:29:59.000Z,146.56
US4824801009,2026-09-01T17:29:59.000Z,146.44
US4824801009,2026-09-01T19:29:59.000Z,146.79
US4824801009,2026-09-02T05:30:54.000Z,147.53
US4824801009,2026-09-02T07:29:53.000Z,147.47
US4824801009,2026-09-02T09:29:53.000Z,145.92
US4824801009,2026-09-02T11:29:58.000Z,146.61
US4824801009,2026-09-02T13:29:58.000Z,147.49
US4824801009,2026-09-02T15:29:57.000Z,147.51
US4824801009,2026-09-02T17:29:59.000Z,148.3
US4824801009,2026-09-02T19:29:59.000Z,148.68
US4824801009,2026-09-03T05:30:59.000Z,148.03
US4824801009,2026-09-03T07:29:55.000Z,148.07
US4824801009,2026-09-03T09:29:47.000Z,147.46
US4824801009,2026-09-03T11:29:40.000Z,146.79
US4824801009,2026-09-03T13:29:58.000Z,145.93
US4824801009,2026-09-03T15:29:59.000Z,148.43
US4824801009,2026-09-03T17:29:57.000Z,148.04
US4824801009,2026-09-03T19:29:56.000Z,148.03
US4824801009,2026-09-04T05:30:58.000Z,150.93
US4824801009,2026-09-04T07:29:00.000Z,151.32
US4824801009,2026-09-04T09:29:58.000Z,152.27
US4824801009,2026-09-04T11:29:39.000Z,153.57
US4824801009,2026-09-04T13:29:58.000Z,153.21
US4824801009,2026-09-04T15:29:59.000Z,159.69
US4824801009,2026-09-04T17:29:58.000Z,159.75
US4824801009,2026-09-04T19:29:57.000Z,158.96
US4824801009,2026-09-07T05:30:54.000Z,159.4
US4824801009,2026-09-07T07:29:00.000Z,161.46
US4824801009,2026-09-07T09:29:59.000Z,160.61
US4824801009,2026-09-07T11:27:45.000Z,161.46
US4824801009,2026-09-07T13:29:58.000Z,161.56
US4824801009,2026-09-07T15:29:55.000Z,161.2
US4824801009,2026-09-07T17:29:52.000Z,160.83
US4824801009,2026-09-07T19:29:09.000Z,160.77
US4824801009,2026-09-08T05:30:50.000Z,162.62
US4824801009,2026-09-08T07:29:59.000Z,162.64
US4824801009,2026-09-08T09:29:58.000Z,161.55
US4824801009,2026-09-08T11:29:45.000Z,162.08
US4824801009,2026-09-08T13:29:59.000Z,163.54
US4824801009,2026-09-08T15:29:59.000Z,162.67
US4824801009,2026-09-08T17:29:55.000Z,162.64
US4824801009,2026-09-08T19:29:59.000Z,160.83
US4824801009,2026-09-09T05:30:48.000Z,162.96
US4824801009,2026-09-09T07:28:23.000Z,163.27
US4824801009,2026-09-09T09:29:40.000Z,162.73
US4824801009,2026-09-09T11:29:59.000Z,159.84
US4824801009,2026-09-09T13:29:58.000Z,161.03
US4824801009,2026-09-09T15:29:58.000Z,155.72
US4824801009,2026-09-09T17:29:59.000Z,156.44
US4824801009,2026-09-09T19:29:59.000Z,157.19
US4824801009,2026-09-10T05:30:59.000Z,157.23
US4824801009,2026-09-10T07:29:56.000Z,156.49
US4824801009,2026-09-10T09:29:25.000Z,155.44
US4824801009,2026-09-10T11:29:58.000Z,154.29
US4824801009,2026-09-10T13:29:53.000Z,152.17
US4824801009,2026-09-10T15:29:59.000Z,154.91
US4824801009,2026-09-10T17:29:59.000Z,152.93
US4824801009,2026-09-10T19:29:58.000Z,153.05
US4824801009,2026-09-11T05:30:57.000Z,152.29
US4824801009,2026-09-11T07:29:43.000Z,154.17
US4824801009,2026-09-11T09:29:14.000Z,155.02
US4824801009,2026-09-11T11:29:54.000Z,154.97
US4824801009,2026-09-11T13:29:58.000Z,156.69
US4824801009,2026-09-11T15:29:57.000Z,156.9
US4824801009,2026-09-11T17:29:56.000Z,156.38
US4824801009,2026-09-11T19:29:59.000Z,155.16
US4824801009,2026-09-14T05:30:15.000Z,150.82
US4824801009,2026-09-14T07:29:56.000Z,149.66
US4824801009,2026-09-14T09:29:11.000Z,147.56
US4824801009,2026-09-14T11:29:54.000Z,146.88
US4824801009,2026-09-14T13:29:59.000Z,145.26
US4824801009,2026-09-14T15:29:58.000Z,147.38
US4824801009,2026-09-14T17:29:59.000Z,146.64
US4824801009,2026-09-14T19:29:59.000Z,147.38
US4824801009,2026-09-15T05:30:28.000Z,146.47
US4824801009,2026-09-15T07:29:52.000Z,147.86
US4824801009,2026-09-15T09:29:53.000Z,146.94
US4824801009,2026-09-15T11:29:44.000Z,148.62
US4824801009,2026-09-15T13:29:56.000Z,148.75
US4824801009,2026-09-15T15:29:59.000Z,144.61
US4824801009,2026-09-15T17:29:59.000Z,144.16
US4824801009,2026-09-15T19:29:58.000Z,145.3
US4824801009,2026-09-16T05:30:27.000Z,146.12
US4824801009,2026-09-16T07:29:58.000Z,147.94
US4824801009,2026-09-16T09:29:59.000Z,148
US4824801009,2026-09-16T11:29:47.000Z,148.01
US4824801009,2026-09-16T13:29:59.000Z,148.79
US4824801009,2026-09-16T15:29:59.000Z,148.06
US4824801009,2026-09-16T17:29:57.000Z,147.34
US4824801009,2026-09-16T19:29:59.000Z,145.27
US4824801009,2026-09-17T07:29:37.000Z,147.93
US4824801009,2026-09-17T09:29:53.000Z,149.08
US4824801009,2026-09-17T11:29:33.000Z,149.73
US4824801009,2026-09-17T13:29:59.000Z,150.91
US4824801009,2026-09-17T15:29:59.000Z,146.55
US4824801009,2026-09-17T17:29:55.000Z,147.13
US4824801009,2026-09-17T19:29:59.000Z,147.28
US4824801009,2026-09-18T05:30:44.000Z,146.96
US4824801009,2026-09-18T07:29:55.000Z,149.44
US4824801009,2026-09-18T09:29:57.000Z,148.75
US4824801009,2026-09-18T11:28:59.000Z,147.9
US4824801009,2026-09-18T13:29:59.000Z,148.88
US4824801009,2026-09-18T15:29:58.000Z,151.06
US4824801009,2026-09-18T17:29:58.000Z,151.61
US4824801009,2026-09-18T19:29:53.000Z,151.29
US4824801009,2026-09-21T05:30:59.000Z,155.21
US4824801009,2026-09-21T07:29:13.000Z,156.17
US4824801009,2026-09-21T09:29:58.000Z,158.12
US4824801009,2026-09-21T11:29:25.000Z,157.63
US4824801009,2026-09-21T13:29:48.000Z,156.13
US4824801009,2026-09-21T15:29:58.000Z,159.32
US4824801009,2026-09-21T17:29:58.000Z,160.06
US4824801009,2026-09-21T19:29:59.000Z,161.01
US4824801009,2026-09-22T05:30:52.000Z,159.18
US4824801009,2026-09-22T07:29:59.000Z,159.19
US4824801009,2026-09-22T09:29:57.000Z,159.18
US4824801009,2026-09-22T11:29:37.000Z,158.95
US4824801009,2026-09-22T13:29:59.000Z,157.66
US4824801009,2026-09-22T15:29:58.000Z,161.3
US4824801009,2026-09-22T17:29:58.000Z,162.43
US4824801009,2026-09-22T19:29:59.000Z,163
US4824801009,2026-09-23T05:30:59.000Z,164.13
US4824801009,2026-09-23T07:29:58.000Z,163.95
US4824801009,2026-09-23T09:28:42.000Z,163.78
US4824801009,2026-09-23T11:29:59.000Z,161.73
US4824801009,2026-09-23T13:29:58.000Z,163.17
US4824801009,2026-09-23T15:29:59.000Z,163.99
US4824801009,2026-09-23T17:29:59.000Z,163.74
US4824801009,2026-09-23T19:29:59.000Z,164.45
US4824801009,2026-09-24T05:30:59.000Z,164.65
US4824801009,2026-09-24T07:29:59.000Z,163.2
US4824801009,2026-09-24T09:29:21.000Z,160.7
US4824801009,2026-09-24T11:29:59.000Z,161.75
US4824801009,2026-09-24T13:29:59.000Z,162.85
US4824801009,2026-09-24T15:29:59.000Z,161.93
US4824801009,2026-09-24T17:29:59.000Z,163.74
US4824801009,2026-09-24T19:29:59.000Z,163.8
US4824801009,2026-09-25T05:30:59.000Z,165.63
US4824801009,2026-09-25T07:29:53.000Z,166.97
US4824801009,2026-09-25T09:29:44.000Z,167.46
US4824801009,2026-09-25T11:29:59.000Z,167.61
US4824801009,2026-09-25T13:29:59.000Z,164.28
US4824801009,2026-09-25T15:29:59.000Z,164.1
US4824801009,2026-09-25T17:29:53.000Z,164.44
US4824801009,2026-09-25T19:29:59.000Z,164.83
US4824801009,2026-09-25T20:59:43.351Z,165.2
US4824801009,2026-09-28T05:30:59.000Z,161.83
US4824801009,2026-09-28T07:29:58.000Z,160.65
US4824801009,2026-09-28T09:29:02.000Z,160.32
US4824801009,2026-09-28T11:29:58.000Z,161.77
US4824801009,2026-09-28T13:29:59.000Z,164.19
US4824801009,2026-09-28T15:29:57.000Z,162.24
US4824801009,2026-09-28T17:29:57.000Z,165.72
US4824801009,2026-09-28T19:20:51.369Z,167.38
US5128073062,2026-08-25T05:30:52.000Z,270.125
US5128073062,2026-08-25T07:29:57.000Z,271.175
US5128073062,2026-08-25T09:29:50.000Z,271.925
US5128073062,2026-08-25T11:29:32.000Z,273.15
US5128073062,2026-08-25T13:29:57.000Z,270.8
US5128073062,2026-08-25T15:29:54.000Z,269.325
US5128073062,2026-08-25T17:29:58.000Z,267.175
US5128073062,2026-08-25T19:29:59.000Z,269.025
US5128073062,2026-08-26T05:30:48.000Z,269.5
US5128073062,2026-08-26T07:29:59.000Z,268.9
US5128073062,2026-08-26T09:29:59.000Z,268.85
US5128073062,2026-08-26T11:29:45.000Z,269.775
US5128073062,2026-08-26T13:29:59.000Z,268.275
US5128073062,2026-08-26T15:29:58.000Z,268.65
US5128073062,2026-08-26T17:29:59.000Z,269.125
US5128073062,2026-08-26T19:29:45.000Z,269.625
US5128073062,2026-08-27T05:30:49.000Z,272.925
US5128073062,2026-08-27T07:29:47.000Z,275.325
US5128073062,2026-08-27T09:29:45.000Z,277.15
US5128073062,2026-08-27T11:29:59.000Z,275.875
US5128073062,2026-08-27T13:29:59.000Z,272.75
US5128073062,2026-08-27T15:29:42.000Z,270.225
US5128073062,2026-08-27T17:29:59.000Z,270.7
US5128073062,2026-08-27T19:29:50.000Z,270.55
US5128073062,2026-08-28T05:30:57.000Z,272.475
US5128073062,2026-08-28T07:29:57.000Z,272.35
US5128073062,2026-08-28T09:29:34.000Z,271.175
US5128073062,2026-08-28T11:29:56.000Z,271.475
US5128073062,2026-08-28T13:29:37.000Z,272.625
US5128073062,2026-08-28T15:29:59.000Z,269.45
US5128073062,2026-08-28T17:29:43.000Z,262.3
US5128073062,2026-08-28T19:29:57.000Z,264.25
US5128073062,2026-08-31T05:30:59.000Z,262
US5128073062,2026-08-31T07:29:59.000Z,264.175
US5128073062,2026-08-31T09:29:10.000Z,263.1
US5128073062,2026-08-31T11:29:58.000Z,262.375
US5128073062,2026-08-31T13:29:58.000Z,261.65
US5128073062,2026-08-31T15:29:55.000Z,258.9
US5128073062,2026-08-31T17:29:54.000Z,259.075
US5128073062,2026-08-31T19:29:50.000Z,258.9
US5128073062,2026-09-01T05:30:59.000Z,259.675
US5128073062,2026-09-01T07:29:59.000Z,261.05
US5128073062,2026-09-01T09:29:48.000Z,254.375
US5128073062,2026-09-01T11:29:10.000Z,254.175
US5128073062,2026-09-01T13:29:59.000Z,253.95
US5128073062,2026-09-01T15:29:58.000Z,252.6
US5128073062,2026-09-01T17:29:58.000Z,249.75
US5128073062,2026-09-01T19:29:57.000Z,250.05
US5128073062,2026-09-02T05:30:54.000Z,249.925
US5128073062,2026-09-02T07:29:57.000Z,249.3
US5128073062,2026-09-02T09:29:07.000Z,248.25
US5128073062,2026-09-02T11:29:46.000Z,247.825
US5128073062,2026-09-02T13:29:59.000Z,251.625
US5128073062,2026-09-02T15:29:59.000Z,247.85
US5128073062,2026-09-02T17:29:59.000Z,248.625
US5128073062,2026-09-02T19:29:55.000Z,248.5
US5128073062,2026-09-03T05:30:58.000Z,246.925
US5128073062,2026-09-03T07:29:59.000Z,248.075
US5128073062,2026-09-03T09:29:59.000Z,246.975
US5128073062,2026-09-03T11:29:50.000Z,245.7
US5128073062,2026-09-03T13:29:14.000Z,244.85
US5128073062,2026-09-03T15:29:59.000Z,248.4
US5128073062,2026-09-03T17:29:46.000Z,247.55
US5128073062,2026-09-03T19:29:42.000Z,250.125
US5128073062,2026-09-04T05:30:58.000Z,256.125
US5128073062,2026-09-04T07:29:41.000Z,255.775
US5128073062,2026-09-04T09:29:24.000Z,257.675
US5128073062,2026-09-04T11:29:57.000Z,259.1
US5128073062,2026-09-04T13:29:57.000Z,260.975
US5128073062,2026-09-04T15:29:57.000Z,260.025
US5128073062,2026-09-04T17:29:55.000Z,260.675
US5128073062,2026-09-04T19:29:53.000Z,261.05
US5128073062,2026-09-07T05:30:43.000Z,262.775
US5128073062,2026-09-07T07:29:56.000Z,267.625
US5128073062,2026-09-07T09:28:55.000Z,267.7
US5128073062,2026-09-07T11:28:45.000Z,266.575
US5128073062,2026-09-07T13:26:16.000Z,264.525
US5128073062,2026-09-07T15:28:28.000Z,265.2
US5128073062,2026-09-07T17:21:09.000Z,268.7
US5128073062,2026-09-07T19:29:35.000Z,269.45
US5128073062,2026-09-08T05:30:59.000Z,271.875
US5128073062,2026-09-08T07:29:59.000Z,269.375
US5128073062,2026-09-08T09:29:58.000Z,267.9
US5128073062,2026-09-08T11:29:55.000Z,268.45
US5128073062,2026-09-08T13:29:59.000Z,269.675
US5128073062,2026-09-08T15:29:59.000Z,275.55
US5128073062,2026-09-08T17:29:45.000Z,275.475
US5128073062,2026-09-08T19:29:57.000Z,276.025
US5128073062,2026-09-09T05:30:59.000Z,278.125
US5128073062,2026-09-09T07:29:57.000Z,277.425
US5128073062,2026-09-09T09:29:55.000Z,276.475
US5128073062,2026-09-09T11:29:59.000Z,271.975
US5128073062,2026-09-09T13:29:59.000Z,274.425
US5128073062,2026-09-09T15:29:57.000Z,269.375
US5128073062,2026-09-09T17:29:59.000Z,271.175
US5128073062,2026-09-09T19:29:59.000Z,270.925
US5128073062,2026-09-10T05:30:59.000Z,271.35
US5128073062,2026-09-10T07:29:58.000Z,270.325
US5128073062,2026-09-10T09:29:46.000Z,268.525
US5128073062,2026-09-10T11:29:47.000Z,266.55
US5128073062,2026-09-10T13:29:58.000Z,261.05
US5128073062,2026-09-10T15:29:35.000Z,261.8
US5128073062,2026-09-10T17:29:35.000Z,258.7
US5128073062,2026-09-10T19:29:51.000Z,258.625
US5128073062,2026-09-11T05:30:46.000Z,256.55
US5128073062,2026-09-11T07:29:56.000Z,258.975
US5128073062,2026-09-11T09:29:44.000Z,260.075
US5128073062,2026-09-11T11:29:02.000Z,260.675
US5128073062,2026-09-11T13:29:58.000Z,261.4
US5128073062,2026-09-11T15:29:16.000Z,259.325
US5128073062,2026-09-11T17:29:50.000Z,259.7
US5128073062,2026-09-11T19:29:59.000Z,257.825
US5128073062,2026-09-14T05:30:02.000Z,249.125
US5128073062,2026-09-14T07:29:54.000Z,246.85
US5128073062,2026-09-14T09:28:43.000Z,241.575
US5128073062,2026-09-14T11:29:34.000Z,240.525
US5128073062,2026-09-14T13:29:58.000Z,238.2
US5128073062,2026-09-14T15:29:58.000Z,240.15
US5128073062,2026-09-14T17:29:59.000Z,238.625
US5128073062,2026-09-14T19:29:59.000Z,238.875
US5128073062,2026-09-15T05:30:13.000Z,238.725
US5128073062,2026-09-15T07:29:59.000Z,239.275
US5128073062,2026-09-15T09:29:49.000Z,237.4
US5128073062,2026-09-15T11:29:13.000Z,241.2
US5128073062,2026-09-15T13:29:56.000Z,241.4
US5128073062,2026-09-15T15:29:58.000Z,231.75
US5128073062,2026-09-15T17:29:56.000Z,231.825
US5128073062,2026-09-15T19:29:59.000Z,233.625
US5128073062,2026-09-16T05:30:28.000Z,236.45
US5128073062,2026-09-16T07:29:00.000Z,238.825
US5128073062,2026-09-16T09:29:20.000Z,239.2
US5128073062,2026-09-16T11:29:57.000Z,239.225
US5128073062,2026-09-16T13:29:35.000Z,239.825
US5128073062,2026-09-16T15:29:28.000Z,237.9
US5128073062,2026-09-16T17:29:43.000Z,234.9
US5128073062,2026-09-16T19:29:59.000Z,232.85
US5128073062,2026-09-17T07:29:37.000Z,239.25
US5128073062,2026-09-17T09:29:49.000Z,240.3
US5128073062,2026-09-17T11:29:56.000Z,240.825
US5128073062,2026-09-17T13:29:55.000Z,243.75
US5128073062,2026-09-17T15:29:57.000Z,234.075
US5128073062,2026-09-17T17:29:35.000Z,233.95
US5128073062,2026-09-17T19:29:53.000Z,234.425
US5128073062,2026-09-18T05:30:53.000Z,234.825
US5128073062,2026-09-18T07:29:58.000Z,239.05
US5128073062,2026-09-18T09:29:08.000Z,237.475
US5128073062,2026-09-18T11:29:33.000Z,236.4
US5128073062,2026-09-18T13:29:59.000Z,238.7
US5128073062,2026-09-18T15:29:59.000Z,246.55
US5128073062,2026-09-18T17:29:58.000Z,246.225
US5128073062,2026-09-18T19:29:52.000Z,247.1
US5128073062,2026-09-21T05:30:59.000Z,253.375
US5128073062,2026-09-21T07:29:42.000Z,255.525
US5128073062,2026-09-21T09:29:59.000Z,257.85
US5128073062,2026-09-21T11:29:44.000Z,256.35
US5128073062,2026-09-21T13:29:47.000Z,254.775
US5128073062,2026-09-21T15:29:56.000Z,261.025
US5128073062,2026-09-21T17:29:58.000Z,262.2
US5128073062,2026-09-21T19:29:50.000Z,264.85
US5128073062,2026-09-22T05:30:19.000Z,264.2
US5128073062,2026-09-22T07:29:59.000Z,261.375
US5128073062,2026-09-22T09:29:21.000Z,259.65
US5128073062,2026-09-22T11:28:57.000Z,261.8
US5128073062,2026-09-22T13:29:59.000Z,259.1
US5128073062,2026-09-22T15:29:59.000Z,264.825
US5128073062,2026-09-22T17:29:58.000Z,268.825
US5128073062,2026-09-22T19:29:48.000Z,269.25
US5128073062,2026-09-23T05:30:45.000Z,271.275
US5128073062,2026-09-23T07:29:59.000Z,271.725
US5128073062,2026-09-23T09:29:32.000Z,269.975
US5128073062,2026-09-23T11:29:50.000Z,267.15
US5128073062,2026-09-23T13:29:57.000Z,269.425
US5128073062,2026-09-23T15:29:43.000Z,268.975
US5128073062,2026-09-23T17:29:45.000Z,268.425
US5128073062,2026-09-23T19:29:57.000Z,269.65
US5128073062,2026-09-24T05:30:53.000Z,269.35
US5128073062,2026-09-24T07:29:59.000Z,266.775
US5128073062,2026-09-24T09:28:50.000Z,263.475
US5128073062,2026-09-24T11:29:52.000Z,264.525
US5128073062,2026-09-24T13:29:59.000Z,265.55
US5128073062,2026-09-24T15:29:48.000Z,264.075
US5128073062,2026-09-24T17:29:47.000Z,266.25
US5128073062,2026-09-24T19:29:58.000Z,267.7
US5128073062,2026-09-25T05:30:20.000Z,272.275
US5128073062,2026-09-25T07:29:54.000Z,273.975
US5128073062,2026-09-25T09:29:55.000Z,274.9
US5128073062,2026-09-25T11:29:26.000Z,275.05
US5128073062,2026-09-25T13:29:59.000Z,272.35
US5128073062,2026-09-25T15:29:59.000Z,273.7
US5128073062,2026-09-25T17:29:54.000Z,276.075
US5128073062,2026-09-25T19:29:59.000Z,276.625
US5128073062,2026-09-25T20:56:47.584Z,276.9
US5128073062,2026-09-28T05:30:40.000Z,270.775
US5128073062,2026-09-28T07:29:48.000Z,269.9
US5128073062,2026-09-28T09:29:59.000Z,268.175
US5128073062,2026-09-28T11:29:57.000Z,270.875
US5128073062,2026-09-28T13:29:40.000Z,275.975
US5128073062,2026-09-28T15:29:59.000Z,270.475
US5128073062,2026-09-28T17:29:50.000Z,276.025
US5128073062,2026-09-28T19:20:42.760Z,277.075
US5324571083,2026-08-25T05:30:58.000Z,1070.1
US5324571083,2026-08-25T07:29:36.000Z,1070.9
US5324571083,2026-08-25T09:28:51.000Z,1069.6
US5324571083,2026-08-25T11:29:51.000Z,1070.1
US5324571083,2026-08-25T13:29:53.000Z,1068.8
US5324571083,2026-08-25T15:29:58.000Z,1081.6
US5324571083,2026-08-25T17:29:45.000Z,1069.5
US5324571083,2026-08-25T19:29:57.000Z,1063.4
US5324571083,2026-08-26T05:30:16.000Z,1058.5
US5324571083,2026-08-26T07:29:05.000Z,1058.3
US5324571083,2026-08-26T09:29:34.000Z,1060.2
US5324571083,2026-08-26T11:29:58.000Z,1056.4
US5324571083,2026-08-26T13:29:04.000Z,1060.7
US5324571083,2026-08-26T15:29:55.000Z,1035.7
US5324571083,2026-08-26T17:28:40.000Z,1028.2
US5324571083,2026-08-26T19:29:57.000Z,1023.4
US5324571083,2026-08-27T05:30:54.000Z,1021.8
US5324571083,2026-08-27T07:28:36.000Z,1020.9
US5324571083,2026-08-27T09:29:59.000Z,1017.9
US5324571083,2026-08-27T11:29:16.000Z,1021.6
US5324571083,2026-08-27T13:29:59.000Z,1015.5
US5324571083,2026-08-27T15:29:54.000Z,1013.2
US5324571083,2026-08-27T17:29:59.000Z,1019.2
US5324571083,2026-08-27T19:29:56.000Z,1005.9
US5324571083,2026-08-28T05:30:11.000Z,1009.9
US5324571083,2026-08-28T07:29:59.000Z,1012.1
US5324571083,2026-08-28T09:29:57.000Z,1011.7
US5324571083,2026-08-28T11:29:49.000Z,1017
US5324571083,2026-08-28T13:29:59.000Z,1008.8
US5324571083,2026-08-28T15:29:50.000Z,1010.7
US5324571083,2026-08-28T17:29:54.000Z,1006.4
US5324571083,2026-08-28T19:29:59.000Z,1005.1
US5324571083,2026-08-31T05:30:55.000Z,1012.2
US5324571083,2026-08-31T07:29:59.000Z,1009.3
US5324571083,2026-08-31T09:29:13.000Z,1010
US5324571083,2026-08-31T11:29:59.000Z,1009.5
US5324571083,2026-08-31T13:29:22.000Z,1010.3
US5324571083,2026-08-31T15:29:52.000Z,996.05
US5324571083,2026-08-31T17:29:50.000Z,996.7
US5324571083,2026-08-31T19:29:52.000Z,998
US5324571083,2026-09-01T05:30:18.000Z,997.95
US5324571083,2026-09-01T07:29:42.000Z,999.25
US5324571083,2026-09-01T09:28:45.000Z,998.35
US5324571083,2026-09-01T11:29:20.000Z,1002.8
US5324571083,2026-09-01T13:29:59.000Z,1023.6
US5324571083,2026-09-01T15:29:59.000Z,1013.9
US5324571083,2026-09-01T17:29:51.000Z,1002.9
US5324571083,2026-09-01T19:29:54.000Z,999.45
US5324571083,2026-09-02T05:30:59.000Z,1001.9
US5324571083,2026-09-02T07:29:02.000Z,1008
US5324571083,2026-09-02T09:29:17.000Z,1004.6
US5324571083,2026-09-02T11:29:58.000Z,1004.4
US5324571083,2026-09-02T13:29:57.000Z,1004
US5324571083,2026-09-02T15:29:53.000Z,1012
US5324571083,2026-09-02T17:29:44.000Z,1001.6
US5324571083,2026-09-02T19:29:58.000Z,1005
US5324571083,2026-09-03T05:30:51.000Z,1002
US5324571083,2026-09-03T07:29:58.000Z,1004.8
US5324571083,2026-09-03T09:29:13.000Z,1005
US5324571083,2026-09-03T11:29:14.000Z,1005
US5324571083,2026-09-03T13:29:57.000Z,1004.9
US5324571083,2026-09-03T15:29:59.000Z,991.25
US5324571083,2026-09-03T17:29:55.000Z,997.05
US5324571083,2026-09-03T19:29:59.000Z,995.1
US5324571083,2026-09-04T05:30:55.000Z,998.15
US5324571083,2026-09-04T07:29:50.000Z,996.1
US5324571083,2026-09-04T09:29:59.000Z,996.3
US5324571083,2026-09-04T11:29:55.000Z,996.8
US5324571083,2026-09-04T13:29:58.000Z,993.65
US5324571083,2026-09-04T15:29:59.000Z,984.05
US5324571083,2026-09-04T17:29:52.000Z,984.9
US5324571083,2026-09-04T19:29:55.000Z,984.2
US5324571083,2026-09-07T05:30:58.000Z,987.35
US5324571083,2026-09-07T07:29:59.000Z,985.6
US5324571083,2026-09-07T09:29:59.000Z,984.8
US5324571083,2026-09-07T11:29:41.000Z,986.35
US5324571083,2026-09-07T13:29:22.000Z,987.65
US5324571083,2026-09-07T15:29:36.000Z,989.35
US5324571083,2026-09-07T17:24:12.000Z,990.15
US5324571083,2026-09-07T19:29:09.000Z,991.15
US5324571083,2026-09-08T05:30:51.000Z,985.45
US5324571083,2026-09-08T07:29:59.000Z,984.7
US5324571083,2026-09-08T09:29:46.000Z,986.3
US5324571083,2026-09-08T11:29:52.000Z,983.65
US5324571083,2026-09-08T13:29:59.000Z,974.7
US5324571083,2026-09-08T15:29:58.000Z,962.5
US5324571083,2026-09-08T17:29:58.000Z,969.8
US5324571083,2026-09-08T19:29:57.000Z,966.9
US5324571083,2026-09-09T05:30:47.000Z,967.85
US5324571083,2026-09-09T07:29:59.000Z,967.05
US5324571083,2026-09-09T09:29:01.000Z,968.4
US5324571083,2026-09-09T11:29:59.000Z,966.4
US5324571083,2026-09-09T13:29:47.000Z,969.45
US5324571083,2026-09-09T15:29:58.000Z,969.45
US5324571083,2026-09-09T17:29:55.000Z,967.5
US5324571083,2026-09-09T19:29:57.000Z,967.1
US5324571083,2026-09-10T05:30:55.000Z,969.55
US5324571083,2026-09-10T07:29:59.000Z,971.4
US5324571083,2026-09-10T09:29:59.000Z,971.55
US5324571083,2026-09-10T11:29:55.000Z,970.35
US5324571083,2026-09-10T13:29:59.000Z,975.2
US5324571083,2026-09-10T15:29:59.000Z,970.05
US5324571083,2026-09-10T17:29:58.000Z,969.45
US5324571083,2026-09-10T19:29:54.000Z,967.95
US5324571083,2026-09-11T05:30:58.000Z,970.1
US5324571083,2026-09-11T07:29:44.000Z,971.45
US5324571083,2026-09-11T09:29:54.000Z,972.1
US5324571083,2026-09-11T11:29:57.000Z,973.05
US5324571083,2026-09-11T13:29:57.000Z,973.75
US5324571083,2026-09-11T15:29:58.000Z,965.65
US5324571083,2026-09-11T17:29:54.000Z,967.2
US5324571083,2026-09-11T19:29:59.000Z,964.3
US5324571083,2026-09-14T05:30:55.000Z,969.65
US5324571083,2026-09-14T07:29:59.000Z,976.85
US5324571083,2026-09-14T09:29:32.000Z,977.8
US5324571083,2026-09-14T11:29:11.000Z,973.85
US5324571083,2026-09-14T13:29:57.000Z,991.5
US5324571083,2026-09-14T15:29:55.000Z,992.3
US5324571083,2026-09-14T17:29:48.000Z,990.9
US5324571083,2026-09-14T19:29:57.000Z,986.15
US5324571083,2026-09-15T05:30:49.000Z,993.95
US5324571083,2026-09-15T07:28:27.000Z,993.85
US5324571083,2026-09-15T09:29:43.000Z,998.1
US5324571083,2026-09-15T11:29:57.000Z,998.9
US5324571083,2026-09-15T13:29:59.000Z,1000.1
US5324571083,2026-09-15T15:29:58.000Z,993
US5324571083,2026-09-15T17:29:50.000Z,989
US5324571083,2026-09-15T19:29:27.000Z,981.15
US5324571083,2026-09-16T05:30:05.000Z,985.95
US5324571083,2026-09-16T07:29:08.000Z,985.1
US5324571083,2026-09-16T09:29:58.000Z,987.4
US5324571083,2026-09-16T11:29:58.000Z,989
US5324571083,2026-09-16T13:29:58.000Z,989.3
US5324571083,2026-09-16T15:29:58.000Z,990.8
US5324571083,2026-09-16T17:29:59.000Z,989.9
US5324571083,2026-09-16T19:29:58.000Z,989.6
US5324571083,2026-09-17T07:29:17.000Z,995.3
US5324571083,2026-09-17T09:29:53.000Z,999
US5324571083,2026-09-17T11:29:42.000Z,997.75
US5324571083,2026-09-17T13:29:54.000Z,1000.1
US5324571083,2026-09-17T15:29:54.000Z,995.95
US5324571083,2026-09-17T17:29:03.000Z,997.35
US5324571083,2026-09-17T19:29:57.000Z,999
US5324571083,2026-09-18T05:30:58.000Z,1005.3
US5324571083,2026-09-18T07:29:56.000Z,1005.3
US5324571083,2026-09-18T09:29:32.000Z,1002.7
US5324571083,2026-09-18T11:29:41.000Z,1003
US5324571083,2026-09-18T13:29:59.000Z,1003.6
US5324571083,2026-09-18T15:29:50.000Z,1000.7
US5324571083,2026-09-18T17:29:58.000Z,995.2
US5324571083,2026-09-18T19:29:44.000Z,1003.2
US5324571083,2026-09-21T05:30:42.000Z,1006.3
US5324571083,2026-09-21T07:29:59.000Z,1005.8
US5324571083,2026-09-21T09:29:58.000Z,999.9
US5324571083,2026-09-21T11:29:56.000Z,995.45
US5324571083,2026-09-21T13:29:59.000Z,995.85
US5324571083,2026-09-21T15:29:51.000Z,1016.1
US5324571083,2026-09-21T17:29:56.000Z,1018.2
US5324571083,2026-09-21T19:29:50.000Z,1014.5
US5324571083,2026-09-22T05:30:55.000Z,1015.5
US5324571083,2026-09-22T07:29:10.000Z,1017
US5324571083,2026-09-22T09:29:55.000Z,1009.7
US5324571083,2026-09-22T11:29:59.000Z,996.35
US5324571083,2026-09-22T13:29:35.000Z,1002.7
US5324571083,2026-09-22T15:29:58.000Z,1031.2
US5324571083,2026-09-22T17:29:57.000Z,1023
US5324571083,2026-09-22T19:29:35.000Z,1021.3
US5324571083,2026-09-23T05:30:34.000Z,1025.8
US5324571083,2026-09-23T07:29:48.000Z,1026.3
US5324571083,2026-09-23T09:29:35.000Z,1029.3
US5324571083,2026-09-23T11:29:21.000Z,1027.7
US5324571083,2026-09-23T13:29:59.000Z,1032.7
US5324571083,2026-09-23T15:29:57.000Z,1016.6
US5324571083,2026-09-23T17:29:58.000Z,1009.6
US5324571083,2026-09-23T19:29:47.000Z,1014.6
US5324571083,2026-09-24T05:30:59.000Z,1011.3
US5324571083,2026-09-24T07:29:56.000Z,1010.1
US5324571083,2026-09-24T09:29:21.000Z,1010.3
US5324571083,2026-09-24T11:29:49.000Z,1014.9
US5324571083,2026-09-24T13:29:58.000Z,1019.9
US5324571083,2026-09-24T15:29:59.000Z,1046.5
US5324571083,2026-09-24T17:29:58.000Z,1043.6
US5324571083,2026-09-24T19:29:57.000Z,1047
US5324571083,2026-09-25T05:30:53.000Z,1040.1
US5324571083,2026-09-25T07:27:47.000Z,1040.7
US5324571083,2026-09-25T09:29:59.000Z,1040.8
US5324571083,2026-09-25T11:29:52.000Z,1037.3
US5324571083,2026-09-25T13:29:48.000Z,1040.1
US5324571083,2026-09-25T15:29:39.000Z,1021.8
US5324571083,2026-09-25T17:29:36.000Z,1029
US5324571083,2026-09-25T19:29:59.000Z,1038.7
US5324571083,2026-09-25T20:59:57.550Z,1039.4
US5324571083,2026-09-28T05:30:52.000Z,1040.8
US5324571083,2026-09-28T07:29:56.000Z,1043.1
US5324571083,2026-09-28T09:29:45.000Z,1044.1
US5324571083,2026-09-28T11:29:59.000Z,1043.7
US5324571083,2026-09-28T13:29:59.000Z,1043.7
US5324571083,2026-09-28T15:29:59.000Z,1044.5
US5324571083,2026-09-28T17:29:51.000Z,1043.9
US5324571083,2026-09-28T19:20:35.729Z,1045.1
US55024U1097,2026-08-25T05:30:48.000Z,726.95
US55024U1097,2026-08-25T07:29:57.000Z,727.85
US55024U1097,2026-08-25T09:29:58.000Z,728
US55024U1097,2026-08-25T11:29:58.000Z,731.85
US55024U1097,2026-08-25T13:29:59.000Z,735.3
US55024U1097,2026-08-25T15:29:58.000Z,742.5
US55024U1097,2026-08-25T17:29:58.000Z,734
US55024U1097,2026-08-25T19:29:59.000Z,751.7
US55024U1097,2026-08-26T05:30:51.000Z,754.4
US55024U1097,2026-08-26T07:29:59.000Z,749.75
US55024U1097,2026-08-26T09:29:59.000Z,751.35
US55024U1097,2026-08-26T11:29:59.000Z,756.6
US55024U1097,2026-08-26T13:29:58.000Z,755.1
US55024U1097,2026-08-26T15:29:59.000Z,784
US55024U1097,2026-08-26T17:29:56.000Z,799.3
US55024U1097,2026-08-26T19:29:54.000Z,809.5
US55024U1097,2026-08-27T05:30:58.000Z,823.05
US55024U1097,2026-08-27T07:29:58.000Z,832
US55024U1097,2026-08-27T09:29:59.000Z,831.25
US55024U1097,2026-08-27T11:29:59.000Z,828.75
US55024U1097,2026-08-27T13:29:58.000Z,823.7
US55024U1097,2026-08-27T15:29:44.000Z,793.1
US55024U1097,2026-08-27T17:29:59.000Z,803.8
US55024U1097,2026-08-27T19:29:58.000Z,817.85
US55024U1097,2026-08-28T05:30:58.000Z,803.8
US55024U1097,2026-08-28T07:29:50.000Z,800.5
US55024U1097,2026-08-28T09:29:49.000Z,802.55
US55024U1097,2026-08-28T11:29:59.000Z,805.1
US55024U1097,2026-08-28T13:29:59.000Z,807.05
US55024U1097,2026-08-28T15:29:59.000Z,791.35
US55024U1097,2026-08-28T17:29:59.000Z,776.45
US55024U1097,2026-08-28T19:29:57.000Z,778.35
US55024U1097,2026-08-31T05:30:39.000Z,770.05
US55024U1097,2026-08-31T07:29:28.000Z,775.95
US55024U1097,2026-08-31T09:29:54.000Z,775.35
US55024U1097,2026-08-31T11:29:56.000Z,774.1
US55024U1097,2026-08-31T13:29:54.000Z,772.15
US55024U1097,2026-08-31T15:29:56.000Z,780.45
US55024U1097,2026-08-31T17:29:58.000Z,780.05
US55024U1097,2026-08-31T19:29:55.000Z,777.6
US55024U1097,2026-09-01T05:30:58.000Z,786.9
US55024U1097,2026-09-01T07:29:59.000Z,796.2
US55024U1097,2026-09-01T09:29:38.000Z,775.75
US55024U1097,2026-09-01T11:29:58.000Z,774.8
US55024U1097,2026-09-01T13:29:58.000Z,776
US55024U1097,2026-09-01T15:29:58.000Z,749.6
US55024U1097,2026-09-01T17:29:50.000Z,747.3
US55024U1097,2026-09-01T19:29:57.000Z,753
US55024U1097,2026-09-02T05:30:51.000Z,747.7
US55024U1097,2026-09-02T07:29:59.000Z,744.35
US55024U1097,2026-09-02T09:29:59.000Z,736
US55024U1097,2026-09-02T11:29:59.000Z,738.25
US55024U1097,2026-09-02T13:29:57.000Z,746.95
US55024U1097,2026-09-02T15:29:59.000Z,740.75
US55024U1097,2026-09-02T17:29:58.000Z,740.75
US55024U1097,2026-09-02T19:29:58.000Z,742.7
US55024U1097,2026-09-03T05:30:34.000Z,744.05
US55024U1097,2026-09-03T07:29:56.000Z,749.45
US55024U1097,2026-09-03T09:29:59.000Z,747.7
US55024U1097,2026-09-03T11:29:59.000Z,745.85
US55024U1097,2026-09-03T13:29:58.000Z,751.8
US55024U1097,2026-09-03T15:29:59.000Z,736.1
US55024U1097,2026-09-03T17:29:59.000Z,731.9
US55024U1097,2026-09-03T19:29:59.000Z,728.35
US55024U1097,2026-09-04T05:30:53.000Z,737.15
US55024U1097,2026-09-04T07:29:29.000Z,737.95
US55024U1097,2026-09-04T09:29:51.000Z,742.05
US55024U1097,2026-09-04T11:29:54.000Z,747.15
US55024U1097,2026-09-04T13:29:57.000Z,740.95
US55024U1097,2026-09-04T15:29:59.000Z,747.85
US55024U1097,2026-09-04T17:29:57.000Z,760.05
US55024U1097,2026-09-04T19:29:56.000Z,752.6
US55024U1097,2026-09-07T05:30:18.000Z,759.5
US55024U1097,2026-09-07T07:29:16.000Z,764.65
US55024U1097,2026-09-07T09:28:09.000Z,764.65
US55024U1097,2026-09-07T11:29:48.000Z,765.55
US55024U1097,2026-09-07T13:24:51.000Z,769.6
US55024U1097,2026-09-07T15:27:01.000Z,768.6
US55024U1097,2026-09-07T17:27:29.000Z,767.95
US55024U1097,2026-09-07T19:29:09.000Z,767.95
US55024U1097,2026-09-08T05:30:58.000Z,777
US55024U1097,2026-09-08T07:29:58.000Z,774.25
US55024U1097,2026-09-08T09:29:59.000Z,758.75
US55024U1097,2026-09-08T11:29:59.000Z,757.2
US55024U1097,2026-09-08T13:29:58.000Z,773.1
US55024U1097,2026-09-08T15:29:59.000Z,848.05
US55024U1097,2026-09-08T17:29:59.000Z,848.65
US55024U1097,2026-09-08T19:29:59.000Z,846.25
US55024U1097,2026-09-09T05:30:55.000Z,841.55
US55024U1097,2026-09-09T07:29:58.000Z,846.15
US55024U1097,2026-09-09T09:29:14.000Z,842.25
US55024U1097,2026-09-09T11:29:59.000Z,833
US55024U1097,2026-09-09T13:29:59.000Z,841
US55024U1097,2026-09-09T15:29:59.000Z,872.55
US55024U1097,2026-09-09T17:29:59.000Z,866.7
US55024U1097,2026-09-09T19:29:59.000Z,864.15
US55024U1097,2026-09-10T05:30:59.000Z,849.9
US55024U1097,2026-09-10T07:29:59.000Z,845.15
US55024U1097,2026-09-10T09:29:57.000Z,841.5
US55024U1097,2026-09-10T11:29:44.000Z,838.95
US55024U1097,2026-09-10T13:29:59.000Z,827.2
US55024U1097,2026-09-10T15:29:59.000Z,826.15
US55024U1097,2026-09-10T17:29:54.000Z,810.9
US55024U1097,2026-09-10T19:29:57.000Z,814.7
US55024U1097,2026-09-11T05:30:58.000Z,808.55
US55024U1097,2026-09-11T07:29:31.000Z,816.4
US55024U1097,2026-09-11T09:29:59.000Z,819.15
US55024U1097,2026-09-11T11:29:59.000Z,819.05
US55024U1097,2026-09-11T13:29:59.000Z,814.7
US55024U1097,2026-09-11T15:29:59.000Z,808.7
US55024U1097,2026-09-11T17:29:59.000Z,800.15
US55024U1097,2026-09-11T19:29:55.000Z,804.85
US55024U1097,2026-09-14T05:30:53.000Z,770.6
US55024U1097,2026-09-14T07:29:59.000Z,760.7
US55024U1097,2026-09-14T09:29:59.000Z,752.1
US55024U1097,2026-09-14T11:29:57.000Z,749.5
US55024U1097,2026-09-14T13:29:59.000Z,747.1
US55024U1097,2026-09-14T15:29:59.000Z,733.35
US55024U1097,2026-09-14T17:29:59.000Z,729.75
US55024U1097,2026-09-14T19:29:59.000Z,722.95
US55024U1097,2026-09-15T05:30:53.000Z,729.15
US55024U1097,2026-09-15T07:29:57.000Z,729.4
US55024U1097,2026-09-15T09:29:59.000Z,727
US55024U1097,2026-09-15T11:29:57.000Z,737.3
US55024U1097,2026-09-15T13:29:57.000Z,729.8
US55024U1097,2026-09-15T15:29:59.000Z,730.5
US55024U1097,2026-09-15T17:29:56.000Z,728.9
US55024U1097,2026-09-15T19:29:58.000Z,727.7
US55024U1097,2026-09-16T05:30:26.000Z,736.7
US55024U1097,2026-09-16T07:29:59.000Z,743.45
US55024U1097,2026-09-16T09:29:59.000Z,743.5
US55024U1097,2026-09-16T11:29:59.000Z,749.45
US55024U1097,2026-09-16T13:29:59.000Z,741.75
US55024U1097,2026-09-16T15:29:59.000Z,781.25
US55024U1097,2026-09-16T17:29:59.000Z,785.25
US55024U1097,2026-09-16T19:29:58.000Z,782.65
US55024U1097,2026-09-17T07:29:57.000Z,809.65
US55024U1097,2026-09-17T09:29:54.000Z,816.25
US55024U1097,2026-09-17T11:29:58.000Z,818.8
US55024U1097,2026-09-17T13:29:59.000Z,812.9
US55024U1097,2026-09-17T15:29:59.000Z,796.3
US55024U1097,2026-09-17T17:29:53.000Z,792.7
US55024U1097,2026-09-17T19:29:56.000Z,775
US55024U1097,2026-09-18T05:30:57.000Z,793.45
US55024U1097,2026-09-18T07:29:59.000Z,802.95
US55024U1097,2026-09-18T09:29:57.000Z,796.75
US55024U1097,2026-09-18T11:29:58.000Z,793.9
US55024U1097,2026-09-18T13:29:59.000Z,801.2
US55024U1097,2026-09-18T15:29:59.000Z,793
US55024U1097,2026-09-18T17:29:58.000Z,793
US55024U1097,2026-09-18T19:29:59.000Z,803.05
US55024U1097,2026-09-21T05:30:33.000Z,817.8
US55024U1097,2026-09-21T07:29:58.000Z,825.45
US55024U1097,2026-09-21T09:29:57.000Z,830.75
US55024U1097,2026-09-21T11:29:59.000Z,825.8
US55024U1097,2026-09-21T13:29:59.000Z,835.3
US55024U1097,2026-09-21T15:29:59.000Z,850.25
US55024U1097,2026-09-21T17:29:58.000Z,834.25
US55024U1097,2026-09-21T19:29:46.000Z,838.6
US55024U1097,2026-09-22T05:30:59.000Z,820.35
US55024U1097,2026-09-22T07:29:59.000Z,828.05
US55024U1097,2026-09-22T09:29:59.000Z,822.05
US55024U1097,2026-09-22T11:29:59.000Z,825.5
US55024U1097,2026-09-22T13:29:59.000Z,817.15
US55024U1097,2026-09-22T15:29:59.000Z,826.95
US55024U1097,2026-09-22T17:29:51.000Z,833.25
US55024U1097,2026-09-22T19:29:59.000Z,823
US55024U1097,2026-09-23T05:30:58.000Z,830.35
US55024U1097,2026-09-23T07:29:59.000Z,826.55
US55024U1097,2026-09-23T09:29:53.000Z,829.65
US55024U1097,2026-09-23T11:29:58.000Z,825.2
US55024U1097,2026-09-23T13:29:59.000Z,830.1
US55024U1097,2026-09-23T15:29:57.000Z,836.6
US55024U1097,2026-09-23T17:29:59.000Z,826.4
US55024U1097,2026-09-23T19:29:57.000Z,823.5
US55024U1097,2026-09-24T05:30:57.000Z,821.3
US55024U1097,2026-09-24T07:29:58.000Z,810.95
US55024U1097,2026-09-24T09:29:55.000Z,802.25
US55024U1097,2026-09-24T11:29:59.000Z,804.75
US55024U1097,2026-09-24T13:29:59.000Z,811.55
US55024U1097,2026-09-24T15:29:58.000Z,811.3
US55024U1097,2026-09-24T17:29:35.000Z,816.75
US55024U1097,2026-09-24T19:29:54.000Z,815.9
US55024U1097,2026-09-25T05:30:56.000Z,819.45
US55024U1097,2026-09-25T07:29:56.000Z,826.75
US55024U1097,2026-09-25T09:29:45.000Z,833
US55024U1097,2026-09-25T11:29:55.000Z,830.1
US55024U1097,2026-09-25T13:29:59.000Z,821.8
US55024U1097,2026-09-25T15:29:59.000Z,827.1
US55024U1097,2026-09-25T17:29:50.000Z,836.1
US55024U1097,2026-09-25T19:29:58.000Z,828.15
US55024U1097,2026-09-25T20:56:58.263Z,827.25
US55024U1097,2026-09-28T05:30:41.000Z,808.05
US55024U1097,2026-09-28T07:29:59.000Z,804.65
US55024U1097,2026-09-28T09:29:31.000Z,807.25
US55024U1097,2026-09-28T11:29:59.000Z,818.15
US55024U1097,2026-09-28T13:29:59.000Z,831.25
US55024U1097,2026-09-28T15:29:59.000Z,779
US55024U1097,2026-09-28T17:29:57.000Z,784.7
US55024U1097,2026-09-28T19:20:31.513Z,810.2
US5738741041,2026-08-25T05:30:34.000Z,201.45
US5738741041,2026-08-25T07:29:56.000Z,201.4
US5738741041,2026-08-25T09:29:52.000Z,201.5
US5738741041,2026-08-25T11:29:59.000Z,202.45
US5738741041,2026-08-25T13:29:59.000Z,203.325
US5738741041,2026-08-25T15:29:59.000Z,209.425
US5738741041,2026-08-25T17:29:59.000Z,206.125
US5738741041,2026-08-25T19:29:59.000Z,205
US5738741041,2026-08-26T05:30:24.000Z,206.875
US5738741041,2026-08-26T07:29:59.000Z,205.85
US5738741041,2026-08-26T09:29:56.000Z,206.35
US5738741041,2026-08-26T11:29:56.000Z,207.9
US5738741041,2026-08-26T13:29:56.000Z,205.8
US5738741041,2026-08-26T15:29:53.000Z,206.725
US5738741041,2026-08-26T17:29:53.000Z,207.275
US5738741041,2026-08-26T19:29:57.000Z,209.175
US5738741041,2026-08-27T05:30:54.000Z,217.875
US5738741041,2026-08-27T07:29:49.000Z,219.825
US5738741041,2026-08-27T09:29:58.000Z,221.025
US5738741041,2026-08-27T11:29:59.000Z,219.275
US5738741041,2026-08-27T13:29:59.000Z,217.275
US5738741041,2026-08-27T15:29:58.000Z,208.85
US5738741041,2026-08-27T17:29:55.000Z,209.975
US5738741041,2026-08-27T19:29:53.000Z,209.1
US5738741041,2026-08-28T05:30:59.000Z,189.34
US5738741041,2026-08-28T07:29:59.000Z,190.01
US5738741041,2026-08-28T09:29:59.000Z,190.26
US5738741041,2026-08-28T11:29:58.000Z,190.9
US5738741041,2026-08-28T13:29:59.000Z,193.56
US5738741041,2026-08-28T15:29:59.000Z,191.78
US5738741041,2026-08-28T17:29:59.000Z,187.18
US5738741041,2026-08-28T19:29:57.000Z,187.86
US5738741041,2026-08-31T05:30:59.000Z,185.73
US5738741041,2026-08-31T07:29:59.000Z,186.72
US5738741041,2026-08-31T09:29:28.000Z,186.69
US5738741041,2026-08-31T11:29:59.000Z,186.17
US5738741041,2026-08-31T13:29:59.000Z,186.45
US5738741041,2026-08-31T15:29:59.000Z,182.61
US5738741041,2026-08-31T17:29:59.000Z,180.9
US5738741041,2026-08-31T19:29:59.000Z,181.66
US5738741041,2026-09-01T05:30:56.000Z,181.68
US5738741041,2026-09-01T07:29:48.000Z,182.94
US5738741041,2026-09-01T09:29:59.000Z,177.04
US5738741041,2026-09-01T11:29:58.000Z,177.38
US5738741041,2026-09-01T13:29:59.000Z,177.2
US5738741041,2026-09-01T15:29:59.000Z,179.94
US5738741041,2026-09-01T17:29:59.000Z,180.37
US5738741041,2026-09-01T19:29:54.000Z,180.87
US5738741041,2026-09-02T05:30:55.000Z,178.87
US5738741041,2026-09-02T07:29:59.000Z,179.03
US5738741041,2026-09-02T09:29:59.000Z,176.58
US5738741041,2026-09-02T11:29:59.000Z,177.47
US5738741041,2026-09-02T13:29:59.000Z,176.98
US5738741041,2026-09-02T15:29:59.000Z,177.58
US5738741041,2026-09-02T17:29:59.000Z,177.63
US5738741041,2026-09-02T19:29:57.000Z,178.53
US5738741041,2026-09-03T05:30:51.000Z,176.81
US5738741041,2026-09-03T07:29:59.000Z,178.15
US5738741041,2026-09-03T09:29:51.000Z,176.76
US5738741041,2026-09-03T11:29:56.000Z,176.65
US5738741041,2026-09-03T13:29:59.000Z,175.82
US5738741041,2026-09-03T15:29:59.000Z,181.82
US5738741041,2026-09-03T17:29:59.000Z,181.28
US5738741041,2026-09-03T19:29:59.000Z,181.17
US5738741041,2026-09-04T05:30:50.000Z,182.47
US5738741041,2026-09-04T07:29:59.000Z,182.56
US5738741041,2026-09-04T09:29:56.000Z,183.11
US5738741041,2026-09-04T11:29:59.000Z,183.59
US5738741041,2026-09-04T13:29:58.000Z,182.19
US5738741041,2026-09-04T15:29:57.000Z,189.59
US5738741041,2026-09-04T17:29:58.000Z,189.78
US5738741041,2026-09-04T19:29:58.000Z,190.96
US5738741041,2026-09-07T05:30:59.000Z,192.54
US5738741041,2026-09-07T07:29:59.000Z,193.88
US5738741041,2026-09-07T09:28:29.000Z,192.88
US5738741041,2026-09-07T11:29:31.000Z,190.93
US5738741041,2026-09-07T13:29:59.000Z,193.35
US5738741041,2026-09-07T15:29:58.000Z,191.68
US5738741041,2026-09-07T17:27:16.000Z,192.3
US5738741041,2026-09-07T19:29:09.000Z,191.45
US5738741041,2026-09-08T05:30:56.000Z,194.9
US5738741041,2026-09-08T07:29:59.000Z,194.19
US5738741041,2026-09-08T09:29:59.000Z,192.61
US5738741041,2026-09-08T11:29:59.000Z,192.7
US5738741041,2026-09-08T13:29:59.000Z,195.04
US5738741041,2026-09-08T15:29:59.000Z,198.22
US5738741041,2026-09-08T17:29:58.000Z,197.39
US5738741041,2026-09-08T19:29:59.000Z,195.48
US5738741041,2026-09-09T05:30:59.000Z,194.09
US5738741041,2026-09-09T07:29:32.000Z,194.45
US5738741041,2026-09-09T09:29:56.000Z,194.48
US5738741041,2026-09-09T11:29:59.000Z,191.27
US5738741041,2026-09-09T13:29:59.000Z,192.28
US5738741041,2026-09-09T15:29:57.000Z,203
US5738741041,2026-09-09T17:29:55.000Z,203.175
US5738741041,2026-09-09T19:29:59.000Z,201.9
US5738741041,2026-09-10T05:30:57.000Z,201.475
US5738741041,2026-09-10T07:29:54.000Z,200.575
US5738741041,2026-09-10T09:29:59.000Z,199.47
US5738741041,2026-09-10T11:29:57.000Z,198.64
US5738741041,2026-09-10T13:29:58.000Z,196.55
US5738741041,2026-09-10T15:29:59.000Z,198.86
US5738741041,2026-09-10T17:29:57.000Z,197.91
US5738741041,2026-09-10T19:29:58.000Z,197.61
US5738741041,2026-09-11T05:30:58.000Z,194.45
US5738741041,2026-09-11T07:29:44.000Z,196.97
US5738741041,2026-09-11T09:29:57.000Z,197.63
US5738741041,2026-09-11T11:29:57.000Z,197.91
US5738741041,2026-09-11T13:29:59.000Z,201.85
US5738741041,2026-09-11T15:29:59.000Z,203.975
US5738741041,2026-09-11T17:29:51.000Z,205.85
US5738741041,2026-09-11T19:29:59.000Z,204.075
US5738741041,2026-09-14T05:30:49.000Z,194.65
US5738741041,2026-09-14T07:29:57.000Z,193.32
US5738741041,2026-09-14T09:29:59.000Z,189.28
US5738741041,2026-09-14T11:29:58.000Z,190.22
US5738741041,2026-09-14T13:29:58.000Z,187.44
US5738741041,2026-09-14T15:29:54.000Z,190.27
US5738741041,2026-09-14T17:29:59.000Z,192.77
US5738741041,2026-09-14T19:29:59.000Z,191.44
US5738741041,2026-09-15T05:30:48.000Z,190.19
US5738741041,2026-09-15T07:29:57.000Z,190.58
US5738741041,2026-09-15T09:29:41.000Z,189.02
US5738741041,2026-09-15T11:29:59.000Z,192.02
US5738741041,2026-09-15T13:29:59.000Z,192.08
US5738741041,2026-09-15T15:29:58.000Z,195.01
US5738741041,2026-09-15T17:29:58.000Z,192.92
US5738741041,2026-09-15T19:29:59.000Z,191.77
US5738741041,2026-09-16T05:30:42.000Z,193.72
US5738741041,2026-09-16T07:29:57.000Z,195.5
US5738741041,2026-09-16T09:29:59.000Z,195.6
US5738741041,2026-09-16T11:29:59.000Z,196.62
US5738741041,2026-09-16T13:29:59.000Z,196.45
US5738741041,2026-09-16T15:29:59.000Z,198.82
US5738741041,2026-09-16T17:29:58.000Z,198.23
US5738741041,2026-09-16T19:29:59.000Z,197.34
US5738741041,2026-09-17T07:29:27.000Z,204.175
US5738741041,2026-09-17T09:29:47.000Z,205.25
US5738741041,2026-09-17T11:29:56.000Z,205.75
US5738741041,2026-09-17T13:29:59.000Z,208.9
US5738741041,2026-09-17T15:29:58.000Z,210.35
US5738741041,2026-09-17T17:29:58.000Z,210.7
US5738741041,2026-09-17T19:29:59.000Z,209.85
US5738741041,2026-09-18T05:30:50.000Z,210.65
US5738741041,2026-09-18T07:29:56.000Z,213.775
US5738741041,2026-09-18T09:29:42.000Z,212.125
US5738741041,2026-09-18T11:29:59.000Z,211.275
US5738741041,2026-09-18T13:29:59.000Z,212.075
US5738741041,2026-09-18T15:29:59.000Z,207.825
US5738741041,2026-09-18T17:29:56.000Z,205.75
US5738741041,2026-09-18T19:29:53.000Z,207.8
US5738741041,2026-09-21T05:30:59.000Z,215.35
US5738741041,2026-09-21T07:29:58.000Z,216.425
US5738741041,2026-09-21T09:29:56.000Z,218.8
US5738741041,2026-09-21T11:29:59.000Z,217.55
US5738741041,2026-09-21T13:29:59.000Z,219.225
US5738741041,2026-09-21T15:29:59.000Z,222.45
US5738741041,2026-09-21T17:29:49.000Z,221.85
US5738741041,2026-09-21T19:29:59.000Z,225.975
US5738741041,2026-09-22T05:30:58.000Z,221.25
US5738741041,2026-09-22T07:29:43.000Z,222.75
US5738741041,2026-09-22T09:29:59.000Z,221.625
US5738741041,2026-09-22T11:29:59.000Z,221.625
US5738741041,2026-09-22T13:29:58.000Z,222.875
US5738741041,2026-09-22T15:29:45.000Z,228.75
US5738741041,2026-09-22T17:29:46.000Z,229.75
US5738741041,2026-09-22T19:29:59.000Z,231.05
US5738741041,2026-09-23T05:30:47.000Z,229.25
US5738741041,2026-09-23T07:29:54.000Z,230.55
US5738741041,2026-09-23T09:29:57.000Z,229.3
US5738741041,2026-09-23T11:29:59.000Z,227.975
US5738741041,2026-09-23T13:29:57.000Z,229.25
US5738741041,2026-09-23T15:29:58.000Z,228.475
US5738741041,2026-09-23T17:29:58.000Z,226.3
US5738741041,2026-09-23T19:29:58.000Z,227.325
US5738741041,2026-09-24T05:30:42.000Z,227.025
US5738741041,2026-09-24T07:29:59.000Z,225.2
US5738741041,2026-09-24T09:29:58.000Z,222.325
US5738741041,2026-09-24T11:29:50.000Z,222.925
US5738741041,2026-09-24T13:29:59.000Z,224.3
US5738741041,2026-09-24T15:29:53.000Z,223.85
US5738741041,2026-09-24T17:29:51.000Z,227.925
US5738741041,2026-09-24T19:29:59.000Z,229.575
US5738741041,2026-09-25T05:30:17.000Z,229.95
US5738741041,2026-09-25T07:29:55.000Z,231.7
US5738741041,2026-09-25T09:29:46.000Z,232.25
US5738741041,2026-09-25T11:29:59.000Z,232.425
US5738741041,2026-09-25T13:29:59.000Z,231.325
US5738741041,2026-09-25T15:29:59.000Z,230.6
US5738741041,2026-09-25T17:29:58.000Z,233.25
US5738741041,2026-09-25T19:29:57.000Z,231.425
US5738741041,2026-09-25T20:59:58.932Z,230.375
US5738741041,2026-09-28T05:30:59.000Z,225.125
US5738741041,2026-09-28T07:29:45.000Z,223.2
US5738741041,2026-09-28T09:29:53.000Z,222.925
US5738741041,2026-09-28T11:29:37.000Z,225.275
US5738741041,2026-09-28T13:29:59.000Z,228.2
US5738741041,2026-09-28T15:29:59.000Z,220.05
US5738741041,2026-09-28T17:29:54.000Z,222.925
US5738741041,2026-09-28T19:20:44.218Z,221.475
US5949181045,2026-08-25T05:30:16.000Z,417.625
US5949181045,2026-08-25T07:29:26.000Z,416.9
US5949181045,2026-08-25T09:29:10.000Z,416.85
US5949181045,2026-08-25T11:29:55.000Z,416.825
US5949181045,2026-08-25T13:29:59.000Z,416.35
US5949181045,2026-08-25T15:29:59.000Z,419.4
US5949181045,2026-08-25T17:29:59.000Z,419.725
US5949181045,2026-08-25T19:29:55.000Z,419.9
US5949181045,2026-08-26T05:30:56.000Z,420
US5949181045,2026-08-26T07:29:52.000Z,418.775
US5949181045,2026-08-26T09:29:56.000Z,418.45
US5949181045,2026-08-26T11:29:56.000Z,418.625
US5949181045,2026-08-26T13:29:55.000Z,418.6
US5949181045,2026-08-26T15:29:59.000Z,424.8
US5949181045,2026-08-26T17:29:58.000Z,424.55
US5949181045,2026-08-26T19:29:56.000Z,425.775
US5949181045,2026-08-27T05:30:56.000Z,422.225
US5949181045,2026-08-27T07:29:58.000Z,422.525
US5949181045,2026-08-27T09:29:57.000Z,421.725
US5949181045,2026-08-27T11:29:52.000Z,423.2
US5949181045,2026-08-27T13:29:59.000Z,424.425
US5949181045,2026-08-27T15:29:58.000Z,429.375
US5949181045,2026-08-27T17:29:57.000Z,432
US5949181045,2026-08-27T19:29:58.000Z,433.95
US5949181045,2026-08-28T05:30:59.000Z,432.875
US5949181045,2026-08-28T07:29:54.000Z,433.25
US5949181045,2026-08-28T09:29:55.000Z,433.175
US5949181045,2026-08-28T11:29:51.000Z,432.45
US5949181045,2026-08-28T13:29:57.000Z,433.925
US5949181045,2026-08-28T15:29:57.000Z,444.025
US5949181045,2026-08-28T17:29:59.000Z,446.4
US5949181045,2026-08-28T19:29:58.000Z,443.025
US5949181045,2026-08-31T05:30:58.000Z,441.5
US5949181045,2026-08-31T07:29:45.000Z,440.425
US5949181045,2026-08-31T09:29:47.000Z,439.325
US5949181045,2026-08-31T11:29:19.000Z,439.15
US5949181045,2026-08-31T13:29:59.000Z,439.925
US5949181045,2026-08-31T15:29:59.000Z,439.725
US5949181045,2026-08-31T17:29:57.000Z,439.575
US5949181045,2026-08-31T19:29:55.000Z,439.525
US5949181045,2026-09-01T05:30:22.000Z,435.85
US5949181045,2026-09-01T07:29:57.000Z,436.1
US5949181045,2026-09-01T09:29:51.000Z,432.2
US5949181045,2026-09-01T11:29:40.000Z,432.575
US5949181045,2026-09-01T13:29:59.000Z,429.6
US5949181045,2026-09-01T15:29:59.000Z,432.35
US5949181045,2026-09-01T17:29:57.000Z,432.125
US5949181045,2026-09-01T19:29:59.000Z,432.15
US5949181045,2026-09-02T05:30:58.000Z,431.425
US5949181045,2026-09-02T07:29:32.000Z,430.85
US5949181045,2026-09-02T09:29:45.000Z,429.55
US5949181045,2026-09-02T11:29:44.000Z,430.575
US5949181045,2026-09-02T13:29:58.000Z,430.85
US5949181045,2026-09-02T15:29:57.000Z,428.775
US5949181045,2026-09-02T17:29:59.000Z,428.45
US5949181045,2026-09-02T19:29:59.000Z,429.225
US5949181045,2026-09-03T05:30:32.000Z,427.15
US5949181045,2026-09-03T07:29:57.000Z,429.15
US5949181045,2026-09-03T09:29:59.000Z,430.825
US5949181045,2026-09-03T11:29:58.000Z,430.75
US5949181045,2026-09-03T13:29:59.000Z,431.7
US5949181045,2026-09-03T15:29:59.000Z,441.075
US5949181045,2026-09-03T17:29:59.000Z,438.325
US5949181045,2026-09-03T19:29:58.000Z,439.8
US5949181045,2026-09-04T05:30:41.000Z,438.225
US5949181045,2026-09-04T07:29:08.000Z,438.1
US5949181045,2026-09-04T09:29:48.000Z,436.875
US5949181045,2026-09-04T11:29:56.000Z,437.85
US5949181045,2026-09-04T13:29:59.000Z,439.125
US5949181045,2026-09-04T15:29:57.000Z,431.125
US5949181045,2026-09-04T17:29:56.000Z,431.3
US5949181045,2026-09-04T19:29:55.000Z,430.525
US5949181045,2026-09-07T05:30:31.000Z,429.775
US5949181045,2026-09-07T07:29:07.000Z,428.225
US5949181045,2026-09-07T09:29:56.000Z,428.175
US5949181045,2026-09-07T11:29:59.000Z,427.95
US5949181045,2026-09-07T13:29:47.000Z,428.275
US5949181045,2026-09-07T15:29:55.000Z,427.7
US5949181045,2026-09-07T17:29:01.000Z,427.85
US5949181045,2026-09-07T19:29:09.000Z,427.85
US5949181045,2026-09-08T05:30:59.000Z,427.725
US5949181045,2026-09-08T07:29:57.000Z,427.675
US5949181045,2026-09-08T09:29:59.000Z,427.575
US5949181045,2026-09-08T11:29:17.000Z,426.75
US5949181045,2026-09-08T13:29:55.000Z,424.45
US5949181045,2026-09-08T15:29:59.000Z,424
US5949181045,2026-09-08T17:29:59.000Z,423.4
US5949181045,2026-09-08T19:29:59.000Z,424.125
US5949181045,2026-09-09T05:30:58.000Z,425.15
US5949181045,2026-09-09T07:28:52.000Z,424.875
US5949181045,2026-09-09T09:29:15.000Z,424.825
US5949181045,2026-09-09T11:29:58.000Z,424.375
US5949181045,2026-09-09T13:29:59.000Z,423.35
US5949181045,2026-09-09T15:29:56.000Z,423.325
US5949181045,2026-09-09T17:29:43.000Z,423.6
US5949181045,2026-09-09T19:29:47.000Z,422.9
US5949181045,2026-09-10T05:30:59.000Z,423.05
US5949181045,2026-09-10T07:29:47.000Z,422.85
US5949181045,2026-09-10T09:29:36.000Z,422.925
US5949181045,2026-09-10T11:29:56.000Z,423.1
US5949181045,2026-09-10T13:29:44.000Z,421
US5949181045,2026-09-10T15:29:59.000Z,423.525
US5949181045,2026-09-10T17:29:59.000Z,423.9
US5949181045,2026-09-10T19:29:58.000Z,422.225
US5949181045,2026-09-11T05:30:58.000Z,423.175
US5949181045,2026-09-11T07:29:43.000Z,423.675
US5949181045,2026-09-11T09:29:53.000Z,424.925
US5949181045,2026-09-11T11:29:41.000Z,426.425
US5949181045,2026-09-11T13:29:53.000Z,427.1
US5949181045,2026-09-11T15:29:57.000Z,428.1
US5949181045,2026-09-11T17:29:57.000Z,427
US5949181045,2026-09-11T19:29:54.000Z,428.675
US5949181045,2026-09-14T05:30:05.000Z,426.9
US5949181045,2026-09-14T07:29:57.000Z,427.4
US5949181045,2026-09-14T09:29:47.000Z,426.1
US5949181045,2026-09-14T11:29:58.000Z,431.625
US5949181045,2026-09-14T13:29:59.000Z,431.15
US5949181045,2026-09-14T15:29:56.000Z,436.425
US5949181045,2026-09-14T17:29:59.000Z,440.35
US5949181045,2026-09-14T19:29:59.000Z,439.05
US5949181045,2026-09-15T05:30:59.000Z,435
US5949181045,2026-09-15T07:29:56.000Z,433.35
US5949181045,2026-09-15T09:29:53.000Z,432.825
US5949181045,2026-09-15T11:29:59.000Z,433.6
US5949181045,2026-09-15T13:29:59.000Z,433.725
US5949181045,2026-09-15T15:29:59.000Z,433.075
US5949181045,2026-09-15T17:29:57.000Z,432.65
US5949181045,2026-09-15T19:29:57.000Z,430.2
US5949181045,2026-09-16T05:30:42.000Z,431.175
US5949181045,2026-09-16T07:29:58.000Z,429.875
US5949181045,2026-09-16T09:29:55.000Z,429.075
US5949181045,2026-09-16T11:29:59.000Z,429.525
US5949181045,2026-09-16T13:29:59.000Z,427.875
US5949181045,2026-09-16T15:29:59.000Z,428.375
US5949181045,2026-09-16T17:29:59.000Z,428.175
US5949181045,2026-09-16T19:29:59.000Z,426.275
US5949181045,2026-09-17T07:29:46.000Z,430.95
US5949181045,2026-09-17T09:29:58.000Z,430.775
US5949181045,2026-09-17T11:29:47.000Z,431.3
US5949181045,2026-09-17T13:29:59.000Z,433.425
US5949181045,2026-09-17T15:29:59.000Z,431.95
US5949181045,2026-09-17T17:29:59.000Z,431.375
US5949181045,2026-09-17T19:29:58.000Z,432.15
US5949181045,2026-09-18T05:30:48.000Z,433.35
US5949181045,2026-09-18T07:29:39.000Z,434.825
US5949181045,2026-09-18T09:29:41.000Z,433.45
US5949181045,2026-09-18T11:29:59.000Z,434.175
US5949181045,2026-09-18T13:29:59.000Z,433.65
US5949181045,2026-09-18T15:29:55.000Z,430.725
US5949181045,2026-09-18T17:29:57.000Z,430.35
US5949181045,2026-09-18T19:29:59.000Z,431
US5949181045,2026-09-21T05:30:17.000Z,430.925
US5949181045,2026-09-21T07:29:31.000Z,430.75
US5949181045,2026-09-21T09:29:58.000Z,430.625
US5949181045,2026-09-21T11:29:05.000Z,431.825
US5949181045,2026-09-21T13:29:59.000Z,431.15
US5949181045,2026-09-21T15:29:59.000Z,428.825
US5949181045,2026-09-21T17:29:59.000Z,433.525
US5949181045,2026-09-21T19:29:58.000Z,436.275
US5949181045,2026-09-22T05:30:59.000Z,438.5
US5949181045,2026-09-22T07:29:56.000Z,439.325
US5949181045,2026-09-22T09:29:59.000Z,439.475
US5949181045,2026-09-22T11:29:59.000Z,441.55
US5949181045,2026-09-22T13:29:59.000Z,443
US5949181045,2026-09-22T15:29:59.000Z,432.95
US5949181045,2026-09-22T17:29:55.000Z,434.65
US5949181045,2026-09-22T19:29:56.000Z,435.975
US5949181045,2026-09-23T05:30:47.000Z,438.05
US5949181045,2026-09-23T07:29:25.000Z,438.475
US5949181045,2026-09-23T09:29:59.000Z,439.575
US5949181045,2026-09-23T11:29:37.000Z,440.175
US5949181045,2026-09-23T13:29:59.000Z,438.8
US5949181045,2026-09-23T15:29:59.000Z,437.475
US5949181045,2026-09-23T17:29:58.000Z,438.875
US5949181045,2026-09-23T19:29:59.000Z,439.475
US5949181045,2026-09-24T05:30:59.000Z,437.8
US5949181045,2026-09-24T07:29:47.000Z,437.725
US5949181045,2026-09-24T09:29:59.000Z,438.1
US5949181045,2026-09-24T11:29:50.000Z,437.3
US5949181045,2026-09-24T13:29:59.000Z,435.675
US5949181045,2026-09-24T15:29:59.000Z,435.125
US5949181045,2026-09-24T17:29:53.000Z,436.15
US5949181045,2026-09-24T19:29:55.000Z,437.65
US5949181045,2026-09-25T05:30:59.000Z,437.025
US5949181045,2026-09-25T07:29:47.000Z,436.975
US5949181045,2026-09-25T09:29:58.000Z,436.55
US5949181045,2026-09-25T11:29:59.000Z,436.325
US5949181045,2026-09-25T13:29:59.000Z,437.825
US5949181045,2026-09-25T15:29:59.000Z,451.125
US5949181045,2026-09-25T17:29:56.000Z,453.325
US5949181045,2026-09-25T19:29:58.000Z,452.85
US5949181045,2026-09-25T20:59:58.920Z,454.225
US5949181045,2026-09-28T05:30:56.000Z,454.1
US5949181045,2026-09-28T07:29:57.000Z,454
US5949181045,2026-09-28T09:29:55.000Z,451
US5949181045,2026-09-28T11:29:58.000Z,451.65
US5949181045,2026-09-28T13:29:59.000Z,444.9
US5949181045,2026-09-28T15:29:59.000Z,447.775
US5949181045,2026-09-28T17:29:59.000Z,449.95
US5949181045,2026-09-28T19:20:31.032Z,448.725
US5951121038,2026-08-25T05:30:59.000Z,796.3
US5951121038,2026-08-25T07:29:59.000Z,794
US5951121038,2026-08-25T09:29:56.000Z,796.55
US5951121038,2026-08-25T11:29:59.000Z,798.2
US5951121038,2026-08-25T13:29:58.000Z,795.9
US5951121038,2026-08-25T15:29:59.000Z,800.45
US5951121038,2026-08-25T17:29:45.000Z,792.6
US5951121038,2026-08-25T19:29:57.000Z,794.45
US5951121038,2026-08-26T05:30:54.000Z,798.3
US5951121038,2026-08-26T07:29:59.000Z,794.65
US5951121038,2026-08-26T09:29:59.000Z,793.4
US5951121038,2026-08-26T11:29:59.000Z,798.15
US5951121038,2026-08-26T13:29:59.000Z,794.55
US5951121038,2026-08-26T15:29:59.000Z,808.45
US5951121038,2026-08-26T17:29:57.000Z,807.85
US5951121038,2026-08-26T19:29:55.000Z,807.2
US5951121038,2026-08-27T05:30:57.000Z,828.4
US5951121038,2026-08-27T07:29:59.000Z,835.4
US5951121038,2026-08-27T09:29:59.000Z,838.35
US5951121038,2026-08-27T11:29:58.000Z,838.35
US5951121038,2026-08-27T13:29:58.000Z,829.4
US5951121038,2026-08-27T15:29:59.000Z,786.25
US5951121038,2026-08-27T17:29:59.000Z,784.25
US5951121038,2026-08-27T19:29:49.000Z,789.5
US5951121038,2026-08-28T05:30:59.000Z,786.35
US5951121038,2026-08-28T07:29:57.000Z,786.05
US5951121038,2026-08-28T09:29:59.000Z,785.6
US5951121038,2026-08-28T11:29:59.000Z,789.5
US5951121038,2026-08-28T13:29:59.000Z,790.3
US5951121038,2026-08-28T15:29:59.000Z,808.75
US5951121038,2026-08-28T17:29:54.000Z,798.6
US5951121038,2026-08-28T19:29:59.000Z,801.75
US5951121038,2026-08-31T05:30:54.000Z,801.55
US5951121038,2026-08-31T07:29:59.000Z,803.75
US5951121038,2026-08-31T09:29:57.000Z,804.35
US5951121038,2026-08-31T11:29:58.000Z,803.15
US5951121038,2026-08-31T13:29:59.000Z,802.3
US5951121038,2026-08-31T15:29:59.000Z,809.35
US5951121038,2026-08-31T17:29:57.000Z,815
US5951121038,2026-08-31T19:29:57.000Z,815.3
US5951121038,2026-09-01T05:30:57.000Z,824.55
US5951121038,2026-09-01T07:29:59.000Z,829.05
US5951121038,2026-09-01T09:29:54.000Z,808.55
US5951121038,2026-09-01T11:29:52.000Z,810.2
US5951121038,2026-09-01T13:29:56.000Z,812.35
US5951121038,2026-09-01T15:29:55.000Z,824.85
US5951121038,2026-09-01T17:29:59.000Z,810.75
US5951121038,2026-09-01T19:29:57.000Z,803.9
US5951121038,2026-09-02T05:30:14.000Z,803.6
US5951121038,2026-09-02T07:29:59.000Z,803.5
US5951121038,2026-09-02T09:29:59.000Z,796.9
US5951121038,2026-09-02T11:29:58.000Z,798.4
US5951121038,2026-09-02T13:29:53.000Z,803
US5951121038,2026-09-02T15:29:58.000Z,813
US5951121038,2026-09-02T17:29:59.000Z,815.3
US5951121038,2026-09-02T19:29:58.000Z,822.65
US5951121038,2026-09-03T05:30:59.000Z,817.75
US5951121038,2026-09-03T07:29:59.000Z,822.9
US5951121038,2026-09-03T09:29:57.000Z,818.1
US5951121038,2026-09-03T11:29:58.000Z,818.8
US5951121038,2026-09-03T13:29:59.000Z,823.2
US5951121038,2026-09-03T15:29:58.000Z,817.05
US5951121038,2026-09-03T17:29:59.000Z,809.15
US5951121038,2026-09-03T19:29:58.000Z,816.4
US5951121038,2026-09-04T05:30:58.000Z,835.65
US5951121038,2026-09-04T07:29:54.000Z,835.3
US5951121038,2026-09-04T09:29:59.000Z,837.85
US5951121038,2026-09-04T11:29:56.000Z,838.35
US5951121038,2026-09-04T13:29:59.000Z,835.4
US5951121038,2026-09-04T15:29:58.000Z,860.3
US5951121038,2026-09-04T17:29:59.000Z,860.45
US5951121038,2026-09-04T19:29:57.000Z,863.05
US5951121038,2026-09-07T05:30:58.000Z,877.05
US5951121038,2026-09-07T07:29:43.000Z,892.9
US5951121038,2026-09-07T09:29:59.000Z,891.35
US5951121038,2026-09-07T11:29:58.000Z,886.45
US5951121038,2026-09-07T13:29:44.000Z,890.85
US5951121038,2026-09-07T15:29:58.000Z,891.4
US5951121038,2026-09-07T17:29:54.000Z,892.7
US5951121038,2026-09-07T19:29:09.000Z,893.85
US5951121038,2026-09-08T05:30:58.000Z,898
US5951121038,2026-09-08T07:29:58.000Z,893.5
US5951121038,2026-09-08T09:29:59.000Z,887
US5951121038,2026-09-08T11:29:59.000Z,887.95
US5951121038,2026-09-08T13:29:59.000Z,892.15
US5951121038,2026-09-08T15:29:59.000Z,874.5
US5951121038,2026-09-08T17:29:58.000Z,875.6
US5951121038,2026-09-08T19:29:59.000Z,867.75
US5951121038,2026-09-09T05:30:47.000Z,864.95
US5951121038,2026-09-09T07:29:54.000Z,866.55
US5951121038,2026-09-09T09:29:59.000Z,863.8
US5951121038,2026-09-09T11:29:59.000Z,855.6
US5951121038,2026-09-09T13:29:59.000Z,857.55
US5951121038,2026-09-09T15:29:59.000Z,879.85
US5951121038,2026-09-09T17:29:59.000Z,878.6
US5951121038,2026-09-09T19:29:56.000Z,881.5
US5951121038,2026-09-10T05:30:59.000Z,882.65
US5951121038,2026-09-10T07:29:56.000Z,877.95
US5951121038,2026-09-10T09:29:58.000Z,872.1
US5951121038,2026-09-10T11:29:51.000Z,870.4
US5951121038,2026-09-10T13:29:44.000Z,859.6
US5951121038,2026-09-10T15:29:59.000Z,846.85
US5951121038,2026-09-10T17:29:59.000Z,844.85
US5951121038,2026-09-10T19:29:54.000Z,847.25
US5951121038,2026-09-11T05:30:57.000Z,845.95
US5951121038,2026-09-11T07:29:59.000Z,849.6
US5951121038,2026-09-11T09:29:51.000Z,850.9
US5951121038,2026-09-11T11:29:54.000Z,849.85
US5951121038,2026-09-11T13:29:58.000Z,856.45
US5951121038,2026-09-11T15:29:59.000Z,844.05
US5951121038,2026-09-11T17:29:59.000Z,843.3
US5951121038,2026-09-11T19:29:59.000Z,840.6
US5951121038,2026-09-14T05:30:57.000Z,811.25
US5951121038,2026-09-14T07:29:56.000Z,807.5
US5951121038,2026-09-14T09:29:55.000Z,801.15
US5951121038,2026-09-14T11:29:56.000Z,801.75
US5951121038,2026-09-14T13:29:59.000Z,785.85
US5951121038,2026-09-14T15:29:59.000Z,798.05
US5951121038,2026-09-14T17:29:56.000Z,801.4
US5951121038,2026-09-14T19:29:58.000Z,802.6
US5951121038,2026-09-15T05:30:56.000Z,803.2
US5951121038,2026-09-15T07:29:56.000Z,808.4
US5951121038,2026-09-15T09:29:51.000Z,802.45
US5951121038,2026-09-15T11:29:56.000Z,811
US5951121038,2026-09-15T13:29:54.000Z,812.25
US5951121038,2026-09-15T15:29:58.000Z,805.5
US5951121038,2026-09-15T17:29:59.000Z,802.75
US5951121038,2026-09-15T19:29:58.000Z,799.8
US5951121038,2026-09-16T05:30:35.000Z,808.2
US5951121038,2026-09-16T07:29:57.000Z,811.95
US5951121038,2026-09-16T09:29:59.000Z,809.05
US5951121038,2026-09-16T11:29:59.000Z,811.45
US5951121038,2026-09-16T13:29:58.000Z,809.75
US5951121038,2026-09-16T15:29:59.000Z,807.65
US5951121038,2026-09-16T17:29:49.000Z,807.05
US5951121038,2026-09-16T19:29:59.000Z,804.7
US5951121038,2026-09-17T07:29:41.000Z,816.35
US5951121038,2026-09-17T09:29:52.000Z,820.4
US5951121038,2026-09-17T11:29:59.000Z,823.85
US5951121038,2026-09-17T13:29:58.000Z,830.9
US5951121038,2026-09-17T15:29:59.000Z,852.9
US5951121038,2026-09-17T17:29:56.000Z,850.55
US5951121038,2026-09-17T19:29:59.000Z,850.5
US5951121038,2026-09-18T05:30:58.000Z,860.45
US5951121038,2026-09-18T07:29:58.000Z,866.05
US5951121038,2026-09-18T09:29:53.000Z,859.7
US5951121038,2026-09-18T11:29:59.000Z,860.45
US5951121038,2026-09-18T13:29:55.000Z,860.3
US5951121038,2026-09-18T15:29:56.000Z,863.9
US5951121038,2026-09-18T17:29:57.000Z,868.4
US5951121038,2026-09-18T19:29:59.000Z,876.5
US5951121038,2026-09-21T05:30:57.000Z,892.3
US5951121038,2026-09-21T07:29:59.000Z,894.95
US5951121038,2026-09-21T09:29:56.000Z,906.15
US5951121038,2026-09-21T11:29:59.000Z,899.95
US5951121038,2026-09-21T13:29:59.000Z,909.8
US5951121038,2026-09-21T15:29:59.000Z,910.9
US5951121038,2026-09-21T17:29:59.000Z,906.6
US5951121038,2026-09-21T19:29:59.000Z,911.75
US5951121038,2026-09-22T05:30:59.000Z,902
US5951121038,2026-09-22T07:29:57.000Z,903.95
US5951121038,2026-09-22T09:29:59.000Z,901.15
US5951121038,2026-09-22T11:29:59.000Z,901.15
US5951121038,2026-09-22T13:29:59.000Z,901.85
US5951121038,2026-09-22T15:29:59.000Z,937.15
US5951121038,2026-09-22T17:29:58.000Z,947.45
US5951121038,2026-09-22T19:29:59.000Z,953.85
US5951121038,2026-09-23T05:30:59.000Z,956.7
US5951121038,2026-09-23T07:29:58.000Z,961.15
US5951121038,2026-09-23T09:29:56.000Z,958.15
US5951121038,2026-09-23T11:29:59.000Z,952.15
US5951121038,2026-09-23T13:29:58.000Z,964.1
US5951121038,2026-09-23T15:29:59.000Z,946.7
US5951121038,2026-09-23T17:29:57.000Z,938.75
US5951121038,2026-09-23T19:29:59.000Z,939.2
US5951121038,2026-09-24T05:30:58.000Z,936.7
US5951121038,2026-09-24T07:29:59.000Z,931.25
US5951121038,2026-09-24T09:29:59.000Z,918.5
US5951121038,2026-09-24T11:29:59.000Z,924.85
US5951121038,2026-09-24T13:29:59.000Z,924.25
US5951121038,2026-09-24T15:29:59.000Z,929.6
US5951121038,2026-09-24T17:29:59.000Z,945.05
US5951121038,2026-09-24T19:29:59.000Z,946.05
US5951121038,2026-09-25T05:30:47.000Z,954.65
US5951121038,2026-09-25T07:29:58.000Z,958.95
US5951121038,2026-09-25T09:29:59.000Z,962.2
US5951121038,2026-09-25T11:29:58.000Z,960.35
US5951121038,2026-09-25T13:29:59.000Z,961.4
US5951121038,2026-09-25T15:29:59.000Z,949.2
US5951121038,2026-09-25T17:29:54.000Z,950.05
US5951121038,2026-09-25T19:29:59.000Z,951.4
US5951121038,2026-09-25T20:59:58.889Z,950.6
US5951121038,2026-09-28T05:30:52.000Z,935.85
US5951121038,2026-09-28T07:29:54.000Z,931.05
US5951121038,2026-09-28T09:29:59.000Z,928.75
US5951121038,2026-09-28T11:29:59.000Z,932.4
US5951121038,2026-09-28T13:29:59.000Z,946.5
US5951121038,2026-09-28T15:29:59.000Z,916.6
US5951121038,2026-09-28T17:29:49.000Z,929.25
US5951121038,2026-09-28T19:20:49.596Z,927.95
US6293775085,2026-08-25T05:30:58.000Z,96.26
US6293775085,2026-08-25T07:29:30.000Z,96.28
US6293775085,2026-08-25T09:27:35.000Z,96.45
US6293775085,2026-08-25T11:29:36.000Z,96.65
US6293775085,2026-08-25T13:28:11.000Z,97.23
US6293775085,2026-08-25T15:29:49.000Z,97.6
US6293775085,2026-08-25T17:29:59.000Z,98.33
US6293775085,2026-08-25T19:29:59.000Z,98.19
US6293775085,2026-08-26T05:30:49.000Z,97.35
US6293775085,2026-08-26T07:29:58.000Z,97.18
US6293775085,2026-08-26T09:29:03.000Z,97.29
US6293775085,2026-08-26T11:28:54.000Z,97.39
US6293775085,2026-08-26T13:29:20.000Z,97.38
US6293775085,2026-08-26T15:29:53.000Z,99.375
US6293775085,2026-08-26T17:29:56.000Z,99.38
US6293775085,2026-08-26T19:29:59.000Z,99.74
US6293775085,2026-08-27T05:30:25.000Z,100.75
US6293775085,2026-08-27T07:29:50.000Z,101.075
US6293775085,2026-08-27T09:25:20.000Z,100.775
US6293775085,2026-08-27T11:29:59.000Z,100.43
US6293775085,2026-08-27T13:29:26.000Z,100.18
US6293775085,2026-08-27T15:29:59.000Z,97.525
US6293775085,2026-08-27T17:29:56.000Z,98.145
US6293775085,2026-08-27T19:29:57.000Z,98.42
US6293775085,2026-08-28T05:30:18.000Z,98.07
US6293775085,2026-08-28T07:29:56.000Z,98.06
US6293775085,2026-08-28T11:26:46.000Z,98.31
US6293775085,2026-08-28T13:29:22.000Z,98.39
US6293775085,2026-08-28T15:29:44.000Z,97.61
US6293775085,2026-08-28T17:29:57.000Z,96.23
US6293775085,2026-08-28T19:29:56.000Z,96.16
US6293775085,2026-08-31T05:30:56.000Z,95.74
US6293775085,2026-08-31T07:29:55.000Z,95.82
US6293775085,2026-08-31T09:28:43.000Z,96.31
US6293775085,2026-08-31T11:29:23.000Z,95.77
US6293775085,2026-08-31T13:28:37.000Z,95.75
US6293775085,2026-08-31T15:29:59.000Z,94.2
US6293775085,2026-08-31T17:29:56.000Z,93.71
US6293775085,2026-08-31T19:29:52.000Z,94.065
US6293775085,2026-09-01T05:30:47.000Z,94.82
US6293775085,2026-09-01T07:29:27.000Z,95.06
US6293775085,2026-09-01T09:27:18.000Z,94.405
US6293775085,2026-09-01T11:26:47.000Z,94.44
US6293775085,2026-09-01T13:27:41.000Z,94.48
US6293775085,2026-09-01T15:29:57.000Z,96.095
US6293775085,2026-09-01T17:29:59.000Z,94.405
US6293775085,2026-09-01T19:29:26.000Z,94.265
US6293775085,2026-09-02T05:30:51.000Z,94.48
US6293775085,2026-09-02T07:29:42.000Z,94.56
US6293775085,2026-09-02T09:29:07.000Z,94.11
US6293775085,2026-09-02T11:29:54.000Z,94.32
US6293775085,2026-09-02T13:29:55.000Z,94.48
US6293775085,2026-09-02T15:29:58.000Z,94.505
US6293775085,2026-09-02T17:29:59.000Z,94.28
US6293775085,2026-09-02T19:29:53.000Z,95.995
US6293775085,2026-09-03T05:30:51.000Z,95.84
US6293775085,2026-09-03T07:29:59.000Z,96
US6293775085,2026-09-03T09:29:59.000Z,96.265
US6293775085,2026-09-03T11:29:48.000Z,96.39
US6293775085,2026-09-03T13:29:59.000Z,96.24
US6293775085,2026-09-03T15:29:59.000Z,96.7
US6293775085,2026-09-03T17:29:59.000Z,96.1
US6293775085,2026-09-03T19:29:59.000Z,96.47
US6293775085,2026-09-04T05:30:09.000Z,96.42
US6293775085,2026-09-04T07:29:46.000Z,96.46
US6293775085,2026-09-04T09:28:57.000Z,96.55
US6293775085,2026-09-04T11:29:38.000Z,96.69
US6293775085,2026-09-04T13:29:43.000Z,96.74
US6293775085,2026-09-04T15:29:55.000Z,100.53
US6293775085,2026-09-04T17:29:54.000Z,101.11
US6293775085,2026-09-04T19:29:55.000Z,102.3
US6293775085,2026-09-07T05:30:40.000Z,102.4
US6293775085,2026-09-07T07:29:05.000Z,102.725
US6293775085,2026-09-07T09:28:05.000Z,102.525
US6293775085,2026-09-07T11:29:59.000Z,102.34
US6293775085,2026-09-07T13:20:04.000Z,103.5
US6293775085,2026-09-07T15:29:57.000Z,103.375
US6293775085,2026-09-07T19:29:09.000Z,104.275
US6293775085,2026-09-08T05:30:48.000Z,102.625
US6293775085,2026-09-08T07:29:57.000Z,102.525
US6293775085,2026-09-08T09:29:32.000Z,102.39
US6293775085,2026-09-08T11:24:21.000Z,102.9
US6293775085,2026-09-08T13:29:59.000Z,103.525
US6293775085,2026-09-08T15:29:59.000Z,103.5
US6293775085,2026-09-08T17:29:59.000Z,103.98
US6293775085,2026-09-08T19:29:49.000Z,103.7
US6293775085,2026-09-09T05:30:48.000Z,102.975
US6293775085,2026-09-09T07:29:52.000Z,102.98
US6293775085,2026-09-09T09:29:19.000Z,102.75
US6293775085,2026-09-09T11:29:39.000Z,101.55
US6293775085,2026-09-09T13:29:51.000Z,101.75
US6293775085,2026-09-09T15:29:59.000Z,99.695
US6293775085,2026-09-09T17:29:59.000Z,99.63
US6293775085,2026-09-09T19:29:59.000Z,98.94
US6293775085,2026-09-10T05:30:55.000Z,99.3
US6293775085,2026-09-10T07:29:56.000Z,99.54
US6293775085,2026-09-10T09:29:08.000Z,99.45
US6293775085,2026-09-10T11:29:36.000Z,99.38
US6293775085,2026-09-10T13:29:04.000Z,98.61
US6293775085,2026-09-10T15:29:58.000Z,98.54
US6293775085,2026-09-10T17:29:58.000Z,96.835
US6293775085,2026-09-10T19:29:59.000Z,96.515
US6293775085,2026-09-11T05:30:33.000Z,96.25
US6293775085,2026-09-11T07:29:57.000Z,96.63
US6293775085,2026-09-11T09:29:47.000Z,96.79
US6293775085,2026-09-11T11:29:46.000Z,96.88
US6293775085,2026-09-11T13:29:58.000Z,97.69
US6293775085,2026-09-11T15:29:50.000Z,98.22
US6293775085,2026-09-11T17:29:30.000Z,97.825
US6293775085,2026-09-11T19:29:55.000Z,98.31
US6293775085,2026-09-14T05:30:35.000Z,96.88
US6293775085,2026-09-14T07:29:51.000Z,96.74
US6293775085,2026-09-14T09:27:33.000Z,97.335
US6293775085,2026-09-14T11:26:07.000Z,96.99
US6293775085,2026-09-14T13:29:36.000Z,95.47
US6293775085,2026-09-14T15:29:59.000Z,93.66
US6293775085,2026-09-14T17:29:51.000Z,94.1
US6293775085,2026-09-14T19:29:56.000Z,93.6
US6293775085,2026-09-15T05:30:50.000Z,94.05
US6293775085,2026-09-15T07:29:51.000Z,93.74
US6293775085,2026-09-15T09:29:19.000Z,94.625
US6293775085,2026-09-15T11:23:15.000Z,94.44
US6293775085,2026-09-15T13:29:18.000Z,94.44
US6293775085,2026-09-15T15:29:58.000Z,92.26
US6293775085,2026-09-15T17:29:53.000Z,92.09
US6293775085,2026-09-15T19:29:52.000Z,92.04
US6293775085,2026-09-16T05:30:29.000Z,92.01
US6293775085,2026-09-16T07:27:13.000Z,92.19
US6293775085,2026-09-16T09:29:53.000Z,92.17
US6293775085,2026-09-16T11:29:04.000Z,92.32
US6293775085,2026-09-16T13:29:09.000Z,93.16
US6293775085,2026-09-16T15:29:59.000Z,93.575
US6293775085,2026-09-16T17:29:49.000Z,93.75
US6293775085,2026-09-16T19:29:59.000Z,93.33
US6293775085,2026-09-17T07:29:42.000Z,94.51
US6293775085,2026-09-17T09:29:27.000Z,94.53
US6293775085,2026-09-17T11:29:31.000Z,94.65
US6293775085,2026-09-17T13:29:31.000Z,95.38
US6293775085,2026-09-17T15:29:57.000Z,93.88
US6293775085,2026-09-17T17:29:51.000Z,92.975
US6293775085,2026-09-17T19:29:45.000Z,92.725
US6293775085,2026-09-18T05:30:53.000Z,92.74
US6293775085,2026-09-18T07:29:51.000Z,93.17
US6293775085,2026-09-18T09:29:51.000Z,92.96
US6293775085,2026-09-18T11:27:30.000Z,93.01
US6293775085,2026-09-18T13:29:59.000Z,92.67
US6293775085,2026-09-18T15:29:59.000Z,90.93
US6293775085,2026-09-18T17:29:50.000Z,91.205
US6293775085,2026-09-18T19:29:58.000Z,91.195
US6293775085,2026-09-21T05:30:38.000Z,90.7
US6293775085,2026-09-21T07:29:40.000Z,90.89
US6293775085,2026-09-21T09:29:40.000Z,91.44
US6293775085,2026-09-21T11:24:40.000Z,91.48
US6293775085,2026-09-21T13:29:58.000Z,91.63
US6293775085,2026-09-21T15:29:59.000Z,89.83
US6293775085,2026-09-21T17:29:34.000Z,90.385
US6293775085,2026-09-21T19:29:51.000Z,89.75
US6293775085,2026-09-22T05:30:41.000Z,90.14
US6293775085,2026-09-22T07:28:38.000Z,90.34
US6293775085,2026-09-22T09:27:39.000Z,90.22
US6293775085,2026-09-22T11:27:45.000Z,90.4
US6293775085,2026-09-22T13:29:59.000Z,90.4
US6293775085,2026-09-22T15:29:49.000Z,90.69
US6293775085,2026-09-22T17:29:51.000Z,90.245
US6293775085,2026-09-22T19:29:56.000Z,90.825
US6293775085,2026-09-23T05:30:18.000Z,90.16
US6293775085,2026-09-23T07:29:50.000Z,90.22
US6293775085,2026-09-23T09:28:16.000Z,90.26
US6293775085,2026-09-23T11:29:31.000Z,90.27
US6293775085,2026-09-23T13:29:56.000Z,89.94
US6293775085,2026-09-23T15:29:59.000Z,88.75
US6293775085,2026-09-23T17:29:39.000Z,88.8
US6293775085,2026-09-23T19:29:26.000Z,88.33
US6293775085,2026-09-24T05:30:38.000Z,88.29
US6293775085,2026-09-24T07:29:51.000Z,88.01
US6293775085,2026-09-24T09:29:45.000Z,87.79
US6293775085,2026-09-24T11:28:25.000Z,88.23
US6293775085,2026-09-24T13:28:21.000Z,88.02
US6293775085,2026-09-24T15:29:59.000Z,86.04
US6293775085,2026-09-24T17:29:57.000Z,87.08
US6293775085,2026-09-24T19:29:59.000Z,86.14
US6293775085,2026-09-25T05:30:52.000Z,86.18
US6293775085,2026-09-25T07:29:46.000Z,86.3
US6293775085,2026-09-25T09:29:37.000Z,86.41
US6293775085,2026-09-25T11:29:57.000Z,86.45
US6293775085,2026-09-25T13:28:10.000Z,86.37
US6293775085,2026-09-25T15:29:59.000Z,86.51
US6293775085,2026-09-25T17:29:42.000Z,86.82
US6293775085,2026-09-25T19:29:54.000Z,87.875
US6293775085,2026-09-25T20:59:56.979Z,88.12
US6293775085,2026-09-28T05:30:37.000Z,87.53
US6293775085,2026-09-28T07:29:52.000Z,87.49
US6293775085,2026-09-28T09:29:58.000Z,87.38
US6293775085,2026-09-28T11:29:58.000Z,87.54
US6293775085,2026-09-28T13:28:18.000Z,87.9
US6293775085,2026-09-28T15:29:45.000Z,86.66
US6293775085,2026-09-28T17:29:57.000Z,86.73
US6293775085,2026-09-28T19:20:42.379Z,85.91
US67066G1040,2026-08-25T05:30:47.000Z,180.27
US67066G1040,2026-08-25T07:29:58.000Z,180.49
US67066G1040,2026-08-25T09:29:59.000Z,180.75
US67066G1040,2026-08-25T11:29:59.000Z,180.6
US67066G1040,2026-08-25T13:29:59.000Z,180.78
US67066G1040,2026-08-25T15:29:59.000Z,181
US67066G1040,2026-08-25T17:29:56.000Z,181.88
US67066G1040,2026-08-25T19:29:59.000Z,181.64
US67066G1040,2026-08-26T05:30:59.000Z,183.43
US67066G1040,2026-08-26T07:29:58.000Z,183.01
US67066G1040,2026-08-26T09:29:58.000Z,183.11
US67066G1040,2026-08-26T11:29:58.000Z,183.13
US67066G1040,2026-08-26T13:29:59.000Z,182.24
US67066G1040,2026-08-26T15:29:59.000Z,181.16
US67066G1040,2026-08-26T17:29:57.000Z,180.27
US67066G1040,2026-08-26T19:29:52.000Z,180.97
US67066G1040,2026-08-27T05:30:57.000Z,189.41
US67066G1040,2026-08-27T07:29:59.000Z,190.55
US67066G1040,2026-08-27T09:29:59.000Z,192.96
US67066G1040,2026-08-27T11:29:58.000Z,191.03
US67066G1040,2026-08-27T13:29:58.000Z,191.15
US67066G1040,2026-08-27T15:29:59.000Z,193.51
US67066G1040,2026-08-27T17:29:59.000Z,196.76
US67066G1040,2026-08-27T19:29:59.000Z,195.05
US67066G1040,2026-08-28T05:30:59.000Z,194.38
US67066G1040,2026-08-28T07:29:59.000Z,194.69
US67066G1040,2026-08-28T09:29:58.000Z,193.93
US67066G1040,2026-08-28T11:29:59.000Z,195.12
US67066G1040,2026-08-28T13:29:59.000Z,195.19
US67066G1040,2026-08-28T15:29:59.000Z,193.03
US67066G1040,2026-08-28T17:29:59.000Z,188.79
US67066G1040,2026-08-28T19:29:59.000Z,187.54
US67066G1040,2026-08-31T05:30:59.000Z,188.68
US67066G1040,2026-08-31T07:29:58.000Z,188.58
US67066G1040,2026-08-31T09:29:59.000Z,188.95
US67066G1040,2026-08-31T11:29:58.000Z,188.74
US67066G1040,2026-08-31T13:29:59.000Z,188.66
US67066G1040,2026-08-31T15:29:58.000Z,189.62
US67066G1040,2026-08-31T17:29:53.000Z,188.85
US67066G1040,2026-08-31T19:29:59.000Z,189.24
US67066G1040,2026-09-01T05:30:57.000Z,189.65
US67066G1040,2026-09-01T07:29:59.000Z,190.05
US67066G1040,2026-09-01T09:29:58.000Z,187.68
US67066G1040,2026-09-01T11:29:59.000Z,188.03
US67066G1040,2026-09-01T13:29:59.000Z,186.94
US67066G1040,2026-09-01T15:29:59.000Z,188.71
US67066G1040,2026-09-01T17:29:58.000Z,188.35
US67066G1040,2026-09-01T19:29:59.000Z,187.73
US67066G1040,2026-09-02T05:30:59.000Z,187.76
US67066G1040,2026-09-02T07:29:59.000Z,187.91
US67066G1040,2026-09-02T09:29:59.000Z,187.18
US67066G1040,2026-09-02T11:29:58.000Z,187.42
US67066G1040,2026-09-02T13:29:56.000Z,188.66
US67066G1040,2026-09-02T15:29:59.000Z,195.18
US67066G1040,2026-09-02T17:29:59.000Z,194.6
US67066G1040,2026-09-02T19:29:59.000Z,193.72
US67066G1040,2026-09-03T05:30:59.000Z,194.22
US67066G1040,2026-09-03T07:29:58.000Z,194.49
US67066G1040,2026-09-03T09:29:58.000Z,194.04
US67066G1040,2026-09-03T11:29:58.000Z,193.43
US67066G1040,2026-09-03T13:29:58.000Z,194.54
US67066G1040,2026-09-03T15:29:59.000Z,196.02
US67066G1040,2026-09-03T17:29:59.000Z,195.45
US67066G1040,2026-09-03T19:29:59.000Z,197.42
US67066G1040,2026-09-04T05:30:59.000Z,198.12
US67066G1040,2026-09-04T07:29:58.000Z,198.04
US67066G1040,2026-09-04T09:29:59.000Z,198.15
US67066G1040,2026-09-04T11:29:59.000Z,198.86
US67066G1040,2026-09-04T13:29:59.000Z,199.13
US67066G1040,2026-09-04T15:29:59.000Z,199.5
US67066G1040,2026-09-04T17:29:59.000Z,198.69
US67066G1040,2026-09-04T19:29:54.000Z,197.92
US67066G1040,2026-09-07T05:30:59.000Z,198.29
US67066G1040,2026-09-07T07:29:59.000Z,199.85
US67066G1040,2026-09-07T09:29:58.000Z,199.57
US67066G1040,2026-09-07T11:29:58.000Z,199.45
US67066G1040,2026-09-07T13:29:59.000Z,200.1
US67066G1040,2026-09-07T15:29:58.000Z,199.53
US67066G1040,2026-09-07T17:29:57.000Z,198.32
US67066G1040,2026-09-07T19:29:41.000Z,198.81
US67066G1040,2026-09-08T05:30:53.000Z,199.89
US67066G1040,2026-09-08T07:29:58.000Z,199.35
US67066G1040,2026-09-08T09:29:59.000Z,198.93
US67066G1040,2026-09-08T11:29:58.000Z,198.97
US67066G1040,2026-09-08T13:29:58.000Z,200.6
US67066G1040,2026-09-08T15:29:58.000Z,195.08
US67066G1040,2026-09-08T17:29:59.000Z,194.09
US67066G1040,2026-09-08T19:29:59.000Z,194.01
US67066G1040,2026-09-09T05:30:56.000Z,194.5
US67066G1040,2026-09-09T07:29:59.000Z,194.45
US67066G1040,2026-09-09T09:29:59.000Z,194.13
US67066G1040,2026-09-09T11:29:59.000Z,192.92
US67066G1040,2026-09-09T13:29:59.000Z,193.4
US67066G1040,2026-09-09T15:29:58.000Z,192.33
US67066G1040,2026-09-09T17:29:59.000Z,192.68
US67066G1040,2026-09-09T19:29:59.000Z,192.76
US67066G1040,2026-09-10T05:30:59.000Z,191.95
US67066G1040,2026-09-10T07:29:59.000Z,191.48
US67066G1040,2026-09-10T09:29:59.000Z,192.12
US67066G1040,2026-09-10T11:29:58.000Z,191.51
US67066G1040,2026-09-10T13:29:59.000Z,190.12
US67066G1040,2026-09-10T15:29:59.000Z,187.66
US67066G1040,2026-09-10T17:29:59.000Z,188.19
US67066G1040,2026-09-10T19:29:59.000Z,188
US67066G1040,2026-09-11T05:30:57.000Z,188.13
US67066G1040,2026-09-11T07:29:59.000Z,189.29
US67066G1040,2026-09-11T09:29:58.000Z,189.89
US67066G1040,2026-09-11T11:29:59.000Z,189.71
US67066G1040,2026-09-11T13:29:58.000Z,190.65
US67066G1040,2026-09-11T15:29:59.000Z,189.74
US67066G1040,2026-09-11T17:29:59.000Z,189.03
US67066G1040,2026-09-11T19:29:58.000Z,188.36
US67066G1040,2026-09-14T05:30:57.000Z,185.62
US67066G1040,2026-09-14T07:29:58.000Z,185
US67066G1040,2026-09-14T09:29:58.000Z,183.2
US67066G1040,2026-09-14T11:29:59.000Z,184.59
US67066G1040,2026-09-14T13:29:59.000Z,183.31
US67066G1040,2026-09-14T15:29:59.000Z,183.2
US67066G1040,2026-09-14T17:29:58.000Z,183.92
US67066G1040,2026-09-14T19:29:59.000Z,183.6
US67066G1040,2026-09-15T05:30:56.000Z,183.62
US67066G1040,2026-09-15T07:29:59.000Z,183.61
US67066G1040,2026-09-15T09:29:58.000Z,183.53
US67066G1040,2026-09-15T11:29:58.000Z,183.91
US67066G1040,2026-09-15T13:29:59.000Z,184.79
US67066G1040,2026-09-15T15:29:59.000Z,183.85
US67066G1040,2026-09-15T17:29:59.000Z,183.17
US67066G1040,2026-09-15T19:29:59.000Z,183.79
US67066G1040,2026-09-16T05:30:59.000Z,184.71
US67066G1040,2026-09-16T07:29:58.000Z,185.18
US67066G1040,2026-09-16T09:29:59.000Z,184.62
US67066G1040,2026-09-16T11:29:59.000Z,184.77
US67066G1040,2026-09-16T13:29:58.000Z,185.62
US67066G1040,2026-09-16T15:29:59.000Z,187.12
US67066G1040,2026-09-16T17:29:58.000Z,186.81
US67066G1040,2026-09-16T19:29:59.000Z,186.09
US67066G1040,2026-09-17T07:29:58.000Z,188.4
US67066G1040,2026-09-17T09:29:59.000Z,189.39
US67066G1040,2026-09-17T11:29:59.000Z,188.99
US67066G1040,2026-09-17T13:29:59.000Z,190.13
US67066G1040,2026-09-17T15:29:59.000Z,190.97
US67066G1040,2026-09-17T17:29:59.000Z,190.76
US67066G1040,2026-09-17T19:29:59.000Z,191.31
US67066G1040,2026-09-18T05:30:56.000Z,192.08
US67066G1040,2026-09-18T07:29:58.000Z,193.39
US67066G1040,2026-09-18T09:29:59.000Z,192.58
US67066G1040,2026-09-18T11:29:58.000Z,191.98
US67066G1040,2026-09-18T13:29:58.000Z,191.36
US67066G1040,2026-09-18T15:29:58.000Z,191.7
US67066G1040,2026-09-18T17:29:57.000Z,191.57
US67066G1040,2026-09-18T19:29:59.000Z,191.07
US67066G1040,2026-09-21T05:30:47.000Z,194.37
US67066G1040,2026-09-21T07:29:58.000Z,194.69
US67066G1040,2026-09-21T09:29:59.000Z,195.77
US67066G1040,2026-09-21T11:29:59.000Z,195.16
US67066G1040,2026-09-21T13:29:46.000Z,194.19
US67066G1040,2026-09-21T15:29:59.000Z,196.06
US67066G1040,2026-09-21T17:29:59.000Z,198.06
US67066G1040,2026-09-21T19:29:59.000Z,198.29
US67066G1040,2026-09-22T05:30:59.000Z,197.13
US67066G1040,2026-09-22T07:29:58.000Z,197.17
US67066G1040,2026-09-22T09:29:59.000Z,197.66
US67066G1040,2026-09-22T11:29:58.000Z,197.94
US67066G1040,2026-09-22T13:29:58.000Z,198.07
US67066G1040,2026-09-22T15:29:58.000Z,200.015
US67066G1040,2026-09-22T17:29:59.000Z,200.7
US67066G1040,2026-09-22T19:29:56.000Z,200.625
US67066G1040,2026-09-23T05:30:51.000Z,200.005
US67066G1040,2026-09-23T07:29:56.000Z,200.4
US67066G1040,2026-09-23T09:29:58.000Z,200.925
US67066G1040,2026-09-23T11:29:59.000Z,199.7
US67066G1040,2026-09-23T13:29:59.000Z,199.78
US67066G1040,2026-09-23T15:29:59.000Z,197.83
US67066G1040,2026-09-23T17:29:59.000Z,197.31
US67066G1040,2026-09-23T19:29:59.000Z,197.68
US67066G1040,2026-09-24T05:30:56.000Z,197.7
US67066G1040,2026-09-24T07:29:58.000Z,196.81
US67066G1040,2026-09-24T09:29:58.000Z,195.94
US67066G1040,2026-09-24T11:29:59.000Z,195.96
US67066G1040,2026-09-24T13:29:59.000Z,195.51
US67066G1040,2026-09-24T15:29:58.000Z,195.24
US67066G1040,2026-09-24T17:29:59.000Z,197.08
US67066G1040,2026-09-24T19:29:58.000Z,196.74
US67066G1040,2026-09-25T05:30:59.000Z,197.46
US67066G1040,2026-09-25T07:29:59.000Z,198.08
US67066G1040,2026-09-25T09:29:59.000Z,198.8
US67066G1040,2026-09-25T11:29:59.000Z,198.3
US67066G1040,2026-09-25T13:29:59.000Z,197.46
US67066G1040,2026-09-25T15:29:59.000Z,196.7
US67066G1040,2026-09-25T17:29:54.000Z,197.6
US67066G1040,2026-09-25T19:29:59.000Z,196.36
US67066G1040,2026-09-25T20:59:58.157Z,197.59
US67066G1040,2026-09-28T05:30:58.000Z,197.33
US67066G1040,2026-09-28T07:29:59.000Z,196.14
US67066G1040,2026-09-28T09:29:59.000Z,197.66
US67066G1040,2026-09-28T11:29:59.000Z,200.03
US67066G1040,2026-09-28T13:29:59.000Z,202.125
US67066G1040,2026-09-28T15:29:57.000Z,202.45
US67066G1040,2026-09-28T17:29:59.000Z,202.25
US67066G1040,2026-09-28T19:20:32.415Z,202.2
US69608A1088,2026-08-25T05:30:57.000Z,151.06
US69608A1088,2026-08-25T07:29:58.000Z,151.3
US69608A1088,2026-08-25T09:29:58.000Z,151.62
US69608A1088,2026-08-25T11:29:49.000Z,151.11
US69608A1088,2026-08-25T13:29:59.000Z,151.33
US69608A1088,2026-08-25T15:29:59.000Z,149.24
US69608A1088,2026-08-25T17:29:59.000Z,148.25
US69608A1088,2026-08-25T19:29:58.000Z,147.7
US69608A1088,2026-08-26T05:30:14.000Z,147.36
US69608A1088,2026-08-26T07:29:59.000Z,146.71
US69608A1088,2026-08-26T09:29:51.000Z,146.37
US69608A1088,2026-08-26T11:29:58.000Z,146.68
US69608A1088,2026-08-26T13:29:55.000Z,146.49
US69608A1088,2026-08-26T15:29:59.000Z,149.4
US69608A1088,2026-08-26T17:29:58.000Z,150.93
US69608A1088,2026-08-26T19:29:59.000Z,152.79
US69608A1088,2026-08-27T05:30:31.000Z,151.58
US69608A1088,2026-08-27T07:29:57.000Z,151.8
US69608A1088,2026-08-27T09:29:59.000Z,151.52
US69608A1088,2026-08-27T11:29:45.000Z,151.86
US69608A1088,2026-08-27T13:29:54.000Z,153.43
US69608A1088,2026-08-27T15:29:58.000Z,158.74
US69608A1088,2026-08-27T17:29:59.000Z,159.31
US69608A1088,2026-08-27T19:29:58.000Z,160.14
US69608A1088,2026-08-28T05:30:56.000Z,158.87
US69608A1088,2026-08-28T07:29:51.000Z,159.21
US69608A1088,2026-08-28T09:29:53.000Z,158.77
US69608A1088,2026-08-28T11:29:43.000Z,158.95
US69608A1088,2026-08-28T13:29:59.000Z,158.84
US69608A1088,2026-08-28T15:29:58.000Z,162.01
US69608A1088,2026-08-28T17:29:58.000Z,160.45
US69608A1088,2026-08-28T19:29:59.000Z,160.54
US69608A1088,2026-08-31T05:30:56.000Z,159.23
US69608A1088,2026-08-31T07:29:49.000Z,159.21
US69608A1088,2026-08-31T09:29:56.000Z,158.51
US69608A1088,2026-08-31T11:29:59.000Z,158.3
US69608A1088,2026-08-31T13:29:57.000Z,159.14
US69608A1088,2026-08-31T15:29:58.000Z,160.27
US69608A1088,2026-08-31T17:29:57.000Z,159.78
US69608A1088,2026-08-31T19:29:59.000Z,161.34
US69608A1088,2026-09-01T05:30:47.000Z,160.21
US69608A1088,2026-09-01T07:29:39.000Z,159.89
US69608A1088,2026-09-01T09:29:55.000Z,157.86
US69608A1088,2026-09-01T11:29:55.000Z,158.32
US69608A1088,2026-09-01T13:29:59.000Z,157.81
US69608A1088,2026-09-01T15:29:59.000Z,158.74
US69608A1088,2026-09-01T17:29:57.000Z,157.4
US69608A1088,2026-09-01T19:29:59.000Z,156.7
US69608A1088,2026-09-02T05:30:37.000Z,154.66
US69608A1088,2026-09-02T07:29:48.000Z,154.68
US69608A1088,2026-09-02T09:29:59.000Z,152.89
US69608A1088,2026-09-02T11:29:58.000Z,153.22
US69608A1088,2026-09-02T13:29:59.000Z,152.65
US69608A1088,2026-09-02T15:29:59.000Z,145.89
US69608A1088,2026-09-02T17:29:59.000Z,145.37
US69608A1088,2026-09-02T19:29:59.000Z,145.78
US69608A1088,2026-09-03T05:30:54.000Z,145.84
US69608A1088,2026-09-03T07:29:55.000Z,146.83
US69608A1088,2026-09-03T09:29:16.000Z,147.44
US69608A1088,2026-09-03T11:29:58.000Z,147.2
US69608A1088,2026-09-03T13:29:59.000Z,148.02
US69608A1088,2026-09-03T15:29:59.000Z,158.11
US69608A1088,2026-09-03T17:29:53.000Z,157.14
US69608A1088,2026-09-03T19:29:59.000Z,158.08
US69608A1088,2026-09-04T05:30:58.000Z,157.02
US69608A1088,2026-09-04T07:29:59.000Z,156.8
US69608A1088,2026-09-04T09:29:49.000Z,155.8
US69608A1088,2026-09-04T11:29:56.000Z,155.89
US69608A1088,2026-09-04T13:29:58.000Z,155
US69608A1088,2026-09-04T15:29:59.000Z,151.54
US69608A1088,2026-09-04T17:29:59.000Z,150.31
US69608A1088,2026-09-04T19:29:58.000Z,150.08
US69608A1088,2026-09-07T05:30:37.000Z,148.79
US69608A1088,2026-09-07T07:29:22.000Z,151.16
US69608A1088,2026-09-07T09:24:52.000Z,150.08
US69608A1088,2026-09-07T11:27:28.000Z,149.27
US69608A1088,2026-09-07T13:29:51.000Z,150.63
US69608A1088,2026-09-07T15:29:59.000Z,150.31
US69608A1088,2026-09-07T17:29:09.000Z,149.71
US69608A1088,2026-09-07T19:29:09.000Z,149.75
US69608A1088,2026-09-08T05:30:58.000Z,149.45
US69608A1088,2026-09-08T07:29:59.000Z,149.42
US69608A1088,2026-09-08T09:29:58.000Z,149.31
US69608A1088,2026-09-08T11:29:59.000Z,149.62
US69608A1088,2026-09-08T13:29:57.000Z,149.46
US69608A1088,2026-09-08T15:29:54.000Z,147.28
US69608A1088,2026-09-08T17:29:59.000Z,147.97
US69608A1088,2026-09-08T19:29:59.000Z,146.74
US69608A1088,2026-09-09T05:30:46.000Z,146.95
US69608A1088,2026-09-09T07:29:57.000Z,146.9
US69608A1088,2026-09-09T09:29:56.000Z,147.14
US69608A1088,2026-09-09T11:29:59.000Z,147.08
US69608A1088,2026-09-09T13:29:57.000Z,146.94
US69608A1088,2026-09-09T15:29:59.000Z,146.87
US69608A1088,2026-09-09T17:29:59.000Z,146.7
US69608A1088,2026-09-09T19:29:59.000Z,146.33
US69608A1088,2026-09-10T05:30:55.000Z,145.7
US69608A1088,2026-09-10T07:29:53.000Z,145.31
US69608A1088,2026-09-10T09:29:57.000Z,145.4
US69608A1088,2026-09-10T11:29:37.000Z,145.22
US69608A1088,2026-09-10T13:29:58.000Z,144.13
US69608A1088,2026-09-10T15:29:59.000Z,144.09
US69608A1088,2026-09-10T17:29:58.000Z,142.97
US69608A1088,2026-09-10T19:29:57.000Z,142.82
US69608A1088,2026-09-11T05:30:49.000Z,142.99
US69608A1088,2026-09-11T07:29:59.000Z,143.61
US69608A1088,2026-09-11T09:29:54.000Z,144.63
US69608A1088,2026-09-11T11:29:59.000Z,144.09
US69608A1088,2026-09-11T13:29:57.000Z,144.71
US69608A1088,2026-09-11T15:29:57.000Z,143.62
US69608A1088,2026-09-11T17:29:53.000Z,143.91
US69608A1088,2026-09-11T19:29:59.000Z,144.62
US69608A1088,2026-09-14T05:30:28.000Z,144.01
US69608A1088,2026-09-14T07:29:49.000Z,144.55
US69608A1088,2026-09-14T09:29:53.000Z,144.86
US69608A1088,2026-09-14T11:29:55.000Z,146.38
US69608A1088,2026-09-14T13:29:57.000Z,147.44
US69608A1088,2026-09-14T15:29:55.000Z,147.98
US69608A1088,2026-09-14T17:29:59.000Z,149.93
US69608A1088,2026-09-14T19:29:55.000Z,150.13
US69608A1088,2026-09-15T05:30:44.000Z,149.01
US69608A1088,2026-09-15T07:29:53.000Z,148.36
US69608A1088,2026-09-15T09:29:41.000Z,147.61
US69608A1088,2026-09-15T11:29:54.000Z,147.97
US69608A1088,2026-09-15T13:29:59.000Z,147.57
US69608A1088,2026-09-15T15:29:59.000Z,148.72
US69608A1088,2026-09-15T17:29:59.000Z,152.46
US69608A1088,2026-09-15T19:29:58.000Z,150.51
US69608A1088,2026-09-16T05:30:58.000Z,149.41
US69608A1088,2026-09-16T07:29:49.000Z,149.55
US69608A1088,2026-09-16T09:29:57.000Z,148.91
US69608A1088,2026-09-16T11:29:59.000Z,149.65
US69608A1088,2026-09-16T13:29:59.000Z,147.72
US69608A1088,2026-09-16T15:29:57.000Z,149.37
US69608A1088,2026-09-16T17:29:59.000Z,149.98
US69608A1088,2026-09-16T19:29:58.000Z,149.72
US69608A1088,2026-09-17T07:29:59.000Z,153.97
US69608A1088,2026-09-17T09:29:58.000Z,153.1
US69608A1088,2026-09-17T11:29:55.000Z,152.62
US69608A1088,2026-09-17T13:29:59.000Z,153.05
US69608A1088,2026-09-17T15:29:58.000Z,153.8
US69608A1088,2026-09-17T17:29:59.000Z,152.14
US69608A1088,2026-09-17T19:29:59.000Z,153.42
US69608A1088,2026-09-18T05:30:56.000Z,153.18
US69608A1088,2026-09-18T07:29:41.000Z,153.75
US69608A1088,2026-09-18T09:29:58.000Z,153.17
US69608A1088,2026-09-18T11:29:57.000Z,153.59
US69608A1088,2026-09-18T13:29:59.000Z,154.49
US69608A1088,2026-09-18T15:29:59.000Z,153.46
US69608A1088,2026-09-18T17:29:57.000Z,152.7
US69608A1088,2026-09-18T19:29:57.000Z,153.95
US69608A1088,2026-09-21T05:30:59.000Z,154.91
US69608A1088,2026-09-21T07:29:56.000Z,155.07
US69608A1088,2026-09-21T09:29:13.000Z,155.71
US69608A1088,2026-09-21T11:29:57.000Z,155.89
US69608A1088,2026-09-21T13:29:59.000Z,155.53
US69608A1088,2026-09-21T15:29:59.000Z,158.7
US69608A1088,2026-09-21T17:29:45.000Z,158.1
US69608A1088,2026-09-21T19:29:52.000Z,158.58
US69608A1088,2026-09-22T05:30:40.000Z,159.31
US69608A1088,2026-09-22T07:29:56.000Z,160.12
US69608A1088,2026-09-22T09:29:59.000Z,160.49
US69608A1088,2026-09-22T11:29:39.000Z,160.4
US69608A1088,2026-09-22T13:29:59.000Z,161.65
US69608A1088,2026-09-22T15:29:59.000Z,161.16
US69608A1088,2026-09-22T17:29:57.000Z,161.63
US69608A1088,2026-09-22T19:29:58.000Z,161.31
US69608A1088,2026-09-23T05:30:53.000Z,161.76
US69608A1088,2026-09-23T07:29:55.000Z,162.06
US69608A1088,2026-09-23T09:29:55.000Z,162.3
US69608A1088,2026-09-23T11:29:29.000Z,162.21
US69608A1088,2026-09-23T13:29:59.000Z,162.96
US69608A1088,2026-09-23T15:29:59.000Z,168.24
US69608A1088,2026-09-23T17:29:59.000Z,167.82
US69608A1088,2026-09-23T19:29:59.000Z,168.62
US69608A1088,2026-09-24T05:30:38.000Z,167.57
US69608A1088,2026-09-24T07:29:58.000Z,167.87
US69608A1088,2026-09-24T09:29:57.000Z,166.66
US69608A1088,2026-09-24T11:29:58.000Z,165.17
US69608A1088,2026-09-24T13:29:59.000Z,166.71
US69608A1088,2026-09-24T15:29:58.000Z,168.47
US69608A1088,2026-09-24T17:29:58.000Z,169.67
US69608A1088,2026-09-24T19:29:55.000Z,169.26
US69608A1088,2026-09-25T05:30:48.000Z,169.18
US69608A1088,2026-09-25T07:29:53.000Z,169.1
US69608A1088,2026-09-25T09:29:54.000Z,168.95
US69608A1088,2026-09-25T11:29:45.000Z,169.1
US69608A1088,2026-09-25T13:29:59.000Z,169.12
US69608A1088,2026-09-25T15:29:59.000Z,168.27
US69608A1088,2026-09-25T17:29:53.000Z,168.45
US69608A1088,2026-09-25T19:29:53.000Z,167.27
US69608A1088,2026-09-25T20:59:58.538Z,166.56
US69608A1088,2026-09-28T05:30:42.000Z,165.57
US69608A1088,2026-09-28T07:29:25.000Z,165.72
US69608A1088,2026-09-28T09:29:59.000Z,165.36
US69608A1088,2026-09-28T11:29:52.000Z,165.31
US69608A1088,2026-09-28T13:29:55.000Z,164
US69608A1088,2026-09-28T15:29:59.000Z,165.94
US69608A1088,2026-09-28T17:29:58.000Z,166.47
US69608A1088,2026-09-28T19:20:32.947Z,165.26
US78392B1070,2026-08-25T05:30:58.000Z,1030
US78392B1070,2026-08-25T07:29:38.000Z,1037.5
US78392B1070,2026-08-25T09:29:38.000Z,1047.5
US78392B1070,2026-08-25T13:29:22.000Z,1050
US78392B1070,2026-08-25T15:29:55.000Z,1035
US78392B1070,2026-08-25T17:25:43.000Z,1032.5
US78392B1070,2026-08-25T19:23:42.000Z,1040
US78392B1070,2026-08-26T05:30:42.000Z,1055
US78392B1070,2026-08-26T07:28:57.000Z,1040
US78392B1070,2026-08-26T09:26:21.000Z,1040
US78392B1070,2026-08-26T11:26:54.000Z,1035
US78392B1070,2026-08-26T13:29:16.000Z,1035
US78392B1070,2026-08-26T15:25:14.000Z,1045
US78392B1070,2026-08-26T17:23:40.000Z,1047.5
US78392B1070,2026-08-26T19:26:47.000Z,1045
US78392B1070,2026-08-27T05:30:58.000Z,1067.5
US78392B1070,2026-08-27T07:29:35.000Z,1072.5
US78392B1070,2026-08-27T09:29:18.000Z,1080
US78392B1070,2026-08-27T11:29:59.000Z,1077.5
US78392B1070,2026-08-27T13:21:26.000Z,1077.5
US78392B1070,2026-08-27T15:28:45.000Z,1055
US78392B1070,2026-08-27T17:28:29.000Z,1055
US78392B1070,2026-08-28T05:30:00.000Z,1047.5
US78392B1070,2026-08-28T07:28:11.000Z,1035
US78392B1070,2026-08-28T09:29:06.000Z,1035
US78392B1070,2026-08-28T11:28:59.000Z,1032.5
US78392B1070,2026-08-28T13:29:17.000Z,1030
US78392B1070,2026-08-28T15:29:37.000Z,1050
US78392B1070,2026-08-28T17:21:16.000Z,1037.5
US78392B1070,2026-08-28T19:29:05.000Z,1035
US78392B1070,2026-08-31T05:30:04.000Z,1035
US78392B1070,2026-08-31T07:29:20.000Z,1042.5
US78392B1070,2026-08-31T09:29:37.000Z,1042.5
US78392B1070,2026-08-31T11:26:16.000Z,1040
US78392B1070,2026-08-31T13:28:37.000Z,1035
US78392B1070,2026-08-31T15:29:13.000Z,1040
US78392B1070,2026-08-31T17:28:55.000Z,1037.5
US78392B1070,2026-08-31T19:24:26.000Z,1035
US78392B1070,2026-09-01T05:30:49.000Z,1067.5
US78392B1070,2026-09-01T07:28:23.000Z,1060
US78392B1070,2026-09-01T09:29:25.000Z,1025
US78392B1070,2026-09-01T11:21:34.000Z,1030
US78392B1070,2026-09-01T13:28:27.000Z,1032.5
US78392B1070,2026-09-01T15:27:59.000Z,1032.5
US78392B1070,2026-09-01T17:28:09.000Z,1027.5
US78392B1070,2026-09-01T19:28:01.000Z,1022.5
US78392B1070,2026-09-02T05:30:01.000Z,1020
US78392B1070,2026-09-02T07:29:18.000Z,1017.5
US78392B1070,2026-09-02T09:26:47.000Z,1010
US78392B1070,2026-09-02T11:25:19.000Z,1012.5
US78392B1070,2026-09-02T13:28:10.000Z,1017.5
US78392B1070,2026-09-02T15:29:18.000Z,1025
US78392B1070,2026-09-02T17:26:44.000Z,1035
US78392B1070,2026-09-02T19:28:41.000Z,1040
US78392B1070,2026-09-03T05:30:20.000Z,1030
US78392B1070,2026-09-03T07:29:59.000Z,1010
US78392B1070,2026-09-03T09:26:45.000Z,1007.5
US78392B1070,2026-09-03T11:26:45.000Z,1005
US78392B1070,2026-09-03T13:25:09.000Z,1015
US78392B1070,2026-09-03T15:29:25.000Z,1012.5
US78392B1070,2026-09-03T17:29:43.000Z,1017.5
US78392B1070,2026-09-03T19:29:10.000Z,1025
US78392B1070,2026-09-04T05:30:53.000Z,1050
US78392B1070,2026-09-04T07:29:35.000Z,1050
US78392B1070,2026-09-04T09:29:38.000Z,1045
US78392B1070,2026-09-04T11:23:05.000Z,1050
US78392B1070,2026-09-04T13:27:48.000Z,1035
US78392B1070,2026-09-04T15:29:04.000Z,1070
US78392B1070,2026-09-04T17:29:20.000Z,1082.5
US78392B1070,2026-09-04T19:28:39.000Z,1082.5
US78392B1070,2026-09-07T05:30:56.000Z,1100
US78392B1070,2026-09-07T07:29:06.000Z,1135
US78392B1070,2026-09-07T09:29:49.000Z,1135
US78392B1070,2026-09-07T11:29:51.000Z,1140
US78392B1070,2026-09-07T13:29:27.000Z,1135
US78392B1070,2026-09-07T15:29:12.000Z,1135
US78392B1070,2026-09-07T17:29:45.000Z,1140
US78392B1070,2026-09-07T19:29:09.000Z,1145
US78392B1070,2026-09-08T05:30:00.000Z,1180
US78392B1070,2026-09-08T07:29:47.000Z,1150
US78392B1070,2026-09-08T09:27:35.000Z,1145
US78392B1070,2026-09-08T11:29:42.000Z,1157.5
US78392B1070,2026-09-08T13:29:04.000Z,1167.5
US78392B1070,2026-09-08T15:29:11.000Z,1175
US78392B1070,2026-09-08T17:28:02.000Z,1175
US78392B1070,2026-09-08T19:29:23.000Z,1167.5
US78392B1070,2026-09-09T05:30:56.000Z,1200
US78392B1070,2026-09-09T07:29:54.000Z,1190
US78392B1070,2026-09-09T09:27:21.000Z,1185
US78392B1070,2026-09-09T11:28:02.000Z,1175
US78392B1070,2026-09-09T13:28:20.000Z,1175
US78392B1070,2026-09-09T15:29:29.000Z,1195
US78392B1070,2026-09-09T17:29:26.000Z,1195
US78392B1070,2026-09-09T19:29:25.000Z,1220
US78392B1070,2026-09-10T05:30:55.000Z,1190
US78392B1070,2026-09-10T07:29:43.000Z,1180
US78392B1070,2026-09-10T09:29:34.000Z,1180
US78392B1070,2026-09-10T11:26:04.000Z,1175
US78392B1070,2026-09-10T13:29:15.000Z,1160
US78392B1070,2026-09-10T15:29:33.000Z,1160
US78392B1070,2026-09-10T17:29:03.000Z,1155
US78392B1070,2026-09-10T19:27:55.000Z,1152.5
US78392B1070,2026-09-11T05:30:16.000Z,1152.5
US78392B1070,2026-09-11T07:26:38.000Z,1162.5
US78392B1070,2026-09-11T09:27:39.000Z,1167.5
US78392B1070,2026-09-11T11:26:02.000Z,1170
US78392B1070,2026-09-11T13:29:15.000Z,1185
US78392B1070,2026-09-11T15:28:57.000Z,1170
US78392B1070,2026-09-11T17:25:45.000Z,1180
US78392B1070,2026-09-11T19:27:26.000Z,1167.5
US78392B1070,2026-09-14T05:30:00.000Z,1102.5
US78392B1070,2026-09-14T07:29:05.000Z,1080
US78392B1070,2026-09-14T09:27:57.000Z,1075
US78392B1070,2026-09-14T11:29:41.000Z,1075
US78392B1070,2026-09-14T13:29:16.000Z,1060
US78392B1070,2026-09-14T15:29:39.000Z,1060
US78392B1070,2026-09-14T17:22:27.000Z,1075
US78392B1070,2026-09-14T19:29:03.000Z,1075
US78392B1070,2026-09-15T05:30:21.000Z,1075
US78392B1070,2026-09-15T07:27:32.000Z,1072.5
US78392B1070,2026-09-15T09:28:29.000Z,1067.5
US78392B1070,2026-09-15T11:29:21.000Z,1082.5
US78392B1070,2026-09-15T13:28:48.000Z,1085
US78392B1070,2026-09-15T15:29:23.000Z,1070
US78392B1070,2026-09-15T17:28:28.000Z,1060
US78392B1070,2026-09-15T19:27:25.000Z,1062.5
US78392B1070,2026-09-16T07:29:29.000Z,1100
US78392B1070,2026-09-16T09:27:39.000Z,1102.5
US78392B1070,2026-09-16T11:28:35.000Z,1105
US78392B1070,2026-09-16T13:25:56.000Z,1105
US78392B1070,2026-09-16T15:29:46.000Z,1105
US78392B1070,2026-09-16T17:28:35.000Z,1095
US78392B1070,2026-09-16T19:29:39.000Z,1080
US78392B1070,2026-09-17T07:28:18.000Z,1100
US78392B1070,2026-09-17T09:29:53.000Z,1105
US78392B1070,2026-09-17T11:27:21.000Z,1110
US78392B1070,2026-09-17T13:28:39.000Z,1120
US78392B1070,2026-09-17T15:29:59.000Z,1120
US78392B1070,2026-09-17T17:23:53.000Z,1130
US78392B1070,2026-09-17T19:26:20.000Z,1130
US78392B1070,2026-09-18T05:30:37.000Z,1160
US78392B1070,2026-09-18T07:29:40.000Z,1160
US78392B1070,2026-09-18T09:29:43.000Z,1155
US78392B1070,2026-09-18T11:29:42.000Z,1150
US78392B1070,2026-09-18T13:29:12.000Z,1140
US78392B1070,2026-09-18T15:26:02.000Z,1150
US78392B1070,2026-09-18T17:22:50.000Z,1150
US78392B1070,2026-09-18T19:27:16.000Z,1167.5
US78392B1070,2026-09-21T05:30:05.000Z,1180
US78392B1070,2026-09-21T07:29:42.000Z,1175
US78392B1070,2026-09-21T09:28:47.000Z,1187.5
US78392B1070,2026-09-21T11:27:27.000Z,1185
US78392B1070,2026-09-21T13:28:02.000Z,1185
US78392B1070,2026-09-21T15:29:53.000Z,1197.5
US78392B1070,2026-09-21T17:21:16.000Z,1195
US78392B1070,2026-09-21T19:27:59.000Z,1205
US78392B1070,2026-09-22T05:30:18.000Z,1190
US78392B1070,2026-09-22T07:28:53.000Z,1172.5
US78392B1070,2026-09-22T09:23:10.000Z,1177.5
US78392B1070,2026-09-22T11:29:44.000Z,1187.5
US78392B1070,2026-09-22T13:29:12.000Z,1185
US78392B1070,2026-09-22T15:29:52.000Z,1210
US78392B1070,2026-09-22T17:29:56.000Z,1215
US78392B1070,2026-09-22T19:23:23.000Z,1220
US78392B1070,2026-09-23T05:30:22.000Z,1200
US78392B1070,2026-09-23T07:29:15.000Z,1195
US78392B1070,2026-09-23T09:20:59.000Z,1192.5
US78392B1070,2026-09-23T11:28:39.000Z,1192.5
US78392B1070,2026-09-23T13:29:11.000Z,1190
US78392B1070,2026-09-23T15:29:59.000Z,1185
US78392B1070,2026-09-23T17:29:15.000Z,1175
US78392B1070,2026-09-23T19:29:52.000Z,1180
US78392B1070,2026-09-24T05:30:21.000Z,1180
US78392B1070,2026-09-24T07:29:24.000Z,1162.5
US78392B1070,2026-09-24T09:29:06.000Z,1150
US78392B1070,2026-09-24T13:28:58.000Z,1162.5
US78392B1070,2026-09-24T15:29:42.000Z,1152.5
US78392B1070,2026-09-24T17:27:18.000Z,1160
US78392B1070,2026-09-24T19:27:55.000Z,1155
US78392B1070,2026-09-25T05:30:59.000Z,1162.5
US78392B1070,2026-09-25T07:24:25.000Z,1175
US78392B1070,2026-09-25T09:27:13.000Z,1180
US78392B1070,2026-09-25T11:29:36.000Z,1180
US78392B1070,2026-09-25T13:29:39.000Z,1180
US78392B1070,2026-09-25T15:28:43.000Z,1177.5
US78392B1070,2026-09-25T17:29:24.000Z,1187.5
US78392B1070,2026-09-25T19:24:38.000Z,1185
US78392B1070,2026-09-25T20:51:15.794Z,1185
US78392B1070,2026-09-28T05:30:42.000Z,1150
US78392B1070,2026-09-28T07:29:10.000Z,1145
US78392B1070,2026-09-28T09:29:18.000Z,1137.5
US78392B1070,2026-09-28T11:28:27.000Z,1140
US78392B1070,2026-09-28T13:29:49.000Z,1147.5
US78392B1070,2026-09-28T15:27:38.000Z,1110
US78392B1070,2026-09-28T17:28:17.000Z,1130
US78392B1070,2026-09-28T19:19:04.510Z,1130
US7960508882,2026-08-25T05:30:58.000Z,3945
US7960508882,2026-08-25T07:29:54.000Z,3980
US7960508882,2026-08-25T09:29:01.000Z,4020
US7960508882,2026-08-25T11:27:40.000Z,4020
US7960508882,2026-08-25T13:29:47.000Z,4005
US7960508882,2026-08-25T15:29:58.000Z,4030
US7960508882,2026-08-25T19:28:54.000Z,4005
US7960508882,2026-08-26T05:30:02.000Z,4080
US7960508882,2026-08-26T07:29:57.000Z,4035
US7960508882,2026-08-26T09:26:14.000Z,4020
US7960508882,2026-08-26T11:29:12.000Z,4040
US7960508882,2026-08-26T13:29:58.000Z,4045
US7960508882,2026-08-26T15:29:56.000Z,4065
US7960508882,2026-08-26T17:22:08.000Z,4070
US7960508882,2026-08-26T19:28:13.000Z,4070
US7960508882,2026-08-27T05:30:02.000Z,4120
US7960508882,2026-08-27T07:29:50.000Z,4135
US7960508882,2026-08-27T09:29:45.000Z,4150
US7960508882,2026-08-27T11:29:59.000Z,4155
US7960508882,2026-08-27T13:29:58.000Z,4135
US7960508882,2026-08-27T15:29:22.000Z,4030
US7960508882,2026-08-27T17:20:56.000Z,4040
US7960508882,2026-08-27T19:26:17.000Z,4025
US7960508882,2026-08-28T05:30:02.000Z,4025
US7960508882,2026-08-28T07:20:38.000Z,4030
US7960508882,2026-08-28T09:29:59.000Z,4020
US7960508882,2026-08-28T11:29:15.000Z,4020
US7960508882,2026-08-28T13:29:59.000Z,4030
US7960508882,2026-08-28T15:29:53.000Z,4110
US7960508882,2026-08-28T17:29:59.000Z,3980
US7960508882,2026-08-28T19:29:52.000Z,4000
US7960508882,2026-08-31T05:30:16.000Z,4015
US7960508882,2026-08-31T07:26:45.000Z,4085
US7960508882,2026-08-31T09:28:53.000Z,4085
US7960508882,2026-08-31T11:22:52.000Z,4065
US7960508882,2026-08-31T13:20:26.000Z,4055
US7960508882,2026-08-31T15:29:50.000Z,4035
US7960508882,2026-08-31T17:29:22.000Z,4010
US7960508882,2026-08-31T19:28:26.000Z,4045
US7960508882,2026-09-01T05:30:53.000Z,4080
US7960508882,2026-09-01T07:29:04.000Z,4085
US7960508882,2026-09-01T09:29:59.000Z,4000
US7960508882,2026-09-01T11:29:59.000Z,4000
US7960508882,2026-09-01T13:28:27.000Z,4005
US7960508882,2026-09-01T15:29:47.000Z,3985
US7960508882,2026-09-01T19:29:43.000Z,3915
US7960508882,2026-09-02T05:30:17.000Z,3930
US7960508882,2026-09-02T07:29:57.000Z,3960
US7960508882,2026-09-02T09:29:40.000Z,3935
US7960508882,2026-09-02T11:29:58.000Z,3960
US7960508882,2026-09-02T13:29:57.000Z,3985
US7960508882,2026-09-02T15:29:50.000Z,4010
US7960508882,2026-09-02T17:23:50.000Z,4025
US7960508882,2026-09-02T19:20:28.000Z,4010
US7960508882,2026-09-03T05:30:55.000Z,3925
US7960508882,2026-09-03T07:29:37.000Z,3950
US7960508882,2026-09-03T09:29:51.000Z,3940
US7960508882,2026-09-03T11:24:11.000Z,3950
US7960508882,2026-09-03T13:29:59.000Z,3980
US7960508882,2026-09-03T15:29:58.000Z,3990
US7960508882,2026-09-04T05:30:22.000Z,4070
US7960508882,2026-09-04T07:29:09.000Z,4065
US7960508882,2026-09-04T09:29:58.000Z,4065
US7960508882,2026-09-04T11:28:35.000Z,4080
US7960508882,2026-09-04T13:29:27.000Z,4070
US7960508882,2026-09-04T15:29:52.000Z,4225
US7960508882,2026-09-07T05:30:59.000Z,4280
US7960508882,2026-09-07T07:29:32.000Z,4310
US7960508882,2026-09-07T09:29:36.000Z,4315
US7960508882,2026-09-07T11:29:59.000Z,4330
US7960508882,2026-09-07T13:29:03.000Z,4335
US7960508882,2026-09-07T15:29:23.000Z,4335
US7960508882,2026-09-07T17:24:20.000Z,4335
US7960508882,2026-09-07T19:29:09.000Z,4350
US7960508882,2026-09-08T05:30:59.000Z,4435
US7960508882,2026-09-08T07:27:52.000Z,4345
US7960508882,2026-09-08T09:29:45.000Z,4330
US7960508882,2026-09-08T11:29:56.000Z,4350
US7960508882,2026-09-08T13:29:59.000Z,4390
US7960508882,2026-09-08T15:29:24.000Z,4350
US7960508882,2026-09-09T05:30:12.000Z,4350
US7960508882,2026-09-09T07:27:10.000Z,4320
US7960508882,2026-09-09T09:29:55.000Z,4315
US7960508882,2026-09-09T11:29:20.000Z,4270
US7960508882,2026-09-09T13:29:59.000Z,4265
US7960508882,2026-09-09T15:29:59.000Z,4290
US7960508882,2026-09-10T05:30:55.000Z,4290
US7960508882,2026-09-10T07:29:30.000Z,4285
US7960508882,2026-09-10T09:29:59.000Z,4265
US7960508882,2026-09-10T11:29:38.000Z,4265
US7960508882,2026-09-10T13:29:41.000Z,4175
US7960508882,2026-09-10T15:29:59.000Z,4150
US7960508882,2026-09-10T17:27:23.000Z,4110
US7960508882,2026-09-10T19:27:27.000Z,4120
US7960508882,2026-09-11T05:30:18.000Z,4135
US7960508882,2026-09-11T07:27:56.000Z,4185
US7960508882,2026-09-11T09:29:58.000Z,4185
US7960508882,2026-09-11T11:29:59.000Z,4190
US7960508882,2026-09-11T13:29:56.000Z,4235
US7960508882,2026-09-11T15:28:43.000Z,4250
US7960508882,2026-09-11T19:25:41.000Z,4235
US7960508882,2026-09-14T05:30:02.000Z,4020
US7960508882,2026-09-14T07:29:51.000Z,3985
US7960508882,2026-09-14T09:28:56.000Z,3970
US7960508882,2026-09-14T11:29:40.000Z,3970
US7960508882,2026-09-14T13:29:59.000Z,3920
US7960508882,2026-09-14T15:29:53.000Z,3895
US7960508882,2026-09-15T05:30:09.000Z,3940
US7960508882,2026-09-15T07:28:32.000Z,3960
US7960508882,2026-09-15T09:29:17.000Z,3945
US7960508882,2026-09-15T11:29:55.000Z,3990
US7960508882,2026-09-15T13:29:41.000Z,3990
US7960508882,2026-09-15T15:29:58.000Z,3935
US7960508882,2026-09-15T17:21:24.000Z,3915
US7960508882,2026-09-15T19:28:50.000Z,3920
US7960508882,2026-09-16T05:30:26.000Z,3990
US7960508882,2026-09-16T07:28:45.000Z,4005
US7960508882,2026-09-16T09:28:42.000Z,4010
US7960508882,2026-09-16T11:29:59.000Z,4030
US7960508882,2026-09-16T13:29:36.000Z,4030
US7960508882,2026-09-16T15:29:50.000Z,4025
US7960508882,2026-09-16T17:29:09.000Z,4010
US7960508882,2026-09-16T19:28:48.000Z,3940
US7960508882,2026-09-17T07:29:41.000Z,4015
US7960508882,2026-09-17T09:29:56.000Z,4010
US7960508882,2026-09-17T11:29:52.000Z,4025
US7960508882,2026-09-17T13:29:59.000Z,4090
US7960508882,2026-09-17T15:29:55.000Z,4140
US7960508882,2026-09-17T17:27:25.000Z,4145
US7960508882,2026-09-18T05:30:04.000Z,4090
US7960508882,2026-09-18T07:29:42.000Z,4100
US7960508882,2026-09-18T09:29:55.000Z,4080
US7960508882,2026-09-18T11:29:53.000Z,4055
US7960508882,2026-09-18T13:29:59.000Z,4070
US7960508882,2026-09-18T15:29:42.000Z,4050
US7960508882,2026-09-18T19:29:25.000Z,4095
US7960508882,2026-09-21T05:30:55.000Z,4290
US7960508882,2026-09-21T07:29:52.000Z,4300
US7960508882,2026-09-21T09:29:52.000Z,4355
US7960508882,2026-09-21T11:29:57.000Z,4340
US7960508882,2026-09-21T13:29:22.000Z,4365
US7960508882,2026-09-21T15:29:37.000Z,4370
US7960508882,2026-09-22T05:30:15.000Z,4425
US7960508882,2026-09-22T07:26:59.000Z,4395
US7960508882,2026-09-22T09:29:34.000Z,4410
US7960508882,2026-09-22T11:29:58.000Z,4415
US7960508882,2026-09-22T13:29:55.000Z,4395
US7960508882,2026-09-22T15:29:46.000Z,4470
US7960508882,2026-09-22T17:29:55.000Z,4470
US7960508882,2026-09-22T19:29:14.000Z,4485
US7960508882,2026-09-23T05:30:56.000Z,4580
US7960508882,2026-09-23T07:29:57.000Z,4560
US7960508882,2026-09-23T09:29:53.000Z,4565
US7960508882,2026-09-23T11:29:55.000Z,4540
US7960508882,2026-09-23T13:29:18.000Z,4565
US7960508882,2026-09-23T15:29:09.000Z,4480
US7960508882,2026-09-23T17:29:03.000Z,4415
US7960508882,2026-09-23T19:28:41.000Z,4425
US7960508882,2026-09-24T05:30:58.000Z,4460
US7960508882,2026-09-24T07:29:56.000Z,4430
US7960508882,2026-09-24T09:29:59.000Z,4385
US7960508882,2026-09-24T11:29:52.000Z,4420
US7960508882,2026-09-24T13:28:09.000Z,4430
US7960508882,2026-09-24T15:29:56.000Z,4355
US7960508882,2026-09-24T17:27:27.000Z,4395
US7960508882,2026-09-24T19:23:05.000Z,4360
US7960508882,2026-09-25T05:30:53.000Z,4350
US7960508882,2026-09-25T07:29:38.000Z,4480
US7960508882,2026-09-25T09:28:35.000Z,4485
US7960508882,2026-09-25T11:29:56.000Z,4490
US7960508882,2026-09-25T13:28:58.000Z,4495
US7960508882,2026-09-25T15:29:45.000Z,4475
US7960508882,2026-09-25T19:29:41.000Z,4495
US7960508882,2026-09-25T20:30:03.719Z,4490
US7960508882,2026-09-28T05:30:49.000Z,4395
US7960508882,2026-09-28T07:29:57.000Z,4335
US7960508882,2026-09-28T09:29:37.000Z,4355
US7960508882,2026-09-28T11:29:49.000Z,4355
US7960508882,2026-09-28T13:29:50.000Z,4370
US7960508882,2026-09-28T15:29:59.000Z,4260
US7960508882,2026-09-28T17:21:00.000Z,4325
US7960508882,2026-09-28T18:45:34.427Z,4310
US83418M1036,2026-08-25T05:30:53.000Z,45.9
US83418M1036,2026-08-25T07:29:51.000Z,46.58
US83418M1036,2026-08-25T09:25:01.000Z,47.255
US83418M1036,2026-08-25T11:29:58.000Z,46.49
US83418M1036,2026-08-25T13:29:40.000Z,46.64
US83418M1036,2026-08-25T15:29:59.000Z,46.325
US83418M1036,2026-08-25T17:27:46.000Z,45.46
US83418M1036,2026-08-25T19:29:56.000Z,45.295
US83418M1036,2026-08-26T05:30:52.000Z,45.165
US83418M1036,2026-08-26T07:29:50.000Z,45.08
US83418M1036,2026-08-26T09:29:58.000Z,45.025
US83418M1036,2026-08-26T11:29:47.000Z,45.03
US83418M1036,2026-08-26T13:29:16.000Z,45.17
US83418M1036,2026-08-26T15:29:52.000Z,44.92
US83418M1036,2026-08-26T17:29:42.000Z,45.055
US83418M1036,2026-08-26T19:29:59.000Z,44.52
US83418M1036,2026-08-27T05:30:57.000Z,44.995
US83418M1036,2026-08-27T07:29:58.000Z,44.64
US83418M1036,2026-08-27T09:29:58.000Z,45.14
US83418M1036,2026-08-27T11:26:51.000Z,45.455
US83418M1036,2026-08-27T13:29:46.000Z,45.985
US83418M1036,2026-08-27T15:29:45.000Z,45.325
US83418M1036,2026-08-27T17:29:18.000Z,45.945
US83418M1036,2026-08-27T19:29:58.000Z,45.71
US83418M1036,2026-08-28T05:30:51.000Z,45.18
US83418M1036,2026-08-28T07:29:57.000Z,44.95
US83418M1036,2026-08-28T09:29:57.000Z,45.25
US83418M1036,2026-08-28T11:29:56.000Z,45.065
US83418M1036,2026-08-28T13:29:59.000Z,44.935
US83418M1036,2026-08-28T15:29:59.000Z,44.1
US83418M1036,2026-08-28T17:28:59.000Z,43.6
US83418M1036,2026-08-28T19:29:52.000Z,43.13
US83418M1036,2026-08-31T05:30:29.000Z,42.9
US83418M1036,2026-08-31T07:22:38.000Z,43.18
US83418M1036,2026-08-31T09:26:04.000Z,43.145
US83418M1036,2026-08-31T13:29:38.000Z,43.1
US83418M1036,2026-08-31T15:29:48.000Z,43.245
US83418M1036,2026-08-31T17:29:59.000Z,43.62
US83418M1036,2026-08-31T19:29:59.000Z,43.72
US83418M1036,2026-09-01T05:30:53.000Z,44.28
US83418M1036,2026-09-01T07:29:31.000Z,44.3
US83418M1036,2026-09-01T09:20:16.000Z,43.47
US83418M1036,2026-09-01T11:29:43.000Z,43.45
US83418M1036,2026-09-01T13:29:44.000Z,43.195
US83418M1036,2026-09-01T15:29:58.000Z,42.885
US83418M1036,2026-09-01T17:29:58.000Z,41.735
US83418M1036,2026-09-01T19:29:57.000Z,42.795
US83418M1036,2026-09-02T05:30:59.000Z,42.795
US83418M1036,2026-09-02T07:29:59.000Z,42.69
US83418M1036,2026-09-02T09:29:52.000Z,42.78
US83418M1036,2026-09-02T11:29:59.000Z,42.5
US83418M1036,2026-09-02T13:29:05.000Z,42.42
US83418M1036,2026-09-02T15:28:40.000Z,42.195
US83418M1036,2026-09-02T17:28:48.000Z,43.185
US83418M1036,2026-09-02T19:29:56.000Z,45.205
US83418M1036,2026-09-03T05:30:59.000Z,45.31
US83418M1036,2026-09-03T07:29:58.000Z,45.64
US83418M1036,2026-09-03T09:29:42.000Z,45.755
US83418M1036,2026-09-03T11:28:24.000Z,45.72
US83418M1036,2026-09-03T13:29:54.000Z,45.41
US83418M1036,2026-09-03T15:29:58.000Z,45.915
US83418M1036,2026-09-03T17:29:42.000Z,45.365
US83418M1036,2026-09-03T19:29:59.000Z,45.525
US83418M1036,2026-09-04T05:30:37.000Z,45.585
US83418M1036,2026-09-04T07:29:58.000Z,45.61
US83418M1036,2026-09-04T09:29:57.000Z,45.885
US83418M1036,2026-09-04T13:28:28.000Z,45.95
US83418M1036,2026-09-04T15:29:59.000Z,47.03
US83418M1036,2026-09-04T17:29:59.000Z,46.695
US83418M1036,2026-09-04T19:29:38.000Z,47.31
US83418M1036,2026-09-07T05:30:02.000Z,47.72
US83418M1036,2026-09-07T07:29:55.000Z,47.33
US83418M1036,2026-09-07T09:29:54.000Z,46.84
US83418M1036,2026-09-07T11:29:57.000Z,47.06
US83418M1036,2026-09-07T13:29:58.000Z,47.075
US83418M1036,2026-09-07T15:29:59.000Z,47.455
US83418M1036,2026-09-07T17:29:58.000Z,47.31
US83418M1036,2026-09-07T19:29:09.000Z,47.29
US83418M1036,2026-09-08T05:30:56.000Z,47.585
US83418M1036,2026-09-08T07:29:31.000Z,48.05
US83418M1036,2026-09-08T09:29:59.000Z,47.865
US83418M1036,2026-09-08T11:29:30.000Z,49.28
US83418M1036,2026-09-08T13:29:59.000Z,52.97
US83418M1036,2026-09-08T15:29:38.000Z,55.21
US83418M1036,2026-09-08T17:29:58.000Z,55.3
US83418M1036,2026-09-08T19:29:58.000Z,55.02
US83418M1036,2026-09-09T05:30:39.000Z,55
US83418M1036,2026-09-09T07:29:42.000Z,55.31
US83418M1036,2026-09-09T09:29:54.000Z,55.68
US83418M1036,2026-09-09T11:28:03.000Z,55.05
US83418M1036,2026-09-09T13:29:59.000Z,56.78
US83418M1036,2026-09-09T15:29:50.000Z,57.19
US83418M1036,2026-09-09T17:29:56.000Z,58.08
US83418M1036,2026-09-09T19:29:55.000Z,59.41
US83418M1036,2026-09-10T05:30:59.000Z,57.72
US83418M1036,2026-09-10T07:29:59.000Z,58.27
US83418M1036,2026-09-10T09:29:39.000Z,58.73
US83418M1036,2026-09-10T11:29:41.000Z,58.71
US83418M1036,2026-09-10T13:28:36.000Z,56.7
US83418M1036,2026-09-10T15:29:57.000Z,56.48
US83418M1036,2026-09-10T17:29:59.000Z,57.29
US83418M1036,2026-09-10T19:29:59.000Z,55.97
US83418M1036,2026-09-11T05:30:59.000Z,54.82
US83418M1036,2026-09-11T07:29:34.000Z,54.99
US83418M1036,2026-09-11T09:26:17.000Z,55.04
US83418M1036,2026-09-11T11:28:16.000Z,55.75
US83418M1036,2026-09-11T13:29:57.000Z,56.57
US83418M1036,2026-09-11T15:29:39.000Z,60.14
US83418M1036,2026-09-11T17:29:48.000Z,59.48
US83418M1036,2026-09-11T19:29:43.000Z,58.33
US83418M1036,2026-09-14T05:30:53.000Z,60.67
US83418M1036,2026-09-14T07:29:57.000Z,57.65
US83418M1036,2026-09-14T09:29:35.000Z,56.89
US83418M1036,2026-09-14T11:29:44.000Z,55.87
US83418M1036,2026-09-14T13:29:22.000Z,56.46
US83418M1036,2026-09-14T15:28:57.000Z,53.74
US83418M1036,2026-09-14T17:29:46.000Z,54.9
US83418M1036,2026-09-14T19:29:57.000Z,52.92
US83418M1036,2026-09-15T05:30:45.000Z,53.64
US83418M1036,2026-09-15T07:29:47.000Z,53.54
US83418M1036,2026-09-15T09:29:37.000Z,53.62
US83418M1036,2026-09-15T11:28:22.000Z,53.5
US83418M1036,2026-09-15T13:27:59.000Z,53.22
US83418M1036,2026-09-15T15:29:59.000Z,54.97
US83418M1036,2026-09-15T17:29:57.000Z,54.09
US83418M1036,2026-09-15T19:29:56.000Z,53.95
US83418M1036,2026-09-16T05:30:52.000Z,52.98
US83418M1036,2026-09-16T07:29:50.000Z,53.02
US83418M1036,2026-09-16T09:27:45.000Z,53.95
US83418M1036,2026-09-16T11:27:04.000Z,53.96
US83418M1036,2026-09-16T13:29:39.000Z,54.64
US83418M1036,2026-09-16T15:29:59.000Z,57.81
US83418M1036,2026-09-16T17:29:59.000Z,57.19
US83418M1036,2026-09-16T19:29:59.000Z,54.77
US83418M1036,2026-09-17T07:29:57.000Z,57.07
US83418M1036,2026-09-17T09:29:55.000Z,57.73
US83418M1036,2026-09-17T11:29:16.000Z,57.78
US83418M1036,2026-09-17T13:29:47.000Z,58.34
US83418M1036,2026-09-17T15:29:57.000Z,60.02
US83418M1036,2026-09-17T17:29:49.000Z,59.44
US83418M1036,2026-09-17T19:29:49.000Z,59.71
US83418M1036,2026-09-18T05:30:59.000Z,60.59
US83418M1036,2026-09-18T07:29:40.000Z,60.8
US83418M1036,2026-09-18T09:29:01.000Z,60.81
US83418M1036,2026-09-18T11:27:15.000Z,60.78
US83418M1036,2026-09-18T13:29:59.000Z,60.68
US83418M1036,2026-09-18T15:29:55.000Z,59.83
US83418M1036,2026-09-18T17:29:47.000Z,60.01
US83418M1036,2026-09-18T19:29:45.000Z,60.66
US83418M1036,2026-09-21T05:30:47.000Z,60.85
US83418M1036,2026-09-21T07:28:51.000Z,61.33
US83418M1036,2026-09-21T11:27:30.000Z,61.59
US83418M1036,2026-09-21T13:29:20.000Z,62.06
US83418M1036,2026-09-21T15:29:37.000Z,61.15
US83418M1036,2026-09-21T17:29:54.000Z,60.97
US83418M1036,2026-09-21T19:29:55.000Z,60.05
US83418M1036,2026-09-22T05:30:44.000Z,60.99
US83418M1036,2026-09-22T07:29:59.000Z,60.72
US83418M1036,2026-09-22T09:25:01.000Z,60.23
US83418M1036,2026-09-22T11:25:44.000Z,60.19
US83418M1036,2026-09-22T13:29:57.000Z,59.63
US83418M1036,2026-09-22T15:29:52.000Z,59.19
US83418M1036,2026-09-22T17:29:59.000Z,58.35
US83418M1036,2026-09-22T19:29:51.000Z,56.98
US83418M1036,2026-09-23T05:30:59.000Z,57.5
US83418M1036,2026-09-23T07:29:43.000Z,57.73
US83418M1036,2026-09-23T09:20:11.000Z,57.32
US83418M1036,2026-09-23T11:29:22.000Z,57.34
US83418M1036,2026-09-23T13:29:50.000Z,57.33
US83418M1036,2026-09-23T15:29:30.000Z,58.95
US83418M1036,2026-09-23T17:29:32.000Z,59.47
US83418M1036,2026-09-23T19:29:52.000Z,59.15
US83418M1036,2026-09-24T05:30:44.000Z,58.62
US83418M1036,2026-09-24T07:29:56.000Z,58.94
US83418M1036,2026-09-24T09:21:29.000Z,59.16
US83418M1036,2026-09-24T11:23:15.000Z,58.79
US83418M1036,2026-09-24T13:29:56.000Z,58.09
US83418M1036,2026-09-24T15:28:59.000Z,60.68
US83418M1036,2026-09-24T17:29:58.000Z,60.95
US83418M1036,2026-09-24T19:29:43.000Z,61.51
US83418M1036,2026-09-25T05:30:50.000Z,60.38
US83418M1036,2026-09-25T07:29:53.000Z,62.19
US83418M1036,2026-09-25T09:29:57.000Z,62.21
US83418M1036,2026-09-25T11:29:03.000Z,62.25
US83418M1036,2026-09-25T13:29:36.000Z,62.4
US83418M1036,2026-09-25T15:29:43.000Z,61.11
US83418M1036,2026-09-25T17:29:39.000Z,61.44
US83418M1036,2026-09-25T19:29:57.000Z,62.38
US83418M1036,2026-09-25T20:55:08.058Z,62.49
US83418M1036,2026-09-28T05:30:58.000Z,63.74
US83418M1036,2026-09-28T07:24:54.000Z,61.47
US83418M1036,2026-09-28T09:27:25.000Z,61.79
US83418M1036,2026-09-28T11:23:03.000Z,61.3
US83418M1036,2026-09-28T13:29:16.000Z,61.61
US83418M1036,2026-09-28T15:29:53.000Z,60.23
US83418M1036,2026-09-28T17:29:59.000Z,61.55
US83418M1036,2026-09-28T19:20:44.035Z,61.27
US84615Q1031,2026-08-25T05:30:20.000Z,117.25
US84615Q1031,2026-08-25T07:29:55.000Z,116.87
US84615Q1031,2026-08-25T09:29:57.000Z,117.69
US84615Q1031,2026-08-25T11:29:45.000Z,117.39
US84615Q1031,2026-08-25T13:29:58.000Z,117.33
US84615Q1031,2026-08-25T15:29:59.000Z,118.89
US84615Q1031,2026-08-25T17:29:59.000Z,118.67
US84615Q1031,2026-08-25T19:29:58.000Z,118.62
US84615Q1031,2026-08-26T05:30:31.000Z,118.58
US84615Q1031,2026-08-26T07:29:58.000Z,118.41
US84615Q1031,2026-08-26T09:29:52.000Z,118.46
US84615Q1031,2026-08-26T11:29:59.000Z,118.35
US84615Q1031,2026-08-26T13:29:59.000Z,117.49
US84615Q1031,2026-08-26T15:29:59.000Z,116.89
US84615Q1031,2026-08-26T17:29:59.000Z,118.62
US84615Q1031,2026-08-26T19:29:58.000Z,119.81
US84615Q1031,2026-08-27T05:30:59.000Z,120.78
US84615Q1031,2026-08-27T07:29:59.000Z,120.83
US84615Q1031,2026-08-27T09:29:56.000Z,120.76
US84615Q1031,2026-08-27T11:29:27.000Z,120.7
US84615Q1031,2026-08-27T13:29:59.000Z,120.07
US84615Q1031,2026-08-27T15:29:59.000Z,120.01
US84615Q1031,2026-08-27T17:29:57.000Z,120.49
US84615Q1031,2026-08-27T19:29:59.000Z,119.74
US84615Q1031,2026-08-28T05:30:57.000Z,120.58
US84615Q1031,2026-08-28T07:29:59.000Z,120.8
US84615Q1031,2026-08-28T09:29:59.000Z,120.75
US84615Q1031,2026-08-28T11:29:04.000Z,120.69
US84615Q1031,2026-08-28T13:29:59.000Z,120.2
US84615Q1031,2026-08-28T15:29:56.000Z,122.34
US84615Q1031,2026-08-28T17:29:59.000Z,120.75
US84615Q1031,2026-08-28T19:29:59.000Z,121.67
US84615Q1031,2026-08-31T05:30:39.000Z,121.24
US84615Q1031,2026-08-31T07:29:54.000Z,121.08
US84615Q1031,2026-08-31T09:29:58.000Z,121.18
US84615Q1031,2026-08-31T11:29:59.000Z,120.92
US84615Q1031,2026-08-31T13:29:59.000Z,120.74
US84615Q1031,2026-08-31T15:29:58.000Z,122.94
US84615Q1031,2026-08-31T17:29:56.000Z,122.6
US84615Q1031,2026-08-31T19:29:59.000Z,122.65
US84615Q1031,2026-09-01T05:30:53.000Z,123.77
US84615Q1031,2026-09-01T07:29:53.000Z,124.23
US84615Q1031,2026-09-01T09:29:46.000Z,122.61
US84615Q1031,2026-09-01T11:29:18.000Z,122.38
US84615Q1031,2026-09-01T13:29:59.000Z,122.39
US84615Q1031,2026-09-01T15:29:57.000Z,124.22
US84615Q1031,2026-09-01T17:29:59.000Z,123.25
US84615Q1031,2026-09-01T19:29:57.000Z,123.71
US84615Q1031,2026-09-02T05:30:57.000Z,122.71
US84615Q1031,2026-09-02T07:29:56.000Z,122.61
US84615Q1031,2026-09-02T09:29:54.000Z,122.13
US84615Q1031,2026-09-02T11:29:58.000Z,122.46
US84615Q1031,2026-09-02T13:29:58.000Z,123.03
US84615Q1031,2026-09-02T15:29:58.000Z,121.1
US84615Q1031,2026-09-02T17:29:59.000Z,121.29
US84615Q1031,2026-09-02T19:29:56.000Z,121.12
US84615Q1031,2026-09-03T05:30:57.000Z,121.07
US84615Q1031,2026-09-03T07:29:53.000Z,121.25
US84615Q1031,2026-09-03T09:29:59.000Z,121.35
US84615Q1031,2026-09-03T11:29:58.000Z,121.41
US84615Q1031,2026-09-03T13:29:59.000Z,121.69
US84615Q1031,2026-09-03T15:29:59.000Z,128.75
US84615Q1031,2026-09-03T17:29:59.000Z,129.78
US84615Q1031,2026-09-03T19:29:59.000Z,130.38
US84615Q1031,2026-09-04T05:30:58.000Z,129.84
US84615Q1031,2026-09-04T07:29:59.000Z,129.9
US84615Q1031,2026-09-04T09:29:58.000Z,129.58
US84615Q1031,2026-09-04T11:29:59.000Z,129.19
US84615Q1031,2026-09-04T13:29:59.000Z,127.92
US84615Q1031,2026-09-04T15:29:59.000Z,128.47
US84615Q1031,2026-09-04T17:29:59.000Z,128.19
US84615Q1031,2026-09-04T19:29:59.000Z,128.54
US84615Q1031,2026-09-07T05:30:47.000Z,128.21
US84615Q1031,2026-09-07T07:29:55.000Z,128.71
US84615Q1031,2026-09-07T09:29:34.000Z,128.57
US84615Q1031,2026-09-07T11:29:53.000Z,128.61
US84615Q1031,2026-09-07T13:29:43.000Z,128.93
US84615Q1031,2026-09-07T15:29:42.000Z,128.72
US84615Q1031,2026-09-07T17:29:36.000Z,128.9
US84615Q1031,2026-09-07T19:29:09.000Z,128.96
US84615Q1031,2026-09-08T05:30:59.000Z,128.64
US84615Q1031,2026-09-08T07:29:57.000Z,128.47
US84615Q1031,2026-09-08T09:29:21.000Z,128.58
US84615Q1031,2026-09-08T11:29:56.000Z,128.14
US84615Q1031,2026-09-08T13:29:59.000Z,128.23
US84615Q1031,2026-09-08T15:29:59.000Z,130.74
US84615Q1031,2026-09-08T17:29:59.000Z,131.62
US84615Q1031,2026-09-08T19:29:59.000Z,132.74
US84615Q1031,2026-09-09T05:30:58.000Z,131.58
US84615Q1031,2026-09-09T07:29:57.000Z,131.7
US84615Q1031,2026-09-09T09:29:59.000Z,132.27
US84615Q1031,2026-09-09T11:29:59.000Z,130.79
US84615Q1031,2026-09-09T13:29:58.000Z,130.5
US84615Q1031,2026-09-09T15:29:59.000Z,125.99
US84615Q1031,2026-09-09T17:29:59.000Z,125.27
US84615Q1031,2026-09-09T19:29:59.000Z,126.56
US84615Q1031,2026-09-10T05:30:55.000Z,126.63
US84615Q1031,2026-09-10T07:28:36.000Z,126.32
US84615Q1031,2026-09-10T09:29:57.000Z,126.89
US84615Q1031,2026-09-10T11:29:50.000Z,126.89
US84615Q1031,2026-09-10T13:29:59.000Z,125.19
US84615Q1031,2026-09-10T15:29:59.000Z,128.73
US84615Q1031,2026-09-10T17:29:59.000Z,130.44
US84615Q1031,2026-09-10T19:29:58.000Z,127.63
US84615Q1031,2026-09-11T05:30:52.000Z,128
US84615Q1031,2026-09-11T07:29:49.000Z,128.58
US84615Q1031,2026-09-11T09:29:57.000Z,128.78
US84615Q1031,2026-09-11T11:29:58.000Z,128.76
US84615Q1031,2026-09-11T13:29:59.000Z,129.27
US84615Q1031,2026-09-11T15:29:59.000Z,127.04
US84615Q1031,2026-09-11T17:29:59.000Z,129.15
US84615Q1031,2026-09-11T19:29:56.000Z,129.55
US84615Q1031,2026-09-14T05:30:59.000Z,128.47
US84615Q1031,2026-09-14T07:29:56.000Z,128.39
US84615Q1031,2026-09-14T09:29:59.000Z,127.69
US84615Q1031,2026-09-14T11:29:51.000Z,128.37
US84615Q1031,2026-09-14T13:29:59.000Z,127.81
US84615Q1031,2026-09-14T15:29:59.000Z,130.24
US84615Q1031,2026-09-14T17:29:50.000Z,131.48
US84615Q1031,2026-09-14T19:29:59.000Z,129.14
US84615Q1031,2026-09-15T05:30:46.000Z,128.6
US84615Q1031,2026-09-15T07:29:59.000Z,128.71
US84615Q1031,2026-09-15T09:29:52.000Z,128.38
US84615Q1031,2026-09-15T11:29:45.000Z,128.89
US84615Q1031,2026-09-15T13:29:59.000Z,128.58
US84615Q1031,2026-09-15T15:29:58.000Z,125.74
US84615Q1031,2026-09-15T17:29:58.000Z,124.56
US84615Q1031,2026-09-15T19:29:59.000Z,124.3
US84615Q1031,2026-09-16T05:30:59.000Z,124.82
US84615Q1031,2026-09-16T07:29:53.000Z,124.83
US84615Q1031,2026-09-16T09:29:56.000Z,124.94
US84615Q1031,2026-09-16T11:29:57.000Z,125.17
US84615Q1031,2026-09-16T13:29:59.000Z,125.65
US84615Q1031,2026-09-16T15:29:58.000Z,132.17
US84615Q1031,2026-09-16T17:29:58.000Z,131.17
US84615Q1031,2026-09-16T19:29:59.000Z,130.73
US84615Q1031,2026-09-17T07:29:59.000Z,133.43
US84615Q1031,2026-09-17T09:29:59.000Z,133.37
US84615Q1031,2026-09-17T11:29:52.000Z,133.97
US84615Q1031,2026-09-17T13:29:51.000Z,133.86
US84615Q1031,2026-09-17T15:29:59.000Z,134.09
US84615Q1031,2026-09-17T17:29:59.000Z,134.97
US84615Q1031,2026-09-17T19:29:57.000Z,135.18
US84615Q1031,2026-09-18T05:30:59.000Z,135.32
US84615Q1031,2026-09-18T07:29:56.000Z,135.75
US84615Q1031,2026-09-18T09:29:58.000Z,135.81
US84615Q1031,2026-09-18T11:29:59.000Z,135.75
US84615Q1031,2026-09-18T13:29:59.000Z,134.86
US84615Q1031,2026-09-18T15:29:59.000Z,131.91
US84615Q1031,2026-09-18T17:29:58.000Z,132.3
US84615Q1031,2026-09-18T19:29:59.000Z,132.65
US84615Q1031,2026-09-21T05:30:58.000Z,134.25
US84615Q1031,2026-09-21T07:29:10.000Z,134.35
US84615Q1031,2026-09-21T09:29:37.000Z,134.47
US84615Q1031,2026-09-21T11:29:51.000Z,134.03
US84615Q1031,2026-09-21T13:29:59.000Z,134.79
US84615Q1031,2026-09-21T15:29:59.000Z,135.33
US84615Q1031,2026-09-21T17:29:59.000Z,134.47
US84615Q1031,2026-09-21T19:29:59.000Z,132.69
US84615Q1031,2026-09-22T05:30:50.000Z,132.85
US84615Q1031,2026-09-22T07:29:56.000Z,132.79
US84615Q1031,2026-09-22T09:29:59.000Z,133.06
US84615Q1031,2026-09-22T11:29:59.000Z,132.94
US84615Q1031,2026-09-22T13:29:51.000Z,132.49
US84615Q1031,2026-09-22T15:29:59.000Z,134.61
US84615Q1031,2026-09-22T17:29:57.000Z,134.46
US84615Q1031,2026-09-22T19:29:59.000Z,134.29
US84615Q1031,2026-09-23T05:30:41.000Z,135.13
US84615Q1031,2026-09-23T07:29:42.000Z,135.15
US84615Q1031,2026-09-23T09:29:56.000Z,135.34
US84615Q1031,2026-09-23T11:29:35.000Z,134.62
US84615Q1031,2026-09-23T13:29:57.000Z,134.34
US84615Q1031,2026-09-23T15:29:59.000Z,133.61
US84615Q1031,2026-09-23T17:29:57.000Z,132.15
US84615Q1031,2026-09-23T19:29:59.000Z,130.43
US84615Q1031,2026-09-24T05:30:59.000Z,130.75
US84615Q1031,2026-09-24T07:29:57.000Z,130.3
US84615Q1031,2026-09-24T09:29:55.000Z,129.6
US84615Q1031,2026-09-24T11:29:59.000Z,130.08
US84615Q1031,2026-09-24T13:29:59.000Z,130.4
US84615Q1031,2026-09-24T15:29:59.000Z,129.46
US84615Q1031,2026-09-24T17:29:58.000Z,130.07
US84615Q1031,2026-09-24T19:29:58.000Z,129.04
US84615Q1031,2026-09-25T05:30:58.000Z,130.55
US84615Q1031,2026-09-25T07:29:59.000Z,130.83
US84615Q1031,2026-09-25T09:29:58.000Z,131.13
US84615Q1031,2026-09-25T11:29:47.000Z,131.12
US84615Q1031,2026-09-25T13:29:59.000Z,130.13
US84615Q1031,2026-09-25T15:29:58.000Z,129.19
US84615Q1031,2026-09-25T17:29:59.000Z,130.44
US84615Q1031,2026-09-25T19:29:59.000Z,130.19
US84615Q1031,2026-09-25T20:59:58.915Z,130.39
US84615Q1031,2026-09-28T05:30:49.000Z,130.89
US84615Q1031,2026-09-28T07:29:59.000Z,130.88
US84615Q1031,2026-09-28T09:29:49.000Z,130.53
US84615Q1031,2026-09-28T11:29:59.000Z,131.49
US84615Q1031,2026-09-28T13:29:59.000Z,130.65
US84615Q1031,2026-09-28T15:29:58.000Z,130.12
US84615Q1031,2026-09-28T17:29:59.000Z,128.85
US84615Q1031,2026-09-28T19:20:38.571Z,128.5
US8740391003,2026-08-25T05:30:03.000Z,353.75
US8740391003,2026-08-25T07:28:47.000Z,354
US8740391003,2026-08-25T09:27:55.000Z,355.5
US8740391003,2026-08-25T11:29:44.000Z,356
US8740391003,2026-08-25T13:29:58.000Z,355.25
US8740391003,2026-08-25T15:28:37.000Z,356
US8740391003,2026-08-25T17:29:29.000Z,355.5
US8740391003,2026-08-25T19:29:59.000Z,356.75
US8740391003,2026-08-26T05:30:03.000Z,359.25
US8740391003,2026-08-26T07:25:02.000Z,358.25
US8740391003,2026-08-26T09:28:19.000Z,359.75
US8740391003,2026-08-26T11:29:57.000Z,360.25
US8740391003,2026-08-26T13:29:51.000Z,358.5
US8740391003,2026-08-26T15:28:31.000Z,358.25
US8740391003,2026-08-26T17:28:49.000Z,358.5
US8740391003,2026-08-26T19:29:48.000Z,359
US8740391003,2026-08-27T05:30:45.000Z,362.25
US8740391003,2026-08-27T07:29:55.000Z,364.25
US8740391003,2026-08-27T09:27:55.000Z,365
US8740391003,2026-08-27T11:29:54.000Z,363.75
US8740391003,2026-08-27T13:29:59.000Z,362.75
US8740391003,2026-08-27T15:29:51.000Z,363.75
US8740391003,2026-08-27T17:29:41.000Z,367.75
US8740391003,2026-08-27T19:29:43.000Z,365
US8740391003,2026-08-28T05:30:18.000Z,365.5
US8740391003,2026-08-28T07:26:31.000Z,365.75
US8740391003,2026-08-28T09:27:30.000Z,366.25
US8740391003,2026-08-28T11:29:48.000Z,366.75
US8740391003,2026-08-28T13:29:56.000Z,367.25
US8740391003,2026-08-28T15:28:01.000Z,366.25
US8740391003,2026-08-28T17:29:54.000Z,363
US8740391003,2026-08-28T19:29:56.000Z,361.25
US8740391003,2026-08-31T05:30:43.000Z,362.5
US8740391003,2026-08-31T09:29:52.000Z,361.5
US8740391003,2026-08-31T11:29:59.000Z,360.25
US8740391003,2026-08-31T13:29:10.000Z,360
US8740391003,2026-08-31T15:29:59.000Z,360.75
US8740391003,2026-08-31T17:28:58.000Z,358.5
US8740391003,2026-08-31T19:29:40.000Z,357.75
US8740391003,2026-09-01T05:30:34.000Z,361
US8740391003,2026-09-01T07:24:59.000Z,363.25
US8740391003,2026-09-01T09:26:22.000Z,360.25
US8740391003,2026-09-01T11:29:59.000Z,359.25
US8740391003,2026-09-01T13:29:59.000Z,360
US8740391003,2026-09-01T15:29:58.000Z,359
US8740391003,2026-09-01T17:27:36.000Z,357
US8740391003,2026-09-01T19:29:01.000Z,358.25
US8740391003,2026-09-02T05:30:51.000Z,357.5
US8740391003,2026-09-02T07:27:40.000Z,356.5
US8740391003,2026-09-02T09:29:29.000Z,354.25
US8740391003,2026-09-02T11:29:43.000Z,354.5
US8740391003,2026-09-02T13:29:36.000Z,356
US8740391003,2026-09-02T15:29:41.000Z,357.5
US8740391003,2026-09-02T17:29:39.000Z,355.75
US8740391003,2026-09-02T19:29:23.000Z,357.75
US8740391003,2026-09-03T05:30:59.000Z,356.75
US8740391003,2026-09-03T07:28:03.000Z,357.5
US8740391003,2026-09-03T09:29:51.000Z,357
US8740391003,2026-09-03T11:29:41.000Z,356.5
US8740391003,2026-09-03T13:29:16.000Z,356
US8740391003,2026-09-03T15:29:47.000Z,354.25
US8740391003,2026-09-03T17:28:18.000Z,356.75
US8740391003,2026-09-03T19:29:41.000Z,358
US8740391003,2026-09-04T05:30:19.000Z,359
US8740391003,2026-09-04T07:27:37.000Z,360
US8740391003,2026-09-04T09:29:51.000Z,361.5
US8740391003,2026-09-04T11:29:53.000Z,362.25
US8740391003,2026-09-04T13:29:56.000Z,362.75
US8740391003,2026-09-04T15:29:41.000Z,366.25
US8740391003,2026-09-04T17:29:09.000Z,367.25
US8740391003,2026-09-04T19:29:58.000Z,368.5
US8740391003,2026-09-07T05:30:55.000Z,369
US8740391003,2026-09-07T07:27:53.000Z,371.5
US8740391003,2026-09-07T09:29:14.000Z,373
US8740391003,2026-09-07T11:22:04.000Z,370
US8740391003,2026-09-07T13:20:04.000Z,374
US8740391003,2026-09-07T19:29:09.000Z,376
US8740391003,2026-09-08T05:30:53.000Z,371.75
US8740391003,2026-09-08T07:29:15.000Z,372.25
US8740391003,2026-09-08T09:28:01.000Z,372.25
US8740391003,2026-09-08T11:28:22.000Z,374.25
US8740391003,2026-09-08T13:29:56.000Z,377.25
US8740391003,2026-09-08T15:29:54.000Z,378
US8740391003,2026-09-08T17:28:34.000Z,379.75
US8740391003,2026-09-08T19:29:39.000Z,377.25
US8740391003,2026-09-09T05:30:59.000Z,377
US8740391003,2026-09-09T07:29:19.000Z,377.5
US8740391003,2026-09-09T09:29:51.000Z,376
US8740391003,2026-09-09T11:29:54.000Z,372
US8740391003,2026-09-09T13:29:59.000Z,373.5
US8740391003,2026-09-09T15:29:59.000Z,372.5
US8740391003,2026-09-09T17:28:24.000Z,373.5
US8740391003,2026-09-09T19:29:52.000Z,372.75
US8740391003,2026-09-10T05:30:55.000Z,374
US8740391003,2026-09-10T07:27:36.000Z,373.5
US8740391003,2026-09-10T09:29:37.000Z,373.25
US8740391003,2026-09-10T11:28:27.000Z,372.25
US8740391003,2026-09-10T13:29:59.000Z,368.25
US8740391003,2026-09-10T15:29:34.000Z,370.75
US8740391003,2026-09-10T17:29:57.000Z,370.75
US8740391003,2026-09-10T19:29:56.000Z,370.25
US8740391003,2026-09-11T05:30:46.000Z,368.25
US8740391003,2026-09-11T07:22:23.000Z,368.25
US8740391003,2026-09-11T09:29:51.000Z,369.5
US8740391003,2026-09-11T11:29:51.000Z,370.5
US8740391003,2026-09-11T13:29:52.000Z,372.5
US8740391003,2026-09-11T15:29:46.000Z,374.25
US8740391003,2026-09-11T17:26:29.000Z,373.5
US8740391003,2026-09-11T19:28:25.000Z,372.25
US8740391003,2026-09-14T05:30:03.000Z,365.5
US8740391003,2026-09-14T07:27:26.000Z,364.25
US8740391003,2026-09-14T09:29:56.000Z,363.25
US8740391003,2026-09-14T11:29:56.000Z,363.75
US8740391003,2026-09-14T13:29:59.000Z,361.25
US8740391003,2026-09-14T15:29:41.000Z,363.5
US8740391003,2026-09-14T17:29:56.000Z,364.75
US8740391003,2026-09-14T19:29:56.000Z,365
US8740391003,2026-09-15T05:30:03.000Z,363.75
US8740391003,2026-09-15T07:25:33.000Z,364
US8740391003,2026-09-15T09:29:52.000Z,363
US8740391003,2026-09-15T11:29:48.000Z,364.25
US8740391003,2026-09-15T13:29:38.000Z,364.75
US8740391003,2026-09-15T15:29:14.000Z,359
US8740391003,2026-09-15T17:29:22.000Z,358.25
US8740391003,2026-09-15T19:29:59.000Z,358.75
US8740391003,2026-09-16T05:30:36.000Z,359.5
US8740391003,2026-09-16T07:21:48.000Z,361.25
US8740391003,2026-09-16T09:29:59.000Z,361.25
US8740391003,2026-09-16T11:29:47.000Z,361.5
US8740391003,2026-09-16T13:29:57.000Z,362.5
US8740391003,2026-09-16T15:28:43.000Z,362.75
US8740391003,2026-09-16T17:29:03.000Z,362
US8740391003,2026-09-16T19:29:57.000Z,362.5
US8740391003,2026-09-17T07:25:14.000Z,367.25
US8740391003,2026-09-17T09:29:53.000Z,368.25
US8740391003,2026-09-17T11:29:58.000Z,369.25
US8740391003,2026-09-17T13:29:57.000Z,369
US8740391003,2026-09-17T15:29:40.000Z,371.5
US8740391003,2026-09-17T17:27:21.000Z,373.5
US8740391003,2026-09-17T19:29:58.000Z,373.5
US8740391003,2026-09-18T05:30:43.000Z,374.75
US8740391003,2026-09-18T07:29:40.000Z,376.25
US8740391003,2026-09-18T09:29:55.000Z,375.25
US8740391003,2026-09-18T11:29:26.000Z,374.5
US8740391003,2026-09-18T13:29:59.000Z,374.5
US8740391003,2026-09-18T15:29:59.000Z,376.25
US8740391003,2026-09-18T17:29:57.000Z,374.75
US8740391003,2026-09-18T19:27:44.000Z,374.25
US8740391003,2026-09-21T05:30:42.000Z,381
US8740391003,2026-09-21T07:29:13.000Z,381.75
US8740391003,2026-09-21T09:26:30.000Z,383.25
US8740391003,2026-09-21T11:27:35.000Z,383
US8740391003,2026-09-21T13:29:58.000Z,383.5
US8740391003,2026-09-21T15:29:37.000Z,385
US8740391003,2026-09-21T17:29:51.000Z,385.5
US8740391003,2026-09-21T19:29:23.000Z,388.25
US8740391003,2026-09-22T05:30:20.000Z,383
US8740391003,2026-09-22T07:28:58.000Z,383.5
US8740391003,2026-09-22T09:29:38.000Z,384
US8740391003,2026-09-22T11:29:57.000Z,384.25
US8740391003,2026-09-22T13:29:59.000Z,386.25
US8740391003,2026-09-22T15:29:39.000Z,390.25
US8740391003,2026-09-22T17:29:31.000Z,392
US8740391003,2026-09-22T19:29:59.000Z,394.25
US8740391003,2026-09-23T05:30:50.000Z,392
US8740391003,2026-09-23T07:28:17.000Z,394
US8740391003,2026-09-23T09:28:32.000Z,393.5
US8740391003,2026-09-23T11:26:58.000Z,392.25
US8740391003,2026-09-23T13:29:42.000Z,394
US8740391003,2026-09-23T15:29:57.000Z,395.25
US8740391003,2026-09-23T17:29:43.000Z,390.75
US8740391003,2026-09-23T19:29:42.000Z,392.5
US8740391003,2026-09-24T05:30:22.000Z,391.5
US8740391003,2026-09-24T07:29:53.000Z,390.25
US8740391003,2026-09-24T09:29:56.000Z,386.75
US8740391003,2026-09-24T11:29:52.000Z,388
US8740391003,2026-09-24T13:29:37.000Z,389
US8740391003,2026-09-24T15:29:59.000Z,390.5
US8740391003,2026-09-24T17:29:55.000Z,396.25
US8740391003,2026-09-24T19:29:54.000Z,395.25
US8740391003,2026-09-25T05:30:26.000Z,397.5
US8740391003,2026-09-25T07:29:52.000Z,398.75
US8740391003,2026-09-25T09:29:50.000Z,399.75
US8740391003,2026-09-25T11:29:54.000Z,400
US8740391003,2026-09-25T13:29:59.000Z,396.75
US8740391003,2026-09-25T15:29:46.000Z,395.5
US8740391003,2026-09-25T17:29:32.000Z,396
US8740391003,2026-09-25T19:29:53.000Z,395.75
US8740391003,2026-09-25T20:54:29.835Z,395.75
US8740391003,2026-09-28T05:30:41.000Z,393.25
US8740391003,2026-09-28T07:29:53.000Z,391
US8740391003,2026-09-28T09:29:38.000Z,390.5
US8740391003,2026-09-28T11:29:08.000Z,392.5
US8740391003,2026-09-28T13:29:56.000Z,395
US8740391003,2026-09-28T15:29:58.000Z,392.5
US8740391003,2026-09-28T17:29:48.000Z,398.25
US8740391003,2026-09-28T19:20:28.187Z,399
US8740541094,2026-08-25T05:30:49.000Z,201.725
US8740541094,2026-08-25T07:29:50.000Z,202.05
US8740541094,2026-08-25T09:28:13.000Z,202.35
US8740541094,2026-08-25T11:26:53.000Z,202.4
US8740541094,2026-08-25T13:29:34.000Z,201.8
US8740541094,2026-08-25T15:28:56.000Z,201.7
US8740541094,2026-08-25T17:29:59.000Z,201
US8740541094,2026-08-25T19:29:26.000Z,200.17
US8740541094,2026-08-26T05:30:56.000Z,200.165
US8740541094,2026-08-26T07:29:50.000Z,200.26
US8740541094,2026-08-26T09:28:45.000Z,201.45
US8740541094,2026-08-26T11:29:48.000Z,199.565
US8740541094,2026-08-26T13:29:43.000Z,200.14
US8740541094,2026-08-26T15:29:35.000Z,200.95
US8740541094,2026-08-26T17:29:56.000Z,202
US8740541094,2026-08-26T19:29:56.000Z,201.15
US8740541094,2026-08-27T05:30:49.000Z,201.05
US8740541094,2026-08-27T07:29:52.000Z,202
US8740541094,2026-08-27T09:29:31.000Z,200.9
US8740541094,2026-08-27T11:26:49.000Z,202.8
US8740541094,2026-08-27T13:29:59.000Z,202.2
US8740541094,2026-08-27T15:29:54.000Z,197.9
US8740541094,2026-08-27T17:29:57.000Z,199.05
US8740541094,2026-08-27T19:29:59.000Z,201.175
US8740541094,2026-08-28T05:30:43.000Z,205
US8740541094,2026-08-28T07:29:35.000Z,206.35
US8740541094,2026-08-28T09:29:47.000Z,204.6
US8740541094,2026-08-28T11:29:01.000Z,205.4
US8740541094,2026-08-28T13:29:53.000Z,205.3
US8740541094,2026-08-28T15:29:49.000Z,206
US8740541094,2026-08-28T17:29:49.000Z,205.95
US8740541094,2026-08-28T19:29:55.000Z,201.7
US8740541094,2026-08-31T05:30:33.000Z,204.6
US8740541094,2026-08-31T07:29:36.000Z,205.2
US8740541094,2026-08-31T09:29:52.000Z,204
US8740541094,2026-08-31T11:29:52.000Z,203.15
US8740541094,2026-08-31T13:29:42.000Z,202.9
US8740541094,2026-08-31T15:29:58.000Z,190.13
US8740541094,2026-08-31T17:29:59.000Z,189.63
US8740541094,2026-08-31T19:29:52.000Z,189.17
US8740541094,2026-09-01T05:30:54.000Z,190.9
US8740541094,2026-09-01T07:29:45.000Z,191.02
US8740541094,2026-09-01T09:29:52.000Z,189.4
US8740541094,2026-09-01T11:29:51.000Z,189.85
US8740541094,2026-09-01T13:29:48.000Z,188.3
US8740541094,2026-09-01T15:29:59.000Z,188.2
US8740541094,2026-09-01T17:29:54.000Z,188.52
US8740541094,2026-09-01T19:29:56.000Z,188.17
US8740541094,2026-09-02T05:30:58.000Z,187.63
US8740541094,2026-09-02T07:29:47.000Z,187.65
US8740541094,2026-09-02T09:28:31.000Z,187.18
US8740541094,2026-09-02T11:29:31.000Z,187.4
US8740541094,2026-09-02T13:29:51.000Z,187.54
US8740541094,2026-09-02T15:29:59.000Z,189.62
US8740541094,2026-09-02T17:29:59.000Z,187.6
US8740541094,2026-09-02T19:29:43.000Z,186.83
US8740541094,2026-09-03T05:30:56.000Z,186.5
US8740541094,2026-09-03T07:29:32.000Z,186.7
US8740541094,2026-09-03T09:29:29.000Z,187.15
US8740541094,2026-09-03T11:28:24.000Z,187.25
US8740541094,2026-09-03T13:29:26.000Z,187.2
US8740541094,2026-09-03T15:29:59.000Z,188.14
US8740541094,2026-09-03T17:29:57.000Z,187.13
US8740541094,2026-09-03T19:29:46.000Z,185.47
US8740541094,2026-09-04T05:30:54.000Z,184.88
US8740541094,2026-09-04T07:29:59.000Z,184.7
US8740541094,2026-09-04T09:29:13.000Z,185.05
US8740541094,2026-09-04T11:29:54.000Z,184.96
US8740541094,2026-09-04T13:29:56.000Z,184.9
US8740541094,2026-09-04T15:29:51.000Z,184.98
US8740541094,2026-09-04T17:29:58.000Z,185.18
US8740541094,2026-09-04T19:29:59.000Z,185
US8740541094,2026-09-07T05:30:59.000Z,186.52
US8740541094,2026-09-07T07:29:48.000Z,186.43
US8740541094,2026-09-07T09:29:50.000Z,186.5
US8740541094,2026-09-07T11:29:35.000Z,186.55
US8740541094,2026-09-07T13:29:41.000Z,186.9
US8740541094,2026-09-07T15:29:46.000Z,187.4
US8740541094,2026-09-07T17:29:53.000Z,189.2
US8740541094,2026-09-07T19:29:09.000Z,189.05
US8740541094,2026-09-08T05:30:51.000Z,185.65
US8740541094,2026-09-08T07:29:35.000Z,185.63
US8740541094,2026-09-08T09:29:48.000Z,186.43
US8740541094,2026-09-08T11:27:01.000Z,185.63
US8740541094,2026-09-08T13:29:36.000Z,184.9
US8740541094,2026-09-08T15:29:59.000Z,183.3
US8740541094,2026-09-08T17:29:26.000Z,185.17
US8740541094,2026-09-08T19:29:48.000Z,183.8
US8740541094,2026-09-09T05:30:50.000Z,183.57
US8740541094,2026-09-09T07:29:40.000Z,183.65
US8740541094,2026-09-09T09:29:13.000Z,183.4
US8740541094,2026-09-09T11:28:23.000Z,183
US8740541094,2026-09-09T13:29:18.000Z,182.95
US8740541094,2026-09-09T15:29:57.000Z,181.68
US8740541094,2026-09-09T17:29:54.000Z,182.67
US8740541094,2026-09-09T19:29:33.000Z,182.05
US8740541094,2026-09-10T05:30:55.000Z,181.7
US8740541094,2026-09-10T07:29:05.000Z,181.88
US8740541094,2026-09-10T09:29:53.000Z,181.7
US8740541094,2026-09-10T11:29:44.000Z,181.79
US8740541094,2026-09-10T13:29:10.000Z,180.9
US8740541094,2026-09-10T15:29:59.000Z,185.77
US8740541094,2026-09-10T17:29:53.000Z,187.92
US8740541094,2026-09-10T19:29:58.000Z,186.57
US8740541094,2026-09-11T05:30:47.000Z,187.4
US8740541094,2026-09-11T07:26:07.000Z,187.67
US8740541094,2026-09-11T09:28:04.000Z,188.35
US8740541094,2026-09-11T13:29:32.000Z,187.68
US8740541094,2026-09-11T15:29:13.000Z,188.75
US8740541094,2026-09-11T17:29:56.000Z,189.45
US8740541094,2026-09-11T19:29:59.000Z,187.33
US8740541094,2026-09-14T05:30:52.000Z,187.59
US8740541094,2026-09-14T07:29:49.000Z,188.25
US8740541094,2026-09-14T09:26:48.000Z,189.3
US8740541094,2026-09-14T11:27:55.000Z,188.85
US8740541094,2026-09-14T13:29:59.000Z,189.05
US8740541094,2026-09-14T15:29:33.000Z,189.25
US8740541094,2026-09-14T17:29:58.000Z,190.7
US8740541094,2026-09-14T19:29:57.000Z,191.78
US8740541094,2026-09-15T05:30:49.000Z,192.45
US8740541094,2026-09-15T07:29:53.000Z,192.31
US8740541094,2026-09-15T09:29:58.000Z,191.3
US8740541094,2026-09-15T11:27:08.000Z,191.8
US8740541094,2026-09-15T13:29:47.000Z,191.09
US8740541094,2026-09-15T15:29:58.000Z,186.73
US8740541094,2026-09-15T17:29:45.000Z,186.29
US8740541094,2026-09-15T19:28:27.000Z,185.17
US8740541094,2026-09-16T05:30:50.000Z,184.35
US8740541094,2026-09-16T07:29:56.000Z,184.1
US8740541094,2026-09-16T09:28:52.000Z,183.98
US8740541094,2026-09-16T11:29:58.000Z,184.55
US8740541094,2026-09-16T13:29:32.000Z,183.65
US8740541094,2026-09-16T15:29:57.000Z,184.83
US8740541094,2026-09-16T17:29:58.000Z,185.22
US8740541094,2026-09-16T19:29:53.000Z,184.27
US8740541094,2026-09-17T07:29:51.000Z,186.48
US8740541094,2026-09-17T09:29:55.000Z,186.6
US8740541094,2026-09-17T11:29:07.000Z,186.75
US8740541094,2026-09-17T13:29:08.000Z,185.3
US8740541094,2026-09-17T15:29:59.000Z,181.92
US8740541094,2026-09-17T17:29:52.000Z,182.98
US8740541094,2026-09-17T19:29:41.000Z,184.05
US8740541094,2026-09-18T05:30:58.000Z,183.76
US8740541094,2026-09-18T07:29:40.000Z,183.98
US8740541094,2026-09-18T09:27:58.000Z,182.4
US8740541094,2026-09-18T11:29:54.000Z,182.75
US8740541094,2026-09-18T13:29:59.000Z,183.94
US8740541094,2026-09-18T15:29:59.000Z,181.51
US8740541094,2026-09-18T17:29:42.000Z,179.73
US8740541094,2026-09-18T19:29:48.000Z,181.15
US8740541094,2026-09-21T05:30:58.000Z,179.91
US8740541094,2026-09-21T07:29:56.000Z,180.03
US8740541094,2026-09-21T09:29:10.000Z,180.13
US8740541094,2026-09-21T11:29:01.000Z,180.15
US8740541094,2026-09-21T13:29:08.000Z,180.15
US8740541094,2026-09-21T15:29:37.000Z,181.5
US8740541094,2026-09-21T17:29:54.000Z,182.37
US8740541094,2026-09-21T19:29:52.000Z,183
US8740541094,2026-09-22T05:30:43.000Z,183.36
US8740541094,2026-09-22T07:29:15.000Z,183.6
US8740541094,2026-09-22T09:27:12.000Z,183.7
US8740541094,2026-09-22T11:29:59.000Z,184.25
US8740541094,2026-09-22T13:29:49.000Z,185.15
US8740541094,2026-09-22T15:29:53.000Z,179.4
US8740541094,2026-09-22T17:29:39.000Z,180.2
US8740541094,2026-09-22T19:29:59.000Z,180.55
US8740541094,2026-09-23T05:30:33.000Z,180.75
US8740541094,2026-09-23T07:29:55.000Z,181.05
US8740541094,2026-09-23T09:29:51.000Z,181
US8740541094,2026-09-23T11:22:38.000Z,181.15
US8740541094,2026-09-23T13:29:31.000Z,181.35
US8740541094,2026-09-23T15:29:58.000Z,182.03
US8740541094,2026-09-23T17:29:58.000Z,183.34
US8740541094,2026-09-23T19:29:17.000Z,182.15
US8740541094,2026-09-24T05:30:27.000Z,181.1
US8740541094,2026-09-24T07:29:54.000Z,181.37
US8740541094,2026-09-24T09:29:38.000Z,181.82
US8740541094,2026-09-24T11:28:44.000Z,181.75
US8740541094,2026-09-24T13:29:50.000Z,182.62
US8740541094,2026-09-24T15:29:59.000Z,181.58
US8740541094,2026-09-24T17:29:47.000Z,181.82
US8740541094,2026-09-24T19:29:49.000Z,179.28
US8740541094,2026-09-25T05:30:55.000Z,178.85
US8740541094,2026-09-25T07:29:18.000Z,178.63
US8740541094,2026-09-25T09:29:11.000Z,178.75
US8740541094,2026-09-25T11:29:35.000Z,179.08
US8740541094,2026-09-25T13:29:59.000Z,178.61
US8740541094,2026-09-25T15:29:58.000Z,177.95
US8740541094,2026-09-25T17:29:36.000Z,177.05
US8740541094,2026-09-25T19:29:58.000Z,176.75
US8740541094,2026-09-25T20:55:56.303Z,176.9
US8740541094,2026-09-28T05:30:50.000Z,177.13
US8740541094,2026-09-28T07:29:50.000Z,177.3
US8740541094,2026-09-28T09:28:40.000Z,177.3
US8740541094,2026-09-28T11:29:23.000Z,177.15
US8740541094,2026-09-28T13:29:47.000Z,176.65
US8740541094,2026-09-28T15:29:58.000Z,177.55
US8740541094,2026-09-28T17:29:56.000Z,177.67
US8740541094,2026-09-28T19:20:40.872Z,177.39
US92537N1081,2026-08-25T05:30:12.000Z,221.125
US92537N1081,2026-08-25T07:29:24.000Z,222.525
US92537N1081,2026-08-25T09:29:48.000Z,223.275
US92537N1081,2026-08-25T11:29:45.000Z,224.175
US92537N1081,2026-08-25T13:29:59.000Z,225.65
US92537N1081,2026-08-25T15:29:59.000Z,222.275
US92537N1081,2026-08-25T17:29:59.000Z,220
US92537N1081,2026-08-25T19:29:58.000Z,218.75
US92537N1081,2026-08-26T05:30:20.000Z,220.125
US92537N1081,2026-08-26T07:29:29.000Z,219.4
US92537N1081,2026-08-26T09:29:34.000Z,219.425
US92537N1081,2026-08-26T11:29:54.000Z,219.95
US92537N1081,2026-08-26T13:29:59.000Z,218.525
US92537N1081,2026-08-26T15:29:59.000Z,225.55
US92537N1081,2026-08-26T17:29:58.000Z,225.425
US92537N1081,2026-08-26T19:29:43.000Z,227.125
US92537N1081,2026-08-27T05:30:58.000Z,231.95
US92537N1081,2026-08-27T07:29:59.000Z,233.675
US92537N1081,2026-08-27T09:29:45.000Z,235.525
US92537N1081,2026-08-27T11:29:59.000Z,235.475
US92537N1081,2026-08-27T13:29:59.000Z,235.975
US92537N1081,2026-08-27T15:29:59.000Z,226.6
US92537N1081,2026-08-27T17:29:55.000Z,228.325
US92537N1081,2026-08-27T19:29:59.000Z,230.525
US92537N1081,2026-08-28T05:30:59.000Z,229.875
US92537N1081,2026-08-28T07:29:58.000Z,230.275
US92537N1081,2026-08-28T09:29:29.000Z,229.575
US92537N1081,2026-08-28T11:29:50.000Z,229.675
US92537N1081,2026-08-28T13:29:59.000Z,230.725
US92537N1081,2026-08-28T15:29:49.000Z,228
US92537N1081,2026-08-28T17:29:50.000Z,223.3
US92537N1081,2026-08-28T19:29:58.000Z,222.75
US92537N1081,2026-08-31T05:30:26.000Z,223.35
US92537N1081,2026-08-31T07:29:40.000Z,223.45
US92537N1081,2026-08-31T09:29:33.000Z,222.825
US92537N1081,2026-08-31T11:29:18.000Z,221.7
US92537N1081,2026-08-31T13:29:57.000Z,221.5
US92537N1081,2026-08-31T15:29:59.000Z,220.575
US92537N1081,2026-08-31T17:29:59.000Z,221.7
US92537N1081,2026-08-31T19:29:58.000Z,223.075
US92537N1081,2026-09-01T05:30:37.000Z,222.6
US92537N1081,2026-09-01T07:29:59.000Z,223.475
US92537N1081,2026-09-01T09:27:52.000Z,219.05
US92537N1081,2026-09-01T11:29:33.000Z,218.925
US92537N1081,2026-09-01T13:29:59.000Z,218.75
US92537N1081,2026-09-01T15:29:59.000Z,218.15
US92537N1081,2026-09-01T17:29:57.000Z,220.225
US92537N1081,2026-09-01T19:29:59.000Z,221.1
US92537N1081,2026-09-02T05:30:30.000Z,219.725
US92537N1081,2026-09-02T07:29:57.000Z,218.95
US92537N1081,2026-09-02T09:29:45.000Z,217.825
US92537N1081,2026-09-02T11:29:58.000Z,219.05
US92537N1081,2026-09-02T13:29:53.000Z,221.15
US92537N1081,2026-09-02T15:29:59.000Z,221.975
US92537N1081,2026-09-02T17:29:57.000Z,221.825
US92537N1081,2026-09-02T19:29:56.000Z,221.675
US92537N1081,2026-09-03T05:30:51.000Z,221.15
US92537N1081,2026-09-03T07:29:54.000Z,221.675
US92537N1081,2026-09-03T09:29:22.000Z,222.1
US92537N1081,2026-09-03T11:29:31.000Z,221.9
US92537N1081,2026-09-03T13:29:24.000Z,221.8
US92537N1081,2026-09-03T15:29:58.000Z,232.575
US92537N1081,2026-09-03T17:29:59.000Z,231.25
US92537N1081,2026-09-03T19:29:58.000Z,231.15
US92537N1081,2026-09-04T05:30:26.000Z,234.1
US92537N1081,2026-09-04T07:29:43.000Z,234.05
US92537N1081,2026-09-04T09:29:56.000Z,234.525
US92537N1081,2026-09-04T11:29:58.000Z,237.275
US92537N1081,2026-09-04T13:29:59.000Z,235.875
US92537N1081,2026-09-04T15:29:59.000Z,236.5
US92537N1081,2026-09-04T17:29:58.000Z,237.225
US92537N1081,2026-09-04T19:29:57.000Z,239.95
US92537N1081,2026-09-07T05:30:15.000Z,240.175
US92537N1081,2026-09-07T07:28:55.000Z,243.3
US92537N1081,2026-09-07T09:28:54.000Z,244.675
US92537N1081,2026-09-07T11:25:12.000Z,242.825
US92537N1081,2026-09-07T13:29:25.000Z,244.075
US92537N1081,2026-09-07T15:24:06.000Z,244.025
US92537N1081,2026-09-07T19:29:09.000Z,244.325
US92537N1081,2026-09-08T05:30:51.000Z,245.325
US92537N1081,2026-09-08T07:29:56.000Z,243.95
US92537N1081,2026-09-08T09:29:42.000Z,242.775
US92537N1081,2026-09-08T11:29:58.000Z,243.7
US92537N1081,2026-09-08T13:29:59.000Z,246.6
US92537N1081,2026-09-08T15:29:59.000Z,251.4
US92537N1081,2026-09-08T17:29:57.000Z,252.875
US92537N1081,2026-09-08T19:29:59.000Z,252.5
US92537N1081,2026-09-09T05:30:59.000Z,250.875
US92537N1081,2026-09-09T07:29:26.000Z,250.825
US92537N1081,2026-09-09T09:28:18.000Z,250.4
US92537N1081,2026-09-09T11:29:59.000Z,245.825
US92537N1081,2026-09-09T13:29:59.000Z,246.375
US92537N1081,2026-09-09T15:29:59.000Z,232.025
US92537N1081,2026-09-09T17:29:59.000Z,229.4
US92537N1081,2026-09-09T19:29:59.000Z,225.5
US92537N1081,2026-09-10T05:30:56.000Z,225.6
US92537N1081,2026-09-10T07:29:55.000Z,225.275
US92537N1081,2026-09-10T09:29:48.000Z,225.275
US92537N1081,2026-09-10T11:29:47.000Z,222.975
US92537N1081,2026-09-10T13:29:47.000Z,222.225
US92537N1081,2026-09-10T15:29:56.000Z,216.2
US92537N1081,2026-09-10T17:29:58.000Z,212.8
US92537N1081,2026-09-10T19:29:58.000Z,213.7
US92537N1081,2026-09-11T05:30:56.000Z,213.85
US92537N1081,2026-09-11T07:26:58.000Z,216.4
US92537N1081,2026-09-11T09:29:58.000Z,216.9
US92537N1081,2026-09-11T11:29:53.000Z,216.275
US92537N1081,2026-09-11T13:29:59.000Z,218.25
US92537N1081,2026-09-11T15:29:19.000Z,222.325
US92537N1081,2026-09-11T17:29:59.000Z,221.1
US92537N1081,2026-09-11T19:29:59.000Z,222.35
US92537N1081,2026-09-14T05:30:30.000Z,214.025
US92537N1081,2026-09-14T07:29:57.000Z,212.775
US92537N1081,2026-09-14T09:29:56.000Z,208.65
US92537N1081,2026-09-14T11:29:59.000Z,207.875
US92537N1081,2026-09-14T13:29:44.000Z,203.9
US92537N1081,2026-09-14T15:29:59.000Z,205.125
US92537N1081,2026-09-14T17:29:57.000Z,206.475
US92537N1081,2026-09-14T19:29:57.000Z,207.05
US92537N1081,2026-09-15T05:30:09.000Z,205.85
US92537N1081,2026-09-15T07:29:26.000Z,206.175
US92537N1081,2026-09-15T09:29:42.000Z,205.425
US92537N1081,2026-09-15T11:29:44.000Z,208.225
US92537N1081,2026-09-15T13:29:59.000Z,212.15
US92537N1081,2026-09-15T15:29:57.000Z,207.275
US92537N1081,2026-09-15T17:29:58.000Z,205.275
US92537N1081,2026-09-15T19:29:57.000Z,203.725
US92537N1081,2026-09-16T05:30:20.000Z,204.3
US92537N1081,2026-09-16T07:29:06.000Z,205.6
US92537N1081,2026-09-16T09:29:55.000Z,206.7
US92537N1081,2026-09-16T11:29:56.000Z,206.625
US92537N1081,2026-09-16T13:29:35.000Z,207.65
US92537N1081,2026-09-16T15:29:58.000Z,210.2
US92537N1081,2026-09-16T17:29:55.000Z,211.075
US92537N1081,2026-09-16T19:29:59.000Z,208.425
US92537N1081,2026-09-17T07:29:41.000Z,213.975
US92537N1081,2026-09-17T09:29:59.000Z,215.625
US92537N1081,2026-09-17T11:29:59.000Z,216.65
US92537N1081,2026-09-17T13:29:56.000Z,218.075
US92537N1081,2026-09-17T15:29:57.000Z,213.625
US92537N1081,2026-09-17T17:29:59.000Z,211.125
US92537N1081,2026-09-17T19:29:56.000Z,210.4
US92537N1081,2026-09-18T05:30:59.000Z,211.875
US92537N1081,2026-09-18T07:29:46.000Z,215.3
US92537N1081,2026-09-18T09:29:59.000Z,213.775
US92537N1081,2026-09-18T11:29:59.000Z,212.5
US92537N1081,2026-09-18T13:29:59.000Z,214.3
US92537N1081,2026-09-18T15:29:56.000Z,214.5
US92537N1081,2026-09-18T17:29:40.000Z,215.95
US92537N1081,2026-09-18T19:29:56.000Z,217.2
US92537N1081,2026-09-21T05:30:32.000Z,219.125
US92537N1081,2026-09-21T07:29:17.000Z,221.45
US92537N1081,2026-09-21T09:29:14.000Z,222.9
US92537N1081,2026-09-21T11:29:58.000Z,221.85
US92537N1081,2026-09-21T13:29:58.000Z,221.225
US92537N1081,2026-09-21T15:29:59.000Z,220.125
US92537N1081,2026-09-21T17:29:56.000Z,220.35
US92537N1081,2026-09-21T19:29:52.000Z,220.175
US92537N1081,2026-09-22T05:30:31.000Z,217.8
US92537N1081,2026-09-22T07:29:26.000Z,217.525
US92537N1081,2026-09-22T09:29:59.000Z,217.525
US92537N1081,2026-09-22T11:29:59.000Z,218.525
US92537N1081,2026-09-22T13:29:59.000Z,218.125
US92537N1081,2026-09-22T15:29:57.000Z,221.725
US92537N1081,2026-09-22T17:29:29.000Z,221.75
US92537N1081,2026-09-22T19:29:58.000Z,221.8
US92537N1081,2026-09-23T05:30:58.000Z,221.575
US92537N1081,2026-09-23T07:29:55.000Z,222.35
US92537N1081,2026-09-23T09:29:56.000Z,221.9
US92537N1081,2026-09-23T11:29:39.000Z,220.175
US92537N1081,2026-09-23T13:29:48.000Z,222.225
US92537N1081,2026-09-23T15:29:59.000Z,222.4
US92537N1081,2026-09-23T17:29:57.000Z,219.75
US92537N1081,2026-09-23T19:29:59.000Z,219.125
US92537N1081,2026-09-24T05:30:48.000Z,217.65
US92537N1081,2026-09-24T07:29:36.000Z,215.7
US92537N1081,2026-09-24T09:29:52.000Z,213.35
US92537N1081,2026-09-24T11:29:54.000Z,214.75
US92537N1081,2026-09-24T13:29:59.000Z,213.175
US92537N1081,2026-09-24T15:29:59.000Z,213.175
US92537N1081,2026-09-24T17:29:59.000Z,215.225
US92537N1081,2026-09-24T19:29:58.000Z,214.9
US92537N1081,2026-09-25T05:30:52.000Z,217.625
US92537N1081,2026-09-25T07:29:54.000Z,219.7
US92537N1081,2026-09-25T09:29:50.000Z,221
US92537N1081,2026-09-25T11:29:59.000Z,220.475
US92537N1081,2026-09-25T13:29:59.000Z,218.575
US92537N1081,2026-09-25T15:29:59.000Z,220.1
US92537N1081,2026-09-25T17:29:59.000Z,220.525
US92537N1081,2026-09-25T19:29:58.000Z,221.9
US92537N1081,2026-09-25T20:58:08.453Z,221.975
US92537N1081,2026-09-28T05:30:39.000Z,218.95
US92537N1081,2026-09-28T07:29:01.000Z,216.725
US92537N1081,2026-09-28T09:29:53.000Z,217.4
US92537N1081,2026-09-28T11:29:59.000Z,219.175
US92537N1081,2026-09-28T13:29:59.000Z,222.35
US92537N1081,2026-09-28T15:29:59.000Z,214.65
US92537N1081,2026-09-28T17:29:54.000Z,215.6
US92537N1081,2026-09-28T19:20:36.186Z,215.325
US92840M1027,2026-08-25T05:30:59.000Z,117.8
US92840M1027,2026-08-25T07:29:42.000Z,117.79
US92840M1027,2026-08-25T09:29:47.000Z,118.74
US92840M1027,2026-08-25T11:29:25.000Z,118.56
US92840M1027,2026-08-25T13:29:59.000Z,119.13
US92840M1027,2026-08-25T15:29:58.000Z,118.09
US92840M1027,2026-08-25T17:29:57.000Z,119.17
US92840M1027,2026-08-25T19:29:58.000Z,119.87
US92840M1027,2026-08-26T05:30:12.000Z,120.38
US92840M1027,2026-08-26T07:29:31.000Z,120.32
US92840M1027,2026-08-26T09:27:21.000Z,120.67
US92840M1027,2026-08-26T11:28:46.000Z,120.98
US92840M1027,2026-08-26T13:29:59.000Z,119.76
US92840M1027,2026-08-26T15:29:58.000Z,121.01
US92840M1027,2026-08-26T17:29:46.000Z,120.76
US92840M1027,2026-08-26T19:29:57.000Z,120.71
US92840M1027,2026-08-27T05:30:54.000Z,121.59
US92840M1027,2026-08-27T07:29:43.000Z,122.11
US92840M1027,2026-08-27T09:29:25.000Z,122.67
US92840M1027,2026-08-27T11:28:53.000Z,122.86
US92840M1027,2026-08-27T13:29:54.000Z,122.5
US92840M1027,2026-08-27T15:29:59.000Z,119.07
US92840M1027,2026-08-27T17:29:57.000Z,119.99
US92840M1027,2026-08-27T19:29:56.000Z,119.94
US92840M1027,2026-08-28T05:30:19.000Z,120.1
US92840M1027,2026-08-28T07:29:59.000Z,120.22
US92840M1027,2026-08-28T09:29:53.000Z,120.63
US92840M1027,2026-08-28T11:29:56.000Z,120.56
US92840M1027,2026-08-28T13:29:58.000Z,120.67
US92840M1027,2026-08-28T15:29:59.000Z,120.3
US92840M1027,2026-08-28T17:29:57.000Z,118.74
US92840M1027,2026-08-28T19:29:50.000Z,118.26
US92840M1027,2026-08-31T05:30:51.000Z,118.8
US92840M1027,2026-08-31T07:29:54.000Z,119.36
US92840M1027,2026-08-31T09:29:51.000Z,119.26
US92840M1027,2026-08-31T11:29:58.000Z,118.95
US92840M1027,2026-08-31T13:29:58.000Z,118.56
US92840M1027,2026-08-31T15:29:59.000Z,117.88
US92840M1027,2026-08-31T17:29:58.000Z,117.93
US92840M1027,2026-08-31T19:29:59.000Z,118.46
US92840M1027,2026-09-01T05:30:54.000Z,119.47
US92840M1027,2026-09-01T07:29:59.000Z,119.67
US92840M1027,2026-09-01T09:29:50.000Z,118.17
US92840M1027,2026-09-01T11:29:57.000Z,118.27
US92840M1027,2026-09-01T13:29:48.000Z,117.78
US92840M1027,2026-09-01T15:29:58.000Z,119.25
US92840M1027,2026-09-01T17:29:59.000Z,118.59
US92840M1027,2026-09-01T19:29:59.000Z,118.69
US92840M1027,2026-09-02T05:30:30.000Z,119.04
US92840M1027,2026-09-02T07:29:27.000Z,119.32
US92840M1027,2026-09-02T09:29:47.000Z,118.81
US92840M1027,2026-09-02T11:29:54.000Z,119.03
US92840M1027,2026-09-02T13:29:56.000Z,119.06
US92840M1027,2026-09-02T15:29:59.000Z,121.1
US92840M1027,2026-09-02T17:29:56.000Z,121.5
US92840M1027,2026-09-02T19:29:57.000Z,123.36
US92840M1027,2026-09-03T05:30:53.000Z,123.91
US92840M1027,2026-09-03T07:29:50.000Z,124.24
US92840M1027,2026-09-03T09:29:59.000Z,124.87
US92840M1027,2026-09-03T11:29:40.000Z,124.49
US92840M1027,2026-09-03T13:29:57.000Z,125.05
US92840M1027,2026-09-03T15:29:59.000Z,124.38
US92840M1027,2026-09-03T17:29:57.000Z,123.23
US92840M1027,2026-09-03T19:29:56.000Z,123.85
US92840M1027,2026-09-04T05:30:22.000Z,124.75
US92840M1027,2026-09-04T07:29:42.000Z,124.87
US92840M1027,2026-09-04T09:29:49.000Z,125.06
US92840M1027,2026-09-04T11:29:57.000Z,125.29
US92840M1027,2026-09-04T13:29:40.000Z,124.22
US92840M1027,2026-09-04T15:29:48.000Z,127.29
US92840M1027,2026-09-04T17:29:59.000Z,127.33
US92840M1027,2026-09-04T19:29:59.000Z,128.2
US92840M1027,2026-09-07T05:30:10.000Z,129.5
US92840M1027,2026-09-07T07:29:36.000Z,131.48
US92840M1027,2026-09-07T09:29:14.000Z,131.81
US92840M1027,2026-09-07T11:29:37.000Z,131.82
US92840M1027,2026-09-07T13:29:32.000Z,131.49
US92840M1027,2026-09-07T15:29:41.000Z,132.83
US92840M1027,2026-09-07T17:28:42.000Z,132.37
US92840M1027,2026-09-07T19:29:53.000Z,132.34
US92840M1027,2026-09-08T05:30:59.000Z,132.32
US92840M1027,2026-09-08T07:29:58.000Z,131.95
US92840M1027,2026-09-08T09:29:59.000Z,131.35
US92840M1027,2026-09-08T11:29:59.000Z,132.4
US92840M1027,2026-09-08T13:29:59.000Z,130.62
US92840M1027,2026-09-08T15:29:59.000Z,132.03
US92840M1027,2026-09-08T17:29:59.000Z,132.34
US92840M1027,2026-09-08T19:29:50.000Z,131.55
US92840M1027,2026-09-09T05:30:16.000Z,131.05
US92840M1027,2026-09-09T07:29:36.000Z,131.31
US92840M1027,2026-09-09T09:29:54.000Z,131.31
US92840M1027,2026-09-09T11:29:53.000Z,128.92
US92840M1027,2026-09-09T13:29:58.000Z,129.01
US92840M1027,2026-09-09T15:29:59.000Z,128.63
US92840M1027,2026-09-09T17:29:52.000Z,129.14
US92840M1027,2026-09-09T19:29:58.000Z,130.03
US92840M1027,2026-09-10T05:30:59.000Z,129.74
US92840M1027,2026-09-10T07:29:49.000Z,130.04
US92840M1027,2026-09-10T09:29:27.000Z,130.07
US92840M1027,2026-09-10T11:29:44.000Z,129.47
US92840M1027,2026-09-10T13:29:49.000Z,128.8
US92840M1027,2026-09-10T15:29:59.000Z,131.1
US92840M1027,2026-09-10T17:29:59.000Z,127.77
US92840M1027,2026-09-10T19:29:59.000Z,127.64
US92840M1027,2026-09-11T05:30:38.000Z,127.31
US92840M1027,2026-09-11T07:29:48.000Z,127.66
US92840M1027,2026-09-11T09:29:57.000Z,128.56
US92840M1027,2026-09-11T11:29:20.000Z,128.13
US92840M1027,2026-09-11T13:29:59.000Z,128.32
US92840M1027,2026-09-11T15:29:59.000Z,127.71
US92840M1027,2026-09-11T17:29:51.000Z,127.21
US92840M1027,2026-09-11T19:29:51.000Z,128.06
US92840M1027,2026-09-14T05:30:51.000Z,126.64
US92840M1027,2026-09-14T07:29:54.000Z,126.24
US92840M1027,2026-09-14T09:29:48.000Z,124.19
US92840M1027,2026-09-14T11:29:57.000Z,124.63
US92840M1027,2026-09-14T13:29:59.000Z,124.92
US92840M1027,2026-09-14T15:29:59.000Z,123.01
US92840M1027,2026-09-14T17:29:49.000Z,122.57
US92840M1027,2026-09-14T19:29:59.000Z,122.14
US92840M1027,2026-09-15T05:30:59.000Z,122.21
US92840M1027,2026-09-15T07:29:55.000Z,122.07
US92840M1027,2026-09-15T09:29:48.000Z,122.12
US92840M1027,2026-09-15T11:29:46.000Z,122.66
US92840M1027,2026-09-15T13:29:54.000Z,122.8
US92840M1027,2026-09-15T15:29:59.000Z,122.6
US92840M1027,2026-09-15T17:29:59.000Z,122.32
US92840M1027,2026-09-15T19:29:55.000Z,122.68
US92840M1027,2026-09-16T05:30:58.000Z,122.89
US92840M1027,2026-09-16T07:28:31.000Z,123.29
US92840M1027,2026-09-16T09:29:56.000Z,123.35
US92840M1027,2026-09-16T11:29:24.000Z,123.64
US92840M1027,2026-09-16T13:29:59.000Z,124.31
US92840M1027,2026-09-16T15:29:59.000Z,122.58
US92840M1027,2026-09-16T17:29:16.000Z,123.29
US92840M1027,2026-09-16T19:29:59.000Z,122.23
US92840M1027,2026-09-17T07:29:17.000Z,124.3
US92840M1027,2026-09-17T09:29:03.000Z,124.7
US92840M1027,2026-09-17T11:29:32.000Z,125.02
US92840M1027,2026-09-17T13:29:27.000Z,125.85
US92840M1027,2026-09-17T15:29:57.000Z,126.19
US92840M1027,2026-09-17T17:29:52.000Z,125.32
US92840M1027,2026-09-17T19:29:59.000Z,125.28
US92840M1027,2026-09-18T05:30:44.000Z,125.43
US92840M1027,2026-09-18T07:29:39.000Z,126.61
US92840M1027,2026-09-18T09:27:52.000Z,126.35
US92840M1027,2026-09-18T11:28:31.000Z,125.74
US92840M1027,2026-09-18T13:29:59.000Z,125.31
US92840M1027,2026-09-18T15:29:50.000Z,123.56
US92840M1027,2026-09-18T17:29:57.000Z,123.46
US92840M1027,2026-09-18T19:29:59.000Z,123.09
US92840M1027,2026-09-21T05:30:59.000Z,123.52
US92840M1027,2026-09-21T07:29:56.000Z,123.91
US92840M1027,2026-09-21T09:29:58.000Z,124.45
US92840M1027,2026-09-21T11:28:58.000Z,124.25
US92840M1027,2026-09-21T13:29:58.000Z,123.78
US92840M1027,2026-09-21T15:29:59.000Z,122.85
US92840M1027,2026-09-21T17:29:58.000Z,123.79
US92840M1027,2026-09-21T19:29:55.000Z,123.77
US92840M1027,2026-09-22T05:30:15.000Z,123.33
US92840M1027,2026-09-22T07:29:50.000Z,123.27
US92840M1027,2026-09-22T09:29:59.000Z,123.26
US92840M1027,2026-09-22T11:29:59.000Z,123.33
US92840M1027,2026-09-22T13:29:58.000Z,123.59
US92840M1027,2026-09-22T15:29:47.000Z,123.73
US92840M1027,2026-09-22T17:29:59.000Z,123.76
US92840M1027,2026-09-22T19:29:55.000Z,123.44
US92840M1027,2026-09-23T05:30:59.000Z,123.63
US92840M1027,2026-09-23T07:29:57.000Z,123.88
US92840M1027,2026-09-23T09:29:58.000Z,123.68
US92840M1027,2026-09-23T11:29:27.000Z,123.3
US92840M1027,2026-09-23T13:29:59.000Z,123.13
US92840M1027,2026-09-23T15:29:52.000Z,122.42
US92840M1027,2026-09-23T17:29:59.000Z,122.41
US92840M1027,2026-09-23T19:29:55.000Z,121.24
US92840M1027,2026-09-24T05:30:25.000Z,121.46
US92840M1027,2026-09-24T07:29:59.000Z,120.97
US92840M1027,2026-09-24T09:28:45.000Z,120.43
US92840M1027,2026-09-24T11:29:50.000Z,120.66
US92840M1027,2026-09-24T13:29:58.000Z,120.53
US92840M1027,2026-09-24T15:29:59.000Z,120.21
US92840M1027,2026-09-24T17:29:59.000Z,122.14
US92840M1027,2026-09-24T19:29:58.000Z,121.43
US92840M1027,2026-09-25T05:30:50.000Z,122.26
US92840M1027,2026-09-25T07:29:36.000Z,122.22
US92840M1027,2026-09-25T09:29:49.000Z,122.67
US92840M1027,2026-09-25T11:29:47.000Z,122.5
US92840M1027,2026-09-25T13:29:58.000Z,122.09
US92840M1027,2026-09-25T15:29:58.000Z,120.54
US92840M1027,2026-09-25T17:29:58.000Z,119.62
US92840M1027,2026-09-25T19:29:58.000Z,121.13
US92840M1027,2026-09-25T20:59:19.340Z,121.63
US92840M1027,2026-09-28T05:30:41.000Z,121.03
US92840M1027,2026-09-28T07:29:33.000Z,120.65
US92840M1027,2026-09-28T09:29:59.000Z,120.98
US92840M1027,2026-09-28T11:29:52.000Z,121.26
US92840M1027,2026-09-28T13:29:56.000Z,121.73
US92840M1027,2026-09-28T15:29:59.000Z,120.65
US92840M1027,2026-09-28T17:29:56.000Z,121.19
US92840M1027,2026-09-28T19:20:42.631Z,121.21
XS3091657729,2026-08-25T05:30:59.000Z,86.215
XS3091657729,2026-08-25T07:29:50.000Z,90.615
XS3091657729,2026-08-25T09:29:58.000Z,91.2525
XS3091657729,2026-08-25T11:29:57.000Z,91.875
XS3091657729,2026-08-25T13:29:59.000Z,91.505
XS3091657729,2026-08-25T15:29:59.000Z,90.745
XS3091657729,2026-08-25T17:29:59.000Z,90.17
XS3091657729,2026-08-25T19:29:56.000Z,90.23
XS3091657729,2026-08-26T05:30:54.000Z,90.98
XS3091657729,2026-08-26T07:29:58.000Z,90.1575
XS3091657729,2026-08-26T09:29:57.000Z,90.4975
XS3091657729,2026-08-26T11:29:42.000Z,91.3
XS3091657729,2026-08-26T13:29:59.000Z,90.05
XS3091657729,2026-08-26T15:29:59.000Z,90.44
XS3091657729,2026-08-26T17:29:58.000Z,90.48
XS3091657729,2026-08-26T19:29:59.000Z,91.1525
XS3091657729,2026-08-27T05:30:49.000Z,95.735
XS3091657729,2026-08-27T07:29:50.000Z,98.6175
XS3091657729,2026-08-27T09:29:57.000Z,100.3925
XS3091657729,2026-08-27T11:29:59.000Z,99.315
XS3091657729,2026-08-27T13:29:59.000Z,97.51
XS3091657729,2026-08-27T15:29:59.000Z,95.4975
XS3091657729,2026-08-27T17:29:58.000Z,96.31
XS3091657729,2026-08-27T19:29:59.000Z,95.9475
XS3091657729,2026-08-28T05:30:55.000Z,95.3
XS3091657729,2026-08-28T07:29:58.000Z,94.57
XS3091657729,2026-08-28T09:29:59.000Z,94.005
XS3091657729,2026-08-28T11:29:59.000Z,94.8975
XS3091657729,2026-08-28T13:29:59.000Z,95.0025
XS3091657729,2026-08-28T15:29:57.000Z,93.215
XS3091657729,2026-08-28T17:29:59.000Z,89.88
XS3091657729,2026-08-28T19:29:59.000Z,90.435
XS3091657729,2026-08-31T05:30:59.000Z,90.3375
XS3091657729,2026-08-31T07:29:59.000Z,90.0625
XS3091657729,2026-08-31T09:29:47.000Z,89.4675
XS3091657729,2026-08-31T11:29:37.000Z,88.6625
XS3091657729,2026-08-31T13:29:59.000Z,88.66
XS3091657729,2026-08-31T15:29:56.000Z,87.9875
XS3091657729,2026-08-31T17:29:59.000Z,87.705
XS3091657729,2026-08-31T19:29:58.000Z,88.1575
XS3091657729,2026-09-01T05:30:52.000Z,88.705
XS3091657729,2026-09-01T07:29:59.000Z,90.3025
XS3091657729,2026-09-01T09:29:55.000Z,84.9325
XS3091657729,2026-09-01T11:29:51.000Z,85.075
XS3091657729,2026-09-01T13:29:59.000Z,84.3425
XS3091657729,2026-09-01T15:29:58.000Z,84.3225
XS3091657729,2026-09-01T17:29:58.000Z,83.68
XS3091657729,2026-09-01T19:29:59.000Z,83.5575
XS3091657729,2026-09-02T05:30:54.000Z,83.1025
XS3091657729,2026-09-02T07:29:50.000Z,82.725
XS3091657729,2026-09-02T09:29:51.000Z,81.17
XS3091657729,2026-09-02T11:29:59.000Z,81.3475
XS3091657729,2026-09-02T13:29:59.000Z,82.92
XS3091657729,2026-09-02T15:29:57.000Z,84.84
XS3091657729,2026-09-02T17:29:58.000Z,84.4025
XS3091657729,2026-09-02T19:29:59.000Z,84.6225
XS3091657729,2026-09-03T05:30:59.000Z,83.37
XS3091657729,2026-09-03T07:29:59.000Z,84.0625
XS3091657729,2026-09-03T09:29:57.000Z,82.9975
XS3091657729,2026-09-03T11:29:59.000Z,82.5175
XS3091657729,2026-09-03T13:29:59.000Z,81.7375
XS3091657729,2026-09-03T15:29:59.000Z,83.9075
XS3091657729,2026-09-03T17:29:53.000Z,83.48
XS3091657729,2026-09-03T19:29:53.000Z,83.9825
XS3091657729,2026-09-04T05:30:54.000Z,86.565
XS3091657729,2026-09-04T07:29:53.000Z,87.7675
XS3091657729,2026-09-04T09:29:49.000Z,88.51
XS3091657729,2026-09-04T11:29:56.000Z,89.275
XS3091657729,2026-09-04T13:29:59.000Z,88.4975
XS3091657729,2026-09-04T15:29:59.000Z,92.13
XS3091657729,2026-09-04T17:29:58.000Z,92.145
XS3091657729,2026-09-04T19:29:56.000Z,92.15
XS3091657729,2026-09-07T05:30:47.000Z,93.6
XS3091657729,2026-09-07T07:29:28.000Z,95.0175
XS3091657729,2026-09-07T09:29:58.000Z,95.9025
XS3091657729,2026-09-07T11:29:58.000Z,94.0625
XS3091657729,2026-09-07T13:29:58.000Z,96.4425
XS3091657729,2026-09-07T15:29:59.000Z,95.975
XS3091657729,2026-09-08T05:30:59.000Z,97.7425
XS3091657729,2026-09-08T07:29:56.000Z,96.8475
XS3091657729,2026-09-08T09:29:52.000Z,95.305
XS3091657729,2026-09-08T11:29:59.000Z,95.9525
XS3091657729,2026-09-08T13:29:52.000Z,98.245
XS3091657729,2026-09-08T15:29:59.000Z,99.39
XS3091657729,2026-09-08T17:29:49.000Z,99.1975
XS3091657729,2026-09-08T19:29:51.000Z,98.42
XS3091657729,2026-09-09T05:30:58.000Z,98.13
XS3091657729,2026-09-09T07:29:56.000Z,97.95
XS3091657729,2026-09-09T09:29:49.000Z,96.625
XS3091657729,2026-09-09T11:29:52.000Z,93.8575
XS3091657729,2026-09-09T13:29:50.000Z,94.8225
XS3091657729,2026-09-09T15:29:57.000Z,96.295
XS3091657729,2026-09-09T17:29:57.000Z,96.935
XS3091657729,2026-09-09T19:29:59.000Z,97.02
XS3091657729,2026-09-10T05:30:45.000Z,97.1925
XS3091657729,2026-09-10T07:29:59.000Z,96.2775
XS3091657729,2026-09-10T09:29:59.000Z,95.4125
XS3091657729,2026-09-10T11:29:59.000Z,94.195
XS3091657729,2026-09-10T13:29:59.000Z,90.4325
XS3091657729,2026-09-10T15:29:59.000Z,92.34
XS3091657729,2026-09-10T17:29:59.000Z,92.0475
XS3091657729,2026-09-10T19:29:55.000Z,91.6625
XS3091657729,2026-09-11T05:30:59.000Z,90.4525
XS3091657729,2026-09-11T07:29:59.000Z,91.395
XS3091657729,2026-09-11T09:29:44.000Z,92.8525
XS3091657729,2026-09-11T11:29:55.000Z,92.5375
XS3091657729,2026-09-11T13:29:59.000Z,94.35
XS3091657729,2026-09-11T15:29:59.000Z,96.5125
XS3091657729,2026-09-11T17:29:51.000Z,96.42
XS3091657729,2026-09-11T19:29:59.000Z,95.8125
XS3091657729,2026-09-14T05:30:57.000Z,89.41
XS3091657729,2026-09-14T07:29:37.000Z,85.3625
XS3091657729,2026-09-14T09:29:59.000Z,81.935
XS3091657729,2026-09-14T11:29:53.000Z,82.0525
XS3091657729,2026-09-14T13:29:59.000Z,79.545
XS3091657729,2026-09-14T15:29:59.000Z,79.98
XS3091657729,2026-09-14T17:29:59.000Z,81.315
XS3091657729,2026-09-14T19:29:57.000Z,81.015
XS3091657729,2026-09-15T05:30:54.000Z,79.2225
XS3091657729,2026-09-15T07:29:59.000Z,79.5325
XS3091657729,2026-09-15T09:29:40.000Z,78.72
XS3091657729,2026-09-15T11:29:57.000Z,81.02
XS3091657729,2026-09-15T13:29:59.000Z,81.45
XS3091657729,2026-09-15T15:29:59.000Z,80.1975
XS3091657729,2026-09-15T17:29:59.000Z,79.5325
XS3091657729,2026-09-15T19:29:59.000Z,79.715
XS3091657729,2026-09-16T05:30:42.000Z,80.7425
XS3091657729,2026-09-16T07:29:58.000Z,82.515
XS3091657729,2026-09-16T09:29:55.000Z,82.5375
XS3091657729,2026-09-16T11:29:59.000Z,82.6625
XS3091657729,2026-09-16T13:29:59.000Z,83.2975
XS3091657729,2026-09-16T15:29:31.000Z,83.8175
XS3091657729,2026-09-16T17:29:59.000Z,83.1225
XS3091657729,2026-09-16T19:29:59.000Z,80.16
XS3091657729,2026-09-17T05:30:49.000Z,82.485
XS3091657729,2026-09-17T07:29:32.000Z,84.77
XS3091657729,2026-09-17T09:29:46.000Z,85.89
XS3091657729,2026-09-17T11:29:54.000Z,86.5225
XS3091657729,2026-09-17T13:29:59.000Z,88.3275
XS3091657729,2026-09-17T15:29:59.000Z,88.35
XS3091657729,2026-09-17T17:29:57.000Z,88.64
XS3091657729,2026-09-17T19:29:59.000Z,88.4725
XS3091657729,2026-09-18T05:30:49.000Z,90.0525
XS3091657729,2026-09-18T07:29:59.000Z,92.8525
XS3091657729,2026-09-18T09:29:39.000Z,91.5025
XS3091657729,2026-09-18T11:29:54.000Z,90.57
XS3091657729,2026-09-18T13:29:59.000Z,91.2325
XS3091657729,2026-09-18T15:29:58.000Z,92.49
XS3091657729,2026-09-18T17:29:45.000Z,92.2775
XS3091657729,2026-09-18T19:29:58.000Z,93.0325
XS3091657729,2026-09-21T05:30:58.000Z,97.64
XS3091657729,2026-09-21T07:29:59.000Z,99.84
XS3091657729,2026-09-21T09:29:31.000Z,102.675
XS3091657729,2026-09-21T11:29:57.000Z,101.555
XS3091657729,2026-09-21T13:29:59.000Z,101.85
XS3091657729,2026-09-21T15:29:59.000Z,107.045
XS3091657729,2026-09-21T17:29:59.000Z,108.02
XS3091657729,2026-09-21T19:29:59.000Z,109.43
XS3091657729,2026-09-22T05:30:58.000Z,107.595
XS3091657729,2026-09-22T07:29:58.000Z,106.255
XS3091657729,2026-09-22T09:29:48.000Z,106.6
XS3091657729,2026-09-22T11:29:57.000Z,106.69
XS3091657729,2026-09-22T13:29:59.000Z,105.74
XS3091657729,2026-09-22T15:29:59.000Z,112.115
XS3091657729,2026-09-22T17:29:55.000Z,112.695
XS3091657729,2026-09-22T19:29:51.000Z,113.61
XS3091657729,2026-09-23T05:30:58.000Z,114.4
XS3091657729,2026-09-23T07:29:59.000Z,114.595
XS3091657729,2026-09-23T09:29:45.000Z,114.48
XS3091657729,2026-09-23T11:29:59.000Z,112.19
XS3091657729,2026-09-23T13:29:59.000Z,114.87
XS3091657729,2026-09-23T15:29:57.000Z,111.705
XS3091657729,2026-09-23T17:29:54.000Z,110.54
XS3091657729,2026-09-23T19:29:59.000Z,111.49
XS3091657729,2026-09-24T05:30:59.000Z,111.065
XS3091657729,2026-09-24T07:29:52.000Z,108.615
XS3091657729,2026-09-24T09:29:54.000Z,104.91
XS3091657729,2026-09-24T11:29:41.000Z,106.13
XS3091657729,2026-09-24T13:29:59.000Z,106.685
XS3091657729,2026-09-24T15:29:52.000Z,106.255
XS3091657729,2026-09-24T17:29:58.000Z,109.025
XS3091657729,2026-09-24T19:29:59.000Z,109.185
XS3091657729,2026-09-25T05:30:59.000Z,111.695
XS3091657729,2026-09-25T07:29:51.000Z,115.12
XS3091657729,2026-09-25T09:29:56.000Z,116.105
XS3091657729,2026-09-25T11:29:58.000Z,116.055
XS3091657729,2026-09-25T13:29:59.000Z,113.52
XS3091657729,2026-09-25T15:29:53.000Z,114.605
XS3091657729,2026-09-25T17:29:42.000Z,115.875
XS3091657729,2026-09-25T19:29:59.000Z,115.24
XS3091657729,2026-09-25T20:39:44.188Z,115.57
XS3091657729,2026-09-28T05:30:59.000Z,111.255
XS3091657729,2026-09-28T07:29:57.000Z,108.14
XS3091657729,2026-09-28T09:29:57.000Z,108.135
XS3091657729,2026-09-28T11:29:53.000Z,110.545
XS3091657729,2026-09-28T13:29:57.000Z,114.055
XS3091657729,2026-09-28T15:29:57.000Z,106.685
XS3091657729,2026-09-28T17:29:51.000Z,108.33
XS3091657729,2026-09-28T19:20:28.157Z,108.47
